id,date,headline,body,combined,section,url,query
tv-and-radio/2024/oct/03/she-speaks-her-mind-why-stylish-steely-sylvie-grateau-is-the-real-star-of-emily-in-paris,2024-10-03,"‘She speaks her mind’: why stylish, steely Sylvie Grateau is the real star of Emily in Paris","When we first met Emily in Paris’s Sylvie Grateau in 2020, the high-powered marketing manager looked set to represent everything the show’s protagonist was not. Emily was bright-eyed, American and gratingly chirpy; Sylvie was cool, French and had cigarettes for lunch. Emily dressed in vivid colours and clashing prints and wore berets and bucket hats; Sylvie’s wardrobe was all sleek black tailoring – and she would probably rather die than wear anything resembling a bucket. Sylvie (Philippine Leroy-Beaulieu) duly filled the role of the show’s antagonist: opposed to Emily’s very presence in Paris, she challenged her at every turn. But over four seasons, her softer side has emerged. She has fallen in and out of love, shaken off corporate overlords, spoken out against sexism and abuse in the fashion industry and even taken Emily under her wing. And now, it seems, she has become the star of the show. Vogue, Cosmopolitan and Stylist magazines have called for a Sylvie spin-off series. A running joke among fans involves making a pointed tweak to the name of the show: “It’s time for my annual binge watch of Emily in Paris, also known as Sylvie in Paris,” reads one tweet. It wasn’t immediately obvious that Sylvie would evolve into the show’s breakout star. Emily in Paris was, at least at first, about millennial and gen Z culture, anchored by a story about a twentysomething marketing executive becoming big on Instagram. When I met Leroy-Beaulieu on a set visit in April, the actor, 61, was slightly baffled that her character had become such a hit among fans. “I thought [Sylvie] was only going to appeal to an older audience, but she’s a strong character, so I guess for a lot of women that can be inspiring,” she ventured. “She speaks her mind.” She reportedly drew inspiration for Sylvie from her mother, who designed knitwear and accessories for Dior. It’s not the first time a straight-talking, sartorially gifted boss – terrifying in her authority and delicious in her meanness – ha","‘She speaks her mind’: why stylish, steely Sylvie Grateau is the real star of Emily in Paris. When we first met Emily in Paris’s Sylvie Grateau in 2020, the high-powered marketing manager looked set to represent everything the show’s protagonist was not. Emily was bright-eyed, American and gratingly chirpy; Sylvie was cool, French and had cigarettes for lunch. Emily dressed in vivid colours and clashing prints and wore berets and bucket hats; Sylvie’s wardrobe was all sleek black tailoring – and she would probably rather die than wear anything resembling a bucket. Sylvie (Philippine Leroy-Beaulieu) duly filled the role of the show’s antagonist: opposed to Emily’s very presence in Paris, she challenged her at every turn. But over four seasons, her softer side has emerged. She has fallen in and out of love, shaken off corporate overlords, spoken out against sexism and abuse in the fashion industry and even taken Emily under her wing. And now, it seems, she has become the star of the show. Vogue, Cosmopolitan and Stylist magazines have called for a Sylvie spin-off series. A runnin",Television & radio,https://www.theguardian.com/tv-and-radio/2024/oct/03/she-speaks-her-mind-why-stylish-steely-sylvie-grateau-is-the-real-star-of-emily-in-paris,"""devil wears prada"""
fashion/2024/oct/03/fashion-statement-easy-wardrobe-updates-inspired-by-the-catwalks,2024-10-03,"Charity shop suits, anoraks and DIY pom poms: eight easy wardrobe updates inspired by the catwalks","It’s been a whirlwind four weeks of shows, celebrities and competitive street style peacocking. The season kicked off with US first lady Jill Biden swinging by the Ralph Lauren extravaganza in the Hamptons in New York, and wrapped up with Kylie Jenner closing the Coperni show at Disneyland Paris. But while ready-to-wear collections won’t enter stores until next spring, with most pieces carrying a four-figure price tag, there are plenty of catwalk-inspired tweaks you can implement now that don’t require a lot of money – or any at all. Here are eight to get you started … The new high-low mix In fashion it turns out opposites really do attract. Who knew that a yellow rain mac and silver cocktail dress would work so well together? Mrs Prada and Raf Simons, that’s who! The unlikely pairings at their spring/summer 2025 show were an embrace of the confusion created by the internet’s proliferation of micro-trends and -cores. Daniel Lee at Burberry caught the chaos bug, too, popping fuzzy hooded parkas over glittery party dresses. Those lucky enough to have nabbed a ticket to see Oasis next year should take note – it’s the perfect combo for a rainy British summer night. Double up on hosiery At Alessandro Michele’s catwalk debut for Valentino, models wore slingback shoes with lace tights styled underneath pointelle ankle socks. (Sorry gen Z, but it turns out millennials were on to something.) The high street already has plenty of frilly ankle socks on offer, which is handy as we head into colder months. For pom poms like those that adorned some of Valentino’s styles, dig out some old yarn and a fork and follow this DIY tutorial. Fuzz your collar At Emilia Wickstead, preppy shirts were given an unexpected sultry twist with the addition of faux-fur collars. To emulate the trend, visit your local fabric shop and ask for its fuzziest fabrics to give a tactile update to a tired-looking polo. Check the tag Vetements has been disrupting fashion norms for the last decade. Its most re","Charity shop suits, anoraks and DIY pom poms: eight easy wardrobe updates inspired by the catwalks. It’s been a whirlwind four weeks of shows, celebrities and competitive street style peacocking. The season kicked off with US first lady Jill Biden swinging by the Ralph Lauren extravaganza in the Hamptons in New York, and wrapped up with Kylie Jenner closing the Coperni show at Disneyland Paris. But while ready-to-wear collections won’t enter stores until next spring, with most pieces carrying a four-figure price tag, there are plenty of catwalk-inspired tweaks you can implement now that don’t require a lot of money – or any at all. Here are eight to get you started … The new high-low mix In fashion it turns out opposites really do attract. Who knew that a yellow rain mac and silver cocktail dress would work so well together? Mrs Prada and Raf Simons, that’s who! The unlikely pairings at their spring/summer 2025 show were an embrace of the confusion created by the internet’s proliferation of micro-trends and -cores. Daniel Lee at Burberry caught the chaos bug, too, popping fuzzy hoode",Fashion,https://www.theguardian.com/fashion/2024/oct/03/fashion-statement-easy-wardrobe-updates-inspired-by-the-catwalks,"""prada"" AND (""luxury"" OR ""fashion"" OR ""stock"")"
fashion/2024/oct/05/t-shirts-best-jeans-autumn-wardrobe-updates-free,2024-10-05,T-shirts that last and the world’s best jeans: 50 autumn wardrobe updates under £100 (some are even free),"Putting this together has been a joy. I love a bargain. I love a styling trick that makes old clothes feel new. I love finding something that looks expensive but isn’t. And I delight in sharing those finds with other style lovers. Almost everything is under £100. Now, £100 is a lot of money. But the point of this list is not to give you the cheapest possible option in any category because a list of shoddily constructed, unethically produced buys is no good to anyone. Clothes that sag and break aren’t just a false economy – they add landfill to the planet and hassle to your life. Instead, I’ve tried to bring you an honest list of ways to look better at a reasonable price point – just in time for autumn. Some of these tips are my learnings from years spent in design studios and on the shop floor: which high-street brands make the most comfortable shoes, where to find good-value tailoring, how to buy a great handbag if you’ve got champagne taste and a cider budget. Some are practical hacks to elevate the wardrobe you have; others are joyful, mood-boosting payday treats – just not throwaway ones. Enjoy! Try pretty tights this party season Snazzy tights are an excellent addition to your party season fashion toolbox. Nothing brings the party like swapping your opaques for a lace or polka dot pair. Wear with a pencil skirt for cocktail-hour sophistication. Or for maximum fashion points, sport under sheer layers. Very new-season Chloé – without the Chloé price. Polka dot tights, £15.99 calzedonia.com Lace tights, £19.99 calzedonia.com Go for pointed ballerina flats Instant chic, total comfort. A pointed toe makes your feet look prettier and elongates your silhouette. The silver ones with bows from Next are perfect. Pointed ballerina flats, £38 next.co.uk Get to know your best side Almost everyone has one. And almost any celeb who is photographed regularly will have figured out which one it is and mostly stuck to it. Victoria Beckham, for instance, is always left cheekbone t","T-shirts that last and the world’s best jeans: 50 autumn wardrobe updates under £100 (some are even free). Putting this together has been a joy. I love a bargain. I love a styling trick that makes old clothes feel new. I love finding something that looks expensive but isn’t. And I delight in sharing those finds with other style lovers. Almost everything is under £100. Now, £100 is a lot of money. But the point of this list is not to give you the cheapest possible option in any category because a list of shoddily constructed, unethically produced buys is no good to anyone. Clothes that sag and break aren’t just a false economy – they add landfill to the planet and hassle to your life. Instead, I’ve tried to bring you an honest list of ways to look better at a reasonable price point – just in time for autumn. Some of these tips are my learnings from years spent in design studios and on the shop floor: which high-street brands make the most comfortable shoes, where to find good-value tailoring, how to buy a great handbag if you’ve got champagne taste and a cider budget. Some are practical hack",The Filter,https://www.theguardian.com/fashion/2024/oct/05/t-shirts-best-jeans-autumn-wardrobe-updates-free,"""prada"" AND (""luxury"" OR ""fashion"" OR ""stock"")"
commentisfree/2024/oct/06/social-media-isnt-driving-the-plastic-surgery-boom-who-doesnt-want-to-look-better,2024-10-06,Social media isn’t driving the plastic surgery boom. Who doesn’t want to look better?,"Plastic surgery is a brutal business. No wonder it makes a good subject for a horror film. In fact, the subject may be too much for the genre. Hardened gore fans all over the world have been walking out of Demi Moore’s new film, The Substance, in which a “younger, more beautiful, more perfect” version of herself tears its way out of her back. Blank silence has reportedly followed several screenings. It’s imaginative stuff, but not, I suppose, a million miles from the operating room itself. Injecting, stretching, chopping, gouging, poisoning, freezing, stitching, slicing: it’s the grisly and invasive nature of these beauty treatments that make them such a cause for worry, especially when young people decide to do it. The problem is the risk: only two weeks ago, a 33-year-old British woman called Alice Webb died after reportedly undergoing a non-surgical Brazilian butt lift, with a coroner stating further investigation is needed to confirm the cause of death. According to her mother, hospital staff were unable to resuscitate her following the procedure, which had taken place at another location. Last week, another apparent plastic surgery tragedy hit the news – Viviane Lira Monte, 24, died after undergoing six cosmetic procedures during an eight-hour operation in Brazil. It is a concern, then, that rates are soaring. The American Society of Plastic Surgeons reports an increase in custom every year. There has been a boom in Britain too: rates of plastic surgery exploded after the pandemic to higher levels than before it began. The all-party parliamentary group on beauty, aesthetics and wellbeing has said that there was also “rapid growth” in non-surgical treatments such as Botox and filler, which can also be dangerous. Meanwhile, Britons are going abroad in droves to places such as Turkey for cheaper breast implants and liposuction. Why is this happening? Surprisingly, for such a pertinent problem, the answer remains rather vague. Two phrases we often hear are “unreali","Social media isn’t driving the plastic surgery boom. Who doesn’t want to look better?. Plastic surgery is a brutal business. No wonder it makes a good subject for a horror film. In fact, the subject may be too much for the genre. Hardened gore fans all over the world have been walking out of Demi Moore’s new film, The Substance, in which a “younger, more beautiful, more perfect” version of herself tears its way out of her back. Blank silence has reportedly followed several screenings. It’s imaginative stuff, but not, I suppose, a million miles from the operating room itself. Injecting, stretching, chopping, gouging, poisoning, freezing, stitching, slicing: it’s the grisly and invasive nature of these beauty treatments that make them such a cause for worry, especially when young people decide to do it. The problem is the risk: only two weeks ago, a 33-year-old British woman called Alice Webb died after reportedly undergoing a non-surgical Brazilian butt lift, with a coroner stating further investigation is needed to confirm the cause of death. According to her mother, hos",Opinion,https://www.theguardian.com/commentisfree/2024/oct/06/social-media-isnt-driving-the-plastic-surgery-boom-who-doesnt-want-to-look-better,"""devil wears prada"""
business/live/2024/oct/08/uk-borrowing-costs-climb-budget-water-companies-157m-penalty-poor-performance-pollution-leaks-business-live,2024-10-08,Shein’s UK profits double; Water companies penalised for poor performance; China targets EU brandy – as it happened,"Time to recap Online fast fashion retailer Shein has doubled its UK profits after bringing in more than £1.5bn of revenue last year. Water companies in England and Wales must take a total of £157.6m off customer bills after being penalised for poor performance. Regulator Ofwat reported that water companies are missing key targets on reducing pollution, leaks and supply interruptions, while customer satisfaction is falling. China has imposed new tariffs on imports of European brandy, in a apparent retaliation for tariffs added on Chinese electric vehicles by the EU last week, a move France has criticised as unacceptable. Downing Street has dismissed concerns that a potential change to the borrowing rules in the Budget could trigger a Liz Truss-style meltdown…. …after UK borrowing costs climbed sharply in recent days, pushing the gap with Germany to the widest in more than a year. UK engineering firm and aerospace parts maker Senior is cutting jobs and furloughing staff after being hit by the ongoing strike at Boeing, and production problems at Airbus. The US trade deficit has narrowed, thanks to a rise in exports and a dip in imports Snacks and fizzy drinks maker Pepsico has reported a drop in revenues and lowered its full-year sales outlook. Shares in UK housebuilder Vistry are down by a quarter, after it underestimated how much it was going to cost to build hundreds of homes in the south of England. UK grocery inflation has risen to 2% in the last month Stocks have opened higher on Wall Street, after losses yesterday. The S&amp;P 500 share index is up 19 points in early trading at 5,715, a gain of 0.35%. The tech-focused Nasdaq Composite has gained 0.6%, rising by 108 points to 18,032 points. Kathleen Brooks, research director at XTB, are showing a preference for mega cap stocks “as risk aversion bites”, adding: Since the start of Q4, the S&amp;P 500 has outperformed medium-sized companies on the Russell 2000 and it has also outperformed the Dow Jones. Nvidia is hi","Shein’s UK profits double; Water companies penalised for poor performance; China targets EU brandy – as it happened. Time to recap Online fast fashion retailer Shein has doubled its UK profits after bringing in more than £1.5bn of revenue last year. Water companies in England and Wales must take a total of £157.6m off customer bills after being penalised for poor performance. Regulator Ofwat reported that water companies are missing key targets on reducing pollution, leaks and supply interruptions, while customer satisfaction is falling. China has imposed new tariffs on imports of European brandy, in a apparent retaliation for tariffs added on Chinese electric vehicles by the EU last week, a move France has criticised as unacceptable. Downing Street has dismissed concerns that a potential change to the borrowing rules in the Budget could trigger a Liz Truss-style meltdown…. …after UK borrowing costs climbed sharply in recent days, pushing the gap with Germany to the widest in more than a year. UK engineering firm and aerospace parts maker Senior is cutting jobs and furloughing staff after being hit b",Business,https://www.theguardian.com/business/live/2024/oct/08/uk-borrowing-costs-climb-budget-water-companies-157m-penalty-poor-performance-pollution-leaks-business-live,"""LVMH"" AND ""fashion"""
fashion/2024/oct/11/fashion-experts-raise-concern-about-return-to-using-extremely-thin-models,2024-10-11,Fashion experts raise concern about return to ‘extremely thin models’,"Fashion insiders have expressed concerns that previous progress made towards size inclusivity in the industry is being curtailed. Vogue Business released its spring/summer ‘25 size inclusivity report on Tuesday and said: “We are facing a worrying return to using extremely thin models” with “a plateau in size inclusivity efforts across New York, London, Milan and Paris”. Of the 8,763 looks presented across 208 shows in the womenswear collections earlier this month, 94.9% were shown on straight-size models who measure between a US size 0-4 (the equivalent of a UK 4-8). Only 0.8% of models were plus-size, also known as curve (UK 18+), and 4.3% were mid-size (UK 10-16). In Milan, 98% of looks were shown on straight-size models, and Vogue Business said some mid-size figures were skewed by co-ed brands that featured menswear looks modelled by muscular men. “It feels like we’ve taken 10 steps backwards,” said Anna Shillinglaw, the founder of the model agency Milk Management. Thin models have always dominated the catwalks, but in more recent years a wider range of body types had started to be included. Jill Kortleve made headlines at Chanel in 2000 when she became the first model above a UK 8 to be cast in a decade. In another landmark moment for inclusive casting, British Vogue featured Kortleve alongside the plus-size models Paloma Elsesser and Precious Lee on its April 2023 cover with the headline “The New Supers”. Eighteen months later, however, the fashion industry has pivoted, with several insiders lamenting a new resistance to inclusivity. “I now feel that some of the higher-end designers looked at curvier women more as a fad in fashion rather than something that is real life,” Shillinglaw said, noting that the average dress size in Britain is a 16. Chanel included some mid-size and plus-size models this season, but other luxury brands did not. Instead, it was left to emerging brands, including Karoline Vitto in London and Ester Manas in Paris, to bolster body divers","Fashion experts raise concern about return to ‘extremely thin models’. Fashion insiders have expressed concerns that previous progress made towards size inclusivity in the industry is being curtailed. Vogue Business released its spring/summer ‘25 size inclusivity report on Tuesday and said: “We are facing a worrying return to using extremely thin models” with “a plateau in size inclusivity efforts across New York, London, Milan and Paris”. Of the 8,763 looks presented across 208 shows in the womenswear collections earlier this month, 94.9% were shown on straight-size models who measure between a US size 0-4 (the equivalent of a UK 4-8). Only 0.8% of models were plus-size, also known as curve (UK 18+), and 4.3% were mid-size (UK 10-16). In Milan, 98% of looks were shown on straight-size models, and Vogue Business said some mid-size figures were skewed by co-ed brands that featured menswear looks modelled by muscular men. “It feels like we’ve taken 10 steps backwards,” said Anna Shillinglaw, the founder of the model agency Milk Management. Thin models have ",Fashion,https://www.theguardian.com/fashion/2024/oct/11/fashion-experts-raise-concern-about-return-to-using-extremely-thin-models,"""prada"" AND (""luxury"" OR ""fashion"" OR ""stock"")"
lifeandstyle/2024/oct/13/going-matte-without-losing-all-the-glow,2024-10-13,Going matte without losing all the glow ,"Here’s the thing with glowy skin. In photographs, it is lost in translation. That glossy, glassy skin looks a bit too much and can simply look greasy. But what’s the alternative? Super-matte skin that makes you look dead? No, there’s a balance. Start with a makeup primer that gives a glow, but not too much. Avoid oily foundations. Only highlight key points, like the top of the cheekbones (no one needs a highlighted forehead) and always have a finely milled translucent powder to hand. Bergamot Glow Prada Reset Rebalancing Setting Powder £49, selfridges.com Too Faced Born This Way Soft Matte Foundation £38, boots.com Byredo Matte Lipstick £50, byredo.com Dolce &amp; Gabbana Bergamot Glow Primer £42, dolcegabbana.com Violette FR Bisou Balm £30, violettefr.com I can’t do without… A super-powered serum that gives skin that extra special zing People are still afraid of retinol. But retinol has had a makeover. No longer is it that thing that stings and burns and leaves your skin shedding like a snake on acid. No, there are now, thank goodness, kinder, more modern iterations of the skincare polymath that does everything from smoothing to brightening the skin. Like Kate Somerville’s Mega A Skin Transforming Serum. The name of this serum really sets the bar high, doesn’t it? When a product tells me it will transform my skin, I roll up my sleeves and say bring it on, cynical as to whether it will actually deliver. But you’ll be pleased to know that this serum not only lives up to expectation, it exceeds it. Powered by a clinical-grade retinol, it is 11 x more powerful that your regular retinol and yet gentle enough to use every single day. The downside associated with retinols – the burning, the peeling, dryness, etc – is nowhere to be seen. Perhaps that is because this light milky yellow-hued serum includes ingredients such as hyaluronic acid and squalene, meaning your skin’s hydration and elasticity is through the roof. Also it means it is totally suitable for the most sensi","Going matte without losing all the glow . Here’s the thing with glowy skin. In photographs, it is lost in translation. That glossy, glassy skin looks a bit too much and can simply look greasy. But what’s the alternative? Super-matte skin that makes you look dead? No, there’s a balance. Start with a makeup primer that gives a glow, but not too much. Avoid oily foundations. Only highlight key points, like the top of the cheekbones (no one needs a highlighted forehead) and always have a finely milled translucent powder to hand. Bergamot Glow Prada Reset Rebalancing Setting Powder £49, selfridges.com Too Faced Born This Way Soft Matte Foundation £38, boots.com Byredo Matte Lipstick £50, byredo.com Dolce &amp; Gabbana Bergamot Glow Primer £42, dolcegabbana.com Violette FR Bisou Balm £30, violettefr.com I can’t do without… A super-powered serum that gives skin that extra special zing People are still afraid of retinol. But retinol has had a makeover. No longer is it that thing that stings and burns and leaves your skin shedding like",Life and style,https://www.theguardian.com/lifeandstyle/2024/oct/13/going-matte-without-losing-all-the-glow,"""prada"" AND (""luxury"" OR ""fashion"" OR ""stock"")"
business/2024/oct/16/louis-vuitton-owner-lvmh-surprise-sales-drop-china-slowdown,2024-10-16,Louis Vuitton owner LVMH reports surprise sales drop amid China slowdown,"Shares in luxury goods brands slumped after Louis Vuitton’s LVMH reported an unexpected fall in third-quarter sales amid China’s economic slowdown. Shares in LVMH, which also owns Dior, Tiffany and Moët &amp; Chandon, fell by as much as 7% in early trading, briefly hitting a two-year low, before regaining slightly, after it warned of an “uncertain economic and geopolitical environment”,with falling sales in Asia. It came after weaker spending by Chinese consumers on cognac, designer handbags and clothing hit group revenues, which fell to €19.1bn (£16bn) in the three months to the end of September, 3% lower than the same period a year earlier. The company said the fall in revenue, which was released after market close on Tuesday, “mainly arose from lower growth seen in Japan, essentially due to the stronger yen”. The slide in LVMH shares prompted wider weakness across the luxury goods sector, as shares also fell in its smaller rival Kering, the owner of Gucci, as well as Hermès and Burberry. Sales in the group’s fashion and leather goods division, considered a bellwether for the luxury goods sector, slid by 5%. It marked the first slowdown in the division’s quarterly sales since the Covid pandemic closed shops across the world. Sales in Europe grew by just 2%, despite the firm’s hopes that the “high visibility” of Louis Vuitton’s leather goods during recent sporting events would drive revenue. Its trunks were used during the Paris Olympic and Paralympic Games, while it also transported the trophy for the America’s Cup sailing race currently being held in Barcelona. LVMH, whose majority owner is the billionaire Bernard Arnault, and its rivals have been suffering for several months as Chinese consumers, spooked by a slowing economy, have reined in their spending. The slump in Chinese demand for designer handbags and clothing in China has put the brakes on rising sales of luxury goods brands over the past decade and prompted analysts to lower their forecasts for the sec","Louis Vuitton owner LVMH reports surprise sales drop amid China slowdown. Shares in luxury goods brands slumped after Louis Vuitton’s LVMH reported an unexpected fall in third-quarter sales amid China’s economic slowdown. Shares in LVMH, which also owns Dior, Tiffany and Moët &amp; Chandon, fell by as much as 7% in early trading, briefly hitting a two-year low, before regaining slightly, after it warned of an “uncertain economic and geopolitical environment”,with falling sales in Asia. It came after weaker spending by Chinese consumers on cognac, designer handbags and clothing hit group revenues, which fell to €19.1bn (£16bn) in the three months to the end of September, 3% lower than the same period a year earlier. The company said the fall in revenue, which was released after market close on Tuesday, “mainly arose from lower growth seen in Japan, essentially due to the stronger yen”. The slide in LVMH shares prompted wider weakness across the luxury goods sector, as shares also fell in its smaller rival Kering, the owner of Gucci, as well as Hermès and Burb",Business,https://www.theguardian.com/business/2024/oct/16/louis-vuitton-owner-lvmh-surprise-sales-drop-china-slowdown,"""LVMH"" AND ""fashion"""
fashion/2024/oct/18/why-the-tim-walz-style-barn-jacket-gets-my-vote,2024-10-18,Why the Tim Walz-style barn jacket gets my vote,"When Miuccia Prada and one of the US vice-presidential candidates both want you to wear the same kind of jacket, you’ve got to think the universe is trying to tell you something, right? Miuccia Prada has reigned over the fashion world for four decades, because she has a flawless instinct for what looks stylish rather than just trendy. Occasionally, she will put out a collection in which her taste feels a little off-key, and six months later the rest of the world catches up with her and you realise that, no, she wasn’t wrong; she was just ahead of her time. When Mrs P says we should wear barn jackets, as she did at Prada in February, we should probably wear barn jackets. And then there’s the fact that a vote for barn jackets is a vote for the Harris-Walz campaign. Tim Walz’s normcore centrist dad energy has given the Democrats a boost. Voters like him and trust him, which is low-key astonishing for a politician these days. His clothes – and I use that word deliberately because the whole point is that it’s not a look, or a style, it’s just his clothes – are part of it. He looks like a nice guy. Along with jeans, plaid shirts and baseball caps, a barn jacket is one of his signatures. But what is a barn jacket? I don’t know that I had ever heard the term, until recently. An Americanism, I guess. But I’ve seen the jacket, and you have too. Carhartt makes one it calls the OG Chore Coat, and you have definitely seen this jacket, or versions of this jacket, around. A straight boxy jacket in heavy-duty cotton, maybe waxed, with a simple corduroy collar, hard-wearing snap buttons and patch pockets. The lining is probably checked. It should be hip-length, so that your hands can rest snugly into the bottom pockets as you walk, which is how they were worn on the Prada catwalk, where they were styled with fancy skirts and kitten heels. The style owes a lot to the Barbour jacket, but it’s a bit more down on the farm than country house weekend party. Uniqlo has a version called the","Why the Tim Walz-style barn jacket gets my vote. When Miuccia Prada and one of the US vice-presidential candidates both want you to wear the same kind of jacket, you’ve got to think the universe is trying to tell you something, right? Miuccia Prada has reigned over the fashion world for four decades, because she has a flawless instinct for what looks stylish rather than just trendy. Occasionally, she will put out a collection in which her taste feels a little off-key, and six months later the rest of the world catches up with her and you realise that, no, she wasn’t wrong; she was just ahead of her time. When Mrs P says we should wear barn jackets, as she did at Prada in February, we should probably wear barn jackets. And then there’s the fact that a vote for barn jackets is a vote for the Harris-Walz campaign. Tim Walz’s normcore centrist dad energy has given the Democrats a boost. Voters like him and trust him, which is low-key astonishing for a politician these days. His clothes – and I use that word deliberately because the whole",Fashion,https://www.theguardian.com/fashion/2024/oct/18/why-the-tim-walz-style-barn-jacket-gets-my-vote,"""prada"" AND (""luxury"" OR ""fashion"" OR ""stock"")"
tv-and-radio/2024/oct/18/tv-tonight-the-truth-about-one-of-hollywoods-most-puzzling-scandals,2024-10-18,TV tonight: the truth about one of Hollywood’s most puzzling scandals ,"The Man Who Definitely Didn’t Steal Hollywood 9pm, BBC Two “One of the most enigmatic deals in Hollywood.” Insiders tell film-maker John Dower the scandalous story of Giancarlo Parretti, one that has all the makings of a juicy movie script. Parretti was a former waiter with a “murky past” who bought the MGM studios for $1.3bn in 1990 – but he couldn’t account for the mysterious money he handed over. He helps tell the full tale himself in a lively documentary. Hollie Richardson Our Lives: The Lakes – Our Life on the Edge 7.30pm, BBC One Passionate free solo climbers Anna and Mat take their relationship to new heights on a 100-mile climbing adventure in the Lakes with no safety gear. Apparently, this is the ultimate stress test for couples starting out. Sure, but have they ever navigated an Ikea car park on a bank holiday weekend? Ellen E Jones Dispatches: Vinted’s Dirty Laundry 7.30pm, Channel 4 It seems that most of us have earned a few quid by reselling our unwanted clothes on the Vinted app – while purchasing a few bargains along the way. But is the eco-idea too good to be true? Journalist Ellie Flynn investigates a potential murky side. HR The Walking Dead: Daryl Dixon – The Book of Carol 9pm, Sky Max This Walking Dead offshoot set in France has proved it has legs: a third season has already been confirmed. As this one continues, grubby biker Daryl and capable nun Isabelle are on a rescue mission, while Daryl’s longstanding BFF Carol – now on the right continent at least – continues her search. Graeme Virtue The Cleaner 9.30pm, BBC One This breezy sitcom continues with Greg Davies’s crime-scene cleaner Wicky once again finding himself up to his elbows in blood and awkwardness. He’s sent to a community centre running events for elderly people, and finds a hotbed of rivalry, rancour and excruciating communal singing. Phil Harrison The Graham Norton Show 10.40pm, BBC One Coming soon: Amy Adams playing a woman who turns into a dog in Nightbitch; Bruce Springsteen in ","TV tonight: the truth about one of Hollywood’s most puzzling scandals . The Man Who Definitely Didn’t Steal Hollywood 9pm, BBC Two “One of the most enigmatic deals in Hollywood.” Insiders tell film-maker John Dower the scandalous story of Giancarlo Parretti, one that has all the makings of a juicy movie script. Parretti was a former waiter with a “murky past” who bought the MGM studios for $1.3bn in 1990 – but he couldn’t account for the mysterious money he handed over. He helps tell the full tale himself in a lively documentary. Hollie Richardson Our Lives: The Lakes – Our Life on the Edge 7.30pm, BBC One Passionate free solo climbers Anna and Mat take their relationship to new heights on a 100-mile climbing adventure in the Lakes with no safety gear. Apparently, this is the ultimate stress test for couples starting out. Sure, but have they ever navigated an Ikea car park on a bank holiday weekend? Ellen E Jones Dispatches: Vinted’s Dirty Laundry 7.30pm, Channel 4 It seems that most of us have earned a few quid by reselling our unwanted clothes on the Vin",Television & radio,https://www.theguardian.com/tv-and-radio/2024/oct/18/tv-tonight-the-truth-about-one-of-hollywoods-most-puzzling-scandals,"""devil wears prada"""
film/2024/oct/20/a-planned-sequel-and-a-west-end-musical-but-is-the-devil-wears-prada-out-of-step-with-our-times,2024-10-20,A planned sequel and a West End musical – but is The Devil Wears Prada out of step with our times?,"There’s to be a follow-up to the film The Devil Wears Prada, with original screenwriter, Aline Brosh McKenna, “in talks” to provide the script. The 2006 comedy, starring Anne Hathaway as Andy, the put-upon assistant to Meryl Streep’s glacial New York fashion magazine editor, Miranda Priestly, was an enormous global hit (taking $327m at the box office). As well as the planned sequel, there’s a stage musical opening at the Dominion theatre in London’s West End at the end of this month, starring Vanessa Williams as Priestly, with music by Elton John. Almost two decades after the original, it appears the franchise has been reawakened, but so too have the problematic issues surrounding it. The first point to be made about The Devil Wears Prada is that it was, to employ fashion vernacular, fabulous, darling! Based on Lauren Weisberger’s 2003 novel, a thinly disguised account of her time working as Anna Wintour’s assistant at US Vogue, it was a genuinely witty film about fashion which, save for Ben Stiller’s sublime Zoolander, are surprisingly rare. Curiously, for an industry teeming with big characters, cinematic takes have tended towards the laboured (Robert Altman’s 1994 Prêt-à-Porter), the misfiring (2009’s Confessions of a Shopaholic) and the downright dreary (Daniel Day-Lewis’s designer moping about like he’d swallowed a pin cushion in Paul Thomas Anderson’s Phantom Thread in 2018). Bright, sparky, acid, glamorous, The Devil Wears Prada not only tiptoed in Louboutin heels past all the usual pitfalls of fashion cinema, it served up vivid characters: Hathaway’s beleaguered ingenue; Emily Blunt’s patronising Emily, and Stanley Tucci’s gay fashion maven – roles that turbo-launched their careers into orbit. Streep’s chicly vicious Wintour-esque turn as Priestly won her a Golden Globe and an Oscar nomination. Moreover, the film was ultra-female: written by a woman, based on a book by a female author, built almost entirely around memorable female characters – none of which ","A planned sequel and a West End musical – but is The Devil Wears Prada out of step with our times?. There’s to be a follow-up to the film The Devil Wears Prada, with original screenwriter, Aline Brosh McKenna, “in talks” to provide the script. The 2006 comedy, starring Anne Hathaway as Andy, the put-upon assistant to Meryl Streep’s glacial New York fashion magazine editor, Miranda Priestly, was an enormous global hit (taking $327m at the box office). As well as the planned sequel, there’s a stage musical opening at the Dominion theatre in London’s West End at the end of this month, starring Vanessa Williams as Priestly, with music by Elton John. Almost two decades after the original, it appears the franchise has been reawakened, but so too have the problematic issues surrounding it. The first point to be made about The Devil Wears Prada is that it was, to employ fashion vernacular, fabulous, darling! Based on Lauren Weisberger’s 2003 novel, a thinly disguised account of her time working as Anna Wintour’s assistant at US Vogue, it was a genuinely witty film about fashion which, save f",Film,https://www.theguardian.com/film/2024/oct/20/a-planned-sequel-and-a-west-end-musical-but-is-the-devil-wears-prada-out-of-step-with-our-times,"""devil wears prada"""
business/2024/oct/24/secondhand-prada-and-cooking-lessons-john-lewis-gambles-800m-on-store-makeovers,2024-10-24,Secondhand Prada and cooking lessons? John Lewis gambles £800m on store makeovers,"Body piercing, cooking lessons Jamie Oliver-style, luxury hi-tech skin treatments and preloved Prada handbags … This is John Lewis, but not as you know it, with a £6.5m revamp of its high-profile branch on London’s Oxford Street signalling its belief that department stores have a future. After a hiatus when it sought to move away from retail and make money from other things, such as renting flats and selling home insurance, the John Lewis Partnership, which also owns Waitrose, confirmed plans to invest £800m in its namesake brand over the next four years. A large chunk of the money is to be spent on revitalising its stores. Peter Ruis, the boss of the department store chain, said it had been honest about that fact it had not been investing enough in its stores. It planned to rectify that because it was now clear from a sales perspective that shops are “here to stay”, he said. During the fight for survival in the pandemic, John Lewis explored turning entire floors of the Oxford Street store into offices. However, the pendulum appears to have swung the other way, and the £6.5m revamp on the country’s best-known shopping street will be used to test new ideas. “We all came out of Covid thinking we had trained customers to shop online, and it turned out we hadn’t,” said Ruis. “There has been a philosophical reset across the whole industry as it realised customers have come rushing back to stores, with younger customers coming back the quickest.” As part of a plan to diversify, the previous management team, led by the then chair, Sharon White, set the target of making 40% of group profits from non-retail businesses. However she confirmed earlier this year that it had now been dropped. With shoppers keen to spend on experiences and treats, Ruis said there was “something happening on every single floor” in Oxford Street. In new spa treatment rooms, well-heeled shoppers can spend several hundred pounds on cosmetic procedures such as “microneedling” and chemical peels. Other ","Secondhand Prada and cooking lessons? John Lewis gambles £800m on store makeovers. Body piercing, cooking lessons Jamie Oliver-style, luxury hi-tech skin treatments and preloved Prada handbags … This is John Lewis, but not as you know it, with a £6.5m revamp of its high-profile branch on London’s Oxford Street signalling its belief that department stores have a future. After a hiatus when it sought to move away from retail and make money from other things, such as renting flats and selling home insurance, the John Lewis Partnership, which also owns Waitrose, confirmed plans to invest £800m in its namesake brand over the next four years. A large chunk of the money is to be spent on revitalising its stores. Peter Ruis, the boss of the department store chain, said it had been honest about that fact it had not been investing enough in its stores. It planned to rectify that because it was now clear from a sales perspective that shops are “here to stay”, he said. During the fight for survival in the pandemic, John Lewis explored turning entire floors of the Oxford Street s",Business,https://www.theguardian.com/business/2024/oct/24/secondhand-prada-and-cooking-lessons-john-lewis-gambles-800m-on-store-makeovers,"""prada"" AND (""luxury"" OR ""fashion"" OR ""stock"")"
fashion/2024/oct/24/fashion-statement-halloween-costumes-zeitgeist,2024-10-24,"Out with the bats, in with the brats: 7 Halloween costumes that lean into the zeitgeist","Halloween used to be all about ghosts and witches. But what was a holiday laden with cobwebs and cauldrons has become all about something else: the zeitgeist. To put it simply, broomsticks are so last season. Nowadays, it’s all about the Halloween hot take. The entire month of October has become a prime opportunity to show off your wide-ranging pop culture knowledge. It’s an IRL quiz among Halloween goers as they try to out-smart and out-meme one another with “if you know, you know” costumes. But while it’s all about the current, the real Halloween joy comes from DIY and hunting for vintage costumes rather than buying new. Trust us, a lovingly crafted offbeat reference will earn you much more cultural cachet than a shop-bought sexy kitten. So, ahead of next week, here are seven of the most “2024” costumes to get you started. It’s raining Rish For the most authentic take on the ousted Conservative prime minister, you better hope it rains. Dig out your fanciest suit, finish with a Tory blue tie and shiny loafers (the former PM favoured Prada when he wasn’t ruining Sambas for the rest of us) then go stand outside, ideally in a downpour, in front of a lectern while Things Can Only Get Better blares in the background. It’s important to keep your head held high as the rain pelts your face. You’ll know you’ve nailed the look when droplets start dripping down your hair and accumulating on your shoulders. Remain defiant. A brat It’s been four months since Charli xcx released her album Brat, which quickly became the mood of summer. If you don’t know what brat is by now then I’m afraid this is not the look for you – it would be like dressing up as Mia Wallace without seeing Pulp Fiction. For the true brats among us, there are many iterations to choose from. You could follow Charli’s advice and stick to the brat essentials – “A pack of cigs, a Bic lighter and a strappy white top with no bra.” Alternatively, you could dress head-to-toe in brat green, that particular lurid shade ","Out with the bats, in with the brats: 7 Halloween costumes that lean into the zeitgeist. Halloween used to be all about ghosts and witches. But what was a holiday laden with cobwebs and cauldrons has become all about something else: the zeitgeist. To put it simply, broomsticks are so last season. Nowadays, it’s all about the Halloween hot take. The entire month of October has become a prime opportunity to show off your wide-ranging pop culture knowledge. It’s an IRL quiz among Halloween goers as they try to out-smart and out-meme one another with “if you know, you know” costumes. But while it’s all about the current, the real Halloween joy comes from DIY and hunting for vintage costumes rather than buying new. Trust us, a lovingly crafted offbeat reference will earn you much more cultural cachet than a shop-bought sexy kitten. So, ahead of next week, here are seven of the most “2024” costumes to get you started. It’s raining Rish For the most authentic take on the ousted Conservative prime minister, you better hope it rains. Dig out your fanciest suit, finish with a Tory b",Fashion,https://www.theguardian.com/fashion/2024/oct/24/fashion-statement-halloween-costumes-zeitgeist,"""prada"" AND (""luxury"" OR ""fashion"" OR ""stock"")"
technology/2024/oct/26/mark-zuckerberg-why-meta-boss-ditched-drab-hoodies-jazzy-makeover,2024-10-26,Zuckerberg 2.0: why has Meta boss ditched drab hoodies in jazzy makeover?,"For more than 20 years Mark Zuckerberg has made a Macbook grey T-shirt and equally drab-coloured hoodie his trademark. But now the Facebook founder has ditched his signature look in favour of something with a bit more oomph. His new wardrobe features jazzy embroidered floral shirts, boxy black T-shirts emblazoned with Latin phrases, chain necklaces and a shearling coat that would not look out of place on the set of the western drama Yellowstone. He has even grown out his tightly cropped Caesar cut for looser curls. This week he cemented his transformation, sharing a series of photos from a 1970s-themed party on Instagram wearing a black silk shirt unbuttoned to his navel and a glittery embellished jacket. “The timeline changed when zuck stopped wearing that grey T-shirt every day,” read one comment underneath the post. “Zucks glow up needs to be studied in universities,” stated another. Some are even calling it “the Zuckanissance”. Ash Jones, the founder of Great Influence, a personal branding agency that works with entrepreneurs and CEOs, describes it as a “tactical shift”. When Zuckerberg was called in front of the US Senate in 2018 after the Cambridge Analytica scandal, online chatter centred on how Zuckerberg in his “sorry suit” appeared to be almost robotic in his behaviour. “People were referring to him as an alien,” Jones says. “His advisers realised they had to shift that perception. They wanted to make him more approachable. They needed to humanise him.” In 2021 Facebook was rebranded as Meta. Now three years later, Zuckerberg 2.0 has hatched. “A lot of the time when you try to rebrand someone, you focus on what they say,” Jones says. “Whereas with Zuckerberg it’s a visual shift. He is still talking about the same subjects but now he is doing so wearing cooler clothing.” Zuckerberg is not the only tech bro to embrace a recent style shift. But while the former finance nerd Jeff Bezos is leaning into some kind of action man machismo (who can forget the bicep-","Zuckerberg 2.0: why has Meta boss ditched drab hoodies in jazzy makeover?. For more than 20 years Mark Zuckerberg has made a Macbook grey T-shirt and equally drab-coloured hoodie his trademark. But now the Facebook founder has ditched his signature look in favour of something with a bit more oomph. His new wardrobe features jazzy embroidered floral shirts, boxy black T-shirts emblazoned with Latin phrases, chain necklaces and a shearling coat that would not look out of place on the set of the western drama Yellowstone. He has even grown out his tightly cropped Caesar cut for looser curls. This week he cemented his transformation, sharing a series of photos from a 1970s-themed party on Instagram wearing a black silk shirt unbuttoned to his navel and a glittery embellished jacket. “The timeline changed when zuck stopped wearing that grey T-shirt every day,” read one comment underneath the post. “Zucks glow up needs to be studied in universities,” stated another. Some are even calling it “the Zuckanissance”. Ash Jones, the founder of Great Influence, a personal ",Technology,https://www.theguardian.com/technology/2024/oct/26/mark-zuckerberg-why-meta-boss-ditched-drab-hoodies-jazzy-makeover,"""prada"" AND (""luxury"" OR ""fashion"" OR ""stock"")"
business/2024/nov/04/burberry-shares-moncler-bid-lvmh,2024-11-04,Burberry shares rise after reports Moncler is considering bid,"Shares in Burberry have risen by 6% after reports suggested Italian rival Moncler may be considering a bid for the British luxury fashion brand. The spike came after the trade journal Miss Tweed reported that Moncler, which also owns Stone Island, was looking at a potential acquisition of Burberry, which has struggled as demand for luxury goods has fallen. The journal cited several industry sources who said the head of the luxury goods conglomerate LVMH, an investor in Moncler, was keen to get a deal done with the British retailer. LVMH, whose portfolio of high-end brands includes Louis Vuitton, Dior, Fendi and Celine, has a 10% stake in Double R, the investment vehicle that owns Moncler. That gives LVMH a seat on the Italian fashion brand’s board. Moncler told the Guardian it did not comment on “unsubstantiated rumours”. Shares in Burberry rose as high as 872p in early trading on Monday, up more than 7% on Friday’s close of 812p. The stock closed up 6% at 861p, valuing it at £3.1bn. A number of analysts identified Burberry as a potential takeover target earlier this year after the company’s share price fell by 40% over a 12-month period. This meant it dropped out of the FTSE 100 index for the first time in 15 years. The drop in the share price and two profit warnings this year led to the abrupt exit of Jonathan Akeroyd in July after nearly three years as chief executive. Its profit warning in July followed a double-digit decline in sales across its core markets in what the company described as a “disappointing” first quarter. The company also scrapped its dividend. Store sales in the Americas and Asia Pacific fell by 23%, while sales in Europe, the Middle East, India and Africa dropped by 16%. The company has also been particularly hit by an economic downturn in China, where consumers have become more selective about their high-end purchases. In May, Burberry reported that sales in China had decreased by 19% in the final quarter of last year. Burberry is one of sev","Burberry shares rise after reports Moncler is considering bid. Shares in Burberry have risen by 6% after reports suggested Italian rival Moncler may be considering a bid for the British luxury fashion brand. The spike came after the trade journal Miss Tweed reported that Moncler, which also owns Stone Island, was looking at a potential acquisition of Burberry, which has struggled as demand for luxury goods has fallen. The journal cited several industry sources who said the head of the luxury goods conglomerate LVMH, an investor in Moncler, was keen to get a deal done with the British retailer. LVMH, whose portfolio of high-end brands includes Louis Vuitton, Dior, Fendi and Celine, has a 10% stake in Double R, the investment vehicle that owns Moncler. That gives LVMH a seat on the Italian fashion brand’s board. Moncler told the Guardian it did not comment on “unsubstantiated rumours”. Shares in Burberry rose as high as 872p in early trading on Monday, up more than 7% on Friday’s close of 812p. The stock closed up 6% at 861p, valuing it at £3.1bn. A",Business,https://www.theguardian.com/business/2024/nov/04/burberry-shares-moncler-bid-lvmh,"""LVMH"" AND ""fashion"""
stage/2024/nov/05/vogue-emergency-devil-wears-prada-lauren-weisberger-elton-john-musical,2024-11-05,‘Every minute at Vogue felt like an emergency’: Devil Wears Prada author Lauren Weisberger on igniting a scandal,"When Lauren Weisberger was 22 years old, she got the job that she would end up being famous for all her life. Having “literally never had a job beyond working in a frozen yoghurt place, with a bit of babysitting and lifeguarding”, but hoping to become a writer, she secured an interview to be assistant to Anna Wintour, then editor-in-chief of American Vogue. To the general horror of the Vogue office in New York, she arrived carrying her CV and writing samples in the sensible, dowdy leather briefcase her parents had given her as a graduation present. “I was fresh out of college – four years of studying and partying and wearing sweatpants all day long. I wasn’t into fashion, so Vogue was a completely foreign culture to me.” To everyone’s surprise, she got the nod. The role was “demanding and fast-paced and stressful and head-spinningly around-the-clock. I would wake up every morning to voicemails left overnight, endless tasks that all needed to be done right away.” This was 1999 and “Anna didn’t have a computer. As her assistants, we were her computers. And everyone in the office was tall and gorgeous and slender and totally obsessed with this world in a way that felt toxic to me. Every minute in that office felt like an emergency. I was just a kid. I went into survival mode.” Twenty-five years later, the lobby of the smart London hotel where Weisberger is staying has a vast red stiletto shoe with a pitchfork for a heel in its lobby. She turned that first job of hers into a fictionalised novel, which became a movie, which became a cultural phenomenon. It is now a splashy West End musical, scored by Elton John and scheduled to open on 1 December. When we speak, Weisberger has just attended a preview, watching Georgie Buckland as Andy, the story’s fictional assistant, walking on stage (with the briefcase, which got a big laugh) and bringing the house down with the story that starts with that first job. Today, in a black sweater and dark jeans, discreet sparkling stud ear","‘Every minute at Vogue felt like an emergency’: Devil Wears Prada author Lauren Weisberger on igniting a scandal. When Lauren Weisberger was 22 years old, she got the job that she would end up being famous for all her life. Having “literally never had a job beyond working in a frozen yoghurt place, with a bit of babysitting and lifeguarding”, but hoping to become a writer, she secured an interview to be assistant to Anna Wintour, then editor-in-chief of American Vogue. To the general horror of the Vogue office in New York, she arrived carrying her CV and writing samples in the sensible, dowdy leather briefcase her parents had given her as a graduation present. “I was fresh out of college – four years of studying and partying and wearing sweatpants all day long. I wasn’t into fashion, so Vogue was a completely foreign culture to me.” To everyone’s surprise, she got the nod. The role was “demanding and fast-paced and stressful and head-spinningly around-the-clock. I would wake up every morning to voicemails left overnight, endless tasks that all needed to be done right away.” This was 1999 and “Anna",Stage,https://www.theguardian.com/stage/2024/nov/05/vogue-emergency-devil-wears-prada-lauren-weisberger-elton-john-musical,"""devil wears prada"""
lifeandstyle/2024/nov/12/layered-outfit-guide-spring-fashion-layer-clothes-how-to,2024-11-11,Four seasons in one day: how to layer your outfits for spring dressing,"Whenever I think about dressing for spring, I hear Meryl Streep’s line from the film The Devil Wears Prada: “Florals for spring? Groundbreaking.” Her delivery is of course what makes the quote so memorable; the truth about the predictability of seasonal style advice makes it sting. Streep could have easily said, “Layers for spring?” and made any style columnist cringe. But looking good in this type of weather – when days transition from rain to sunshine, and warm afternoons become cold evenings – means putting together outfits that are versatile and adaptable. Spring temperature is also perfect for a certain kind of sartorial play. “There’s freedom in mixing textures you don’t often get to wear together, like wool suiting with a silk camisole underneath,” says Lauren Trend, a Melbourne design consultant. A lightweight jacket adds ‘polish’ Transeasonal dressing means balancing pieces that protect against the chill but are forgiving when the weather warms. The Melbourne stylist Sally Mackinnon loves to wear a blazer and T-shirt with a pair of shorts. “The temperature’s got to be just right,” she says. “Warm enough for you to have your legs out but not too warm so you can add a blazer.” Trend says it’s important to opt for lightweight outerwear – such as an unlined trench or an oversized blazer – to transition between temperatures and to “add polish”. “They work with almost everything, from tailored trousers to crisp shirting. You stay warm without feeling stifled if the sun breaks through.” Sign up for the fun stuff with our rundown of must-reads, pop culture and tips for the weekend, every Saturday morning Incorporate layers made from natural fibres such as silk, cotton, linen, wool and cashmere into your outfits, as they have thermoregulating properties. “A woollen jacket or pair of trousers is going to be a lot more breathable than something synthetic and polyester,” Mackinnon says. Cashmere or merino jumpers and cardigans can also be worn like an accessory, tied a","Four seasons in one day: how to layer your outfits for spring dressing. Whenever I think about dressing for spring, I hear Meryl Streep’s line from the film The Devil Wears Prada: “Florals for spring? Groundbreaking.” Her delivery is of course what makes the quote so memorable; the truth about the predictability of seasonal style advice makes it sting. Streep could have easily said, “Layers for spring?” and made any style columnist cringe. But looking good in this type of weather – when days transition from rain to sunshine, and warm afternoons become cold evenings – means putting together outfits that are versatile and adaptable. Spring temperature is also perfect for a certain kind of sartorial play. “There’s freedom in mixing textures you don’t often get to wear together, like wool suiting with a silk camisole underneath,” says Lauren Trend, a Melbourne design consultant. A lightweight jacket adds ‘polish’ Transeasonal dressing means balancing pieces that protect against the chill but are forgiving when the weather warms. The Melbourne stylist Sally Mac",Life and style,https://www.theguardian.com/lifeandstyle/2024/nov/12/layered-outfit-guide-spring-fashion-layer-clothes-how-to,"""devil wears prada"""
business/2024/nov/14/burberry-turnaround-chief-40m-cuts-scarf-bar-rollout-shares,2024-11-14,Burberry’s turnaround chief plans £40m cuts and ‘scarf bar’ rollout,"Burberry has unveiled a £40m cost-cutting programme as its new chief executive pledged to “stabilise the business” with a turnaround plan aimed at reviving the fortunes of the ailing British luxury fashion brand. Joshua Schulman, the former Coach boss who replaced his ousted predecessor, Jonathan Akeroyd, in July, said the company was “acting with urgency” after straying too far from its roots of “timeless core collections” and outerwear, including trench coats and scarves with its distinctive Burberry check. The new boss said he had used his first 90 days in post to start a cost-cutting programme aimed at trimming £40m from its cost base each year, about £25m of which will be pushed through during the 2025 financial year. Burberry managers refused to confirm how many jobs could be lost as a result, saying only that they had been “streamlining” office-based teams, including at head office. Schulman also unveiled an outerwear campaign, It’s Always Burberry Weather, involving the rollout of “scarf bars”, starting with its 57th Street flagship store in New York. He also appointed new managers across its marketing, product merchandising and planning divisions, as well as the Americas. Schulman declined to comment on rumours that the company’s Italian rival, Moncler, may be considering a bid for the British luxury fashion brand. However, he told journalists on Thursday morning that “there are advantages to being an independent luxury brand”, adding: “We have a lot of opportunity ahead, and there’s a lot more that we can do as a plc.” Burberry shares jumped nearly 19% – its biggest one day rise in at least 20 years - after the cost-cutting plan was announced, making the luxury retailer the top riser on the FTSE 250 on Thursday. Burberry has issued two profit warnings this year. The brand has suffered amid a slowdown in demand for luxury goods, which also hit the sales of rivals including Kering, which owns brands including Gucci and Balenciaga, and Mulberry. Schulman said","Burberry’s turnaround chief plans £40m cuts and ‘scarf bar’ rollout. Burberry has unveiled a £40m cost-cutting programme as its new chief executive pledged to “stabilise the business” with a turnaround plan aimed at reviving the fortunes of the ailing British luxury fashion brand. Joshua Schulman, the former Coach boss who replaced his ousted predecessor, Jonathan Akeroyd, in July, said the company was “acting with urgency” after straying too far from its roots of “timeless core collections” and outerwear, including trench coats and scarves with its distinctive Burberry check. The new boss said he had used his first 90 days in post to start a cost-cutting programme aimed at trimming £40m from its cost base each year, about £25m of which will be pushed through during the 2025 financial year. Burberry managers refused to confirm how many jobs could be lost as a result, saying only that they had been “streamlining” office-based teams, including at head office. Schulman also unveiled an outerwear campaign, It’s Always Burberry Weather, involving the rollout",Business,https://www.theguardian.com/business/2024/nov/14/burberry-turnaround-chief-40m-cuts-scarf-bar-rollout-shares,"""Kering"" AND ""fashion"""
fashion/2024/nov/15/wear-lace-this-party-season-it-is-an-act-of-celebration-and-defiance,2024-11-15,Wear lace this party season. It is an act of celebration – and defiance,"If I ask you a personal question will you promise not to take it the wrong way? Great. Do you, by any chance, have a tendency to martyrdom? I only ask because, as Christmas season looms on the horizon, the female impulse to sacrifice our own pleasure or free time in the cause of doing things for others gets particularly intense. Writing cards to people you haven’t spoken to all year. Making sloe gin to give as gifts. Buying stocking presents for the dog. Filling your notes app with endless lists. It is a complicated thing, martyrdom, because it comes from a good place, but if you don’t keep an eye on it, it gets not just pointless (spoiler alert: the dog doesn’t care) but counter-productive. I promise that friends would much rather you arrived at their drinks party in a brilliant mood clutching a bottle of warm supermarket prosecco than overtired and crabby with a homemade gift. What does this have to do with fashion? With this very pretty lace blouse, which might be perfect for that party? A lot, actually. This is a time of year for dressing up. Dressing fancy. And key to enjoying the process of dressing up is not to think of dressing up as just another bullet point on your to do list. A party outfit should not be just another item to tick off, once you’ve sourced a recipe for vegan stuffing and rustled up a reindeer outfit for the school play. Glamour can sometimes feel like yet more of the unseen but time-consuming stuff that women are expected to do and which men – not all men, but many men – ignore without a second thought. Remember friends’ kids’ birthdays, tick. Check fridge before work to see if you need to buy milk and salad in your lunch hour, tick. Iron party clothes and put on mascara, tick. But putting on a fabulous snowy lace blouse that would be utterly impractical for wearing to do chores can and should be something you do for yourself. This is an act of resistance to the impulse to martyrdom. Getting dressed up can be a way of setting useful boundar","Wear lace this party season. It is an act of celebration – and defiance. If I ask you a personal question will you promise not to take it the wrong way? Great. Do you, by any chance, have a tendency to martyrdom? I only ask because, as Christmas season looms on the horizon, the female impulse to sacrifice our own pleasure or free time in the cause of doing things for others gets particularly intense. Writing cards to people you haven’t spoken to all year. Making sloe gin to give as gifts. Buying stocking presents for the dog. Filling your notes app with endless lists. It is a complicated thing, martyrdom, because it comes from a good place, but if you don’t keep an eye on it, it gets not just pointless (spoiler alert: the dog doesn’t care) but counter-productive. I promise that friends would much rather you arrived at their drinks party in a brilliant mood clutching a bottle of warm supermarket prosecco than overtired and crabby with a homemade gift. What does this have to do with fashion? With this very pretty lace blouse, which might be perfect for that p",Fashion,https://www.theguardian.com/fashion/2024/nov/15/wear-lace-this-party-season-it-is-an-act-of-celebration-and-defiance,"""prada"" AND (""luxury"" OR ""fashion"" OR ""stock"")"
thefilter/2024/nov/16/ultimate-men-capsule-wardrobe-minimalist,2024-11-16,The ultimate men’s capsule wardrobe: the only 22 items you’ll ever need,"A capsule wardrobe can seem like a fashion unicorn: a nice idea but impossible in reality. But what if you could clear out the clutter and strip everything back to a hard-working core edit that will see you through (most) of life’s sartorial eventualities? What would that wardrobe look like and how do you go about achieving it? Simon Chilvers spoke to menswear experts to hone a list of essential pieces into the sharpest edit. Follow their tips on what to invest in, from tailoring and classic knitwear to denim and the failsafe white T-shirt. The result is a streamlined, trend-free zone that will save you time and money. Here’s a handy guide to the key pieces to have in your closet. How to build a capsule wardrobe Jeans Uniqlo selvedge slim fit jeans, £39.90 uniqlo.com Nail the classics and the rest will follow – a good pair of jeans is the cornerstone of any capsule wardrobe. Either buy a denim brand like Levi’s or Wrangler or head to Uniqlo for the best hard-wearing selvedge denim on the high street. Darker styles are typically more useful than paler denim, as they can work for smart-casual events in the way a 90s paler blue wash can’t, but go with your personal preference. For more, read our guide to the best men’s jeans Mid-weight suit M&amp;S regular fit wool suit, £299 for jacket and trousers marksandspencer.com Moss Bros tailored navy suit jacket, trousers and waistcoat, £369 moss.co.uk Choosing the right suit takes time. Spend as much as you can afford to based on how often you will wear it, whether that be to work several times a week or to the odd wedding. Something simple and neutral will make the most long-term sense. Tailored trousers Cos pleated wool trousers, £110 cos.com Wear them with anything – but make sure they fit just so. Get your trousers taken up or down to the right length for you by trying them on with all the shoes or boots you intend to wear with them and pinning the legs at the happy medium point. As a rule of thumb, your trouser should re","The ultimate men’s capsule wardrobe: the only 22 items you’ll ever need. A capsule wardrobe can seem like a fashion unicorn: a nice idea but impossible in reality. But what if you could clear out the clutter and strip everything back to a hard-working core edit that will see you through (most) of life’s sartorial eventualities? What would that wardrobe look like and how do you go about achieving it? Simon Chilvers spoke to menswear experts to hone a list of essential pieces into the sharpest edit. Follow their tips on what to invest in, from tailoring and classic knitwear to denim and the failsafe white T-shirt. The result is a streamlined, trend-free zone that will save you time and money. Here’s a handy guide to the key pieces to have in your closet. How to build a capsule wardrobe Jeans Uniqlo selvedge slim fit jeans, £39.90 uniqlo.com Nail the classics and the rest will follow – a good pair of jeans is the cornerstone of any capsule wardrobe. Either buy a denim brand like Levi’s or Wrangler or head to Uniqlo for the best hard-wearing selvedge denim on t",The Filter,https://www.theguardian.com/thefilter/2024/nov/16/ultimate-men-capsule-wardrobe-minimalist,"""prada"" AND (""luxury"" OR ""fashion"" OR ""stock"")"
fashion/2024/nov/16/go-back-to-basics-find-your-signature-style-men,2024-11-16,‘Most men don’t need a purple suit’: why you should go back to basics to find your signature style,"When people find out I work in fashion, they usually do one of two things: ask me to evaluate their look – awkward – or ask me, “What’s trending this season?” The second is actually the harder. That’s because, when it comes to menswear, being a la mode is less about some kind of seismic change and more about a twist. It’s a subtle wardrobe rejig: the length of your coat, or whether or not wearing a tie is in, rather than a sudden, dramatic silhouette shift. A better question would be: how many clothes do I actually need? Thanks to the timeless nature of so much menswear, curating an evergreen capsule wardrobe doesn’t have to be complicated. Paring back your clothes to the very basics can prove divisive – some say there’s no fun in minimalism, while for others a sleek uniform edit is the peak of owning a style. Either way, we should all be aiming to buy fewer clothes, so the items that actually do make it into our wardrobes demand an extra level of consideration. “Reducing your wardrobe to the fundamentals is a form of sustainability,” says Bill Prince, editor of Wallpaper*, whose wardrobe of grey and navy tailoring, mostly styled with a roll neck or shirt, is in many ways classically smart but crucially never stiff. What is the magic number? Going by TikTok tutorials or books such as The Happy Closet by Annmarie O’Connor, 20-25 items seems about right. Mitch Hughes, menswear director at Marks &amp; Spencer, agrees, though adds that this does not include socks or other accessories such as scarves and hats. “For most men a capsule wardrobe will be built around iconic pieces, which have been seen in different iterations for decades. It will range from casual items – a white sneaker or plain T-shirt – to smarter garments such as a wool overcoat, Chelsea boot or simple navy suit.” Creating a leaner, more functional wardrobe will, Hughes says, also make getting dressed a streamlined affair in the long run. Miuccia Prada would know. While she might be credited in fashion c","‘Most men don’t need a purple suit’: why you should go back to basics to find your signature style. When people find out I work in fashion, they usually do one of two things: ask me to evaluate their look – awkward – or ask me, “What’s trending this season?” The second is actually the harder. That’s because, when it comes to menswear, being a la mode is less about some kind of seismic change and more about a twist. It’s a subtle wardrobe rejig: the length of your coat, or whether or not wearing a tie is in, rather than a sudden, dramatic silhouette shift. A better question would be: how many clothes do I actually need? Thanks to the timeless nature of so much menswear, curating an evergreen capsule wardrobe doesn’t have to be complicated. Paring back your clothes to the very basics can prove divisive – some say there’s no fun in minimalism, while for others a sleek uniform edit is the peak of owning a style. Either way, we should all be aiming to buy fewer clothes, so the items that actually do make it into our wardrobes demand an extra level of consideration. “Reducing your wardrobe",Fashion,https://www.theguardian.com/fashion/2024/nov/16/go-back-to-basics-find-your-signature-style-men,"""prada"" AND (""luxury"" OR ""fashion"" OR ""stock"")"
stage/2024/nov/20/elton-john-musical-tammy-faye-broadway,2024-11-20,Elton John’s musical Tammy Faye to close on Broadway less than a month after opening,"Tammy Faye, the musical created by Elton John, James Graham and Scissor Sisters’ Jake Shears, is to close on Broadway less than a month after its opening night. The show about the eponymous TV evangelist sold out at London’s Almeida theatre in 2022, received rave reviews and was nominated for best new musical at the Olivier awards the following year. But on Tuesday it was announced that it will have its final curtain at the Palace theatre in New York on 8 December. That will be its 29th performance; the musical also had 24 previews before opening. This month, the show has failed to fill more than two-thirds of its audience capacity. In the week ending 17 November, it drew a gross of $374,371 with an overall attendance of 5,732 (63% of capacity). New York’s critics were less impressed than London’s by the Rupert Goold production. In her review, the New York Times’s Elisabeth Vincentelli called Tammy Faye “strangely bland” considering its larger-than-life subject matter. Variety’s Frank Rizzo said it was a “misguided West End import”. Katie Brayben has made her Broadway debut reprising her Olivier award-winning role as Faye, this time opposite Christian Borle as Faye’s first husband and TV co-star, Jim Bakker. The married evangelists found fame in the 1970s through their television network, PTL (Praise the Lord). Faye was known for her singing voice, abundant emotion and extravagant makeup; a 2021 biopic starring Jessica Chastain was called The Eyes of Tammy Faye. The musical charts her rise to fame, a series of scandals and the backlash against her advocacy for gay rights. In 1985, Faye raised awareness of HIV and Aids through a famous interview with Steve Pieters, a gay church pastor living with HIV. “She won me over when she did that,” Elton John told ABC News last month. Her allyship was “pretty remarkable for someone in the religious community,” John added. John’s musical version of The Devil Wears Prada, starring Vanessa Williams, is now at the Dominion theatre ","Elton John’s musical Tammy Faye to close on Broadway less than a month after opening. Tammy Faye, the musical created by Elton John, James Graham and Scissor Sisters’ Jake Shears, is to close on Broadway less than a month after its opening night. The show about the eponymous TV evangelist sold out at London’s Almeida theatre in 2022, received rave reviews and was nominated for best new musical at the Olivier awards the following year. But on Tuesday it was announced that it will have its final curtain at the Palace theatre in New York on 8 December. That will be its 29th performance; the musical also had 24 previews before opening. This month, the show has failed to fill more than two-thirds of its audience capacity. In the week ending 17 November, it drew a gross of $374,371 with an overall attendance of 5,732 (63% of capacity). New York’s critics were less impressed than London’s by the Rupert Goold production. In her review, the New York Times’s Elisabeth Vincentelli called Tammy Faye “strangely bland” considering its larger-than-life subject matter. Variety’s Frank ",Stage,https://www.theguardian.com/stage/2024/nov/20/elton-john-musical-tammy-faye-broadway,"""devil wears prada"""
fashion/2024/nov/22/milans-via-monte-napoleone-becomes-worlds-most-expensive-shopping-street,2024-11-22,Milan’s Via Monte Napoleone becomes world’s most expensive shopping street,"If the names Fendi, Dior and Valentino were rubbed from the shop fronts, Milan’s Via Monte Napoleone could pass for a slightly fancier than average street in the northern Italian style capital, with the typical jostle of vans and Vespas alongside Porsches, tourists and residents. But the 350 metre-long street has just been named the world’s most expensive shopping street, beating New York’s Fifth Avenue, London’s New Bond Street and Paris’s Champs-Élysées, and becoming the first European city to top the list in 34 years. According to the latest Main Streets Across the World report, by the real estate group Cushman &amp; Wakefield, the change “reflects robust rental growth on the Italian street, exceeding 30% in the last two years, further bolstered this year by the euro’s appreciation against the US dollar”. Rent on the street, which ranked second last year behind Fifth Avenue, can reach as high as €20,000 (£17,000) a square metre annually and business is booming: in Europe’s biggest property deal for two years, the luxury conglomerate Kering, which owns Gucci, bought a prime spot on the street earlier this year. Rents on Fifth Avenue, by comparison, can hit €19,537 a square metre annually, but growth has plateaued. Tsim Sha Tsui in Hong Kong came in at number four, with annual rent per square metre reaching €15,697. Via Monte Napoleone, which is far smaller than the other global luxury hotspots, is home to the world’s biggest high-end names. Italian heritage brands Loro Piana and Tod’s rub shoulders with buzzy Bottega Veneta, as well as perhaps the most on-the-nose Milanese of them all, Versace. Gucci sits opposite Prada in an Italian luxury face-off. All of them choose to show at Milan fashion week, rather than any of the other Big Four, which periodically injects more high-fashion buzz to the city. The street is more low-key than nearby Galleria Vittorio Emanuele II, the 19th-century glass-topped shopping mall containing many of the same names; it may be more mor","Milan’s Via Monte Napoleone becomes world’s most expensive shopping street. If the names Fendi, Dior and Valentino were rubbed from the shop fronts, Milan’s Via Monte Napoleone could pass for a slightly fancier than average street in the northern Italian style capital, with the typical jostle of vans and Vespas alongside Porsches, tourists and residents. But the 350 metre-long street has just been named the world’s most expensive shopping street, beating New York’s Fifth Avenue, London’s New Bond Street and Paris’s Champs-Élysées, and becoming the first European city to top the list in 34 years. According to the latest Main Streets Across the World report, by the real estate group Cushman &amp; Wakefield, the change “reflects robust rental growth on the Italian street, exceeding 30% in the last two years, further bolstered this year by the euro’s appreciation against the US dollar”. Rent on the street, which ranked second last year behind Fifth Avenue, can reach as high as €20,000 (£17,000) a square metre annually and business is booming: in Europe’s biggest p",World news,https://www.theguardian.com/fashion/2024/nov/22/milans-via-monte-napoleone-becomes-worlds-most-expensive-shopping-street,"""prada"" AND (""luxury"" OR ""fashion"" OR ""stock"")"
stage/2024/nov/21/death-becomes-her-review-broadway,2024-11-22,Death Becomes Her review – 90s comedy gets dazzling Broadway rebirth,"Like its duelling antiheroines, Death Becomes Her refuses to die. There might not be quite the same stickiness or, unfairly, respect as that afforded to some of its 90s comedy peers but it’s lingered around the outskirts anyway, with drag tributes or Halloween costumes or comparisons to Real Housewives stars or, most recently, similarities to The Substance (it’s the infinitely better movie). The themes, of ageing anxieties and the cruel impossibility of beauty standards, are also never going away – if anything they’ve become more centre-staged – and so some sort of reimagining has felt inevitable for a while (rumours of a remake have circulated for years). It tracks that a rebirth on Broadway would come next, with both the conveyor belt of screen-to-stage adaptations refusing to slow down and the original’s brash theatrical humour making it a perfect fit. Success was far less inevitable though given the quality of many examples that came before it, from Pretty Woman to Mrs Doubtfire to, bafflingly, Indecent Proposal. But, after a buzzy initial run in Chicago, Death Becomes Her has been reborn on Broadway as a rousing, raucously entertaining hit, the kind of big, box-ticking blockbuster that one can see sticking around for a long time (pre-opening, ticket sales were such that it already received an extension to the end of next summer). The plot, neatly extended from 104 to 135 minutes, follows the long-running rivalry between obnoxious stage and screen star Madeline (Broadway mainstay Megan Hilty) and her mousier writer friend Helen (Jennifer Simard). Like the film, it opens on a piss-poor musical that Madeline is headlining (renamed from Songbird to Me, Me, Me!) and the moment when Madeline then steals Helen’s easily steal-able fiance, Ernest (Christopher Sieber). It then jumps forward as Madeline’s career is as broken (she’s now selling face cream in infomercials) as her marriage. After she meets a vengeful Helen again, now frustratingly more glamorous than her, sh","Death Becomes Her review – 90s comedy gets dazzling Broadway rebirth. Like its duelling antiheroines, Death Becomes Her refuses to die. There might not be quite the same stickiness or, unfairly, respect as that afforded to some of its 90s comedy peers but it’s lingered around the outskirts anyway, with drag tributes or Halloween costumes or comparisons to Real Housewives stars or, most recently, similarities to The Substance (it’s the infinitely better movie). The themes, of ageing anxieties and the cruel impossibility of beauty standards, are also never going away – if anything they’ve become more centre-staged – and so some sort of reimagining has felt inevitable for a while (rumours of a remake have circulated for years). It tracks that a rebirth on Broadway would come next, with both the conveyor belt of screen-to-stage adaptations refusing to slow down and the original’s brash theatrical humour making it a perfect fit. Success was far less inevitable though given the quality of many examples that came before it, from Pretty Woman to Mrs Doubtfire to",Stage,https://www.theguardian.com/stage/2024/nov/21/death-becomes-her-review-broadway,"""devil wears prada"""
fashion/2024/nov/24/oz-as-a-high-fashion-elitist-society-how-wicked-made-musicals-chic,2024-11-24,"‘Oz as a high-fashion, elitist society’: how Wicked made musicals chic","Musicals used to be associated with glee club kids more likely to be wearing jazz shoes than anything cutting edge from the catwalks. But with the film version of Wicked – which was released this weekend and was expected to take more than $100m (£80m) at the US box office alone – promoted by global pop star Ariana Grande and actor Cynthia Erivo wearing Vivienne Westwood, Schiaparelli and Louis Vuitton, musicals are having a pitch-perfect style moment. Even before it opened, there was a glut of Wicked collaborations across skincare, haircare and hoodies – more than 400 in total, including Gap, Kipling, Crocs, H&amp;M, Claire’s Accessories and Marks &amp; Spencer. Fancy London department store Liberty, with its tasteful Tudor-beamed building, has teamed up with Universal Pictures to make over its windows Wicked-style. Ryan McBryde, former artistic director at the Mercury theatre in Colchester, who has worked on many musicals, said: “Oz is depicted in Wicked as a kind of high-fashion, elitist society. They’re all dressing in high couture.” He added: “It makes perfect sense that those companies should buy into that.” That a musical – albeit one in the cinema rather than on stage – is having such a jazz-hands fashion moment arguably reflects a wider trend. On Broadway, a revival of Sunset Boulevard, starring former Pussycat Doll Nicole Scherzinger, has received attention for what the Washington Post called its “Jil Sander-chic costumes”. The costumes of Cabaret at London’s Kit Kat club – the leather, the lingerie – all could have seamlessly sashayed on to spring/summer 2024 catwalks. Plus, Prada and Chanel are centre stage with the new musical of The Devil Wears Prada that recently opened in London’s West End. Red carpets have for a long time been fashion’s best marketing tool, while costume designers use contemporary fashion as a way to connect to audiences and welcome new ones in. David Benedict, the London theatre critic for Variety, notes that “[costume] designers ar","‘Oz as a high-fashion, elitist society’: how Wicked made musicals chic. Musicals used to be associated with glee club kids more likely to be wearing jazz shoes than anything cutting edge from the catwalks. But with the film version of Wicked – which was released this weekend and was expected to take more than $100m (£80m) at the US box office alone – promoted by global pop star Ariana Grande and actor Cynthia Erivo wearing Vivienne Westwood, Schiaparelli and Louis Vuitton, musicals are having a pitch-perfect style moment. Even before it opened, there was a glut of Wicked collaborations across skincare, haircare and hoodies – more than 400 in total, including Gap, Kipling, Crocs, H&amp;M, Claire’s Accessories and Marks &amp; Spencer. Fancy London department store Liberty, with its tasteful Tudor-beamed building, has teamed up with Universal Pictures to make over its windows Wicked-style. Ryan McBryde, former artistic director at the Mercury theatre in Colchester, who has worked on many musicals, said: “Oz is depicted in Wicked as a kind of high-fashion, eli",Fashion,https://www.theguardian.com/fashion/2024/nov/24/oz-as-a-high-fashion-elitist-society-how-wicked-made-musicals-chic,"""devil wears prada"""
fashion/2024/nov/29/the-return-of-the-miniskirt-has-been-happening-gradually-and-im-into-it,2024-11-29,The return of the miniskirt has been happening gradually – and I’m into it,"Skirts are getting shorter. I’ve been thinking about this for a while, but I didn’t want to bring it up until I was sure. At fashion week, the skirts I see on catwalks have been getting shorter for ages, but it’s only in the past year that I’ve really noticed skirts in the wild, the ones that live on pavements and in offices and on trains, following suit. Fashion week is a bubble that doesn’t mean all that much on its own. Lovely clothes on a catwalk are not actually fashion. Fashion is when people start wearing something in real life. The return of the miniskirt has been happening on the catwalk for three years, at least. Back in 2021, as soon as Paris fashion week came roaring back to life post-pandemic, Dior did a whole collection based on the miniskirt. This felt like it might be significant, because Dior have form for setting hemlines that come to rule the world, from 1947’s full-skirted New Look to the between-knee-and-ankle midi length that dominated the years before Covid blanketed the world under sweatpants. But those immediate post-pandemic years were a funny old time in fashion, where we all talked a good game about being desperate to dress up again but pretty much carried on wearing nap dresses and lazy-girl drawstring-closure stuff. Things started to rev up in 2022, when Miu Miu came up with a skirt so short that the pocket linings peeked out from below the knicker-height hem, which caused such a sensation within the ecosystem that cares about such things that the Fashion Museum in Bath announced that the Miu Miu miniskirt – despite not being a dress – was named Dress of the Year 2022. Then last year, a preppy vibe started to emerge, with striped shirts, loafers, and pert little skirts with pleats. And then this year, crucially, I noticed that I wanted to wear shorter skirts. Sorry to make it all about me, but also not sorry, because I honestly think I’m a good litmus test here. I’m not naturally a short-skirt person – the Roman empire of hemlines, for ","The return of the miniskirt has been happening gradually – and I’m into it. Skirts are getting shorter. I’ve been thinking about this for a while, but I didn’t want to bring it up until I was sure. At fashion week, the skirts I see on catwalks have been getting shorter for ages, but it’s only in the past year that I’ve really noticed skirts in the wild, the ones that live on pavements and in offices and on trains, following suit. Fashion week is a bubble that doesn’t mean all that much on its own. Lovely clothes on a catwalk are not actually fashion. Fashion is when people start wearing something in real life. The return of the miniskirt has been happening on the catwalk for three years, at least. Back in 2021, as soon as Paris fashion week came roaring back to life post-pandemic, Dior did a whole collection based on the miniskirt. This felt like it might be significant, because Dior have form for setting hemlines that come to rule the world, from 1947’s full-skirted New Look to the between-knee-and-ankle midi length that dominated the years before Covid blank",Fashion,https://www.theguardian.com/fashion/2024/nov/29/the-return-of-the-miniskirt-has-been-happening-gradually-and-im-into-it,"""prada"" AND (""luxury"" OR ""fashion"" OR ""stock"")"
music/2024/dec/02/elton-john-reveals-he-is-unable-to-watch-his-own-musical-after-losing-eyesight,2024-12-02,Elton John reveals he is unable to watch his own musical after losing eyesight,"Elton John has revealed at a gala performance of his new musical The Devil Wears Prada, for which he wrote the music, that he is physically unable to see the show, due to ongoing problems with his eyesight. Speaking on stage the 77-year-old singer thanked his husband David Furnish, “who has been my rock”. “I haven’t been able to come to many of the previews because, as you know, I have lost my eyesight. So it’s hard for me to see it. But I love to hear it and boy it sounded good tonight,” he added. In September, John revealed that a severe eye infection he contracted in July while in France had left him blind in his right eye and with “only limited vision” in his left. “I am healing, but it’s an extremely slow process and it will take some time before sight returns to the impacted eye,” he wrote in a statement shared on social media. “I am so grateful for the excellent team of doctors and nurses and my family, who have taken such good care of me over the last several weeks.” Last week, John told Good Morning America that his eyesight was delaying his next album with his long-time collaborator Bernie Taupin. “I unfortunately lost my eyesight in my right eye in July because I had an infection in the south of France and it’s been four months now since I haven’t been able to see, and my left eye is not the greatest,” he said. “So, there’s hope and encouragement that it will be OK, but... I’m kind of stuck at the moment, because I can do something like this [the interview], but going into the studio and recording, I don’t know, because I can’t see a lyric for a start.” The Devil Wears Prada has just opened in London’s West End at the Dominion Theatre. The Sunday night gala performance was staged to raise funds for the Elton John Aids Foundation. The Devil Wears Prada, which was initially a novel by author Lauren Weisberger and later adapted for film, tells the story of Andy, an aspirational journalist who become the assistant to a notoriously difficult fashion magazine e","Elton John reveals he is unable to watch his own musical after losing eyesight. Elton John has revealed at a gala performance of his new musical The Devil Wears Prada, for which he wrote the music, that he is physically unable to see the show, due to ongoing problems with his eyesight. Speaking on stage the 77-year-old singer thanked his husband David Furnish, “who has been my rock”. “I haven’t been able to come to many of the previews because, as you know, I have lost my eyesight. So it’s hard for me to see it. But I love to hear it and boy it sounded good tonight,” he added. In September, John revealed that a severe eye infection he contracted in July while in France had left him blind in his right eye and with “only limited vision” in his left. “I am healing, but it’s an extremely slow process and it will take some time before sight returns to the impacted eye,” he wrote in a statement shared on social media. “I am so grateful for the excellent team of doctors and nurses and my family, who have taken such good care of me over the last several weeks.” Last week,",Music,https://www.theguardian.com/music/2024/dec/02/elton-john-reveals-he-is-unable-to-watch-his-own-musical-after-losing-eyesight,"""devil wears prada"""
culture/2024/dec/02/culture-christmas-gift-guide-2024,2024-12-02,"Taylor Swift soap, saucy socks and Pet Shop Boys tea sets: it’s the culture Christmas gift guide 2024","It’s just turned December and – unless you’re far more organised than everyone else on the arts desk – you’ve not even thought about Christmas shopping yet. But, before you go traipsing off to every corner of the internet/high street in search of unique gifts, why not relax with a glass of sherry and simply treat the cultural connoisseur in your life to something from our bumper festive gift guide. Featuring everything from a beautiful Japanese anti-smartphone poster to a Traitors hooded top, there’s no price range we haven’t covered (fine bone china Pet Shop Boys tea set, anyone?), no area of the arts left untouched (a Brutalism-inspired sweatshirt?) and absolutely no chance that anyone else has recommended you buy a lace hi-vis vest. We’ve even found the Mona Lisa at a decent price (OK, it’s made of Lego, but still). Taylor Swift soap Not so much shake it off as scrub it off – these organic, lavender-scented bars of soap come with their own miniature Taylor trapped inside. chucklesoaps.com, £7.50 James Bond Scalextric If you’ve ever fancied speeding down the road in an Aston Martin on an epic, pitfall-laden car chase, but are too much of a wimp in real life, this 1:32 scale racing set is the next best thing. uk.scalextric.com, £100 Art from the Islamic world scarf Printed in Italy and made from fine silk, this 70x70cm scarf features designs inspired by objects from the recent Islamic art exhibition at William Morris Gallery in London. wmgallery.shop, £95 Pet Shop Boys fine bone china tea set What have you done to deserve this? This limited edition Duchess China tea set marks 40 years since Pet Shop Boys’ first record. It’s not cheap so let’s hope you’ve made lots of money. shop.petshopboys.co.uk, £200-£600 Portable DJ mixer AlphaTheta’s DDJ-FLX2 is an ultra-portable entry-level controller that works with laptops, tablets, smartphones and a variety of streaming services – perfect for jazzing up that New Year’s Eve party. thedjshop.co.uk, £159 Preston bus station ju","Taylor Swift soap, saucy socks and Pet Shop Boys tea sets: it’s the culture Christmas gift guide 2024. It’s just turned December and – unless you’re far more organised than everyone else on the arts desk – you’ve not even thought about Christmas shopping yet. But, before you go traipsing off to every corner of the internet/high street in search of unique gifts, why not relax with a glass of sherry and simply treat the cultural connoisseur in your life to something from our bumper festive gift guide. Featuring everything from a beautiful Japanese anti-smartphone poster to a Traitors hooded top, there’s no price range we haven’t covered (fine bone china Pet Shop Boys tea set, anyone?), no area of the arts left untouched (a Brutalism-inspired sweatshirt?) and absolutely no chance that anyone else has recommended you buy a lace hi-vis vest. We’ve even found the Mona Lisa at a decent price (OK, it’s made of Lego, but still). Taylor Swift soap Not so much shake it off as scrub it off – these organic, lavender-scented bars of soap come with their own miniature Taylor trapped inside. chucklesoa",Culture,https://www.theguardian.com/culture/2024/dec/02/culture-christmas-gift-guide-2024,"""devil wears prada"""
australia-news/2024/dec/02/afternoon-update-monday-ntwnfb,2024-12-02,Afternoon Update: Biden pardons son Hunter; Australia’s largest cocaine bust; and rowing naked across the Pacific,"Good afternoon. The outgoing US president, Joe Biden, has issued “a full and unconditional” pardon to his son Hunter Biden, who was to be sentenced in the coming weeks after being convicted of federal gun and tax fraud charges. The decision marked a reversal for the president, who had repeatedly said he would not use his executive authority to pardon his son or commute his sentence. In a statement announcing the decision, Joe Biden said Republican opponents had inflated the charges “to attack me and oppose my election”. “I hope Americans will understand why a father and a President would come to this decision,” Biden added. As the Guardian’s Washington DC bureau chief writes, “any father might have done the same – but this exercise of power also looks like a validation of Donald Trump”. Top news Government responds to veteran suicide royal commission | Serving personnel convicted of sex offences in either criminal or military courts will face mandatory discharge, and an independent statutory body will be established to reform Australia’s military and bureaucracy to better prevent suicide within the defence and veterans’ community. Two dead in ‘targeted’ Mornington Peninsula shooting | Victoria police are searching for a man who is believed to have fled the scene after a woman and a man were shot dead at an address in Rye shortly after 4am on Monday. Two injured in Sydney runaway Tesla incident | Police have launched an investigation after the vehicle collided with three cars before driving off a ledge at a Sydney shopping centre, amid questions about the electric vehicle manufacturer’s Autopilot features. Michael Rowland to leave ABC News Breakfast | The morning news program’s longest serving male co-host has told viewers his final show will be on 13 December, followed by a long break, saying: “I love the job … but after 15 years of 3am starts my body is screaming ‘enough!’.” Gambling venues claim ‘community benefit’ tax breaks | Poker machine venues in Victoria hav","Afternoon Update: Biden pardons son Hunter; Australia’s largest cocaine bust; and rowing naked across the Pacific. Good afternoon. The outgoing US president, Joe Biden, has issued “a full and unconditional” pardon to his son Hunter Biden, who was to be sentenced in the coming weeks after being convicted of federal gun and tax fraud charges. The decision marked a reversal for the president, who had repeatedly said he would not use his executive authority to pardon his son or commute his sentence. In a statement announcing the decision, Joe Biden said Republican opponents had inflated the charges “to attack me and oppose my election”. “I hope Americans will understand why a father and a President would come to this decision,” Biden added. As the Guardian’s Washington DC bureau chief writes, “any father might have done the same – but this exercise of power also looks like a validation of Donald Trump”. Top news Government responds to veteran suicide royal commission | Serving personnel convicted of sex offences in either criminal or military courts will face mandatory discharge, and an independent sta",Australia news,https://www.theguardian.com/australia-news/2024/dec/02/afternoon-update-monday-ntwnfb,"""devil wears prada"""
fashion/2024/dec/04/quite-extraordinary-anna-wintour-launches-immersive-theatre-fashion-show,2024-12-04,‘Quite extraordinary’: Anna Wintour launches immersive theatre fashion show ,"The queen of fashion Anna Wintour, has said recreating celebrated catwalks for a new immersive exhibition has been “quite nostalgic”. Wintour, who became editor-in-chief of American Vogue in 1988, said working on Vogue: Inventing The Runway over the last 18 months had been “overwhelming”, but that it was “remarkable” to see it come together. Narrated by actor Cate Blanchett, the show uses Vogue’s archive dating back to its first publication in 1892 and brings together leading voices in the industry to explore the history of the catwalk. The show at Lightroom in London’s King’s Cross offers first-hand testimony revealing how the fashion show became the ultimate statement of a designer’s vision. It includes big luxury names such as Gucci, Chanel, Christian Dior and Prada, as well as younger, buzzy names such as the cult British designer Martine Rose and the French designer to thank for minuscule bags and gargantuan hats, Simon Porte Jacquemus. Mark Guiducci, Vogue’s creative editorial director, said: “I’ve probably been to a dozen of the shows that are in this show, but it’s been amazing to work with the team on researching and recreating the shows that I had never been to, and to imagine what they were like.” The show will feature designers who this year are moving out of the industry spotlight, such as the 65-year-old Belgian fashion designer Dries van Noten, who earlier this year staged the swansong show of his eponymous label after more than three decades at its helm. “And for me, obviously, I’ve been to many more (shows) than Mark, so it’s quite nostalgic,” added Winrtour. She added: “But it also makes one so proud of the creativity in the fashion world, and I hope that audiences will enjoy seeing the history of the fashion show and how it reflects our culture and changes in the world in a way that is quite extraordinary. “From the 50s right up until the present day, when the fashion show has become, in some cases, this extraordinary spectacle - having moved from","‘Quite extraordinary’: Anna Wintour launches immersive theatre fashion show . The queen of fashion Anna Wintour, has said recreating celebrated catwalks for a new immersive exhibition has been “quite nostalgic”. Wintour, who became editor-in-chief of American Vogue in 1988, said working on Vogue: Inventing The Runway over the last 18 months had been “overwhelming”, but that it was “remarkable” to see it come together. Narrated by actor Cate Blanchett, the show uses Vogue’s archive dating back to its first publication in 1892 and brings together leading voices in the industry to explore the history of the catwalk. The show at Lightroom in London’s King’s Cross offers first-hand testimony revealing how the fashion show became the ultimate statement of a designer’s vision. It includes big luxury names such as Gucci, Chanel, Christian Dior and Prada, as well as younger, buzzy names such as the cult British designer Martine Rose and the French designer to thank for minuscule bags and gargantuan hats, Simon Porte Jacquemus. Mark Guiducci, Vogue’s creative editorial di",Fashion,https://www.theguardian.com/fashion/2024/dec/04/quite-extraordinary-anna-wintour-launches-immersive-theatre-fashion-show,"""prada"" AND (""luxury"" OR ""fashion"" OR ""stock"")"
world/2024/dec/05/thursday-briefing-south-korea-martial-law-first-edition,2024-12-05,Thursday briefing: What the martial law attempt means for South Korea’s future,"Good morning. South Korea’s president, Yoon Suk Yeol, is facing impeachment after he sent heavily armed forces into Seoul’s streets with his baffling and sudden declaration of martial law on Tuesday. The move stirred memories of past dictatorships in the country, moving thousands to come out on to the streets and protest, with the military powerless, or unwilling, to do anything about it. Opposition parties submitted an impeachment motion hours after parliament unanimously voted to cancel Yoon’s declaration, forcing him to lift martial law just six hours after it began. Impeaching Yoon requires the support of two-thirds of the national assembly and at least six of the nine constitutional court justices. The liberal opposition Democratic party holds a majority in the 300-seat parliament and has called for Yoon’s resignation. A vote on his impeachment could come as early as tomorrow. Today we’ll look at what happened and why. In depth: An ‘irrational and anti-democratic measure’ During the tense hours under martial law, heavily armed forces surrounded the parliament, backed by army helicopters and armoured vehicles. Lawmakers climbed walls to get into the building and held off troops by activating fire extinguishers. Politician and former news anchor Ahn Gwi-ryeong tried to pull an assault rifle away from a soldier who had pointed it at her chest as she shouted: “Aren’t you ashamed of yourselves?” The lawmakers who managed to re-enter the building rejected Yoon’s martial law declaration 190-0, including 18 lawmakers from Yoon’s party, forcing Yoon to rescind it at a hastily assembled cabinet meeting. *** An ‘anti-state’ plot Yoon ordered martial law without warning in a speech late on Tuesday, where he vowed to eliminate “anti-state” forces he said were plotting rebellion and accused the main opposition parties of supporting the country’s rival, North Korea. Yoon gave no direct evidence when he raised the spectre of North Korea as a destabilising force and has long ma","Thursday briefing: What the martial law attempt means for South Korea’s future. Good morning. South Korea’s president, Yoon Suk Yeol, is facing impeachment after he sent heavily armed forces into Seoul’s streets with his baffling and sudden declaration of martial law on Tuesday. The move stirred memories of past dictatorships in the country, moving thousands to come out on to the streets and protest, with the military powerless, or unwilling, to do anything about it. Opposition parties submitted an impeachment motion hours after parliament unanimously voted to cancel Yoon’s declaration, forcing him to lift martial law just six hours after it began. Impeaching Yoon requires the support of two-thirds of the national assembly and at least six of the nine constitutional court justices. The liberal opposition Democratic party holds a majority in the 300-seat parliament and has called for Yoon’s resignation. A vote on his impeachment could come as early as tomorrow. Today we’ll look at what happened and why. In depth: An ‘irrational and anti-democratic measure’ During t",World news,https://www.theguardian.com/world/2024/dec/05/thursday-briefing-south-korea-martial-law-first-edition,"""prada"" AND (""luxury"" OR ""fashion"" OR ""stock"")"
stage/2024/dec/06/the-devil-wears-prada-review-vanessa-williams,2024-12-06,The Devil Wears Prada review – prosecco o’clock musical is old hat,"‘Go big or go home” seems to be the guiding principle for this musical adaptation of the hit book and film about an aspiring reporter’s foray into the highly strung world of fashion journalism. The sound is massive, with disco beats pumping and Elton John’s balladic piano-rock blaring. The costumes dazzle. The runway models sashay from all directions, while the lights blaze red, blue and white for Paris fashion week. It’s big all right, but perhaps it should have gone home because what is this, exactly? A prosecco o’clock musical, briskly directed and choreographed by Jerry Mitchell, that replicates the 2006 film starring Meryl Streep and Anne Hathaway to within an inch of its haute couture-clad life, but without capturing its icy heart. To give the show its due, the production values are high, Shaina Taub and Mark Sonnenblick’s lyrics are serviceable and John’s music exuberant. Vanessa Williams is a powerhouse singer as editor-in-chief Miranda Priestly, with songs like the clubby House of Miranda, and so is Georgie Buckland as her young, ambitious assistant, Andy. Visually it is nothing if not impressive. But as it trots from one iconic scene to another, Kate Wetherhead’s book summarising the screenplay almost line by line, it resembles an android-like simulacrum. You find yourself asking: “Why?” How does this show add to the film, riff off it or bring the satire – and celebration – of the fashion industry up to date? The costumes designed by Gregg Barnes (with some by Pamella Roland) are variable: one red, gold and black fashion collection has the imperial bling of Versace and the theatrical edge of Alexander McQueen. But other ensembles look like they could be from the Christmas Autograph collection at M&amp;S. In a story based in the late 1990s, the uniformly tall, thin models reflect the body fascism of that time. It is as if Sophie Dahl never happened and there is not even an askance glance at the plus-size revolution of today. The characters are dashed-off tr","The Devil Wears Prada review – prosecco o’clock musical is old hat. ‘Go big or go home” seems to be the guiding principle for this musical adaptation of the hit book and film about an aspiring reporter’s foray into the highly strung world of fashion journalism. The sound is massive, with disco beats pumping and Elton John’s balladic piano-rock blaring. The costumes dazzle. The runway models sashay from all directions, while the lights blaze red, blue and white for Paris fashion week. It’s big all right, but perhaps it should have gone home because what is this, exactly? A prosecco o’clock musical, briskly directed and choreographed by Jerry Mitchell, that replicates the 2006 film starring Meryl Streep and Anne Hathaway to within an inch of its haute couture-clad life, but without capturing its icy heart. To give the show its due, the production values are high, Shaina Taub and Mark Sonnenblick’s lyrics are serviceable and John’s music exuberant. Vanessa Williams is a powerhouse singer as editor-in-chief Miranda Priestly, with songs like the clubby Hous",Stage,https://www.theguardian.com/stage/2024/dec/06/the-devil-wears-prada-review-vanessa-williams,"""devil wears prada"""
business/live/2024/dec/09/markets-calm-fall-assad-chinese-inflation-falls-five-month-low-bank-england-business-live,2024-12-09,Rachel Reeves warns of greater trade barriers with EU unless relationship improves – as it happened,"Oil and gold prices have risen following the fall of the Syrian dictator Bashar al-Assad, who has fled to Russia. You can follow the latest developments here: Brent crude futures have gained $1.41 a barrel, or 2%, to $72.52 a barrel, while US crude futures advanced by $1.57 a barrel, or 2.3%, to $68.77 a barrel. Spot gold, seen as a safe haven, rose by 1.45% and earlier hit a daily high of $2,676 an ounce. European stock markets are pushing higher while shares on Wall Street slipped. The FTSE 100 index in London rose by 0.65% to 8,362 while Germany’s Dax was flat, France’s CAC climbed by more than 1% and the Italian borsa fell by 0.3%. The S&amp;P 500 and the Nasdaq both fell by around 0.3% while the Dow Jones was flat. Rachel Reeves has said the UK will face greater barriers to future trade with the European Union, unless there is an improvement in the trading relationship. Since Brexit the EU has developed new regulations that will impose more costs and red tape on companies outside the bloc, such as carbon tariffs on imports known as a carbon-border adjustment mechanism, to new rules on recycling plastic packaging. Speaking to journalists ahead of a meeting with eurozone finance ministers today, the first of its kind since Brexit, the chancellor said: I am not denying that there are barriers [to trade with the EU], and there will be greater barriers in the future, unless we improve our trading relationship with the European Union, which is exactly why I’m here. She also said that reopening the debate about joining the EU’s single market and customs union would not be good for the country or the economy. Thank you for reading. We’ll be back tomorrow. Take care! – JK Volkswagen workers said the German carmaker’s management has one last chance to compromise on Monday – or risk strikes on a scale not previously seen by the company, as talks began in a bitter standoff over pay cuts and factory closures. VW staff downed tools at nine German sites which are under threat","Rachel Reeves warns of greater trade barriers with EU unless relationship improves – as it happened. Oil and gold prices have risen following the fall of the Syrian dictator Bashar al-Assad, who has fled to Russia. You can follow the latest developments here: Brent crude futures have gained $1.41 a barrel, or 2%, to $72.52 a barrel, while US crude futures advanced by $1.57 a barrel, or 2.3%, to $68.77 a barrel. Spot gold, seen as a safe haven, rose by 1.45% and earlier hit a daily high of $2,676 an ounce. European stock markets are pushing higher while shares on Wall Street slipped. The FTSE 100 index in London rose by 0.65% to 8,362 while Germany’s Dax was flat, France’s CAC climbed by more than 1% and the Italian borsa fell by 0.3%. The S&amp;P 500 and the Nasdaq both fell by around 0.3% while the Dow Jones was flat. Rachel Reeves has said the UK will face greater barriers to future trade with the European Union, unless there is an improvement in the trading relationship. Since Brexit the EU has developed new regulations that will impose more costs and red tape on companies outside ",Business,https://www.theguardian.com/business/live/2024/dec/09/markets-calm-fall-assad-chinese-inflation-falls-five-month-low-bank-england-business-live,"""LVMH"" AND ""fashion"""
stage/2024/dec/16/the-week-in-theatre-ballet-shoes-olivier-the-importance-of-being-earnest-ncuti-gatwa-sharon-d-clarke-lyttelton-national-theatre-the-devil-wears-prada-musical-dominion-the-massive-tragedy-of-madame-bovary-southwark-playhouse-borough-review,2024-12-16,The week in theatre: Ballet Shoes; The Importance of Being Earnest; The Devil Wears Prada; The Massive Tragedy of Madame Bovary – review,"How wonderful to end the year at the National on an upsurge of purpose and pleasure. It was an inspired idea to dramatise Ballet Shoes. Noel Streatfeild’s novel, which has never been out of print since it was first published in 1936, set ambition beating under hundreds of small liberty bodices. Now adapter Kendall Feaver and director Katy Rudd have not simply sent the original text pirouetting over the stage but subtly rewired it for today. The story of the three Fossil girls (who, abandoned by different parents, take their surname from the wandering palaeontologist who rescued them from peril in faraway lands) springs from a long-ago England of prams and pigtails. Yet it is shaded by easily recognisable states of uncertainty, displacement and determination. Which am I?, generations of readers have asked themselves. Pauline, who has a gift for acting and a weakness for vanity, is played ardently by Grace Saif. Posy the ballet dancer, who single-mindedly, ruthlessly pursues her clear destiny, is a gracefully spinning Daisy Sequerra. Independent Petrova, who turns her back on the prevailing arty atmosphere and goes in for motorcars and aviation, is, despite the show’s title, equally inspiring: bold-eyed Yanexi Enriquez flies high above the audience in a display of gymnastics and courage. In the end what truly counts is the passion that propels each of them. Everyone fights for a future: no entitlement, no inheritance. They are are not, they keep reminding each other, dependent on a grandfather’s name. Frankie Bradshaw – bright light of stage design – captures the generosity of the household: shabby, adorned with the skeletons of ancient creatures, cavernous but cramped. Here the migrant heroines are supervised and lit up by their artist guardian and the lodgers: a flamboyant dancer; the owner of a fabulous car; an English teacher who is crisply interrogated by her pupil: “Are you a lesbian?” There are more women than men in this story, though Justin Salinger agiley br","The week in theatre: Ballet Shoes; The Importance of Being Earnest; The Devil Wears Prada; The Massive Tragedy of Madame Bovary – review. How wonderful to end the year at the National on an upsurge of purpose and pleasure. It was an inspired idea to dramatise Ballet Shoes. Noel Streatfeild’s novel, which has never been out of print since it was first published in 1936, set ambition beating under hundreds of small liberty bodices. Now adapter Kendall Feaver and director Katy Rudd have not simply sent the original text pirouetting over the stage but subtly rewired it for today. The story of the three Fossil girls (who, abandoned by different parents, take their surname from the wandering palaeontologist who rescued them from peril in faraway lands) springs from a long-ago England of prams and pigtails. Yet it is shaded by easily recognisable states of uncertainty, displacement and determination. Which am I?, generations of readers have asked themselves. Pauline, who has a gift for acting and a weakness for vanity, is played ardently by Grace Saif. Posy the ballet dancer, who single-mindedly, ruthlessly pursues her clear de",Stage,https://www.theguardian.com/stage/2024/dec/16/the-week-in-theatre-ballet-shoes-olivier-the-importance-of-being-earnest-ncuti-gatwa-sharon-d-clarke-lyttelton-national-theatre-the-devil-wears-prada-musical-dominion-the-massive-tragedy-of-madame-bovary-southwark-playhouse-borough-review,"""devil wears prada"""
tv-and-radio/2024/dec/17/christmas-is-all-around-the-great-festive-film-guide-2024,2024-12-18,Christmas is all around! The great festive film guide 2024,"Home Alone 2: Lost in New York Macaulay Culkin’s littlest sadist returns to wreak havoc on the lives of two put-upon criminals in Chris Columbus’s if-it-ain’t-broke 1992 sequel. A shocking lapse in security at the airport sends Kevin from Chicago to snowy New York and his family to sunny Florida. The resourceful kid holes up in the Plaza hotel (complete with a cameo from its then owner, Donald Trump) but bumps into Joe Pesci and Daniel Stern’s Wet Bandits. His uncle’s half-built house is the site for a new, but still exhilarating, series of booby traps involving bricks, nail guns and electricity. Out now, ITVX That Christmas Despite being opened early, this animated present from the pen of Richard Curtis – based on three of his books – is still here to be enjoyed. In a Suffolk coastal town, the community prepare for the season (including a nativity play featuring Mary singing Papa Don’t Preach), until a snowstorm strands the parents away from home on Christmas Eve. How the kids adjust – from making their own version of Christmas dinner to working out who’s been naughty and nice for Santa (a cameo from Brian Cox) – results in an entertaining comic caper. Out now, Netflix Triangle of Sadness The director of Force Majeure, Ruben Östlund, continues to satirise the bourgeoisie in this out-there comedy, which takes aim at the fashion industry via two models, Carl (Harris Dickinson) and Yaya (Charlbi Dean). Vain, petty and insecure, the couple go on an Insta-worthy trip on a luxury yacht alongside a group of super-rich types. But they find themselves all at sea after a disastrous storm flips the power dynamic between the guests and the put-upon staff. Out now, BBC iPlayer Funny Face Stanley Donen’s 1957 musical has lovely tunes (by George and Ira Gershwin), fantastic dancing (Fred Astaire, naturally, plus a revelatory Audrey Hepburn) and a picture-postcard view of Paris – but it has attained classic status due to its clothes. As a bookshop assistant turned reluctant model,","Christmas is all around! The great festive film guide 2024. Home Alone 2: Lost in New York Macaulay Culkin’s littlest sadist returns to wreak havoc on the lives of two put-upon criminals in Chris Columbus’s if-it-ain’t-broke 1992 sequel. A shocking lapse in security at the airport sends Kevin from Chicago to snowy New York and his family to sunny Florida. The resourceful kid holes up in the Plaza hotel (complete with a cameo from its then owner, Donald Trump) but bumps into Joe Pesci and Daniel Stern’s Wet Bandits. His uncle’s half-built house is the site for a new, but still exhilarating, series of booby traps involving bricks, nail guns and electricity. Out now, ITVX That Christmas Despite being opened early, this animated present from the pen of Richard Curtis – based on three of his books – is still here to be enjoyed. In a Suffolk coastal town, the community prepare for the season (including a nativity play featuring Mary singing Papa Don’t Preach), until a snowstorm strands the parents away from home on Christmas Eve. How the kids adjust ",Television & radio,https://www.theguardian.com/tv-and-radio/2024/dec/17/christmas-is-all-around-the-great-festive-film-guide-2024,"""devil wears prada"""
film/2024/dec/22/elle-fanning-the-last-thing-i-want-to-be-is-boring,2024-12-22,Elle Fanning: ‘The last thing I want to be is boring’,"‘Technically, I did my first film when I was two,” says Elle Fanning, which, at 26, makes her a youthful old-timer, already more than two decades into a hugely successful acting career. The cliché of the child star is that they will, inevitably, go off the rails at some point, unable to cope with a demanding adult-oriented entertainment business that places its leading lights on a distant and unreachable pedestal, leaving them with no concept of real life and no solid framework to prop them up. But there are other, less headline-worthy outcomes for performers who have been at it for their whole lives. Some child stars, particularly those who seem to be thriving, may be more like professional athletes, singular in their ambitions, trained and focused, more than content to remain within the industry that has raised them. I suspect that Fanning leans towards the latter. She was born in Georgia in 1998 and was brought up in California, where her family moved when she was two, to pursue her older sister Dakota’s acting career. “My family is very southern, so it’s southern hospitality and southern manners,” she explains. “My grandmother would go with me on all my film sets, or my mom, to keep us in line. Thank God they were there with us.” Anything I have seen of her, out of character, suggests an upbeat woman with a sunny disposition. Do people who have seen her growing up on screen expect her to be, well, sweet? “I guess that’s true,” she says, quite sweetly. “I also think, on a grander scale, that as a ‘child actor’, people see you as younger than you are.” What changed all that was The Great, the bawdy period drama written by The Favourite’s Tony McNamara, in which Fanning plays Catherine the Great, huzzah-ing, shooting and shagging her way around the courts of 18th-century Russia. “It was cool when I did The Great, because I had done Maleficent, and that was such a sweet, Sleeping Beauty, Disney princess role. That was what people recognised me for, and then getting ","Elle Fanning: ‘The last thing I want to be is boring’. ‘Technically, I did my first film when I was two,” says Elle Fanning, which, at 26, makes her a youthful old-timer, already more than two decades into a hugely successful acting career. The cliché of the child star is that they will, inevitably, go off the rails at some point, unable to cope with a demanding adult-oriented entertainment business that places its leading lights on a distant and unreachable pedestal, leaving them with no concept of real life and no solid framework to prop them up. But there are other, less headline-worthy outcomes for performers who have been at it for their whole lives. Some child stars, particularly those who seem to be thriving, may be more like professional athletes, singular in their ambitions, trained and focused, more than content to remain within the industry that has raised them. I suspect that Fanning leans towards the latter. She was born in Georgia in 1998 and was brought up in California, where her family moved when she was two, to pursue her",Film,https://www.theguardian.com/film/2024/dec/22/elle-fanning-the-last-thing-i-want-to-be-is-boring,"""devil wears prada"""
technology/2024/dec/25/the-rise-and-rise-of-maye-musk-chinas-love-affair-with-elon-musks-mother,2024-12-25,The rise and rise of Maye Musk: China’s love affair with Elon Musk’s mother ,"Maye Musk is a busy woman. As well as being the mother of the world’s richest man, she has been jetting between various glamorous events – many of them in China. In December alone, she attended a gala dinner in Hangzhou, walked the red carpet for a cosmetics company in Wuhan and signed copies of the Chinese edition of her book, A Woman Makes a Plan, which she described as “a bestseller” in China. In fact, the only Musk-related book on the Chinese bestseller lists in October was a biography of her son Elon Musk by Walter Isaacson. Elon Musk is popular in China, and is thought to have the potential to wield pro-Beijing influence in the otherwise hawkish incoming administration of Donald Trump. But he has also faced scrutiny for his links to the US Department of Defense via his aerospace company, SpaceX. Maye Musk, however, is adored in the country that she claims to visit “nearly every month”. She has been described as his secret weapon in China – a well-placed figure who can bring goodwill for her son’s increasingly global business and political ambitions. And she has made her feelings about the country clear. “China is so advanced in roads, tunnels, buildings, infrastructure, and ports. Always impressed when I visit,” she tweeted in October. In November, she posted pictures of Teslas in Shanghai, along with adoring heart-eye emojis. The 76-year-old has a successful career as a model and a dietician. But her son’s extensive business dealings in China – his car company, Tesla, has its biggest factory in Shanghai and he is a frequent visitor to the country – have opened the door to a new market of admirers who have welcomed her with open arms. Her story is becoming increasingly well-known in China. Born in Canada and raised in South Africa, she has travelled around the world for her career and family. Several commenters on Douban, a review website, praise her independence. “As a female role model who is independent, self-reliant and in control of her own life, she has ","The rise and rise of Maye Musk: China’s love affair with Elon Musk’s mother . Maye Musk is a busy woman. As well as being the mother of the world’s richest man, she has been jetting between various glamorous events – many of them in China. In December alone, she attended a gala dinner in Hangzhou, walked the red carpet for a cosmetics company in Wuhan and signed copies of the Chinese edition of her book, A Woman Makes a Plan, which she described as “a bestseller” in China. In fact, the only Musk-related book on the Chinese bestseller lists in October was a biography of her son Elon Musk by Walter Isaacson. Elon Musk is popular in China, and is thought to have the potential to wield pro-Beijing influence in the otherwise hawkish incoming administration of Donald Trump. But he has also faced scrutiny for his links to the US Department of Defense via his aerospace company, SpaceX. Maye Musk, however, is adored in the country that she claims to visit “nearly every month”. She has been described as his secret weapon in China – a well-placed figure who can bring goodw",Technology,https://www.theguardian.com/technology/2024/dec/25/the-rise-and-rise-of-maye-musk-chinas-love-affair-with-elon-musks-mother,"""prada"" AND (""luxury"" OR ""fashion"" OR ""stock"")"
fashion/2024/dec/26/how-swamp-olive-and-brat-came-to-rule-2024,2024-12-26," How swamp, olive and brat came to rule 2024","As with many of this year’s big political predictions, the pollsters got it wrong. Pantone declared last December that “peach fuzz” – a honeyed-take on the previous Barbified year – would be the colour of 2024. Instead, this has been the year of green in all its glory. I thought I was being original when I re-covered my sofa in a velvet moss green only to discover that the rest of middle England were also at it. John Lewis reported that sales of green sofas shot up by 32% this year. Sofa company Loaf says similar – it launched the colour “pressed olive”, which has been its most popular to date. Independent fabric brand Colours of Arley say “lime” and “swamp” were its most-requested shades, while fashion designerturned ceramicist Henry Holland says he has spent the year “constantly remaking [olive] green-and-white striped mugs and chalices to keep [them] in stock”. Even 1970s avocado bathroom suites were back and, by autumn, Pinterest reported that searches for green home decor had risen by almost 3,000% in a year. Fashion nodded in approval. Prada’s spring/summer 2025 show had emerald cardigans, collars and tights, while olive tones and military greens were tripping down the catwalks at McQueen and Gucci. The food world also approved – cucumbers went viral when TikTokers like @logagm made his ubiquitous cucumber salad, which saw Iceland (the country) run out of the veg in August, and Deliveroo reporting that it was its most-ordered item in London. Then there was the matcha takeover, from matcha beer (Monkey Trio Japanese bar in Manchester), to matcha caramel foam (Abuelo in London), to just about every teen clutching an iced matcha latte. So far, so classy. Until June, when the shade that would come to be known as brat green exploded out from Charli xcx’s new album cover – she had apparently narrowed it down from a choice of 65 shades to “like the most WRONG out of all the options we had”. Suddenly the brash, lurid Nickelodeon slime-green was everywhere, including K"," How swamp, olive and brat came to rule 2024. As with many of this year’s big political predictions, the pollsters got it wrong. Pantone declared last December that “peach fuzz” – a honeyed-take on the previous Barbified year – would be the colour of 2024. Instead, this has been the year of green in all its glory. I thought I was being original when I re-covered my sofa in a velvet moss green only to discover that the rest of middle England were also at it. John Lewis reported that sales of green sofas shot up by 32% this year. Sofa company Loaf says similar – it launched the colour “pressed olive”, which has been its most popular to date. Independent fabric brand Colours of Arley say “lime” and “swamp” were its most-requested shades, while fashion designerturned ceramicist Henry Holland says he has spent the year “constantly remaking [olive] green-and-white striped mugs and chalices to keep [them] in stock”. Even 1970s avocado bathroom suites were back and, by autumn, Pinterest reported that searches for green home decor had rise",Fashion,https://www.theguardian.com/fashion/2024/dec/26/how-swamp-olive-and-brat-came-to-rule-2024,"""prada"" AND (""luxury"" OR ""fashion"" OR ""stock"")"
lifeandstyle/2024/dec/28/the-year-in-stuff-from-chicken-wine-to-cucumbers-and-mini-mullets,2024-12-28,The year in stuff – from chicken wine to cucumbers and mini mullets,"White ribbed sports socks Nothing captured the divide between millennials and gen Z better than whether your socks hit your calf. Hot rodent men Did we fancy Jeremy Allen White as a rejection of conventional masculinity and AI perfection, or is he just fit? Bic lighter Add a pack of cigs and a strappy white top with no bra, and you have yourself the perfect brat uniform. Ninja’s 15-in-1 cooker Should your culinary needs extend beyond air frying. Moo-Deng, the baby hippo 2024’s Harambe, but with a happier ending. Chicken wine The Whispering Angel of 2024. All Fours by Miranda July Or how publishing won the perimenopausal pound. Dune popcorn buckets Fun franchise marketing scheme or sex toy? You decide. Massive collars Trad wife or Handmaiden, choose your fighter. Lime bike clusters What’s green, dangerous and prefers to convene with its pals on pavements? Slogan caps 2024 headgear came either political – the Harris-Walz camo hat – or with a side of irony: no-context slogans such as Idea Books’ “Sorry I don’t work here”. Skims nipple bra Kim Kardashian’s gift to 2024 was a bra that gave its wearer erect nipples, contributing to Skims’ current valuation of $4bn and giving feminism a much-needed “boost”. Messi the dog If 2024 was the strongest year in cinema, then Anatomy of a Fall’s Messi, was its breakout star. I Told Ya T-shirt The cult slogan of 2024, a riff on JFK’s presidential victory, came from Challengers of course. Mesh ballet flats The Row’s £670 nylon version walked so the high street dupes could run. Souvenir keyrings Because quiet luxury was out, “chaotic customisation” was in. A mini-mullet Who knew Austin Butler’s hair tendrils could be so alluring? A bar of soap Haeckels was the new Aesop until we found a bar of Dove soap in Nicky Haslam’s bathroom. Knitted hoods The Scandi effect came for heads and necks. Hello Klean shower head In a year in which the water utility sector was rattled after years of underinvestment – and Brixham in Devon became more fam","The year in stuff – from chicken wine to cucumbers and mini mullets. White ribbed sports socks Nothing captured the divide between millennials and gen Z better than whether your socks hit your calf. Hot rodent men Did we fancy Jeremy Allen White as a rejection of conventional masculinity and AI perfection, or is he just fit? Bic lighter Add a pack of cigs and a strappy white top with no bra, and you have yourself the perfect brat uniform. Ninja’s 15-in-1 cooker Should your culinary needs extend beyond air frying. Moo-Deng, the baby hippo 2024’s Harambe, but with a happier ending. Chicken wine The Whispering Angel of 2024. All Fours by Miranda July Or how publishing won the perimenopausal pound. Dune popcorn buckets Fun franchise marketing scheme or sex toy? You decide. Massive collars Trad wife or Handmaiden, choose your fighter. Lime bike clusters What’s green, dangerous and prefers to convene with its pals on pavements? Slogan caps 2024 headgear came either political – the Harris-Walz camo hat – or with a side of irony: no-context slogans such as Idea",Life and style,https://www.theguardian.com/lifeandstyle/2024/dec/28/the-year-in-stuff-from-chicken-wine-to-cucumbers-and-mini-mullets,"""prada"" AND (""luxury"" OR ""fashion"" OR ""stock"")"
fashion/2024/dec/29/boys-queue-for-curls-as-perms-make-a-comeback-and-men-lead-the-trend,2024-12-29,Boys queue for curls as perms make a comeback – and men lead the trend,"Greyson Harding, 13, has always had a strong sense of style. First, there were his dad’s vintage Prada shirts. Then came the blond hair dye, and now the perm. “My hair is naturally super straight, so at first it was a bit of a shock,” he said. “But now the curls have settled, I’m really pleased. I totally recommend it.” His father, Sam, who is the cutting director at Idlewild salons in Oxfordshire where Greyson got his perm, prefers his son’s waves to the time he himself ended up with a classic Kevin Keegan perm back in the 1970s. “Unfortunately, back then the process wasn’t quite as refined as it is now,” he said, “And it was a bit of a lottery as to how curly it came out.” Perms were the mainstay of salon business in the 80s, creating the definitively big, voluminous hair trend of the era. Three decades later, they have made a comeback – and not just for women. Men of all ages are opting for a low-maintenance, wavy look inspired by curly-haired style icons such as actors Paul Mescal, Jeremy Allen White and James Norton, who last month showed off his curls at the GQ Men Of The Year Awards. Oon Ng, director of London-based NOH hair, said perms have long been popular in the Asian community and are really in demand with male clients. His salon opened two months ago, and they are now doing six to 10 perms a week. He thinks they are ideal for men as they are easy to maintain. “All you have to do is wash and put some styling product in, and then let it dry.” Masa Matsumoto from north London’s Bebop salon, says perms are “absolutely” growing in popularity among men, and they have recently introduced the service in response to demand. TikTok and Instagram have played a big role in fuelling it, he said, and men are increasingly drawn to them as a way to add “movement, texture, or volume to hair and make their look stand out”. Mark Creed, former president of the Fellowship for British Hairdressing and colourist at Idlewild salons, said that they are now also seeing perms on ","Boys queue for curls as perms make a comeback – and men lead the trend. Greyson Harding, 13, has always had a strong sense of style. First, there were his dad’s vintage Prada shirts. Then came the blond hair dye, and now the perm. “My hair is naturally super straight, so at first it was a bit of a shock,” he said. “But now the curls have settled, I’m really pleased. I totally recommend it.” His father, Sam, who is the cutting director at Idlewild salons in Oxfordshire where Greyson got his perm, prefers his son’s waves to the time he himself ended up with a classic Kevin Keegan perm back in the 1970s. “Unfortunately, back then the process wasn’t quite as refined as it is now,” he said, “And it was a bit of a lottery as to how curly it came out.” Perms were the mainstay of salon business in the 80s, creating the definitively big, voluminous hair trend of the era. Three decades later, they have made a comeback – and not just for women. Men of all ages are opting for a low-maintenance, wavy look inspired by curly-haired style icons such as actors Paul Mescal,",Fashion,https://www.theguardian.com/fashion/2024/dec/29/boys-queue-for-curls-as-perms-make-a-comeback-and-men-lead-the-trend,"""prada"" AND (""luxury"" OR ""fashion"" OR ""stock"")"
film/2025/jan/06/no-blunders-just-boldness-older-women-lead-red-carpet-glamour-at-golden-globes,2025-01-06,"No blunders, just boldness: older women lead red-carpet glamour at Golden Globes","On fashion’s first big night of the year, there were no blunders; no moments of fashion disaster. No one tripped on their hem collecting an award, or flashed too much flesh. Instead, the Golden Globes were an evening of statement-making for women of a certain age, both on the red carpet and the podium itself. In her acceptance speech for her role in The Substance, 62-year-old actor Demi Moore took aim at an industry known for its rampant ageism, reminding us that despite working for “like, over 45 years … this is the first time I’ve ever won anything as an actor”. Moreover, she did so in a gold Giorgio Armani Privé column dress sliced open with diamante. The dress was a neat bit of styling, as an homage to the trophy itself, and the bathroom “back-birth” scene from the film. But mostly, it was about pairing an old-school brand with new world messaging. The pro-age glamour didn’t stop there. Two of the biggest stars of the night – award-winner Karla Sofía Gascón, 52, and nominee Nicole Kidman, 57 – channelled retro Bob-Mackie glamour in asymmetric gowns and goddess hair (buoyant yellowish-orange Saint Laurent, and silver Balenciaga, respectively). Michelle Yeoh, 62, and Naomi Watts, 56, both went for black, but with a twist – Yeoh’s black taffeta gown, also by Balenciaga, created a strange textural Giacometti silhouette, while Watts’s black velvet strapless gown by Schiaparelli descended into a millefeuille of pink organza petals. However politically charged the white pantsuits worn by Nickel Boys’ Aunjanue Ellis-Taylor, 55, and Kate Winslet, 49, in Erdem were, they remained a potent reminder that tuxedoes have long transcended the brandy rooms of gentlemen’s clubs, particularly when worn by an actor like Winslet who has spent her career as a target in sniping over her body. And then there were the rule-breakers: Pamela Anderson, 57, demure in form-fitting Oscar de la Renta, opera gloves and – shock horror – barely any makeup, and Viola Davis, 59, who won the Cecil B","No blunders, just boldness: older women lead red-carpet glamour at Golden Globes. On fashion’s first big night of the year, there were no blunders; no moments of fashion disaster. No one tripped on their hem collecting an award, or flashed too much flesh. Instead, the Golden Globes were an evening of statement-making for women of a certain age, both on the red carpet and the podium itself. In her acceptance speech for her role in The Substance, 62-year-old actor Demi Moore took aim at an industry known for its rampant ageism, reminding us that despite working for “like, over 45 years … this is the first time I’ve ever won anything as an actor”. Moreover, she did so in a gold Giorgio Armani Privé column dress sliced open with diamante. The dress was a neat bit of styling, as an homage to the trophy itself, and the bathroom “back-birth” scene from the film. But mostly, it was about pairing an old-school brand with new world messaging. The pro-age glamour didn’t stop there. Two of the biggest stars of the night – award-winner Karla Sofía Gascón, 52, and nominee Nicole ",Film,https://www.theguardian.com/film/2025/jan/06/no-blunders-just-boldness-older-women-lead-red-carpet-glamour-at-golden-globes,"""prada"" AND (""luxury"" OR ""fashion"" OR ""stock"")"
film/live/2025/jan/05/golden-globes-2025-the-winners-the-losers-the-red-carpet-live,2025-01-06,"Golden Globes 2025: Adrien Brody, Demi Moore and Colin Farrell win – as it happened","Well, two years into its new and reformed era, the Golden Globes appear to be back to form, with all the A-listers in attendance, several feel-good wins – particularly Demi Moore for best female actor in a musical or comedy – and some tea leaves for the Oscars in March. Nikki Glaser, a roast comic new to awards hosting, avoided the low punches and lazy cliches of Jo Koy’s disappointing monologue last year; her bits balanced warmth and bite, neither offensive nor weak, and were consistently funny. Awards-wise, it was a disappointing night for the musical hopeful Wicked, which snagged only the box office award. Instead, Emilia Pérez and The Brutalist emerged poised for strong Oscar campaigns, with four and three wins apiece. On the TV side, things went about as expected, with Emmy favorites Shōgun, Hacks and Baby Reindeer winning most of the awards. All in all, a solid (and not noticeably boozy) broadcast for an awards show that needed a solid showing. Thanks for sticking with us! We’ll see you back here for the Oscars … And here’s my colleague Benjamin Lee’s nice summary of the evening: Worth watching Adrien Brody’s speech in full: And here’s the full list of winners: Here’s our red carpet gallery for the evening featuring the night’s top looks, from Zendaya (obviously) to Timothée Chalamet and more: In case you missed it, there was a lil Fast &amp; Furious reunion tonight, in service of the award for cinematic or box office achievement: Club Chalamet has spoken on Timothée’s loss. No word yet on his date this evening… Another film with an excellent night –Jacques Audiard’s operatic Emilia Pérez wins best musical or comedy. Audiard calls up Emilia herself, the Spanish actor Karla Sofia Gascón, to accept the award for the Spanish-language Netflix film. “Light always wins over darkness,” says Gascón, now the first out transgender actor to win a Golden Globe film award. She has a rousing message to viewers: “You can maybe put us in jail, you can beat us up, but you can ","Golden Globes 2025: Adrien Brody, Demi Moore and Colin Farrell win – as it happened. Well, two years into its new and reformed era, the Golden Globes appear to be back to form, with all the A-listers in attendance, several feel-good wins – particularly Demi Moore for best female actor in a musical or comedy – and some tea leaves for the Oscars in March. Nikki Glaser, a roast comic new to awards hosting, avoided the low punches and lazy cliches of Jo Koy’s disappointing monologue last year; her bits balanced warmth and bite, neither offensive nor weak, and were consistently funny. Awards-wise, it was a disappointing night for the musical hopeful Wicked, which snagged only the box office award. Instead, Emilia Pérez and The Brutalist emerged poised for strong Oscar campaigns, with four and three wins apiece. On the TV side, things went about as expected, with Emmy favorites Shōgun, Hacks and Baby Reindeer winning most of the awards. All in all, a solid (and not noticeably boozy) broadcast for an awards show that needed a solid showing. Thanks for sticking with us! We’ll ",Film,https://www.theguardian.com/film/live/2025/jan/05/golden-globes-2025-the-winners-the-losers-the-red-carpet-live,"""prada"" AND (""luxury"" OR ""fashion"" OR ""stock"")"
business/2025/jan/07/luxury-tights-brand-wolford-apologises-delays-to-orders-refunds-customer-criticism,2025-01-07,Luxury tights brand Wolford apologises for delays to orders and refunds,"The luxury tights and lingerie brand Wolford has apologised after heavy criticism from customers over delays to orders and refunds, admitting its delivery services were overstretched. Shoppers have taken to the reviews site Trustpilot to warn others against making orders, with some saying they had waited for more than a month for their goods to arrive and had been unable to obtain a refund. Almost 90% of the 460 reviews of Wolford give the Austrian brand, where a pair of tights costs from £25 to £200, just one star. In a review posted this weekend, one shopper said they had not received items paid for in November: “Was suppose[d] to wear tights for Christmas party and then New Year’s Eve still haven’t received my order. What the heck.” Another wrote: “Ladies, DO NOT BUY from Wolford the[re] are so many great tights with amazing quality that really gives us better service and will value [customers] like us.” The company, which is part of the Chinese-owned luxury group Lanvin, told the Guardian that “unforeseen complications led to longer-than-expected delays” after it switched to a new delivery provider last year to “improve efficiency”. “First and foremost, we sincerely apologise to our customers for the challenges they have faced with our online shopping platform in Europe and the UK. We deeply regret any inconvenience caused by issues related to orders, payments, and refunds,” Wolford said. It said it had now set up a “a dedicated taskforce focused exclusively on assisting customers, clearing backlogs, and improving our service levels” and remained “fully committed to ensuring all affected customers receive their refunds”. However, a note on Wolford’s website warned on Monday: “Due to the high volume of orders, shipments may be delayed.” The latest problems follow the replacement of its chief executive in June. Régis Rimbert, who previously held senior roles at Prada and Dior, was brought in to replace Silvia Azzali with a brief to lead “international development,","Luxury tights brand Wolford apologises for delays to orders and refunds. The luxury tights and lingerie brand Wolford has apologised after heavy criticism from customers over delays to orders and refunds, admitting its delivery services were overstretched. Shoppers have taken to the reviews site Trustpilot to warn others against making orders, with some saying they had waited for more than a month for their goods to arrive and had been unable to obtain a refund. Almost 90% of the 460 reviews of Wolford give the Austrian brand, where a pair of tights costs from £25 to £200, just one star. In a review posted this weekend, one shopper said they had not received items paid for in November: “Was suppose[d] to wear tights for Christmas party and then New Year’s Eve still haven’t received my order. What the heck.” Another wrote: “Ladies, DO NOT BUY from Wolford the[re] are so many great tights with amazing quality that really gives us better service and will value [customers] like us.” The company, which is part of the Chinese-owned luxury group Lanvin, told the G",Business,https://www.theguardian.com/business/2025/jan/07/luxury-tights-brand-wolford-apologises-delays-to-orders-refunds-customer-criticism,"""prada"" AND (""luxury"" OR ""fashion"" OR ""stock"")"
sport/2025/jan/11/chess-crazy-tv-shows-schools-clubs-and-fashion-all-grab-a-piece-of-the-game,2025-01-11,"Chess crazy: TV shows, schools, clubs and fashion all grab a piece of the game","Castling. The Berlin defence. En passant. If you haven’t heard these terms, chances are you soon will. School chess clubs are booming, new apps are capturing a gen Z audience and stone chess boards have been installed in parks across the country. This year, a chess competition show comes to the BBC: Sue Perkins and The Traitors star Anthony Mathurin will present Chess Masters, in which 12 players battle it out. Chess is already a big spectator sport on other platforms, such as Twitch. World No 1 Magnus Carlsen, the Norwegian grandmaster, recently co-founded the chess-viewing platform Take Take Take, which aims to get casual players engaged in tournament broadcasts and is hugely popular with gen Z. Carlsen has 1.7 million followers on Instagram and his social media channels are making the game more accessible. There are now live streams on YouTube with expert commentators using the gap between moves to explain the process and options of the players. “It’s remarkable,” said Malcolm Pein, chief executive of Chess in Schools and Communities, which aims to increase the number of children playing the game in state schools. “TV is a huge factor. In the way that darts and snooker were immensely popular but never that big until they were on the telly, the same is happening with chess.” The 2020 Netflix series The Queen’s Gambit, starring Anya Taylor-Joy, was widely credited with creating a boom in the game. Pein said: “People are starting to look at the game and all the interesting stories, like cheating – which quite honestly is completely exaggerated – but it has given the game a colossal publicity boost.” Chess is having a resurgence in schools – children are now playing “a hell of a lot more”, Pein said. “We now have over 3,000 projects UK-wide, and we get inundated with demand for chess sets and lessons.” Last September, the charity put a Facebook post on a headteachers’ forum and received 800 inquiries in a week. Shabnam Eslambolchi, a parent at Gospel Oak primary scho","Chess crazy: TV shows, schools, clubs and fashion all grab a piece of the game. Castling. The Berlin defence. En passant. If you haven’t heard these terms, chances are you soon will. School chess clubs are booming, new apps are capturing a gen Z audience and stone chess boards have been installed in parks across the country. This year, a chess competition show comes to the BBC: Sue Perkins and The Traitors star Anthony Mathurin will present Chess Masters, in which 12 players battle it out. Chess is already a big spectator sport on other platforms, such as Twitch. World No 1 Magnus Carlsen, the Norwegian grandmaster, recently co-founded the chess-viewing platform Take Take Take, which aims to get casual players engaged in tournament broadcasts and is hugely popular with gen Z. Carlsen has 1.7 million followers on Instagram and his social media channels are making the game more accessible. There are now live streams on YouTube with expert commentators using the gap between moves to explain the process and options of the players. “It’s remarkable,” said Malcolm Pein,",Sport,https://www.theguardian.com/sport/2025/jan/11/chess-crazy-tv-shows-schools-clubs-and-fashion-all-grab-a-piece-of-the-game,"""prada"" AND (""luxury"" OR ""fashion"" OR ""stock"")"
fashion/2025/jan/12/notes-on-a-sandal-why-im-a-birkenstock-afficionado,2025-01-12,Notes on a sandal: why I’m a Birkenstock aficionado,"Birkenstock is suing several competitors for allegedly copying four of its most recognisable styles: the Arizona and Madrid sandals, the Gizeh flip-flop, and the Boston clog – a closed-toe design beloved by the likes of Kaia Gerber, Jason Momoa and Gigi Hadid, with sales in 2024 more than doubling the company’s average. Defending its litigious stance, the German brand, which has been crafting sandals in the Linz am Rhein region since the 18th century, claims its products transcend everyday footwear and should instead be considered pieces of “applied art” – wearable artefacts of historic craftsmanship deserving protection from imitators such as Tchibo, another German company, which is named in the lawsuit. Over its 250 years in business, the brand has achieved an extraordinary level of cultural significance. Since introducing the corkbed sandals that made its name in the 1960s, Birkenstock has become one of those rare companies entirely synonymous with the product it creates. To own a pair of Birkenstocks is to own a slice of history – instantly recognisable by name and inextricably woven into the culture. Applied art? Perhaps. Fashion world lodestone? Certainly. The brand’s recent success speaks volumes. In 2021, Birkenstock partnered with the private equity firm L Catterton – co-owned by LVMH boss Bernard Arnault – in a deal valued at £3.99bn. By the second quarter of 2024, its sales had risen 19%, reaching £474m. With such exponential growth – not to mention unparalleled brand recognition (according to research carried out by Statista in 2024, the Birkenstock name was known to 57% of US consumers) – it is understandable that the firm would want to protect its intellectual property and, by extension, its market share. Copycats not only undermine Birkenstock’s hard-earned reputation, but also erode the sense of exclusivity that keeps loyal customers coming back for more. I was a relatively late convert. My first pair – navy leather Arizonas – was bought during the p","Notes on a sandal: why I’m a Birkenstock aficionado. Birkenstock is suing several competitors for allegedly copying four of its most recognisable styles: the Arizona and Madrid sandals, the Gizeh flip-flop, and the Boston clog – a closed-toe design beloved by the likes of Kaia Gerber, Jason Momoa and Gigi Hadid, with sales in 2024 more than doubling the company’s average. Defending its litigious stance, the German brand, which has been crafting sandals in the Linz am Rhein region since the 18th century, claims its products transcend everyday footwear and should instead be considered pieces of “applied art” – wearable artefacts of historic craftsmanship deserving protection from imitators such as Tchibo, another German company, which is named in the lawsuit. Over its 250 years in business, the brand has achieved an extraordinary level of cultural significance. Since introducing the corkbed sandals that made its name in the 1960s, Birkenstock has become one of those rare companies entirely synonymous with the product it creates. To own a p",Fashion,https://www.theguardian.com/fashion/2025/jan/12/notes-on-a-sandal-why-im-a-birkenstock-afficionado,"""LVMH"" AND ""fashion"""
fashion/2025/jan/19/trump-ai-help-inspire-prada-men-collection-challenging-times,2025-01-19,Trump and AI help inspire a Prada collection for challenging times,"The day before the US presidential inauguration, it was impossible for Miuccia Prada to avoid the question. When designing her collection, just how much was fashion’s most radical intellectual thinking about Donald Trump? Speaking backstage at her show on the opening weekend of men’s fashion week in Milan, the 75-year-old designer, who grew up a communist and believed, like many of her generation, that change would come not through capitalism but through revolution, could only laugh. “Is it an answer to what is happening? Yes,” she said. “The world has become conservative.” As for the clothes, it wasn’t so much an autumn/winter 2025 collection as a riposte to “the first season of artificial intelligence”. Speaking with her co-creative director Raf Simons, by their shared admission it was a challenging collection for challenging times. There were cream pyjamas made from buttery soft leather, bright puffer jackets layered upon puffer jackets, and oversized hoods in granny-curtain fabric. If the clothes and the fabrics looked incongruous, that was deliberate – they were trying to resist the algorithm. “These are things that shouldn’t be together, coming together,” said Simons. For example, he added, the men wore jewellery but sometimes the jewellery dangled from the crew-necked jumpers or lapels. Some of them wore traditional-style cowboy boots, but more than half had bare chests. Office-friendly slacks in dark grey were paired with faux-fur tabards (Prada is fur-free), “modern man meets primal”, Simons said. Even the buckled bags, which looked battered and vintage, were held the wrong way round. Dotted wittily throughout were pyjamas worn under coats, the sort of thing you might wear for a late milk run. “When I get home, I just take it all off [and get into pyjamas],” said Simons, exhaling. The overall effect was clothes cut to perfection but styled in an unpredictable way that seemed to resist trends and seasons. For every double puffer jacket or faux-cowhide sweate","Trump and AI help inspire a Prada collection for challenging times. The day before the US presidential inauguration, it was impossible for Miuccia Prada to avoid the question. When designing her collection, just how much was fashion’s most radical intellectual thinking about Donald Trump? Speaking backstage at her show on the opening weekend of men’s fashion week in Milan, the 75-year-old designer, who grew up a communist and believed, like many of her generation, that change would come not through capitalism but through revolution, could only laugh. “Is it an answer to what is happening? Yes,” she said. “The world has become conservative.” As for the clothes, it wasn’t so much an autumn/winter 2025 collection as a riposte to “the first season of artificial intelligence”. Speaking with her co-creative director Raf Simons, by their shared admission it was a challenging collection for challenging times. There were cream pyjamas made from buttery soft leather, bright puffer jackets layered upon puffer jackets, and oversized hoods in granny-curtain fabric.",Fashion,https://www.theguardian.com/fashion/2025/jan/19/trump-ai-help-inspire-prada-men-collection-challenging-times,"""prada"" AND (""luxury"" OR ""fashion"" OR ""stock"")"
fashion/2025/jan/21/pharrell-williams-kicks-off-paris-fashion-week-with-louis-vuitton-streetwear,2025-01-21,Pharrell Williams kicks off Paris fashion week with Louis Vuitton streetwear,"Pharrell Williams kicked off Paris fashion week on Tuesday night with a menswear show that cemented Louis Vuitton’s position as the new luxury leader in streetwear. The collection was created in partnership with Nigo, a Japanese designer and one of the most influential figures in streetwear. Williams, who has held the position of creative director of Louis Vuitton menswear since 2023, has a decades-long friendship with Nigo. The partnership follows a long line of collaborations between them including co-founding the streetwear labels Billionaire Boys Club and Icecream in 2003. Williams has called Nigo “one of the greatest curators of taste and purveyors of what’s next”. Williams has also been described as a visionary but for this collection the duo took inspiration from the past. The show notes described the show as gazing “into the future through the telescope of history”. Exploring the codes of streetwear and dandyism, the show featured everything from varsity jackets to neat tailored suits. Held in a giant purpose-built mirrored box placed directly in front of the Louvre pyramid, models walked around a mauve-coloured catwalk upon which sat 24 vitrines showcasing an eclectic selection of items including sneakers, T-shirts, a boombox and gold Blackberry phone. Some pieces were taken from the personal archives of Williams and Nigo, who are avid collectors, while others came from previous Louis Vuitton shows. It aimed to serve as a visual history of the pieces that had inspired and informed the duo in creating a new joint collection. Wide-leg and low-rise silhouettes across denim and tailoring paid homage to the early 2000s. Camo, the traditional streetwear trope, was reimagined in abstract and pixelated patterns. Everything from beanies to boots was monogrammed – unsurprising, considering it was Nigo who pioneered the idea of a loud and logo-heavy aesthetic with his first brand A Bathing Ape (BAPE) in 1993. Three decades later he revisited the idea, plastering bags ","Pharrell Williams kicks off Paris fashion week with Louis Vuitton streetwear. Pharrell Williams kicked off Paris fashion week on Tuesday night with a menswear show that cemented Louis Vuitton’s position as the new luxury leader in streetwear. The collection was created in partnership with Nigo, a Japanese designer and one of the most influential figures in streetwear. Williams, who has held the position of creative director of Louis Vuitton menswear since 2023, has a decades-long friendship with Nigo. The partnership follows a long line of collaborations between them including co-founding the streetwear labels Billionaire Boys Club and Icecream in 2003. Williams has called Nigo “one of the greatest curators of taste and purveyors of what’s next”. Williams has also been described as a visionary but for this collection the duo took inspiration from the past. The show notes described the show as gazing “into the future through the telescope of history”. Exploring the codes of streetwear and dandyism, the show featured everything from varsity jackets to neat tailore",Fashion,https://www.theguardian.com/fashion/2025/jan/21/pharrell-williams-kicks-off-paris-fashion-week-with-louis-vuitton-streetwear,"""LVMH"" AND ""fashion"""
fashion/2025/jan/22/fashion-statement-menswear-spring-summer-2025-styling-hacks,2025-01-23,"Go to Lidl, grab a pen and shrink your jumper – nine next-to-nothing menswear styling hacks from the catwalks","It’s January, and the cliches are in full swing: it’s cold, dark, dry, you’re waiting for that next payslip … It doesn’t help that this month collides with the latest menswear fashion season. There’s nothing like scrolling Instagram with last night’s leftovers, watching a flurry of glamorous shows, parties and way out of budget trends trickle past you. But it’s not all doom and gloom. There are plenty of quick, easy and, most importantly, affordable styling hacks you can adopt straight off the catwalk. Here are nine tricks to tap into now. Get your accessories from the supermarket Good news: you probably already own this season’s coveted accessories. Prada pinned pink corsages on to lapels (do it yourself with a supermarket carnation), while the fifth-generation Italian fashion house Kiton popped a ballpoint pen in its models’ breast pockets. Over at Dunhill, several models played with art deco gold lighters as they strolled down the catwalk. A Bic one borrowed from the smoking area will do. Put on your trackie bums (again) Facing the end of hybrid working? Try Magliano’s new high-low mix for continued comfort. Inspired by 1980s Italian counterculture, the Bologna-based brand took a working from home staple – trackie bums – and teamed it with an office essential – a smart leather belt. Note how the elastic from the sweatpants is intentionally tucked under the belt, which is key for convincing your boss that this is a curated “look” rather than the result of oversleeping and having to dress on the fly. Even Armani had drawstring trousers, which did the job. Scuff your shoes If grubby trainers, scratched fisherman sandals and chafed cowboy boots are good enough for Mrs Prada and Raf Simons, they are good enough for us. Feel your shoe-drobe is missing a key pair? Now is the time to swing by charity shops or hunt on secondhand sites for ones with original scuffing included. Topsy-turvy layering The standard order of dressing was turned on its head at Canali. Welcome to ","Go to Lidl, grab a pen and shrink your jumper – nine next-to-nothing menswear styling hacks from the catwalks. It’s January, and the cliches are in full swing: it’s cold, dark, dry, you’re waiting for that next payslip … It doesn’t help that this month collides with the latest menswear fashion season. There’s nothing like scrolling Instagram with last night’s leftovers, watching a flurry of glamorous shows, parties and way out of budget trends trickle past you. But it’s not all doom and gloom. There are plenty of quick, easy and, most importantly, affordable styling hacks you can adopt straight off the catwalk. Here are nine tricks to tap into now. Get your accessories from the supermarket Good news: you probably already own this season’s coveted accessories. Prada pinned pink corsages on to lapels (do it yourself with a supermarket carnation), while the fifth-generation Italian fashion house Kiton popped a ballpoint pen in its models’ breast pockets. Over at Dunhill, several models played with art deco gold lighters as they strolled down the catwalk. A Bic one borrowed from the smoking area wi",Fashion,https://www.theguardian.com/fashion/2025/jan/22/fashion-statement-menswear-spring-summer-2025-styling-hacks,"""prada"" AND (""luxury"" OR ""fashion"" OR ""stock"")"
fashion/2025/jan/24/dior-british-designer-kim-jones-awarded-knighthood-in-paris,2025-01-24,Dior’s British designer Kim Jones awarded knighthood in Paris,"Friday afternoon in Paris was a big one for the British designer Kim Jones. The artistic director not only presented his latest menswear collection for Dior, he also collected the prestigious Chevalier de la Légion d’honneur, a rarity for someone from outside France. In a fashion moment par excellence, the award was presented to him by Anna Wintour, becoming a knight in the process. Jones has been at Dior for six years, designing the brand’s menswear collections. During that time, he has explored the brand’s rich archive and also personal interests, including TS Eliot’s The Waste Land and Vanessa Bell’s house Charleston in east Sussex. This show was no different. It took Christian Dior’s mid-50s Ligne H collection as its jump-off, but made Casanova – the 18th-century Italian author known for his multiple relationships with women – its muse. If Casanova is often seen as a “ladies’ man”, Jones played with that phrase in terms of gender fluidity. The show notes explained that it translated as “a mix of the masculine and the feminine … together with the excesses of the 18th century, found in the idea of the extravagant dresser”. Tropes that might traditionally be seen more a part of the womenswear lexicon – sparkles, pink, bows, boat necks and long skirts – were here worn by men. It was an elegant collection with a smattering of subversion. Dior was also in the spotlight beyond Paris this week – in a context where any concept of gender fluidity would be given short shrift. Ivanka Trump wore an outfit from the women’s collection (designed by Maria Grazia Chiuri) for the inauguration of her father, Donald Trump; and the new first lady, Melania, wore Dior for a reception at the weekend. LVMH, Dior’s parent company, also gave its allegiance to tTrump: the CEO Bernard Arnault was present at his inauguration, along with two of Arnault’s children, Delphine (the CEO of Dior) and Alexandre, who works with Tiffany. Jones announced in October he would be leaving his other role in ","Dior’s British designer Kim Jones awarded knighthood in Paris. Friday afternoon in Paris was a big one for the British designer Kim Jones. The artistic director not only presented his latest menswear collection for Dior, he also collected the prestigious Chevalier de la Légion d’honneur, a rarity for someone from outside France. In a fashion moment par excellence, the award was presented to him by Anna Wintour, becoming a knight in the process. Jones has been at Dior for six years, designing the brand’s menswear collections. During that time, he has explored the brand’s rich archive and also personal interests, including TS Eliot’s The Waste Land and Vanessa Bell’s house Charleston in east Sussex. This show was no different. It took Christian Dior’s mid-50s Ligne H collection as its jump-off, but made Casanova – the 18th-century Italian author known for his multiple relationships with women – its muse. If Casanova is often seen as a “ladies’ man”, Jones played with that phrase in terms of gender fluidity. The show notes explained that it translate",Fashion,https://www.theguardian.com/fashion/2025/jan/24/dior-british-designer-kim-jones-awarded-knighthood-in-paris,"""LVMH"" AND ""fashion"""
commentisfree/2025/jan/25/sophocles-west-end-extreme-times-plays-say-unsayable,2025-01-25,"Why is Sophocles storming the West End? Because in our extreme times, his plays say the unsayable","West End theatre is in a weird and unsettling place. It feels as though something that might once have been good and exciting is coming to an end. Many of the big shows, the ones that might have posters on the tube, are TV or film adaptations, like The Devil Wears Prada. Or familiar staples, like Mamma Mia!. Or ones with star casting, like the much-derided The Tempest with Sigourney Weaver. Which is not to say all of these shows are bad, just that there is a kind of stasis. Nervous producers are chasing post-Covid, theatre-shy audiences at a time when the pipeline of new material flowing in from the increasingly impoverished subsidised theatre world is running dry. In this mix, though, there is something surprising: a lot of Sophocles. One version of his play Oedipus the King, starring Mark Strong and Lesley Manville, has just finished. Another has just opened at the Old Vic, starring Rami Malek and Indira Varma. At the same time, Sophocles’ much less often performed Elektra is showing in the West End, starring Brie Larson (known to many as Captain Marvel in the movie franchise). Why Sophocles? Greek tragedy is a place where unpalatable questions can get asked. These plays fail to conform to the model of allowing liberal audiences to watch a liberal play in which everyone gets to agree with each other. And Sophocles’ Oedipus, in particular, is an evergreen play that keeps offering meaning. It is also one of the best plotted plays ever written, unfolding with inexorable logic in real time. Aristotle was right when he said it was the perfect play. That these productions should converge in London at the junction of 2024 and 2025 is, in a sense, a matter of chance. Matthew Warchus, the co-director of the Old Vic Oedipus, told me that his version, which the playwright Ella Hickson has adapted, had been on his hitlist for 30 years. Robert Icke’s production, the one starring Strong and Manville, originated at Internationaal Theater Amsterdam and has been seen in the UK bef","Why is Sophocles storming the West End? Because in our extreme times, his plays say the unsayable. West End theatre is in a weird and unsettling place. It feels as though something that might once have been good and exciting is coming to an end. Many of the big shows, the ones that might have posters on the tube, are TV or film adaptations, like The Devil Wears Prada. Or familiar staples, like Mamma Mia!. Or ones with star casting, like the much-derided The Tempest with Sigourney Weaver. Which is not to say all of these shows are bad, just that there is a kind of stasis. Nervous producers are chasing post-Covid, theatre-shy audiences at a time when the pipeline of new material flowing in from the increasingly impoverished subsidised theatre world is running dry. In this mix, though, there is something surprising: a lot of Sophocles. One version of his play Oedipus the King, starring Mark Strong and Lesley Manville, has just finished. Another has just opened at the Old Vic, starring Rami Malek and Indira Varma. At the same time, Sophocles’ much less often performed Elektra is showing",Opinion,https://www.theguardian.com/commentisfree/2025/jan/25/sophocles-west-end-extreme-times-plays-say-unsayable,"""devil wears prada"""
lifeandstyle/2025/jan/25/pile-in-carpet-makes-a-comeback-in-the-maximalist-backlash,2025-01-25,Pile in: carpet makes a comeback in the maximalist backlash,"For the past decade or so it has been ripped up and tossed out but now carpet is making a comeback. People are keen to cover their cold and draughty floorboards and sink their feet back in something with a bit more comfort, warmth and depth. From cut pile to shag, block colour to swirly pattern, wall-to-wall carpeting is once again smothering wooden floors. As for renters , a great rug renaissance is in full swing. “While wall-to-wall carpets used to be passé, they are definitely having a bit of a moment now,” says Elizabeth Metcalfe, the author of New English Interiors: At Home with Today’s Creatives. “There is a nostalgic charm, but I think they also bring cosiness and warmth to a space – a hugely appealing prospect when we’re faced with rising energy bills.” Liza Laserow Berglund, the co-founder of the Stockholm-based rug company Nordic Knots, which has gained an almost cult-like following for its simple but striking designs, describes a rug in a room as “the fourth wall”. “It frames a room,” she says. “People think about curtains but the floor really needs texture and warmth as well.” One of Donald Trump’s first memos to staff was an instruction to change the Oval Office’s floor covering. As the Bidens were still packing up, the Democratic blue rug was being swapped out for a pale beige circular version, originally designed by Nancy Reagan for her husband’s time in office. Trump previously had installed it during his first term. According to White House aides, this time around pieces of the Resolute Desk had to be disassembled so the rug could be placed underneath it. Lorna Haigh, the creative director for Alternative Flooring, a UK-based company that sells everything from sisal to chunky wool carpets, says this year carpet is going to “take preference over hard flooring”. Ruggable, which makes machine washable rugs in tufted and shaggy styles, reports a 67% surge in website traffic. Its most popular size is a generous 185cm by 275cm. Even luxury fashion designe","Pile in: carpet makes a comeback in the maximalist backlash. For the past decade or so it has been ripped up and tossed out but now carpet is making a comeback. People are keen to cover their cold and draughty floorboards and sink their feet back in something with a bit more comfort, warmth and depth. From cut pile to shag, block colour to swirly pattern, wall-to-wall carpeting is once again smothering wooden floors. As for renters , a great rug renaissance is in full swing. “While wall-to-wall carpets used to be passé, they are definitely having a bit of a moment now,” says Elizabeth Metcalfe, the author of New English Interiors: At Home with Today’s Creatives. “There is a nostalgic charm, but I think they also bring cosiness and warmth to a space – a hugely appealing prospect when we’re faced with rising energy bills.” Liza Laserow Berglund, the co-founder of the Stockholm-based rug company Nordic Knots, which has gained an almost cult-like following for its simple but striking designs, describes a rug in a room as “the fourth wall”. “It frame",Life and style,https://www.theguardian.com/lifeandstyle/2025/jan/25/pile-in-carpet-makes-a-comeback-in-the-maximalist-backlash,"""prada"" AND (""luxury"" OR ""fashion"" OR ""stock"")"
fashion/2025/jan/25/skinny-jeans-fabric-clings-thighs-calves-mens-shows,2025-01-25,The return of skinny jeans? Men’s catwalks suggest wide-legged trousers are out and calf-huggers back in,"As the men’s shows drew to a close this week, something looked different on the catwalk. Trousers hugged calves. Fabric that once billowed around thighs clung tight. Shoes usually hidden by hems were now visible. After several seasons in which wide-legged trousers had expanded beyond the catwalk to men who shop at Uniqlo, Muji, Zara and M&amp;S and beyond, was the skinny, slimline, tapered trouser staging a comeback? For men and women, big and baggy trousers have been the dominant trend for the past few seasons. From Paul Mescal in Gucci at last year’s Oscars to Cos’s autumn 2024 collection, a trouser’s girth was everything. But this year, that might change. Like most trends, this one was consolidated on the Prada catwalk. If the previous season showed trousers with a 10in width, roughly the size of a dinner plate, this season’s clung to the calf, and were the width of a saucer. Elsewhere at Tod’s, fine wool trousers sat snugly around the knee, and at Paul Smith, the doyen of dapper tailoring, the cut was slim and ramrod straight. When asked about the size of their trousers backstage on Sunday, Prada’s co-creative director, Raf Simons, said it was less about trends and theories and more about “what feels right”. In some ways, this switch feels entirely predictable. A decade after he came up with the term normcore, the trend forecaster Sean Monahan coined the equally catchy-if-nebulous term, “vibe shift”, to explain why sometimes, things change, and something cool somehow feels dated. On his prediction list this month for 2025: skinny jeans. Depop, the gen Z-loved secondhand site that often serves as an authority on trends, predicts “the new indie vanguard”, of which skinny jeans are a key part, will be “this year’s Brat Summer” (a distinctive style). Skinny jeans first hit fashion in about 2005, shortly after Hedi Slimane’s Dior Homme collection. Considered the hard launch for the slimline look, which is often referred to as “indie sleaze”, narrow silhouettes soon f","The return of skinny jeans? Men’s catwalks suggest wide-legged trousers are out and calf-huggers back in. As the men’s shows drew to a close this week, something looked different on the catwalk. Trousers hugged calves. Fabric that once billowed around thighs clung tight. Shoes usually hidden by hems were now visible. After several seasons in which wide-legged trousers had expanded beyond the catwalk to men who shop at Uniqlo, Muji, Zara and M&amp;S and beyond, was the skinny, slimline, tapered trouser staging a comeback? For men and women, big and baggy trousers have been the dominant trend for the past few seasons. From Paul Mescal in Gucci at last year’s Oscars to Cos’s autumn 2024 collection, a trouser’s girth was everything. But this year, that might change. Like most trends, this one was consolidated on the Prada catwalk. If the previous season showed trousers with a 10in width, roughly the size of a dinner plate, this season’s clung to the calf, and were the width of a saucer. Elsewhere at Tod’s, fine wool trousers sat snugly around the knee, and at Paul Smith, the doyen of dapper ta",Fashion,https://www.theguardian.com/fashion/2025/jan/25/skinny-jeans-fabric-clings-thighs-calves-mens-shows,"""prada"" AND (""luxury"" OR ""fashion"" OR ""stock"")"
commentisfree/2025/jan/26/melania-trump-hat-designers-fashion-industry,2025-01-26,What does the inauguration’s authoritarian-chic fashion tell us? Designers are suddenly eager to dress the Trumps,"Mussolini once said that “any power whatsoever is destined to fail before fashion. If fashion says skirts are short, you will not succeed in lengthening them, even with the guillotine.” For that reason, far-right authoritarian movements have long attempted to capture the fashion system. We can argue endlessly about whether the new Trump administration can be compared to fascism. I think that it meets most of the key traits identified by Umberto Eco, but others will disagree. Regardless of your stance, it’s fair to say that the women of the Republican party have deployed fashion in ways that send a political message. Though men especially like to highlight fashion’s supposed vapidity (tell that to Roland Barthes, I always think) it is an art form and a visual language that has much to tell us about the state of the world, and is as worthy of analysis as any other aspect of culture. The rise of the tradwife – and the modest, floral prairie dresses so beloved by these rightwing influencers, which then trickled down to the high street – has mirrored the shift in the US much further to the right. As this new administration inevitably comes to roll back more women’s rights, I wonder how it will be reflected in fashion. Prairie dresses are on the way out, but there are other styles to replace them. We seem to be seeing an even greater shift towards sartorial sharpness (see Ivanka Trump’s green outfit, eerily reminiscent of Handmaid’s Tale villain Serena Joy) and conservative tailoring or even, dare I say, the uniform dressing so beloved by the political far right. Much has been made of how Melania’s stark get-up contrasted to her Jackie O cosplay at the last inauguration. This time there was no attempt at demure people pleasing: she looked positively authoritarian. It was a merciless hat that said: “Resistance is futile, and I won’t make eye contact if you try to beg.” Just as significant is the fact that designers were far more willing, this time around, to work with the ","What does the inauguration’s authoritarian-chic fashion tell us? Designers are suddenly eager to dress the Trumps. Mussolini once said that “any power whatsoever is destined to fail before fashion. If fashion says skirts are short, you will not succeed in lengthening them, even with the guillotine.” For that reason, far-right authoritarian movements have long attempted to capture the fashion system. We can argue endlessly about whether the new Trump administration can be compared to fascism. I think that it meets most of the key traits identified by Umberto Eco, but others will disagree. Regardless of your stance, it’s fair to say that the women of the Republican party have deployed fashion in ways that send a political message. Though men especially like to highlight fashion’s supposed vapidity (tell that to Roland Barthes, I always think) it is an art form and a visual language that has much to tell us about the state of the world, and is as worthy of analysis as any other aspect of culture. The rise of the tradwife – and the modest, floral prairie dresses so beloved by these rightwing influencer",Opinion,https://www.theguardian.com/commentisfree/2025/jan/26/melania-trump-hat-designers-fashion-industry,"""LVMH"" AND ""fashion"""
us-news/2025/jan/26/designers-afraid-of-getting-on-trumps-wrong-side-and-still-put-melania-in-that-hat,2025-01-26,Designers ‘afraid’ of getting on Trump’s wrong side … and still put Melania in that hat,"Donald Trump’s second presidency has sent shockwaves across industries since Monday – and fashion is no different. If, on the surface at least, the culture around fashion tends to skew centre left, this is is also ultimately a business about making money, and that means keeping the powerful onside. Major players showed their true colours last week. Among the tech billionaires and surprise celebrities at Trump’s inauguration was Bernard Arnault, the CEO of fashion conglomerate LVMH, with two of his children, Delphine and Alexandre. Trump’s daughter Ivanka, meanwhile, wore LVMH brand Dior, while Usha Vance (wife of JD) went for Oscar de la Renta. Though new first lady Melania wore relatively unknown designer Adam Lippes, her stylist Hervé Pierre told Women’s Wear Daily that more brands are now keen to dress her for the publicity, compared with the last time she was in the White House. Eugene Rabkin, editor of StyleZeitgeist magazine, says the Arnaults’ presence at the inauguration speaks volumes. “At the high-revenue level some brands operate at, they cannot afford to make an enemy of Trump,” he argues. But if the big business of fashion is keen to make nice with the new president – partially with the threat of tariffs on luxury European goods coming into the States – some independent brands are more vocally against him. Willy Chavarria is in the latter camp. The American designer celebrates the 10th anniversary of his brand this year, with his first show in Paris this week. Over that time, he has become known for diverse and unusual casting, a tailored but oversized silhouette, and work with musicians including Kendrick Lamar and Billie Eilish. His references often centre around his Mexican-American heritage and LGBTQI+ culture. This show – at the American Cathedral – brought the trademarks of Chavarria’s aesthetic, and even featured a red Chevrolet outside. It had a diverse cast of men and women across ethnicities and body types, wearing his signature wide suiting, ","Designers ‘afraid’ of getting on Trump’s wrong side … and still put Melania in that hat. Donald Trump’s second presidency has sent shockwaves across industries since Monday – and fashion is no different. If, on the surface at least, the culture around fashion tends to skew centre left, this is is also ultimately a business about making money, and that means keeping the powerful onside. Major players showed their true colours last week. Among the tech billionaires and surprise celebrities at Trump’s inauguration was Bernard Arnault, the CEO of fashion conglomerate LVMH, with two of his children, Delphine and Alexandre. Trump’s daughter Ivanka, meanwhile, wore LVMH brand Dior, while Usha Vance (wife of JD) went for Oscar de la Renta. Though new first lady Melania wore relatively unknown designer Adam Lippes, her stylist Hervé Pierre told Women’s Wear Daily that more brands are now keen to dress her for the publicity, compared with the last time she was in the White House. Eugene Rabkin, editor of StyleZeitgeist magazine, says the Arnaults’ presence at the inauguration speaks",Fashion,https://www.theguardian.com/us-news/2025/jan/26/designers-afraid-of-getting-on-trumps-wrong-side-and-still-put-melania-in-that-hat,"""prada"" AND (""luxury"" OR ""fashion"" OR ""stock"")"
technology/2025/jan/28/deepseek-selloff,2025-01-28,Tech billionaires lost almost $100bn in stock market selloff sparked by DeepSeek,"DeepSeek’s cut-price challenge to US AI dominance, which wiped $600bn in Nvidia’s market value on Monday and caused the tech-weighted Nasdaq index to drop 3%, also took a bite out of the fortunes of some of the world’s wealthiest men. Nvidia’s record stock plunge, judged to be the biggest market value drop in US stock market history, according to Bloomberg, took with it $20.7bn of its CEO and biggest individual shareholder, Jensen Huang. The share-price drop left Huang, the company co-founder, with a net worth of $103.7bn late on Monday, down from $124.4bn. According to Forbes’ real-time billionaires ranking, that pushes the 61-year-old tech tycoon from 10th to 17th place in global wealth rankings, behind Zara fashion mogul Amancio Ortega; Walmart heirs Rob, Jim and Alice Walton; Microsoft cofounder Bill Gates; Dell CEO Michael Dell; and former New York mayor Michael Bloomberg. Exceeding Huang’s paper losses from Monday’s trading is cat rancher and Oracle chair Larry Ellison, who recorded a $27.6bn loss after shares in Oracle stock dropped 14%, knocking him down from third wealthiest man to fifth, behind Meta CEO Mark Zuckerberg and LVMH luxury tycoon Bernard Arnault. Others hit by the Nvidia selloff and related tech share drops were Dell ($12.4bn); Google cofounders Larry Page ($6.3bn) and Sergey Brin ($5.9bn); Google investor Andreas von Bechtolsheim ($5.4bn); Tesla CEO Elon Musk ($5.3bn); and Interactive Brokers chair Thomas Peterffy ($4.1bn). In all, tech sector titans as a group saw $94bn of wealth evaporate – roughly 85% of the $108bn of DeepSeek and Nvidia-related losses among the world’s 500 wealthiest people, according to Bloomberg. Monday’s tech selloff comes ahead of this week’s fourth-quarter earnings reports from Meta, Microsoft, Tesla and Apple, whose executives are likely to be questioned closely on their multibillion AI spending plans. The losses across the “magnificent seven” – Alphabet, Amazon, Apple, Meta, Microsoft, Nvidia and Tesla – account for","Tech billionaires lost almost $100bn in stock market selloff sparked by DeepSeek. DeepSeek’s cut-price challenge to US AI dominance, which wiped $600bn in Nvidia’s market value on Monday and caused the tech-weighted Nasdaq index to drop 3%, also took a bite out of the fortunes of some of the world’s wealthiest men. Nvidia’s record stock plunge, judged to be the biggest market value drop in US stock market history, according to Bloomberg, took with it $20.7bn of its CEO and biggest individual shareholder, Jensen Huang. The share-price drop left Huang, the company co-founder, with a net worth of $103.7bn late on Monday, down from $124.4bn. According to Forbes’ real-time billionaires ranking, that pushes the 61-year-old tech tycoon from 10th to 17th place in global wealth rankings, behind Zara fashion mogul Amancio Ortega; Walmart heirs Rob, Jim and Alice Walton; Microsoft cofounder Bill Gates; Dell CEO Michael Dell; and former New York mayor Michael Bloomberg. Exceeding Huang’s paper losses from Monday’s trading is cat rancher and Oracle chair Larry Ellison, who recor",Technology,https://www.theguardian.com/technology/2025/jan/28/deepseek-selloff,"""LVMH"" AND ""fashion"""
fashion/2025/jan/31/kim-jones-steps-down-christian-dior-menswear,2025-01-31,Kim Jones steps down from Christian Dior menswear after seven years,"Kim Jones is stepping down from Christian Dior menswear after seven years – prompting speculation that he will soon be named in the top job of Burberry. The British designer has been with Dior since 2018. Until October, he was also artistic director at Fendi, a role he took on after Karl Lagerfeld’s death in 2020. The fact that he has stepped back from both jobs suggests the designer is in a position to announce his next move. 1Granary, a fashion insider Instagram account, posted the news with the caption: “Rumours whisper Burberry.” If Jones does join Burberry, it will mean a reshuffle at the top of luxury. Daniel Lee, Burberry’s chief creative officer, has struggled at the brand since joining from Bottega Veneta in 2022. It has been suggested that he may be moving to Jil Sander, after the departure of joint creative directors Luke and Lucie Meier after their final show in Milan this February. Asked by Fashion Network about who was next at the brand, owner Renzo Rosso said: “We have found a great star designer for Jil. But I won’t say who.” Then there is also the vacant seat at Dior menswear. It has been suggested that JW Anderson, who has turned Spanish brand Loewe into a big hitter since he took over in 2013, could move to Dior, an idea bolstered by the fact that both brands are owned by the same conglomerate, LVMH. Nevertheless, Anderson would probably want to design both men’s and womenswear as he does at Loewe, meaning Dior would also have to part ways with Maria Grazia Chiuri, who has designed womenswear there since 2016. This may yet happen – prompted in part by slowing sales at Dior. According to WWD, a report from HSBC this month judged the brand to be “a bit stale and repetitive”, with Grazia Chuiri “under more pressure” than Jones. The report named Anderson as a potential successor. Jones is known for his ability to fuse artistic inspirations with streetwear, and turn these influences into successful collections, worn by his coterie of superstar friends,","Kim Jones steps down from Christian Dior menswear after seven years. Kim Jones is stepping down from Christian Dior menswear after seven years – prompting speculation that he will soon be named in the top job of Burberry. The British designer has been with Dior since 2018. Until October, he was also artistic director at Fendi, a role he took on after Karl Lagerfeld’s death in 2020. The fact that he has stepped back from both jobs suggests the designer is in a position to announce his next move. 1Granary, a fashion insider Instagram account, posted the news with the caption: “Rumours whisper Burberry.” If Jones does join Burberry, it will mean a reshuffle at the top of luxury. Daniel Lee, Burberry’s chief creative officer, has struggled at the brand since joining from Bottega Veneta in 2022. It has been suggested that he may be moving to Jil Sander, after the departure of joint creative directors Luke and Lucie Meier after their final show in Milan this February. Asked by Fashion Network about who was next at the brand, owner Renzo Rosso said: “We have f",Fashion,https://www.theguardian.com/fashion/2025/jan/31/kim-jones-steps-down-christian-dior-menswear,"""LVMH"" AND ""fashion"""
fashion/2025/jan/31/secondhand-fashion-is-rarely-second-best-sometimes-it-looks-far-better,2025-01-31,Secondhand fashion is rarely second best. Sometimes it looks far better,"The rise of secondhand fashion is an enormously cheering thing, and in a world not currently over-blessed with hugely cheering things, it is worth taking a moment to celebrate. In a short space of time, the pre-loved fashion economy has gone from being niche – vintage stores full of antique silk dresses at the top end, jumble sale tat at the other, not much in the middle – to a viable way to source every part of your wardrobe. The marketplace of new-to-you clothes, rather than new-to-the-world clothes, is now an aspirational, respectable, efficient, affordable place to shop. Not just for the pieces that have always been associated with secondhand (tea dresses for retro dressers, rare jeans for denim nerds) but for straight-down-the-middle mainstream wardrobe stuff. Your cousin’s North Face puffer jacket? £45 from Vinted. Your line manager’s Zara blazer? £18 courtesy of Depop. The Prada handbag your bestie dreams about her friends clubbing together for on her big birthday? £250 on eBay. Secondhand stopped meaning second best a while ago. Quite the opposite, in fact. To proclaim the pre-loved provenance of your new fit has become the ultimate flex, because you get to show off your taste without being shamed for your carbon footprint. But parity with off-the-peg was just the start. Secondhand is now moving even higher up the pecking order. Many of fashion’s hottest pieces this year look better secondhand than they do new. Not just as good, but actually better. Pre-loved isn’t just a better option because it is more sustainable and more affordable. It is quite simply where the best stuff is to be found. The rugby shirt in this picture is a prime example. Rugby shirts are having a moment in fashion, for reasons that have absolutely nothing at all to do with rugby. The rugby shirt picks up where the three-button polo shirt left off, but with added fashion content – stripes, fun collars, a contrast white collar. The simple, plain-colour, three-button polo shirt is still a ","Secondhand fashion is rarely second best. Sometimes it looks far better. The rise of secondhand fashion is an enormously cheering thing, and in a world not currently over-blessed with hugely cheering things, it is worth taking a moment to celebrate. In a short space of time, the pre-loved fashion economy has gone from being niche – vintage stores full of antique silk dresses at the top end, jumble sale tat at the other, not much in the middle – to a viable way to source every part of your wardrobe. The marketplace of new-to-you clothes, rather than new-to-the-world clothes, is now an aspirational, respectable, efficient, affordable place to shop. Not just for the pieces that have always been associated with secondhand (tea dresses for retro dressers, rare jeans for denim nerds) but for straight-down-the-middle mainstream wardrobe stuff. Your cousin’s North Face puffer jacket? £45 from Vinted. Your line manager’s Zara blazer? £18 courtesy of Depop. The Prada handbag your bestie dreams about her friends clubbing together for on her big birthday? £250 on eBay.",Fashion,https://www.theguardian.com/fashion/2025/jan/31/secondhand-fashion-is-rarely-second-best-sometimes-it-looks-far-better,"""prada"" AND (""luxury"" OR ""fashion"" OR ""stock"")"
film/2025/feb/04/best-actor-oscar-for-playing-himself-goes-to-conclave-stanley-tucci,2025-02-04,"Tomato and basilica: in Conclave, Stanley Tucci plays Stanley Tucci – and I couldn’t be happier","Conclave, quite rightly, is nominated for a number of Oscars this year. This, I suspect, is down to how successfully it managed to construct a perfectly Oscar-friendly cladding – religion! costumes! meticulous reconstructions of the Vatican! – and wrap it around the silliest story imaginable. We’ll save discussions of the twist for another time, but even without that it’s a story about a bunch of ostensibly serious men acting like gossipy schoolgirls. It’s honestly hilarious. Part of its appeal is in how well it has been cast. Ralph Fiennes gets to play his two best modes – furrowed doubt and Leonard Rossiter – at the same time. John Lithgow gets to be at once avuncular and menacing. Isabella Rossellini gets to tell lots of people that they’ve been very naughty boys. But arguably the best casting, and one weirdly shut out of nominations, is that of Stanley Tucci. And this is because, in Conclave, Stanley Tucci plays Stanley Tucci. That’s basically it. He’s Stanley Tucci from books and TV and social media – urbane, sophisticated, conspiratorial – in a funny hat and a dressing gown. When you see Stanley Tucci on screen, you don’t think “Oh, there’s Cardinal Bellini, the clear favourite to become the next pope,” you instead think “Hey, it’s Stanley Tucci! Go on Stanley, make us a negroni.” On the surface, this might seem like something of a problem. After all, the point of being an actor is to disappear into a role. The thrill of watching a great actor is getting to witness a transformation so comprehensive that you quickly forget that you’re watching an actor at all. This is not the case with Stanley Tucci. To watch Stanley Tucci in anything is to watch Stanley Tucci transform into a version of Stanley Tucci who wears slightly different clothes sometimes. Indeed, look at Stanley Tucci’s filmography and you’ll notice that for the last half decade, Stanley Tucci hasn’t really made much of an effort to disappear inside a character. Citadel, What If …?, Inside Man, The Wi","Tomato and basilica: in Conclave, Stanley Tucci plays Stanley Tucci – and I couldn’t be happier. Conclave, quite rightly, is nominated for a number of Oscars this year. This, I suspect, is down to how successfully it managed to construct a perfectly Oscar-friendly cladding – religion! costumes! meticulous reconstructions of the Vatican! – and wrap it around the silliest story imaginable. We’ll save discussions of the twist for another time, but even without that it’s a story about a bunch of ostensibly serious men acting like gossipy schoolgirls. It’s honestly hilarious. Part of its appeal is in how well it has been cast. Ralph Fiennes gets to play his two best modes – furrowed doubt and Leonard Rossiter – at the same time. John Lithgow gets to be at once avuncular and menacing. Isabella Rossellini gets to tell lots of people that they’ve been very naughty boys. But arguably the best casting, and one weirdly shut out of nominations, is that of Stanley Tucci. And this is because, in Conclave, Stanley Tucci plays Stanley Tucci. That’s basically it. He’s Stanley Tucci from books and ",Film,https://www.theguardian.com/film/2025/feb/04/best-actor-oscar-for-playing-himself-goes-to-conclave-stanley-tucci,"""devil wears prada"""
business/live/2025/feb/05/uk-new-car-sales-fall-again-yuan-slips-us-china-trade-tensions-uk-economy-business-live-news,2025-02-05,Honda and Nissan’s £48bn merger ‘close to collapse’; UK borrowing costs lowest since December in boost for Reeves – as it happened,"Time to recap… The merger between Nissan and Honda to create a new automobile giant is reportedly on the brink of collapse. UK government borrowing costs have dropped to their lowest since December, easing fears that Rachel Reeves’s fiscal headroom has been squished. Borrowing costs fell after data showed a slowdown in the US economy last month, while in the UK firms cut jobs at the fastest rate in several years. Calm has returned to the financial markets, after two days in which trade war fears gripped investors. The yuan has weakened, though, as trading resumed in China after the lunar new year break. America’s trade deficit has widened, as firms rushed to avoid tariffs by importing goods in December. Gold, seen as a hedge against disruption caused by Donald Trump, hit a new all-time high. We’ll be back tomorrow, when the Bank of England is expected to cut UK interest rates at noon…. GW Britain’s stock market has closed higher tonight, as shares recovered some of their losses from earlier this week. The blue-chip FTSE 100 index has ended the day 52.5 points higher at 8623 points, heading back towards last week’s record highs. Pharmaceuticals firm GSK was the top rises, surging 7.6% today after raising its sales target this morning (see earlier post). That’s its biggest daily rise since 2008! Donald Trump’s pledge to crack down on countries who treat the US badly by running a trade surplus may have backfired! New data today shows that America’s goods and services deficit swelled to $98.4bn in December, up $19.5bn from the $78.9bn recorded in November. The increase was driven by a rise in imports – which rose by $12.4bn to $364.9bn, perhaps as US companies tried to beat tariffs by shipping more goods into the country. Exports fell by $7.1bn to $266.5bn, adding to the deficit. Ransomware payments fell by more than a third last year to $813m (£650m) as victims refused to pay cybercriminals and law enforcement cracked down on gangs, figures reveal. The decline in such ","Honda and Nissan’s £48bn merger ‘close to collapse’; UK borrowing costs lowest since December in boost for Reeves – as it happened. Time to recap… The merger between Nissan and Honda to create a new automobile giant is reportedly on the brink of collapse. UK government borrowing costs have dropped to their lowest since December, easing fears that Rachel Reeves’s fiscal headroom has been squished. Borrowing costs fell after data showed a slowdown in the US economy last month, while in the UK firms cut jobs at the fastest rate in several years. Calm has returned to the financial markets, after two days in which trade war fears gripped investors. The yuan has weakened, though, as trading resumed in China after the lunar new year break. America’s trade deficit has widened, as firms rushed to avoid tariffs by importing goods in December. Gold, seen as a hedge against disruption caused by Donald Trump, hit a new all-time high. We’ll be back tomorrow, when the Bank of England is expected to cut UK interest rates at noon…. GW Britain’s stock market has closed higher tonight, as shares recovered some of their losses from ea",Business,https://www.theguardian.com/business/live/2025/feb/05/uk-new-car-sales-fall-again-yuan-slips-us-china-trade-tensions-uk-economy-business-live-news,"""LVMH"" AND ""fashion"""
fashion/2025/feb/07/calvin-kleins-first-female-creative-director-finds-succour-in-a-fictional-new-york,2025-02-07,Calvin Klein’s first female creative director finds succour in a fictional New York,"Calvin Klein’s first female creative director, Veronica Leoni, presented her debut collection on Friday, watched on by Kate Moss – the brand’s most famous face during the 1990s, when its billboard ads ruled the zeitgeist – Calvin Klein himself, 82, and Christy Turlington. The brand had a lot riding on Friday’s show, its first catwalk presentation for six and a half years, and the highlight of a New York fashion week schedule that has been light on big names as American fashion struggles to compete with European brands owned by the French conglomerates LVMH and Kering. Speaking backstage after the show, Leoni said her biggest challenge was “to be inspired by the archive, without getting into nostalgia”. That was expressed through a commitment to minimalism, seen in the opening look of a black mock-turtle knee-length dress and a preponderance of perfectly executed tailoring on the black-white-greige spectrum. There were also more playful elements, including trompe-l’oeil modern monochrome ballgowns destined for awards season, pops of colour (a rose-pink, form-fitting, off-the-shoulder dress; a flowing tomato-red gown) and tiny animal-print clutch bags inspired by the silhouette of the CK One bottle. Leoni, 41, recently described herself as being of the “CK One generation”. Some of the standout looks featured a slim silhouette that felt fresh – black trousers and shrunken jumpers over shirts that recalled Gwyneth Paltrow’s officewear in Sliding Doors. The moodboard for the collection included photographs of David Byrne, whose influence was felt in oversized shoulders, and Paltrow and Brad Pitt as a couple in the 90s. New York fashion week, which began on Thursday, has the unenviable task of bringing cheer and glamour to a fretful city reeling from the chaos of Donald Trump’s first weeks as president. The brand has felt the impact directly. This week its parent company, PVH – which also owns Tommy Hilfiger – was blacklisted by China in a retaliatory action after Trump i","Calvin Klein’s first female creative director finds succour in a fictional New York. Calvin Klein’s first female creative director, Veronica Leoni, presented her debut collection on Friday, watched on by Kate Moss – the brand’s most famous face during the 1990s, when its billboard ads ruled the zeitgeist – Calvin Klein himself, 82, and Christy Turlington. The brand had a lot riding on Friday’s show, its first catwalk presentation for six and a half years, and the highlight of a New York fashion week schedule that has been light on big names as American fashion struggles to compete with European brands owned by the French conglomerates LVMH and Kering. Speaking backstage after the show, Leoni said her biggest challenge was “to be inspired by the archive, without getting into nostalgia”. That was expressed through a commitment to minimalism, seen in the opening look of a black mock-turtle knee-length dress and a preponderance of perfectly executed tailoring on the black-white-greige spectrum. There were also more playful elements, including trompe-l’oeil modern monochrom",Fashion,https://www.theguardian.com/fashion/2025/feb/07/calvin-kleins-first-female-creative-director-finds-succour-in-a-fictional-new-york,"""prada"" AND (""luxury"" OR ""fashion"" OR ""stock"")"
fashion/2025/feb/10/coachs-stuart-vevers-puts-gen-z-on-the-catwalk-at-new-york-fashion-week,2025-02-10,Coach’s Stuart Vevers puts gen Z on the catwalk at New York fashion week,"The models on the Coach catwalk could have walked straight off the New York street outside the venue. Men and women alike wore shrunken T-shirts and silver earrings, handbags jammed under one arm like a skateboard as they loped along, baggy jeans dragging over scuffed trainers. To make fashion that speaks to the moment, “you have to talk to the younger generation”, said designer Stuart Vevers after the show. “Actually, it’s not about talking to them, it’s about listening to them. What I hear most from them is about self-expression. People being who they want to be and using fashion to give them that confidence.” Vevers, who has worked with the American brand since 2013 and was awarded an OBE last year for services to fashion and to “UK/US creative relations” layered generation Z’s favourite silhouette with references from his own 90s youth such as David Lynch and Larry Clark’s 1995 film, Kids. He also booked the Brooklyn band Nation of Language – who will support LCD Soundsystem on an upcoming tour – to play live in the middle of the catwalk space to add to the vibe. A global luxury slowdown has hit most fashion week brands hard but Coach is bucking the trend. It was the fastest rising name on the most recent quarterly index released by Lyst, which ranks brand “heat” based on sales and social media, using data from 200 million consumers. With demand up 332% year on year, Coach leapfrogged Alaïa, Gucci and Bottega Veneta to become the fifth hottest brand after Miu Miu, Saint Laurent, Prada and Loewe. The brand’s Brooklyn bag was named hottest product of the quarter in the rankings. Coach’s success speaks to fashion’s pricing problem. Many high-end luxury brands hiked prices in the years when demand was robust, a strategy dubbed “greedflation”, which is now backfiring. Consumers are now getting “sticker shock” – the phenomenon of being stunned by where price tags have reached – and not buying. The relatively affordable £250 starting price of the Brooklyn has put it on","Coach’s Stuart Vevers puts gen Z on the catwalk at New York fashion week. The models on the Coach catwalk could have walked straight off the New York street outside the venue. Men and women alike wore shrunken T-shirts and silver earrings, handbags jammed under one arm like a skateboard as they loped along, baggy jeans dragging over scuffed trainers. To make fashion that speaks to the moment, “you have to talk to the younger generation”, said designer Stuart Vevers after the show. “Actually, it’s not about talking to them, it’s about listening to them. What I hear most from them is about self-expression. People being who they want to be and using fashion to give them that confidence.” Vevers, who has worked with the American brand since 2013 and was awarded an OBE last year for services to fashion and to “UK/US creative relations” layered generation Z’s favourite silhouette with references from his own 90s youth such as David Lynch and Larry Clark’s 1995 film, Kids. He also booked the Brooklyn band Nation of Language – who will support LCD Soundsystem on an ",Fashion,https://www.theguardian.com/fashion/2025/feb/10/coachs-stuart-vevers-puts-gen-z-on-the-catwalk-at-new-york-fashion-week,"""prada"" AND (""luxury"" OR ""fashion"" OR ""stock"")"
world/2025/feb/10/ai-phone-scam-targets-italian-business-leaders-including-giorgio-armani,2025-02-10,AI phone scam targets Italian business leaders including Giorgio Armani,"Some of Italy’s best-known business leaders, including the fashion designer Giorgio Armani and the Prada chair, Patrizio Bertelli, have been targeted by an artificial intelligence-based scam that involved the mimicking of the defence minister’s voice in telephone calls claiming to seek help to free Italian journalists kidnapped in the Middle East. Prosecutors in Milan have received four legal complaints, including from Massimo Moratti, the former owner of Inter Milan, and a member of the Beretta family, the world’s oldest producer of firearms. The defence minister, Guido Crosetto, on Monday said he would submit a legal complaint after his voice was cloned and used in at least one of the calls. At least one of the targets is known to have fallen for the scam and was duped into making two transfers totalling €1m to an account in Hong Kong after falsely believing they would be reimbursed by the Bank of Italy. Crosetto revealed the scam in a social media post after receiving a call last week from a well-known entrepreneur who had transferred a large sum of money to an account after what he was convinced was a conversation with the minister. Then two more people contacted him. He said he chose to make the case public “so that no one runs the risk of falling into the trap”. Others were targeted by calls claiming to be from Crosetto’s staff, which were made to appear as though they were coming from the defence ministry in Rome. As of Monday, the legal complaints submitted include one from a member of the Aleotti family, which heads the Menarini pharmaceutical firm, and one from a member of the family that owns the Esselunga supermarket chain. A complaint is also expected to be submitted by Giorgio Armani, whose staff were contacted by the scammers, according to reports in the Italian press. The first person to file a legal complaint was Moratti, the former football boss and chair of Saras Group, an multinational energy company. “It all seemed real, they were good, it could","AI phone scam targets Italian business leaders including Giorgio Armani. Some of Italy’s best-known business leaders, including the fashion designer Giorgio Armani and the Prada chair, Patrizio Bertelli, have been targeted by an artificial intelligence-based scam that involved the mimicking of the defence minister’s voice in telephone calls claiming to seek help to free Italian journalists kidnapped in the Middle East. Prosecutors in Milan have received four legal complaints, including from Massimo Moratti, the former owner of Inter Milan, and a member of the Beretta family, the world’s oldest producer of firearms. The defence minister, Guido Crosetto, on Monday said he would submit a legal complaint after his voice was cloned and used in at least one of the calls. At least one of the targets is known to have fallen for the scam and was duped into making two transfers totalling €1m to an account in Hong Kong after falsely believing they would be reimbursed by the Bank of Italy. Crosetto revealed the scam in a social media post after receiving a call last we",World news,https://www.theguardian.com/world/2025/feb/10/ai-phone-scam-targets-italian-business-leaders-including-giorgio-armani,"""prada"" AND (""luxury"" OR ""fashion"" OR ""stock"")"
world/live/2025/feb/10/emmanuel-macron-ai-summit-paris-eu-trump-tariffs-europe-live,2025-02-10,"Macron takes swipe at Trump with ‘plug, baby, plug’ comment at AI summit – as it happened","… and on that note, it’s a wrap from me, Jakub Krupa. Here are the three things to take away from today’s Europe Live blog: French president Emmanuel Macron has promised to cut the red tape and streamline regulatory processes to lure AI and technology companies to Europe, saying France was uniquely positioned to offer the best of European talent, low-carbon energy, and access to the European single market (18:12, 18:24, 18:28, 18:38). Expect many of these issues to be picked up again on Tuesday, when he leads Day 2 of the summit with global leaders, including US vice-president JD Vance. The Swedish prosecutor leading on the investigation into the Örebro shooting has confirmed this morning the identity of the perpetrator, reported as Rickard Andersson, a former student at Campus Risbergska. He was previously described by the Swedish media as a 35-year-old unemployed recluse with psychological problems (11:19). Most of this victims had an immigrant background, police have said (15:05), and a national minute of silence is planned for Tuesday (14:33). EU and national leaders have protested against seemingly imminent US plans to impose tariffs on aluminium and steel imports, with the bloc calling them “unlawful and economically counterproductive” (9:48, 9:54, 9:58, 13:00). And that’s all from me, Jakub Krupa, for today. See you again tomorrow, but until then… enjoy this montage: If you have any tips, comments or suggestions, email me at jakub.krupa@theguardian.com. I am also on Bluesky at @jakubkrupa.bsky.social and on X at @jakubkrupa. Finally, Macron turns to adoption and acceleration of the technology, as he promises that France will move fast with its proposals in this area. He declares Europe is (thanks to France obviously) “back in the race” with the US and China with the pledges of €109bn of investment, but calls for “more Europe” and a more coordinated European approach to AI. It’s a wake up call for your European strategy. Tomorrow [European Commission] presiden","Macron takes swipe at Trump with ‘plug, baby, plug’ comment at AI summit – as it happened. … and on that note, it’s a wrap from me, Jakub Krupa. Here are the three things to take away from today’s Europe Live blog: French president Emmanuel Macron has promised to cut the red tape and streamline regulatory processes to lure AI and technology companies to Europe, saying France was uniquely positioned to offer the best of European talent, low-carbon energy, and access to the European single market (18:12, 18:24, 18:28, 18:38). Expect many of these issues to be picked up again on Tuesday, when he leads Day 2 of the summit with global leaders, including US vice-president JD Vance. The Swedish prosecutor leading on the investigation into the Örebro shooting has confirmed this morning the identity of the perpetrator, reported as Rickard Andersson, a former student at Campus Risbergska. He was previously described by the Swedish media as a 35-year-old unemployed recluse with psychological problems (11:19). Most of this victims had an immigrant background, police have said (15:05), a",World news,https://www.theguardian.com/world/live/2025/feb/10/emmanuel-macron-ai-summit-paris-eu-trump-tariffs-europe-live,"""prada"" AND (""luxury"" OR ""fashion"" OR ""stock"")"
film/live/2025/feb/16/baftas-2025-the-red-carpet-the-ceremony-the-winners-live,2025-02-16,"Baftas 2025: the red carpet, the ceremony, the winners – as it happened","We have exhausted our supply of takes, pics and pithy comments, so it’s time to shut this live blog down. We’ll leave you with one final gallery, of famous folk at the Bafta afterparty. Come for Chalamet and Jenner, stay for Lupita Nyong’O looking genuinely thrilled to be in the company of her Wild Robot. Thanks for joining us and see you again next year! The Guardian’s desk of crack film writers (and me) have put together the nine biggest snubs and surprises of a night overflowing with them. Demi Moore, A Complete Unknown and Ralph Fiennes missed out, but it was a big night for Mikey Madison, Conclave and a certain claymation duo. We haven’t talked too much about David Tennant’s performance, so let’s do that briefly. He certainly threw himself into the role again, and remains a big name host – by Bafta standards, certainly. But by god, the material he was given tonight was creeeeeaaaky. There was an undercurrent of dad joke running through his opening monologue – and not in an endearing, knowing way. Those shortcoming were brought into relief by the far funnier award introductions from the likes of Stephen Merchant and Simon Pegg. He’s a game host, a willing song and dance man, but he definitely needs more help from whoever’s writing his gags. So what do tonight’s wins mean for the Oscars? The Baftas tend to be an awards season curio, frequently zagging where other ceremonies zig – and often exhibiting a lot of home-field bias. Still, with the Academy increasingly growing less American and more international, there’s a feeling that its significance in the awards season has grown a little in recent years – and it does still provide a useful platform for anyone wanting to make one final onstage pitch before Oscar voting closes later this week. So the wins for Adrien Brody, Mikey Madison, Zoe Saldaña and Brady Corbet, whose campaigns seemed to, by various degrees, be flagging in recent weeks, felt significant. And while it’s hard to imagine Conclave performing quite s","Baftas 2025: the red carpet, the ceremony, the winners – as it happened. We have exhausted our supply of takes, pics and pithy comments, so it’s time to shut this live blog down. We’ll leave you with one final gallery, of famous folk at the Bafta afterparty. Come for Chalamet and Jenner, stay for Lupita Nyong’O looking genuinely thrilled to be in the company of her Wild Robot. Thanks for joining us and see you again next year! The Guardian’s desk of crack film writers (and me) have put together the nine biggest snubs and surprises of a night overflowing with them. Demi Moore, A Complete Unknown and Ralph Fiennes missed out, but it was a big night for Mikey Madison, Conclave and a certain claymation duo. We haven’t talked too much about David Tennant’s performance, so let’s do that briefly. He certainly threw himself into the role again, and remains a big name host – by Bafta standards, certainly. But by god, the material he was given tonight was creeeeeaaaky. There was an undercurrent of dad joke running through his opening monologue – and not in an endeari",Film,https://www.theguardian.com/film/live/2025/feb/16/baftas-2025-the-red-carpet-the-ceremony-the-winners-live,"""devil wears prada"""
tv-and-radio/2025/feb/22/tv-tonight-a-plucky-period-drama-about-sex-drugs-and-illicit-clubs,2025-02-22,"TV tonight: a plucky period drama about sex, drugs and illicit clubs","Dope Girls 9.15pm, BBC One A plucky period drama set in Soho’s heady underworld that has been pitched as the feminist “spiritual successor” to Peaky Blinders. It is the end of the first world war, and women refuse to give up the autonomy they’ve gained – so they establish themselves in the drug business growing in London’s illicit clubs. Kate (Julianne Nicholson) is a single mother who, by the end of this first episode, finds herself with blood on her hands. Hollie Richardson Sarah Beeny’s New Life in the Country 6.15pm, Channel 4 It’s the last visit to the Beenys’ Somerset pile and, naturally, “build a vineyard” is the final thing on their to-do list. With hopes of one day cheering glasses of “chambeeny” wine, Sarah lays truckloads of compost, while Graham designs the labels. HR Michael McIntyre’s Big Show 6.40pm, BBC One Master wind-up merchant McIntyre wraps up the current run of his family-friendly comedy blowout with a little help from Little Mix’s Perrie Edwards and boybands McFly and Busted. Holly Willoughby is also on hand hoping she can put the right name to a face from her past in the “Remember Me?” segment. Graeme Virtue Britain’s Got Talent 7pm, ITV1 It’s back: Simon, Amanda, Alesha and Bruno return to glower and grin as a new series kicks off the talent show’s 18th season. As before, there’s a £250,000 prize and a Royal Variety slot to bag. Guest judge KSI will be stepping in for three Blackpool audition days while Bruno films Dancing With the Stars. Ali Catterall An t-Eilean (The Island) 9pm, BBC Four This Hebrides-set, Gaelic-language thriller has been sturdy, involving fare. In this week’s double bill: the endgame as the pragmatic-to-a-fault DCI Halim looks to wrap up the case. Kat, however, is looking at Ruaraidh’s furtive behaviour with suspicion and wondering if all hasn’t yet been revealed. And she might just be right. Phil Harrison The Jonathan Ross Show 9.30pm, ITV1 Former Ugly Betty star Vanessa Williams is currently playing scary fashion edit","TV tonight: a plucky period drama about sex, drugs and illicit clubs. Dope Girls 9.15pm, BBC One A plucky period drama set in Soho’s heady underworld that has been pitched as the feminist “spiritual successor” to Peaky Blinders. It is the end of the first world war, and women refuse to give up the autonomy they’ve gained – so they establish themselves in the drug business growing in London’s illicit clubs. Kate (Julianne Nicholson) is a single mother who, by the end of this first episode, finds herself with blood on her hands. Hollie Richardson Sarah Beeny’s New Life in the Country 6.15pm, Channel 4 It’s the last visit to the Beenys’ Somerset pile and, naturally, “build a vineyard” is the final thing on their to-do list. With hopes of one day cheering glasses of “chambeeny” wine, Sarah lays truckloads of compost, while Graham designs the labels. HR Michael McIntyre’s Big Show 6.40pm, BBC One Master wind-up merchant McIntyre wraps up the current run of his family-friendly comedy blowout with a little help from Little Mix’s Perrie Edwards and boybands McFl",Television & radio,https://www.theguardian.com/tv-and-radio/2025/feb/22/tv-tonight-a-plucky-period-drama-about-sex-drugs-and-illicit-clubs,"""devil wears prada"""
tv-and-radio/2025/feb/23/gugu-mbatha-raw-its-good-to-trust-your-gut,2025-02-23,Gugu Mbatha-Raw: ‘It’s good to trust your gut’,"Early on in Gugu Mbatha-Raw’s career, an older, white actor advised she change her name to something easier to pronounce. She declined – a strong choice for a young actor. “I don’t think it’s that strong,” rebuts Mbatha-Raw. She likes her name. Besides, “it means ‘Our Pride’ in Zulu. To change that would be the antithesis of its meaning.” Mbatha-Raw is known for choosing roles that combine art and social advocacy. She’s won awards, been honoured with an MBE, appointed a Goodwill Ambassador for the United Nations Refugee Agency. People still mispronounce her name, though. The most extreme example she recalls was in Norway, when a host announced her from a piece of paper. “Gucci… Matthew… Ray? I was like, ‘I guess that’s me!’” I wonder if this says something about the west’s complacency regarding the achievements of those with ethnic roots elsewhere. Doesn’t middle England relate more easily to names that reflect their own? “I disagree,” she says. “I think it’s OK for people to be challenged. To reach outside their culture and know that’s not all there is.” Yes, but do they? “Well, you’ve got to give them the opportunity.” The answer brings me up short. We’re at a farmhouse table at a west London photography studio. When I walked in, Mbatha-Raw was wearing beads of jewellery and doing a fan dance with a pink tutu. She’s here to promote the second series of Surface, the Apple TV thriller about a woman who suffers memory loss after an apparent suicide attempt. “I’d seen other amnesia stories, but always featuring a male protagonist, from a male point of view,” she says. Surface, made by Hello Sunshine, Reese Witherspoon’s media company, offered Mbatha-Raw the opportunity to come on board as an executive producer. She relished being a bigger part of the process, from pitching to Apple to choosing the creative team and having a voice at script level. Surface investigates identity, trust and trauma. The first series, set in San Francisco, was measured and mysterious. The s","Gugu Mbatha-Raw: ‘It’s good to trust your gut’. Early on in Gugu Mbatha-Raw’s career, an older, white actor advised she change her name to something easier to pronounce. She declined – a strong choice for a young actor. “I don’t think it’s that strong,” rebuts Mbatha-Raw. She likes her name. Besides, “it means ‘Our Pride’ in Zulu. To change that would be the antithesis of its meaning.” Mbatha-Raw is known for choosing roles that combine art and social advocacy. She’s won awards, been honoured with an MBE, appointed a Goodwill Ambassador for the United Nations Refugee Agency. People still mispronounce her name, though. The most extreme example she recalls was in Norway, when a host announced her from a piece of paper. “Gucci… Matthew… Ray? I was like, ‘I guess that’s me!’” I wonder if this says something about the west’s complacency regarding the achievements of those with ethnic roots elsewhere. Doesn’t middle England relate more easily to names that reflect their own? “I disagree,” she says. “I think it’s OK for people to be challe",Television & radio,https://www.theguardian.com/tv-and-radio/2025/feb/23/gugu-mbatha-raw-its-good-to-trust-your-gut,"""prada"" AND (""luxury"" OR ""fashion"" OR ""stock"")"
fashion/2025/feb/25/leaderless-gucci-harks-back-to-glamorous-60s-and-sexy-90s-in-milan,2025-02-25,Leaderless Gucci harks back to glamorous 60s and sexy 90s in Milan,"The arithmetic of fashion goes like this: take a status brand, such as Gucci, and multiply it to the power of X by putting it in the hands of a zeitgeist-hitting designer. Pair the right label with the right person at the right moment, and you hit the jackpot. At this Milan fashion week, Gucci’s numbers were never quite going to add up. Despite having the illustrious, high-value brand name, there is a big fat zero where the designer should be. Sales fell 24% in the last quarter of 2024, and designer Sabato de Sarno exited the brand a fortnight ago. The departure was expected, but the timing spoke of a brand rattled by the failure of recent collections to connect with shoppers. The new collection, a group effort by the leaderless design team presented with chin-up fanfare, a live orchestra and trays of champagne, was a statement about what Gucci has been, and can be again with the right creative leader. This was a solid greatest hits package, harking back to the brand at its most glamorous – the 1960s, and its sexiest – the 1990s. Luxe faux fur coats over pencil skirts paid homage to the days when Sophia Loren was a beloved customer at the Gucci store in Rome; shift dresses with oversized buttons and daringly high hemlines brought a dash of Jackie Kennedy. Menswear channelled the same period, with boxy car coats worn over turtlenecks in the beatnik-meets-cockney spirit of Michael Caine in his The Italian Job era. Horse-bit hardware and bamboo handles, details as Gucci as a double G logo, showed up on belts and bags. Tom Ford’s 1990s handwriting was here too, in tissue-thin slip dresses plunging low to the navel and the base of the spine, and a sheer lace skirt with the briefest of black knickers visible beneath. The design team, who took a joint bow at the end of the show in matching green Gucci sweatshirts, had fun with the colour palette. A poison green pencil skirt winked under a violet coat, while a blood-red blouse brought a pale pink skirt suit to life. De Sarn","Leaderless Gucci harks back to glamorous 60s and sexy 90s in Milan. The arithmetic of fashion goes like this: take a status brand, such as Gucci, and multiply it to the power of X by putting it in the hands of a zeitgeist-hitting designer. Pair the right label with the right person at the right moment, and you hit the jackpot. At this Milan fashion week, Gucci’s numbers were never quite going to add up. Despite having the illustrious, high-value brand name, there is a big fat zero where the designer should be. Sales fell 24% in the last quarter of 2024, and designer Sabato de Sarno exited the brand a fortnight ago. The departure was expected, but the timing spoke of a brand rattled by the failure of recent collections to connect with shoppers. The new collection, a group effort by the leaderless design team presented with chin-up fanfare, a live orchestra and trays of champagne, was a statement about what Gucci has been, and can be again with the right creative leader. This was a solid greatest hits package, harking back to the brand at its most glamor",Fashion,https://www.theguardian.com/fashion/2025/feb/25/leaderless-gucci-harks-back-to-glamorous-60s-and-sexy-90s-in-milan,"""Kering"" AND ""fashion"""
culture/2025/feb/26/arts-sectors-use-of-unpaid-interns-for-some-roles-could-be-experts-say,2025-02-26,"Arts sector’s use of unpaid interns for some roles could be illegal, experts say","Arts employers could be breaking the law by relying on unpaid interns to perform roles that should be left to paid workers, preventing young people from working-class backgrounds from gaining a foothold, experts have said. Institutions are getting away with exploiting carve-outs in employment legislation to keep interns working for free, they said, which stops working-class people from finding paid work in the industry. The claim comes after prominent figures across the arts and culture sector raised the alarm about the lack of working-class talent in their industries. A Guardian survey of the 50 organisations that receive the most Arts Council funding has revealed that 30% of artistic directors and other creative leaders were privately educated, compared with a national average of 7%. British law mandates that interns are entitled to pay if they meet certain criteria, such as dictated hours, days and duties. But the creative industries have become inured to using young people without penalty, according to those working to improve access and development. It is believed employers are relying on internship exemptions in the National Minimum Wage Act intended for people working for free as part of their studies, as a volunteer or in a short-term work experience position. In reality, the responsibilities handed to young people in a highly sought-after but cash-strapped sector has led to interns in effect being handed the roles of employees. One charity founder likened it to “slave labour”, with employers offering a perceived sense of privilege in lieu of cash. “The creative sector has been using unpaid internships for so long without penalty that it has become an embedded way of doing things,” said the British Film Institute’s director of skills and workforce development, Sara Whybrew. “The law is clear on what makes someone a worker, and therefore when the national minimum wage must apply. But there’s anecdotal evidence that some employers aren’t fully cognisant of the","Arts sector’s use of unpaid interns for some roles could be illegal, experts say. Arts employers could be breaking the law by relying on unpaid interns to perform roles that should be left to paid workers, preventing young people from working-class backgrounds from gaining a foothold, experts have said. Institutions are getting away with exploiting carve-outs in employment legislation to keep interns working for free, they said, which stops working-class people from finding paid work in the industry. The claim comes after prominent figures across the arts and culture sector raised the alarm about the lack of working-class talent in their industries. A Guardian survey of the 50 organisations that receive the most Arts Council funding has revealed that 30% of artistic directors and other creative leaders were privately educated, compared with a national average of 7%. British law mandates that interns are entitled to pay if they meet certain criteria, such as dictated hours, days and duties. But the creative industries have become inured to using young people without ",Culture,https://www.theguardian.com/culture/2025/feb/26/arts-sectors-use-of-unpaid-interns-for-some-roles-could-be-experts-say,"""devil wears prada"""
thefilter/2025/feb/26/stylish-womens-raincoats,2025-02-26,From Scandi brands to plastic-free fabrics: 10 women’s raincoats to style out drizzly days,"We’ve all heard the adage, “There’s no such thing as bad weather, only bad clothes.” I’ve always felt this obfuscates the fact that winter can be tough precisely because of its soggy, grey – yes, “bad” – weather, even if you’re dressed head to toe in warm waterproofs. However, I now have to admit that the right clothes for the right weather can bring a freedom. Enter: the humble anorak. I spent my 20s dreading winters, which I spent freezing, only thawing out come summer. Even then, a light July sprinkling might have stopped me in my tracks, so opposed was I to clothes that made concessions for meteorological conditions. But with adulthood came an admission that anoraks are low-key amazing. I bought one and – by keeping me dry and therefore warmer – it has, without hyperbole, changed my life. But not all anoraks are created equal. Some are designed for the kind of conditions you might meet on an Icelandic fishing trawler, while others barely stand up to a summer drizzle. Some don’t seem to consider aesthetics at all, but others can keep their wearer dry without making them look as if they’re going on a log flume. I’m now the proud owner of two anoraks, and often mix and match with my partner’s, depending on the occasion and type of rain with which I’m faced. Sometimes, I’ll wear an oversized raincoat over my smarter wool coat, and shed a layer as I reach my destination. Other times I wear one over a Uniqlo puffer jacket – a vital winter layer, in my book – and cycle, without feeling weighed down by wool and sweat. *** The best women’s raincoats for 2025 *** Best all-rounder: Rains long jacket £95 at Rains £78 at John Lewis When it comes to wet-weather gear, Scandinavian brand Rains knows what it’s doing (the clue is in the name). This is one of the brands I reach for whenever the weather takes a turn; its long jacket has seen me through countless soggy commutes, playground trips and walks in the woods. After a muddy walk, it’s happily machine-washable – despite havi","From Scandi brands to plastic-free fabrics: 10 women’s raincoats to style out drizzly days. We’ve all heard the adage, “There’s no such thing as bad weather, only bad clothes.” I’ve always felt this obfuscates the fact that winter can be tough precisely because of its soggy, grey – yes, “bad” – weather, even if you’re dressed head to toe in warm waterproofs. However, I now have to admit that the right clothes for the right weather can bring a freedom. Enter: the humble anorak. I spent my 20s dreading winters, which I spent freezing, only thawing out come summer. Even then, a light July sprinkling might have stopped me in my tracks, so opposed was I to clothes that made concessions for meteorological conditions. But with adulthood came an admission that anoraks are low-key amazing. I bought one and – by keeping me dry and therefore warmer – it has, without hyperbole, changed my life. But not all anoraks are created equal. Some are designed for the kind of conditions you might meet on an Icelandic fishing trawler, while others barely stand up to a summer drizzle. Some don’t see",The Filter,https://www.theguardian.com/thefilter/2025/feb/26/stylish-womens-raincoats,"""prada"" AND (""luxury"" OR ""fashion"" OR ""stock"")"
fashion/2025/feb/26/milan-fashion-week-its-a-family-affair-as-fendi-celebrates-centenary,2025-02-26,Milan fashion week: it’s a family affair as Fendi celebrates centenary,"The hot ticket of Milan fashion week was a family birthday party first, a catwalk collection second. The Fendis celebrated 100 years in fashion with a show that began with a cameo by Dardo and Tazio, seven-year-old great-great-grandsons of house founders Edoardo and Adele. The twins’ jewellery designer mother, Delfina, designed the snake chain bracelets and shimmering fountain earrings in the show; their grandmother, Silvia, artistic director of accessories and menswear, presided over the evening as master of ceremonies. Fendi is now owned by LVMH. “So I’m not here because I own it – I don’t,” said Silvia backstage before the show. “But nothing changed for me when we sold. This is still my home.” This night was both business – over 1,000 guests, more than 100 new outfits which will soon be on sale, a stellar cast including British models Yasmin Le Bon, 60, and Penelope Tree, 75 – and sentiment. The role of womenswear designer is now vacant, after the departure of Kim Jones last year. Recruitment for his successor has been on ice during the centenary to give the Fendi family their flowers as they celebrate their milestone. Silvia Venturini Fendi is no ordinary nepo baby. In 1997, three years after she joined the family business, she designed the Baguette handbag. So named because of a svelte profile that allowed it to be tucked under an arm like a French loaf being carried home from the boulangerie, the Baguette became Fendi’s foremost product, namechecked in Sex and the City. Sarah Jessica Parker was at this show in honour of that pop culture moment. The anniversary collection was steeped in the codes of the 1960s and 1970s, soundtracked to Barry White. The catwalk was carpeted in the brick-red shade that Silvia remembers from the Rome atelier where her mother, Anna, worked when she was little. “I went there a lot because my mother was working very long hours, and she didn’t have a driving licence, so I would go with my father in the car in the evening to pick her u","Milan fashion week: it’s a family affair as Fendi celebrates centenary. The hot ticket of Milan fashion week was a family birthday party first, a catwalk collection second. The Fendis celebrated 100 years in fashion with a show that began with a cameo by Dardo and Tazio, seven-year-old great-great-grandsons of house founders Edoardo and Adele. The twins’ jewellery designer mother, Delfina, designed the snake chain bracelets and shimmering fountain earrings in the show; their grandmother, Silvia, artistic director of accessories and menswear, presided over the evening as master of ceremonies. Fendi is now owned by LVMH. “So I’m not here because I own it – I don’t,” said Silvia backstage before the show. “But nothing changed for me when we sold. This is still my home.” This night was both business – over 1,000 guests, more than 100 new outfits which will soon be on sale, a stellar cast including British models Yasmin Le Bon, 60, and Penelope Tree, 75 – and sentiment. The role of womenswear designer is now vacant, after the departure of Kim Jones last year. R",Fashion,https://www.theguardian.com/fashion/2025/feb/26/milan-fashion-week-its-a-family-affair-as-fendi-celebrates-centenary,"""LVMH"" AND ""fashion"""
fashion/2025/feb/27/milan-fashion-week-prada-liberates-as-max-mara-brings-the-drama,2025-02-27,Milan fashion week: Prada liberates as Max Mara brings Brontë drama,"Backstage after the Prada show, someone asked Miuccia Prada if the four loose black dresses with which it began were a comment on fashion’s obsession with the Little Black Dress. The designer laughed. “No. We are in a very black moment. This is a very difficult time. It is not my job to be political but, every time you open a newspaper – oh my God! My job is to think about what clothes a woman can wear. About what kind of femininity makes sense in a moment like this.” Skirt suits, dresses and coats were generously cut, allowing the body within to move freely. “When we think of feminine beauty in clothes, our minds go straight away to something constricted,” said Prada’s co-designer, Raf Simons. “I look around now and see so many corsets. I see women with so much work. Our idea of feminine beauty is often about constricting movement, so we wanted these clothes to be about liberation. Which is about fashion, but it is not just about fashion.” To emphasise the message of liberation, the roomy cut was in contrast to styles that spoke to the ladylike 1950s and 1960s. There were Audrey Hepburn collars and rows of pearl buttons, trapeze line silhouettes and chain handle bags. Sweaters were pinned with jewelled brooches, coats swagged with (fake) fur collars. Unusually, there were no evening dresses in the show. “This is not a time for decadence,” said Miuccia Prada. Instead, there were gestures of glamour – jewels, bows, high heels – among woollen dresses and cotton shirts. “Glamour is not a sexy dress, it’s an interior point of view. Glamour is about feeling important.” Max Mara presented a more down-to-earth vision, with a show that gave a clear picture of what contemporary chic looks like. Coats are getting longer, so that ankle-length now looks more modern than knee-length. Tastefully oversized trousers belted at the waist have taken over from pencil skirts as the smart daytime uniform. Sleeveless layers, in the form of chunky gilets and knitted tank vests, are increas","Milan fashion week: Prada liberates as Max Mara brings Brontë drama. Backstage after the Prada show, someone asked Miuccia Prada if the four loose black dresses with which it began were a comment on fashion’s obsession with the Little Black Dress. The designer laughed. “No. We are in a very black moment. This is a very difficult time. It is not my job to be political but, every time you open a newspaper – oh my God! My job is to think about what clothes a woman can wear. About what kind of femininity makes sense in a moment like this.” Skirt suits, dresses and coats were generously cut, allowing the body within to move freely. “When we think of feminine beauty in clothes, our minds go straight away to something constricted,” said Prada’s co-designer, Raf Simons. “I look around now and see so many corsets. I see women with so much work. Our idea of feminine beauty is often about constricting movement, so we wanted these clothes to be about liberation. Which is about fashion, but it is not just about fashion.” To emphasise the message of liberation, the r",Fashion,https://www.theguardian.com/fashion/2025/feb/27/milan-fashion-week-prada-liberates-as-max-mara-brings-the-drama,"""prada"" AND (""luxury"" OR ""fashion"" OR ""stock"")"
fashion/2025/feb/28/milano-fashion-week-not-just-versace-dresses-for-sale-but-the-company-itself,2025-02-28,"Milan fashion week: not just Versace dresses for sale, but the company itself","It is not just the dresses on the Versace catwalk that are for sale this Milan fashion week, but Versace itself. One of the most glamorous names in fashion is up for grabs, with Prada, its longtime rival for Milan bragging rights, thought to be close to purchasing the company. The prospect of a sale raises the question of whether Donatella, designer since the death of her brother in 1997, will remain as creative lead. Versace without Donatella is hard to imagine. She remains a hands-on designer, and the lightning rod through which Versace’s energy is conducted. “Everyone should have a little Versace attitude,” she said before this show, held under the iron shelter of a historic tram depot in Milan where, as a concession to guest’s skimpy outfits, the benches were heated. “Our house codes are recognised all over the world, and they make us so strong,” she added. Nonetheless, references in this collection to autumn/winter 1997, the last collection Gianni designed before his death – a distinctive Sex Pistols punk fusion of black and daffodil yellow, oily leathers and Roy Lichtenstein brights - fuelled rumours of a possible departure. “The first great post-Freudian fashion designer” was how Richard Martin, curator of an exhibition of his work in 1992, once described Gianni Versace. “He’s thinking about sex.” Donatella’s aesthetic is equally bedroom-coded, with crystal mesh dresses that shimmer and melt like hot candle wax. In less tumultuous times, the biggest concern for Versace this weekend would be which actors might wear Versace gowns on Sunday’s Oscars red carpet. (Cillian Murphy, who recently starred in an advertising campaign, was seated next to Anna Wintour in the front row.) But with American group Capri Holdings looking to offload the label it bought for $2.1bn in 2018, a lot more is at stake. Backstage after her show on Thursday, Miuccia Prada told reporters the Versace deal was “on everyone’s table”. A potential deal with Prada, or with Diesel founder Renzo ","Milan fashion week: not just Versace dresses for sale, but the company itself. It is not just the dresses on the Versace catwalk that are for sale this Milan fashion week, but Versace itself. One of the most glamorous names in fashion is up for grabs, with Prada, its longtime rival for Milan bragging rights, thought to be close to purchasing the company. The prospect of a sale raises the question of whether Donatella, designer since the death of her brother in 1997, will remain as creative lead. Versace without Donatella is hard to imagine. She remains a hands-on designer, and the lightning rod through which Versace’s energy is conducted. “Everyone should have a little Versace attitude,” she said before this show, held under the iron shelter of a historic tram depot in Milan where, as a concession to guest’s skimpy outfits, the benches were heated. “Our house codes are recognised all over the world, and they make us so strong,” she added. Nonetheless, references in this collection to autumn/winter 1997, the last collection Gianni designed before his death – a dis",Fashion,https://www.theguardian.com/fashion/2025/feb/28/milano-fashion-week-not-just-versace-dresses-for-sale-but-the-company-itself,"""prada"" AND (""luxury"" OR ""fashion"" OR ""stock"")"
culture/2025/mar/01/theatre-backstage-lithgow-coogan-paapa-denise-gough-vanessa-williams-erin-doherty,2025-03-01,Behind the curtain: what really goes on in theatre dressing rooms?,"SLightbulb-wreathed mirrors, wigs and makeup artists, a sense of faded glamour: the backstage dressing room has its very own lore in Theatreland. It is a private space for a company of actors to gear up or wind down, in between slipping into character, but it’s so much more than that. Films such as All About Eve and John Cassavetes’s Opening Night, as well as plays such as Ronald Harwood’s The Dresser, show this space bristling with tension, vulnerability and rivalries. And Judi Dench has spoken about the fun to be had in this other, unseen side of the proscenium arch (including accidentally flashing Kenneth Branagh). Denise Gough (centre), who plays Emma in People, Places and Things, chats with her fellow Emmas during the interval at the Trafalgar Studios theatre. The intimate, playful and contemplative images here, captured so delicately over the past year by photographer David Levene, illuminate the cloistered life of the dressing room and show a sometimes convivial, at other times meditative backstage area across a host of major productions. Vanessa Williams as Miranda Priestly in The Devil Wears Prada at the Dominion theatre. They are filled with celebrity faces not as we ordinarily see them but in a limbo state, wavering somewhere between themselves and the role they will soon assume, front of stage. So there’s the tender sight of Steve Coogan in a quiet moment, cup of tea and biscuit in hand, before going out to play Dr Strangelove in the eponymous West End show. And John Lithgow, smiling, at ease with food and friends around him, before playing the troubling part of Roald Dahl in Giant, and Paapa Essiedu, midway through the process of donning his costume, and character, for Death of England: Delroy. James McArdle in his dressing room at the Old Vic as he prepares for his role as Henry in Tom Stoppard’s The Real Thing. Obsessed with American politics, James decided to have her portrait of presidential candidate Kamala Harris hung in his dressing room for the ","Behind the curtain: what really goes on in theatre dressing rooms?. SLightbulb-wreathed mirrors, wigs and makeup artists, a sense of faded glamour: the backstage dressing room has its very own lore in Theatreland. It is a private space for a company of actors to gear up or wind down, in between slipping into character, but it’s so much more than that. Films such as All About Eve and John Cassavetes’s Opening Night, as well as plays such as Ronald Harwood’s The Dresser, show this space bristling with tension, vulnerability and rivalries. And Judi Dench has spoken about the fun to be had in this other, unseen side of the proscenium arch (including accidentally flashing Kenneth Branagh). Denise Gough (centre), who plays Emma in People, Places and Things, chats with her fellow Emmas during the interval at the Trafalgar Studios theatre. The intimate, playful and contemplative images here, captured so delicately over the past year by photographer David Levene, illuminate the cloistered life of the dressing room and show a sometimes convivial, at other times ",Culture,https://www.theguardian.com/culture/2025/mar/01/theatre-backstage-lithgow-coogan-paapa-denise-gough-vanessa-williams-erin-doherty,"""devil wears prada"""
film/live/2025/mar/02/oscars-academy-awards-red-carpet-winners-live,2025-03-03,"Oscars 2025 highlights: Anora sweeps awards with best picture, best director and best actress – as it happened","So those were the 97th annual Oscars, a ceremony where Sean Baker made history, Mikey Madison ascended to the top table and Adrien Brody refused to be shushed by a whacking great orchestra. Here again is our news writeup of the night’s festivities, and here is the full list of winners. We’ll see you in 2026 for more of the same! Here’s our gallery of Oscars afterparties, featuring more celebs than you could shake a gold statuette at: Here’s some breaking news: just after tonight’s ceremony ended, an earthquake hit LA. Thankfully there don’t seem to be any reports of significant damage or injuries. We’ll have a full news writeup soon. So what were the big things we learned from this year’s ceremony? The Guardian’s tireless (well, ok, at this stage pretty tired) team of writers share 13 takeaways: Strangely unmentioned in the ceremony? That guy in the White House. Jenna Amatulli looks at why everyone was so taciturn on Trump: On the other hand, Catherine Shoard isn’t quite as taken with Sean Baker’s film as the rest of us. Here’s why she found Anora a snorer: Our film critic supremo Peter Bradshaw has scrutinised last night’s results, and is delighted by Anora’s victory: An amazing win for this exhilarating and scintillating film, and what a career arc for the American indie auteur Baker For much of the evening it was looking like the Academy was keen to spread the wealth, with no film dominating a la Oppenheimer. Ultimately though, with a series of late wins in big categories (actress, director, picture), Anora managed an impressive five awards, while The Brutalist, Dune Part 2, Emilia Perez and Wicked claimed multiple wins. Here’s the scorecard for all the feature films: Anora (5) The Brutalist (3) Dune: Part Two (2) Emilia Pérez (2) Wicked (2) Conclave (1) Flow (1) I’m Still Here (1) No Other Land (1) A Real Pain (1) The Substance (1) And here are the best quotes of the night. My personal favourite? Conan gently dipping his toe into political waters: “Anora is havi","Oscars 2025 highlights: Anora sweeps awards with best picture, best director and best actress – as it happened. So those were the 97th annual Oscars, a ceremony where Sean Baker made history, Mikey Madison ascended to the top table and Adrien Brody refused to be shushed by a whacking great orchestra. Here again is our news writeup of the night’s festivities, and here is the full list of winners. We’ll see you in 2026 for more of the same! Here’s our gallery of Oscars afterparties, featuring more celebs than you could shake a gold statuette at: Here’s some breaking news: just after tonight’s ceremony ended, an earthquake hit LA. Thankfully there don’t seem to be any reports of significant damage or injuries. We’ll have a full news writeup soon. So what were the big things we learned from this year’s ceremony? The Guardian’s tireless (well, ok, at this stage pretty tired) team of writers share 13 takeaways: Strangely unmentioned in the ceremony? That guy in the White House. Jenna Amatulli looks at why everyone was so taciturn on Trump: On the other hand, Catherine Shoard isn’t quite as taken with ",Film,https://www.theguardian.com/film/live/2025/mar/02/oscars-academy-awards-red-carpet-winners-live,"""LVMH"" AND ""fashion"""
fashion/2025/mar/03/prada-talks-buy-versace-deal,2025-03-03,Prada in talks to buy Versace in deal that could reach almost €1.5bn,"Prada is in talks to buy the Versace fashion brand from the US investor Capri Holdings for a price that could reportedly reach nearly €1.5bn (£1.2bn). Milan-based Prada and the New York-listed Capri could reach a deal for Versace this month, Bloomberg reported, although the talks could still fall apart. A deal would bring the Versace brand back under Italian ownership, and would make Prada larger as it tries to compete with France’s LVMH, the owner of luxury brands including Louis Vuitton, Moët &amp; Chandon and Hennessy. Prada was founded in 1913 in Milan by Mario Prada, but has been led since the 1970s by his granddaughter Miuccia Prada. Capri was formerly known as Michael Kors but was renamed after the US fashion brand took over the shoemaker Jimmy Choo in 2017, and then Versace in 2018. A sale at $1.5bn would represent a loss for Capri. Michael Kors bought Versace for $2.1bn but the Italian brand has struggled in recent years. Capri this month reported revenues of $193m for Versace in the final three months of 2024, down 15% compared with the same period a year earlier. It is expected to be lossmaking this financial year, and then to break even in the next. Versace does not produce items such as luggage that remain resilient sellers for the likes of Louis Vuitton during slower periods. It is also facing questions over whether it will remain under the leadership of Donatella Versace, its designer since the death of her brother, Gianni, in 1997. At Milan fashion week, the Prada design boss, Miuccia Prada, said the Versace deal was “on everyone’s table”. Prada has been given access to Versace’s latest financial and sales figures after completing initial due diligence, Bloomberg reported. Capri had said it was optimistic about Versace’s long-term growth potential, but its forecasts show sales falling from $810m in the current financial year to $800m in the next year. However, the company forecast that sales would increase to $900m by 2028 and $1.5bn in the longer te","Prada in talks to buy Versace in deal that could reach almost €1.5bn. Prada is in talks to buy the Versace fashion brand from the US investor Capri Holdings for a price that could reportedly reach nearly €1.5bn (£1.2bn). Milan-based Prada and the New York-listed Capri could reach a deal for Versace this month, Bloomberg reported, although the talks could still fall apart. A deal would bring the Versace brand back under Italian ownership, and would make Prada larger as it tries to compete with France’s LVMH, the owner of luxury brands including Louis Vuitton, Moët &amp; Chandon and Hennessy. Prada was founded in 1913 in Milan by Mario Prada, but has been led since the 1970s by his granddaughter Miuccia Prada. Capri was formerly known as Michael Kors but was renamed after the US fashion brand took over the shoemaker Jimmy Choo in 2017, and then Versace in 2018. A sale at $1.5bn would represent a loss for Capri. Michael Kors bought Versace for $2.1bn but the Italian brand has struggled in recent years. Capri this month reported revenues of $193m for Versace",Fashion,https://www.theguardian.com/fashion/2025/mar/03/prada-talks-buy-versace-deal,"""prada"" AND (""luxury"" OR ""fashion"" OR ""stock"")"
fashion/2025/mar/03/oscars-fashion-winners-the-silver-age-of-hollywood-with-a-splash-of-pink-and-yellow,2025-03-03,"Oscars fashion winners … the silver age of Hollywood, with a splash of pink and yellow","Anora is a fairytale about holding on to humanity in a cold and ruthless world, clinging to romance in a climate of porn, and staying true to your values in a transactional culture. Which is the story that fashion at the Oscars has been telling for years. Its red carpet is the ultimate expression of the dream-big mindset, where anyone can be a princess or a dashing hero. But it has also become, in the 21st century, a pay-to-play game where fashion houses cut behind-the-scenes deals with actors to get their clothes in the spotlight. For women, it is also a tightrope walk through a savagely judgmental environment in which having just enough sex appeal is a golden ticket, but too much is a guilty verdict. The 25-year-old Mikey Madison, breakout fashion star of the night, played the game and won. Host Conan O’Brien landed a joke connecting the film’s appeal to the current political moment – “I guess Americans are excited to see someone finally stand up to a powerful Russian” – but it was the film’s aesthetic references to Pretty Woman and to True Romance that seduced the fashion industry when the film was in cinemas last year. Madison, who has worn Prada, Schiaparelli, Bottega Veneta and Miu Miu during awards season, was dressed for her big night in a bespoke recreation of a dress from Christian Dior’s 1956 Bal à Paris collection. Winged black eyeliner and the gumball-sized vintage Tiffany diamond around her throat nodded to Breakfast at Tiffany’s, an adroit quotation not just from the storyline of that Hollywood classic – an “American geisha” was how writer Truman Capote described Holly Golightly – but from the narrative of its star, Audrey Hepburn, perennial icon of Hollywood glamour. Meanwhile, the sugary Prom pink shade of the dress had a subcutaneous connection to the look another young American sweetheart, Gwyneth Paltrow, wore when she picked up an Oscar for Shakespeare in Love, aged 26. The many subplots of this red carpet season reached a satisfying denouement ","Oscars fashion winners … the silver age of Hollywood, with a splash of pink and yellow. Anora is a fairytale about holding on to humanity in a cold and ruthless world, clinging to romance in a climate of porn, and staying true to your values in a transactional culture. Which is the story that fashion at the Oscars has been telling for years. Its red carpet is the ultimate expression of the dream-big mindset, where anyone can be a princess or a dashing hero. But it has also become, in the 21st century, a pay-to-play game where fashion houses cut behind-the-scenes deals with actors to get their clothes in the spotlight. For women, it is also a tightrope walk through a savagely judgmental environment in which having just enough sex appeal is a golden ticket, but too much is a guilty verdict. The 25-year-old Mikey Madison, breakout fashion star of the night, played the game and won. Host Conan O’Brien landed a joke connecting the film’s appeal to the current political moment – “I guess Americans are excited to see someone finally stand up to a powerful Russian” – but it was t",Fashion,https://www.theguardian.com/fashion/2025/mar/03/oscars-fashion-winners-the-silver-age-of-hollywood-with-a-splash-of-pink-and-yellow,"""prada"" AND (""luxury"" OR ""fashion"" OR ""stock"")"
business/live/2025/mar/03/bitcoin-jumps-crypto-reserve-plan-euro-rises-europe-ukraine-peace-push-business-live,2025-03-03,"Markets climb as defence stocks, euro and pound rally on Europe’s Ukraine peace push – as it happened","European shares are rallying while Wall Street dipped, as investors were cheered by news that European leaders are drafting a Ukraine peace plan to present to the United States. The German market jumped by 3% earlier and is now 2.4% ahead while the French and Italian markets have gained more than 1%. The FTSE 100 index has hit a new record high, rallying by 1.1% to 8809.74, led by the defence and aerospace company BAE Systems which jumped by 14.5%. Across Europe, defence stocks rallied, with Germany’s Rheinmetall, Italy’s Leonardo and France’s Thales all gaining between 14% and 17% on the prospect of a splurge in defence spending. The moves continued a steep rally in defence stocks as investors expected big increases in defence budgets by European countries, stoked by fears that Washington would withdraw security guarantees. The euro jumped by 1.1% to $1.0491 while the pound rose by 0.9% to $1.26393. There was also some relief about US tariffs – the US commerce secretary, Howard Lutnick, said on Sunday that new levies on Canada and Mexico will go into effect on Tuesday, but the president will determine whether to stick with the planned 25% level. “That is a fluid situation,” Lutnick told the Fox News program Sunday Morning Futures. “There are going to be tariffs on Tuesday on Mexico and Canada. Exactly what they are, we’re going to leave that for the president and his team to negotiate.” Thank you for reading. We’ll be back tomorrow. Bye! - JK The US manufacturing sector expanded for the second month in a row in February after more than two years of contraction, according to a closely watched survey. The manufacturing purchasing managers’ index from the The Institute for Supply Management dipped to 50.3 in February from 50.9 in Janaury, but stayed above the 50 market that divides growth from contraction. The production index fell to 50.7 from 52.5, still pointing to expansion, but at a slower rate. The new orders index dropped back into contraction territory though,","Markets climb as defence stocks, euro and pound rally on Europe’s Ukraine peace push – as it happened. European shares are rallying while Wall Street dipped, as investors were cheered by news that European leaders are drafting a Ukraine peace plan to present to the United States. The German market jumped by 3% earlier and is now 2.4% ahead while the French and Italian markets have gained more than 1%. The FTSE 100 index has hit a new record high, rallying by 1.1% to 8809.74, led by the defence and aerospace company BAE Systems which jumped by 14.5%. Across Europe, defence stocks rallied, with Germany’s Rheinmetall, Italy’s Leonardo and France’s Thales all gaining between 14% and 17% on the prospect of a splurge in defence spending. The moves continued a steep rally in defence stocks as investors expected big increases in defence budgets by European countries, stoked by fears that Washington would withdraw security guarantees. The euro jumped by 1.1% to $1.0491 while the pound rose by 0.9% to $1.26393. There was also some relief about US tariffs – the US commerce secretary, Howard Lutnic",Business,https://www.theguardian.com/business/live/2025/mar/03/bitcoin-jumps-crypto-reserve-plan-euro-rises-europe-ukraine-peace-push-business-live,"""prada"" AND (""luxury"" OR ""fashion"" OR ""stock"")"
stage/2025/mar/04/olivier-awards-fiddler-on-the-roof-romola-garai-adrien-brody-imelda-staunton,2025-03-04,Fiddler on the Roof up for 13 Olivier awards and Romola Garai nominated twice in same category,"Romola Garai has been nominated twice in the same category at this year’s Olivier awards, with her performances in The Years and Giant both making the shortlist for best supporting actress. Those two plays have each picked up five nominations, while a revival of the musical Fiddler on the Roof at Regent’s Park Open Air theatre leads the Oliviers race with a total of 13 nominations. That tally equals a record set by the musical Hamilton in 2018 for the most nominated show at the Oliviers. Garai, who has never previously been nominated for an Olivier, received two nods at once when the nominations were announced on Tuesday. She played a Jewish American publishing executive in Mark Rosenblatt’s Giant, which explores author Roald Dahl’s antisemitism and is also up for best new play and best director (Nicholas Hytner). John Lithgow, who starred as Dahl, is nominated for best actor and Elliot Levey is in the running for best supporting actor. Giant ran last year at the Royal Court and will transfer to the West End next month, without Garai in the cast. In The Years, based on Nobel prize-winner Annie Ernaux’s memoir, Garai shares the central role with four other actors (including Gina McKee, also nominated for best supporting actress). The Years is also nominated for best director (Eline Arbo), best sound design (Thijs van Vuure) and best new play (for Arbo’s adaptation, in an English version by Stephanie Bain). The Years was staged at the Almeida theatre and is now at the Harold Pinter theatre. It is Garai’s last week in the production and she will be succeeded by Tuppence Middleton. Fiddler on the Roof, which was garlanded with five-star reviews last summer, transfers to the Barbican in May. It is nominated for set and costume design (both by Tom Scutt), lighting design (Aideen Malone), theatre choreographer (Julia Cheng), sound design (Nick Lidster), outstanding musical contribution (Mark Aspinall), director (Jordan Fein) and best musical revival. It also has nomination","Fiddler on the Roof up for 13 Olivier awards and Romola Garai nominated twice in same category. Romola Garai has been nominated twice in the same category at this year’s Olivier awards, with her performances in The Years and Giant both making the shortlist for best supporting actress. Those two plays have each picked up five nominations, while a revival of the musical Fiddler on the Roof at Regent’s Park Open Air theatre leads the Oliviers race with a total of 13 nominations. That tally equals a record set by the musical Hamilton in 2018 for the most nominated show at the Oliviers. Garai, who has never previously been nominated for an Olivier, received two nods at once when the nominations were announced on Tuesday. She played a Jewish American publishing executive in Mark Rosenblatt’s Giant, which explores author Roald Dahl’s antisemitism and is also up for best new play and best director (Nicholas Hytner). John Lithgow, who starred as Dahl, is nominated for best actor and Elliot Levey is in the running for best supporting actor. Giant ran last year at the Royal Court and will t",Stage,https://www.theguardian.com/stage/2025/mar/04/olivier-awards-fiddler-on-the-roof-romola-garai-adrien-brody-imelda-staunton,"""devil wears prada"""
stage/2025/mar/04/olivier-awards-2025-complete-list-of-nominations,2025-03-04,Olivier awards 2025: complete list of nominations,"Best new musical The Curious Case of Benjamin Button, music and lyrics by Darren Clark, book and lyrics by Jethro Compton at Ambassadors theatre MJ the Musical, book by Lynn Nottage at Prince Edward theatre Natasha, Pierre and the Great Comet of 1812, music, lyrics and book by Dave Malloy at Donmar Warehouse Why Am I So Single?, music, lyrics and book by Toby Marlow and Lucy Moss at Garrick theatre Best set design Jon Bausor for set design, Toby Olié and Daisy Beattie for puppetry design and Satoshi Kuriyama for projection design for Spirited Away at London Coliseum Frankie Bradshaw for set design for Ballet Shoes at National Theatre – Olivier Es Devlin for set design for Coriolanus at National Theatre – Olivier Tom Scutt for set design for Fiddler on the Roof at Regent’s Park Open Air theatre Best lighting design Paule Constable and Ben Jacobs for Oliver! at Gielgud theatre Howard Hudson for Natasha, Pierre and the Great Comet of 1812 at Donmar Warehouse Howard Hudson for Starlight Express at Troubadour Wembley Park theatre Aideen Malone for Fiddler on the Roof at Regent’s Park Open Air theatre Best new opera production Duke Bluebeard’s Castle by English National Opera at London Coliseum Festen by the Royal Opera at Royal Opera House L’Olimpiade by Irish National Opera and the Royal Opera at Royal Opera House The Tales of Hoffmann by the Royal Opera at Royal Opera House Outstanding achievement in opera Aigul Akhmetshina for her performance in Carmen at Royal Opera House Allan Clayton for his performance in Festen at Royal Opera House Jung Young-doo for his direction of Lear at Barbican theatre Best family show Brainiac Live at Marylebone theatre Maddie Moate’s Very Curious Christmas at Apollo theatre The Nutcracker at Polka theatre Rough Magic at Shakespeare’s Globe – Sam Wanamaker Playhouse Best new production in affiliate theatre Animal Farm at Theatre Royal Stratford East by George Orwell, adapted by Tatty Hennessy Boys on the Verge of Tears by Sam Grabiner at S","Olivier awards 2025: complete list of nominations. Best new musical The Curious Case of Benjamin Button, music and lyrics by Darren Clark, book and lyrics by Jethro Compton at Ambassadors theatre MJ the Musical, book by Lynn Nottage at Prince Edward theatre Natasha, Pierre and the Great Comet of 1812, music, lyrics and book by Dave Malloy at Donmar Warehouse Why Am I So Single?, music, lyrics and book by Toby Marlow and Lucy Moss at Garrick theatre Best set design Jon Bausor for set design, Toby Olié and Daisy Beattie for puppetry design and Satoshi Kuriyama for projection design for Spirited Away at London Coliseum Frankie Bradshaw for set design for Ballet Shoes at National Theatre – Olivier Es Devlin for set design for Coriolanus at National Theatre – Olivier Tom Scutt for set design for Fiddler on the Roof at Regent’s Park Open Air theatre Best lighting design Paule Constable and Ben Jacobs for Oliver! at Gielgud theatre Howard Hudson for Natasha, Pierre and the Great Comet of 1812 at Donmar Warehouse Howard Hudson for Starlight Ex",Stage,https://www.theguardian.com/stage/2025/mar/04/olivier-awards-2025-complete-list-of-nominations,"""devil wears prada"""
fashion/2025/mar/05/high-hemlines-and-power-shoulders-stella-mccartney-goes-full-on-80s-glamour-in-paris,2025-03-05,High hemlines and power shoulders: Stella McCartney goes full-on 80s glamour in Paris,"On the second day of Paris fashion week, Stella McCartney took Kate Moss, Cameron Diaz and Brigitte Macron to the fourth floor of a tower block, where she turned an imaginary office space into a full-on 80s glamour assault. Hemlines were high, but the thigh-tracing boots peeking out from under suits were somehow higher. Pole dancers spun in crystal leotards by photocopiers, and through lace tights we even got a bare bottom. “I wanted to bring the sexy back,” said McCartney backstage. “It’s all legal!” Another Paris brand inadvertently capitalising on the Oscars success of Anora – Dior hit the front pages after dressing two Oscar winners – the British designer’s show was bluntly titled “from laptop to lapdance”. The idea, said McCartney, “was a bold day-to-night wardrobe for the working woman – and our company is 90% women”. However, apart from the broad-shouldered suits and hooded coats, the emphasis was on skin-tight gowns and lipstick-red partywear. Tapping into the buzzy new aesthetic known as “boom boom”, coined by the trend forecaster Sean Monahan of normcore-fame, it refers to the conspicuous consumerism of the 1980s. Think power shoulders, sunglasses worn inside, and Pretty Woman boots. Think this collection. In the label’s almost 25 years, McCartney has never used leather, feathers, fur or skins. Instead, she has built her career on trying to show that ethical choices don’t mean compromising on glamour – and has been preaching the merits of upcycling long before hotels were telling us to reuse our towels. Her latest collection was, she said, 96% sustainable. Nepo baby or not, she has been pioneering in this respect – the first designer to use vegan leather, it is now rare to see a show that doesn’t nod in some ways towards sustainability. Such is her ability to turn grapes, apples and mushrooms into totes and chain-handle bags, her nickname on the front row is “the grocer”. Other brands have followed suit. Sequins dripping from dresses were made from plants ","High hemlines and power shoulders: Stella McCartney goes full-on 80s glamour in Paris. On the second day of Paris fashion week, Stella McCartney took Kate Moss, Cameron Diaz and Brigitte Macron to the fourth floor of a tower block, where she turned an imaginary office space into a full-on 80s glamour assault. Hemlines were high, but the thigh-tracing boots peeking out from under suits were somehow higher. Pole dancers spun in crystal leotards by photocopiers, and through lace tights we even got a bare bottom. “I wanted to bring the sexy back,” said McCartney backstage. “It’s all legal!” Another Paris brand inadvertently capitalising on the Oscars success of Anora – Dior hit the front pages after dressing two Oscar winners – the British designer’s show was bluntly titled “from laptop to lapdance”. The idea, said McCartney, “was a bold day-to-night wardrobe for the working woman – and our company is 90% women”. However, apart from the broad-shouldered suits and hooded coats, the emphasis was on skin-tight gowns and lipstick-red partywear. Tapping into the buzzy new aesthet",Fashion,https://www.theguardian.com/fashion/2025/mar/05/high-hemlines-and-power-shoulders-stella-mccartney-goes-full-on-80s-glamour-in-paris,"""LVMH"" AND ""fashion"""
fashion/2025/mar/08/worlds-hottest-brand-how-miu-miu-defied-sales-plunge-in-fashion-industry,2025-03-08,‘World’s hottest brand’: how Miu Miu defied sales plunge in fashion industry,"While profits fall across the luxury fashion industry, Miu Miu, the kooky Italian label, is posting record-breaking sales figures. For a global industry worth almost £1.5tn, fashion is having a bruising time. Last month London fashion week had such a small number of catwalk shows it shrank to a weekend. Many of the biggest fashion houses are between designers, and even super-conglomerate LVMH – which includes Dior, Fendi, Louis Vuitton and most of the drinks brands in your cocktail cabinet – lost a fifth of its profits last year. Yet Miu Miu almost doubled its profits this year, hitting close to £1bn in sales and being named “hottest brand in the world” by influential search site Lyst for the second year running. Retail sales were up 93%. Miu Miu is owned by the Prada Group, a small conglomerate overseen by Miuccia Prada – including the well-known Prada label. In 1992, around 14 years after she started working for her family’s business, Mrs Prada – as she’s known in the industry – launched a cheaper womenswear subsidiary inspired by the sort of clothes (cardigans, skirts, wearable shoes) she wanted for her own wardrobe. Miu Miu is Miuccia’s nickname. The label has always been a bit cooler, and crucially a little bit cheaper than many luxury fashion brands. But its recent success is down to more than just clothes. It’s the shows, the models, the campaigns and – the white whale of modern designers – Mrs Prada’s knack for turning out a viral trend. It’s no wonder that the Prada group are front runners to buy its Milanese rival, Versace. Over its past five golden years, Miu Miu’s huge fashion hits have included a micro mini skirt with a raw hem that became so famous it spawned its own Instagram account; satin ballet pumps, which started an (ongoing) arms race for ballet shoes on the high street; £750 silk briefs designed to be worn without trousers and even plasters on toes. And that’s before we get to the It bags (the most liked luxury item on Vinted right now is a Miu","‘World’s hottest brand’: how Miu Miu defied sales plunge in fashion industry. While profits fall across the luxury fashion industry, Miu Miu, the kooky Italian label, is posting record-breaking sales figures. For a global industry worth almost £1.5tn, fashion is having a bruising time. Last month London fashion week had such a small number of catwalk shows it shrank to a weekend. Many of the biggest fashion houses are between designers, and even super-conglomerate LVMH – which includes Dior, Fendi, Louis Vuitton and most of the drinks brands in your cocktail cabinet – lost a fifth of its profits last year. Yet Miu Miu almost doubled its profits this year, hitting close to £1bn in sales and being named “hottest brand in the world” by influential search site Lyst for the second year running. Retail sales were up 93%. Miu Miu is owned by the Prada Group, a small conglomerate overseen by Miuccia Prada – including the well-known Prada label. In 1992, around 14 years after she started working for her family’s business, Mrs Prada – as she’s known in the industry – laun",Fashion,https://www.theguardian.com/fashion/2025/mar/08/worlds-hottest-brand-how-miu-miu-defied-sales-plunge-in-fashion-industry,"""prada"" AND (""luxury"" OR ""fashion"" OR ""stock"")"
commentisfree/2025/mar/10/fur-animal-skins-gen-z-boom-boom-trump,2025-03-10,Are you fur real? Gone is the social stigma around wearing animal skins,"I’ll admit it, Carrie Bradshaw in aviators and a fur coat, smoking and drinking beer while watching baseball, spoke to me. It was season two of Sex and the City, 1999. She was bruised from a recently ended relationship but on the brink of dating “the new Yankee” and I was a teenager, probably home from playing racketball and on the brink of Quorn sausages for dinner. While it wasn’t the whole equation, the fur coat was certainly part of it. The way she could shrink into it and appear nonchalantly, breezily beautiful despite unwashed hair and an aching heart. I’m not proud, but I was young, and this to me then looked like something I wanted a piece of. Cut to now and, several years of anti-fur campaigning later, you might have thought that the outlook would be different, that fur would be an archaism at best and an ethical abomination at worst; the embodiment of a bygone era when we were still using the planet and its creatures like they weren’t going anywhere. There had been concrete progress: many of the big-name fashion houses over the years banned it. In 2019, Kim Kardashian announced that she had “remade” all of her favourite fur coats in fake fur and then Queen Elizabeth renounced fur in “any new outfits”. On it went: in 2021, Kering, the luxury conglomerate that owns many luxury brands, banned the use of fur, as the British Fashion Council had earlier done at London fashion week. The debate around fur was over and won, right? Wrong. At the recent Milan fashion week, fur was furring. Of course it was the main character at the Fendi centenary show – the brand started as a fur workshop in 1925. (In a full-circle moment, Sarah Jessica Parker was sitting on the front row.) It was there, whether faux or otherwise, at other shows too, and other fashion weeks. At one of the buzziest shows of London, Simone Rocha, models including Alexa Chung walked in faux fur (yes, no animals have been killed, but the optics are the same). At sustainably minded brand Ganni, in Paris,","Are you fur real? Gone is the social stigma around wearing animal skins. I’ll admit it, Carrie Bradshaw in aviators and a fur coat, smoking and drinking beer while watching baseball, spoke to me. It was season two of Sex and the City, 1999. She was bruised from a recently ended relationship but on the brink of dating “the new Yankee” and I was a teenager, probably home from playing racketball and on the brink of Quorn sausages for dinner. While it wasn’t the whole equation, the fur coat was certainly part of it. The way she could shrink into it and appear nonchalantly, breezily beautiful despite unwashed hair and an aching heart. I’m not proud, but I was young, and this to me then looked like something I wanted a piece of. Cut to now and, several years of anti-fur campaigning later, you might have thought that the outlook would be different, that fur would be an archaism at best and an ethical abomination at worst; the embodiment of a bygone era when we were still using the planet and its creatures like they weren’t going anywhere. There had been concrete p",Opinion,https://www.theguardian.com/commentisfree/2025/mar/10/fur-animal-skins-gen-z-boom-boom-trump,"""Kering"" AND ""fashion"""
fashion/2025/mar/13/fashion-statement-nine-fashion-month-styling-hacks,2025-03-13,Nine ways to copy the catwalk on a budget ,"After 376-plus catwalk shows, presentations and who knows how many grainy shots posted to Instagram, fashion month has finally drawn to a close. While the trends we have seen come to fruition in New York, London, Milan and Paris won’t start materialising in stores until late August, the styling hacks spotted on the catwalk will have more of an immediate impact. Especially those that are free. Here are nine to get you started. Grab a Sharpie pen Similar to those school leavers signing shirts on the final day of classes, the shrunken T-shirts at Coach came covered in freehand scribbles. We’ll take any excuse for a trip to a stationery shop. Unsnap that gusset Anyone who has ever worn a bodysuit will know the struggle of trying to resnap it after a loo break. Who would have thought that Valentino’s Alessandro Michele would be the one to offer a solution. Instead of faffing around, just follow his lead and let it hang loose. Dig out your sports day medals First in the egg-and-spoon race? Channel the models at Balenciaga and dig out your old sports day medals. For bonus points, wear them with your old PE kit. Recycle those ribbons You know that bag of ribbons collected from Christmas and birthday presents that you hope you will reuse someday? That day has finally come. At Givenchy, Sarah Burton cinched waists with giant strips of grosgrain, then tied them neatly in a bow. Waists also came gift wrapped at Chanel, while dresses and tops at Simone Rocha were bound with baby-pink and scarlet ribbons. Sprig up your lapel Who needs a fancy gold brooch when you can get a thistle stem for free? At Burberry, models including the actor Richard E Grant walked the catwalk with a sprig of Eryngium planum, AKA sea holly, pinned to their lapels. It grows best, as the name suggests, by the seaside, but keep your eyes peeled for it around gravel gardens, too. Jeff Goldblum is already on it. He wore a fresh floral boutonniere to the Oscars, which matched his flowery printed Prada shirt. A","Nine ways to copy the catwalk on a budget . After 376-plus catwalk shows, presentations and who knows how many grainy shots posted to Instagram, fashion month has finally drawn to a close. While the trends we have seen come to fruition in New York, London, Milan and Paris won’t start materialising in stores until late August, the styling hacks spotted on the catwalk will have more of an immediate impact. Especially those that are free. Here are nine to get you started. Grab a Sharpie pen Similar to those school leavers signing shirts on the final day of classes, the shrunken T-shirts at Coach came covered in freehand scribbles. We’ll take any excuse for a trip to a stationery shop. Unsnap that gusset Anyone who has ever worn a bodysuit will know the struggle of trying to resnap it after a loo break. Who would have thought that Valentino’s Alessandro Michele would be the one to offer a solution. Instead of faffing around, just follow his lead and let it hang loose. Dig out your sports day medals First in the egg-and-spoon race? C",Fashion,https://www.theguardian.com/fashion/2025/mar/13/fashion-statement-nine-fashion-month-styling-hacks,"""prada"" AND (""luxury"" OR ""fashion"" OR ""stock"")"
fashion/2025/mar/13/donatella-versace-hails-brother-as-she-bows-out-as-creative-director,2025-03-13,Donatella Versace hails brother as she bows out as creative director,"For the first time in almost 50 years, Versace will no longer be designed by a Versace. Three decades after she started working for the company – and 27 years after she stepped into the role of creative director after the murder of her brother, Gianni – the designer Donatella Versace has announced she is to step down from her role at the Italian brand from the end of March. “It has been the greatest honour of my life to carry on my brother Gianni’s legacy,” she said in a statement on Thursday morning. “He was the true genius, but I hope I have some of his spirit and tenacity.” From April, Dario Vitale, 41, a former image director at Miu Miu, the edgier sister brand to Prada, will be Versace’s creative director. Versace will not leave the company – instead she will become chief brand ambassador, looking after (among other roles) philanthropy and red carpet dressing. Of the new role, Donatella said: “I will remain Versace’s most passionate supporter. Versace is in my DNA and always in my heart.” Versace, the youngest and only daughter of a dressmaker in Reggio Calabria, was born in 1955, a decade after her eldest brother, Gianni. Though she left home to study in Florence, along with Santo, the middle brother who ran the business side, she was very much involved in the family business as a supporter and a muse to her brother. By 1989, aged 34, she began working at Atelier Versace, and by 1993 had sole creative responsibility for Versus, Versace’s cheaper diffusion line. It was after the murder of Gianni in 1997 – the 50-year-old designer was shot outside his home in Miami Beach – that Donatella, unexpectedly, was propelled into the top job. Despite having no formal fashion training, she inherited a $807m (£623m) business and 130 shops worldwide. Talking about that time in the Guardian in 2017, she said: “For the first five years, I was lost … I made a lot of mistakes. I would tell myself … don’t try to be Gianni!” At its height, under Gianni, Versace specialised in an ","Donatella Versace hails brother as she bows out as creative director. For the first time in almost 50 years, Versace will no longer be designed by a Versace. Three decades after she started working for the company – and 27 years after she stepped into the role of creative director after the murder of her brother, Gianni – the designer Donatella Versace has announced she is to step down from her role at the Italian brand from the end of March. “It has been the greatest honour of my life to carry on my brother Gianni’s legacy,” she said in a statement on Thursday morning. “He was the true genius, but I hope I have some of his spirit and tenacity.” From April, Dario Vitale, 41, a former image director at Miu Miu, the edgier sister brand to Prada, will be Versace’s creative director. Versace will not leave the company – instead she will become chief brand ambassador, looking after (among other roles) philanthropy and red carpet dressing. Of the new role, Donatella said: “I will remain Versace’s most passionate supporter. Versace is in my DNA and always in my",Fashion,https://www.theguardian.com/fashion/2025/mar/13/donatella-versace-hails-brother-as-she-bows-out-as-creative-director,"""prada"" AND (""luxury"" OR ""fashion"" OR ""stock"")"
fashion/2025/mar/17/the-look-of-the-irish-a-green-wave-takes-over-pop-culture-and-fashion,2025-03-17,The look of the Irish: a ‘green wave’ takes over pop culture and fashion,"After decades of paddywhackery, Ireland has finally broken free from the cliches imposed upon it. From Paul Mescal, Cillian Murphy and Saoirse Ronan charming Hollywood to fashion falling for designers including Simone Rocha; from authors such as Sally Rooney and Paul Lynch scooping up literary prizes to the “Guinnaissance”, a new green wave is ruling pop culture. “There’s a real [gravitation] towards the Irish and Irish culture right now,” says Samantha Barry, the editor-in-chief of Glamour. Barry, who grew up in County Cork and has lived in New York for more than 10 years, describes it as “counter-programming” to outsiders’ previous depiction of Irishness geared around leprechauns and wearing green. This iteration isn’t cringe. Barry says: “We have always had a cool factor, especially in art and literature, and now we are able to show up in those circles in a really authentic way.” Last year Murphy became the first Irish-born man to win the best actor Oscar. New York magazine has christened a group including the Oppenheimer star and other Irish actors dominating the screen including Colin Farrell, Andrew Scott, Nicola Coughlan, Barry Keoghan and Jessie Buckley the “Craic Pack”. Resale tickets to Mescal’s current run of A Streetcar Named Desire off Broadway in Brooklyn are fetching more than three times their value. After critical success for Motherland, Catastrophe and Bad Sisters, the writer and actor Sharon Horgan is now adapting Julia May Jonas’s novel Vladimir for Netflix alongside another series of Amandaland. Eve Hewson is fronting a Calvin Klein campaign while her brother Elijah is selling out venues with his band Inhaler across the US. The Fontaines DC and CMAT are hoovering up award nominations, while the Belfast hip-hop trio Kneecap continue to lead an Irish language revival. Last week, Gaeilge was spoken for the very first time during prime minister’s questions. Duolingo reports more than 2 million users studying it globally. Ireland is also flourishing ","The look of the Irish: a ‘green wave’ takes over pop culture and fashion. After decades of paddywhackery, Ireland has finally broken free from the cliches imposed upon it. From Paul Mescal, Cillian Murphy and Saoirse Ronan charming Hollywood to fashion falling for designers including Simone Rocha; from authors such as Sally Rooney and Paul Lynch scooping up literary prizes to the “Guinnaissance”, a new green wave is ruling pop culture. “There’s a real [gravitation] towards the Irish and Irish culture right now,” says Samantha Barry, the editor-in-chief of Glamour. Barry, who grew up in County Cork and has lived in New York for more than 10 years, describes it as “counter-programming” to outsiders’ previous depiction of Irishness geared around leprechauns and wearing green. This iteration isn’t cringe. Barry says: “We have always had a cool factor, especially in art and literature, and now we are able to show up in those circles in a really authentic way.” Last year Murphy became the first Irish-born man to win the best actor Oscar. New York magazine has chri",Fashion,https://www.theguardian.com/fashion/2025/mar/17/the-look-of-the-irish-a-green-wave-takes-over-pop-culture-and-fashion,"""LVMH"" AND ""fashion"""
fashion/2025/mar/17/jonathan-anderson-to-leave-loewe-as-fashion-houses-creative-upheaval-continues,2025-03-17,Jonathan Anderson to leave Loewe as fashion houses’ creative upheaval continues,"A dizzying round of designer musical chairs in the fashion industry has picked up pace with the announcement that Jonathan Anderson is exiting Loewe. The 40-year-old designer from Magherafelt, Northern Ireland, transformed Loewe during his 11-year tenure from a sleepy Spanish handbag house into the hottest ticket of Paris fashion week. The news follows last week’s surprise appointment of Demna, whose time at Balenciaga has been marked by controversy and catwalk stunts, at Gucci, Italy’s temple to elegant loafers, Jackie Kennedy handbags and jet-set glamour. Fashion’s unpredictable mood is reflecting a cultural moment. The jittery global economic climate and the chaotic tone of public discourse that have followed Donald Trump’s return to the White House are being echoed in a bone-shaking upheaval in fashion’s corridors of power. Boardrooms are panicking as tariffs threaten to deepen the luxury slowdown, while the Maga-led shift towards a move-fast-and-break-things culture is putting maverick designers, rather than safe pairs of hands, in the frame for high-profile jobs. The previous Gucci designer, Sabato de Sarno, was hastily shown the door only weeks before he was due to show in Milan last month, and his “quiet luxury” aesthetic replaced by its polar opposite in Demna, who likes to poke fun at fashion’s obsession with status. As well as Demna’s debut at Gucci, this year there will be new designers at Chanel, Givenchy, Tom Ford, Calvin Klein and Dries van Noten. Anderson is widely rumoured to be poised for promotion within LVMH, the owner of Loewe, to the much bigger house of Dior. The official announcement of his departure was effusive in its praise, seeming to confirm that Anderson is moving upwards in the ranks. “I have had the pleasure of working with some of the great artistic directors of recent times, and I consider Jonathan Anderson to be amongst the very best,” said the veteran LVMH executive Sidney Toledano. “What he has contributed to Loewe goes beyond cr","Jonathan Anderson to leave Loewe as fashion houses’ creative upheaval continues. A dizzying round of designer musical chairs in the fashion industry has picked up pace with the announcement that Jonathan Anderson is exiting Loewe. The 40-year-old designer from Magherafelt, Northern Ireland, transformed Loewe during his 11-year tenure from a sleepy Spanish handbag house into the hottest ticket of Paris fashion week. The news follows last week’s surprise appointment of Demna, whose time at Balenciaga has been marked by controversy and catwalk stunts, at Gucci, Italy’s temple to elegant loafers, Jackie Kennedy handbags and jet-set glamour. Fashion’s unpredictable mood is reflecting a cultural moment. The jittery global economic climate and the chaotic tone of public discourse that have followed Donald Trump’s return to the White House are being echoed in a bone-shaking upheaval in fashion’s corridors of power. Boardrooms are panicking as tariffs threaten to deepen the luxury slowdown, while the Maga-led shift towards a move-fast-and-break-things culture is putting mav",Fashion,https://www.theguardian.com/fashion/2025/mar/17/jonathan-anderson-to-leave-loewe-as-fashion-houses-creative-upheaval-continues,"""LVMH"" AND ""fashion"""
fashion/2025/mar/21/bras-on-show-trend-sexier-aesthetic,2025-03-21,Bras on show as red carpet trend hits the high street,"They usually form the underpinning of a look. But now bras are going from invisible to visible. Out are seamless T-shirt bras. In their place? Lace, sheer and mesh versions. M&amp;S, the home of sensible lingerie, is championing a sexier aesthetic for spring. The retailer holds 38.2% of the bra market in the UK and in 2023 sold more than 20m of them, with customers under 30 making up nearly a third of sales. At a preview of M&amp;S’s new collection on Wednesday, a £10 lace bra with bow detailing was spotlighted as a key piece. Soozie Jenkinson, the head of lingerie design, says: “For years it was all about a T-shirt bra but now it’s about the return of lace.” While the bras are not specifically designed to be worn exposed, their popularity marks a sharp shift from T-shirt bras that are designed to disappear beneath clothing. At the British lingerie brand Bluebella, bestsellers include a £44 sheer black bra with scalloped edging and a £39 mesh bra with floral embroidery around the cups. Even its basics line features mesh and lace pattern bras in fiery shades of orange and electric blues. Emily Bendell, the founder and CEO of the brand, says demand is coming from customers shifting their perception of what practical underwear is. “We believe the bra isn’t just a functional garment, but a fashion piece that should reflect the wearer’s style,” she says. “More and more women are rightly seeing their bra as a layering piece that they may choose to show part of – as part of their outfit.” While previously the obvious shadow of a black bra under a white cotton shirt or irregular texture caused by a lace bra under a silky top would have been considered a wardrobe malfunction, now anything goes. The trend taps into a wider exposure movement. In recent months, we have seen the revival of the noughties whale tail (where a thong is purposefully displayed), boxers deliberately styled to sit above a waistband and pants as actual pants. Now divulgence is shifting higher up the tors","Bras on show as red carpet trend hits the high street. They usually form the underpinning of a look. But now bras are going from invisible to visible. Out are seamless T-shirt bras. In their place? Lace, sheer and mesh versions. M&amp;S, the home of sensible lingerie, is championing a sexier aesthetic for spring. The retailer holds 38.2% of the bra market in the UK and in 2023 sold more than 20m of them, with customers under 30 making up nearly a third of sales. At a preview of M&amp;S’s new collection on Wednesday, a £10 lace bra with bow detailing was spotlighted as a key piece. Soozie Jenkinson, the head of lingerie design, says: “For years it was all about a T-shirt bra but now it’s about the return of lace.” While the bras are not specifically designed to be worn exposed, their popularity marks a sharp shift from T-shirt bras that are designed to disappear beneath clothing. At the British lingerie brand Bluebella, bestsellers include a £44 sheer black bra with scalloped edging and a £39 mesh bra with floral embroidery around the cups.",Fashion,https://www.theguardian.com/fashion/2025/mar/21/bras-on-show-trend-sexier-aesthetic,"""prada"" AND (""luxury"" OR ""fashion"" OR ""stock"")"
commentisfree/2025/mar/23/do-we-really-want-clueless-updated-to-reflect-our-dark-digital-age-ugh-as-if,2025-03-23,"Do we really want Clueless updated to reflect our dark, digital age? Ugh! As if!","Who needs to learn to park? “Everywhere you go has valet!” Cher Horowitz, teen heroine of 1995 cult movie Clueless, is one of the most spoilt and entitled characters ever to have appeared on screen. She is also, with her irrepressible urge to solve other people’s problems and her coltish steps towards self-knowledge, one of the most endearing. Millennial women like me, who grew up watching the movie again at every sleepover, will defend her against all comers. Now, Clueless is the latest millennial coming-of-age movie to hit the West End as a stage musical, opening to critics last week at Trafalgar Theatre. It follows Mean Girls and The Devil Wears Prada, both of which opened in London last year, each built to replicate the success of the repeatedly revived Legally Blonde: The Musical. (Sadly, Jennifer Coolidge has yet to cameo.) All of this would normally be reason for me to get snippy about mindless trends in musical theatre. Instead, I took one of my oldest friends from school and we had a blast. My only regret is that neither of us had the energy to replicate Cher’s yellow-and-black tweed miniskirt. Not since Shakespeare’s Malvolio first burst on to the stage in yellow cross-garters has an erotomaniac wasp look-alike left such a cultural footprint. Yet it’s not clear how long producers can keep pumping these familiar stories through the intellectual property reconfiguration mill. Teen life has changed since the turn of the millennium. The protagonists of Clueless and Mean Girls were always defined by their deft navigation of in-group/out-group bullying, but their real-life descendants now have to handle social media, online misogyny and seemingly constant requests for nudes. Even the heroines of Legally Blonde or The Devil Wears Prada represent young women now entering an increasingly fraught and fast-paced professional landscape. (Imagine Miranda Priestly’s after-hours demands if she had access to WhatsApp, or Elle Woods and her law school tutor boyfriend filli","Do we really want Clueless updated to reflect our dark, digital age? Ugh! As if!. Who needs to learn to park? “Everywhere you go has valet!” Cher Horowitz, teen heroine of 1995 cult movie Clueless, is one of the most spoilt and entitled characters ever to have appeared on screen. She is also, with her irrepressible urge to solve other people’s problems and her coltish steps towards self-knowledge, one of the most endearing. Millennial women like me, who grew up watching the movie again at every sleepover, will defend her against all comers. Now, Clueless is the latest millennial coming-of-age movie to hit the West End as a stage musical, opening to critics last week at Trafalgar Theatre. It follows Mean Girls and The Devil Wears Prada, both of which opened in London last year, each built to replicate the success of the repeatedly revived Legally Blonde: The Musical. (Sadly, Jennifer Coolidge has yet to cameo.) All of this would normally be reason for me to get snippy about mindless trends in musical theatre. Instead, I took one of my oldest friends from school and w",Opinion,https://www.theguardian.com/commentisfree/2025/mar/23/do-we-really-want-clueless-updated-to-reflect-our-dark-digital-age-ugh-as-if,"""devil wears prada"""
lifeandstyle/2025/mar/24/9pm-9am-sunglasses-should-you-try-fashions-most-divisive-new-trend,2025-03-24,9pm-9am sunglasses: should you try fashion’s most divisive new trend?,"Name: Dinner plate sunnies. Age: People have been protecting their eyes from the sun’s harmful rays for yonks. Inuits made slitted goggles from flattened walrus ivory, the Chinese developed smoked glass to reduce glare in – or before – the 12th century and Louis XIV watched the 1706 solar eclipse through a telescope with a filter. And he was the actual Sun King. Yes, he was. But Jackie Onassis can certainly take a lot of credit for popularising really big sunnies in the 1960s. Audrey Hepburn and Miles Davis too, then Elton John in the 70s, and in this century, you’ve got Lady Gaga … I’m thinking oversize sunglasses are cool again 😎? They are. Hang on, didn’t I read the other day that it’s all about tiny sunglasses now? The other year more like. You’re probably thinking about a piece in the style bible Vogue last August declaring it to be all about small (though not tiny) sunglasses. And things have moved on? Fashion does that, I’m afraid – it’s a fickle business. This year when it comes to sunglasses, it’s all about big. Says who? Writing in British Vogue, Julia Hobbs says: “In an era of oversharing, they bestow the advantage of Didionesque remove, meaning the wearer can read everyone else and yet not be read herself.” … or possibly Wintouresque, no? True, Vogue is famously edited by a woman in big sunglasses (Chanel). They help her maintain a terrifying, inscrutable aura, while seated in the front row. But this is more about what was going on on the actual runway. And oversize sunglasses were a big fixture of the spring/summer 2025 shows. Just how big are we talking? We’re talking dinner plates. “For me, the dream ratio is the glass should touch the top of the brow and finish level with the bottom of your nose,” Fiona Hartley told Vogue. Fiona Hartley, just remind me … Fashion consultant. She calls them “9pm to 9am sunglasses.” Why? Erm, not sure actually. Maybe because it’s as if it’s always night-time behind them. Or that’s when you should be wearing them. On whi","9pm-9am sunglasses: should you try fashion’s most divisive new trend?. Name: Dinner plate sunnies. Age: People have been protecting their eyes from the sun’s harmful rays for yonks. Inuits made slitted goggles from flattened walrus ivory, the Chinese developed smoked glass to reduce glare in – or before – the 12th century and Louis XIV watched the 1706 solar eclipse through a telescope with a filter. And he was the actual Sun King. Yes, he was. But Jackie Onassis can certainly take a lot of credit for popularising really big sunnies in the 1960s. Audrey Hepburn and Miles Davis too, then Elton John in the 70s, and in this century, you’ve got Lady Gaga … I’m thinking oversize sunglasses are cool again 😎? They are. Hang on, didn’t I read the other day that it’s all about tiny sunglasses now? The other year more like. You’re probably thinking about a piece in the style bible Vogue last August declaring it to be all about small (though not tiny) sunglasses. And things have moved on? Fashion does that, I’m afraid – it’s a fickle business. This year when it come",Life and style,https://www.theguardian.com/lifeandstyle/2025/mar/24/9pm-9am-sunglasses-should-you-try-fashions-most-divisive-new-trend,"""prada"" AND (""luxury"" OR ""fashion"" OR ""stock"")"
fashion/2025/mar/27/boom-boom-culture-fashion-flashy-sleazy-sudden-vibe-shift,2025-03-27,"Boom boom culture: fashion’s flashy, sleazy and sudden vibe shift","The first time I heard the phrase “boom boom” was at a fashion show in January: Prada in Milan. While I sat waiting for something incredibly tasteful to appear on the catwalk, out marched a bare-chested model with a pashmina-sized fur draped over his shoulders. Then came another, and another, and then one more in a huge fur hood. The fur was shearling – skin from a recently shorn sheep or lamb; usually, as in Prada’s case, a byproduct of the meat industry, so marginally less problematic – but still. You see some strange things on catwalks these days, but “fur” isn’t usually one of them. Except it didn’t stop there. Later, there was “fur” at Emporio Armani and yeti coats at Dolce &amp; Gabbana. By the time the womenswear shows had finished in March, “fur” (mostly fake, occasionally real) had appeared in about 70% of the shows. Along with that were exaggerated shoulders at Saint Laurent, Pretty Woman thigh-high boots at Stella McCartney and pointy bras at Miu Miu. These shows seemed to be saying that fashion wants us to look rich, gauche and glamorous. Or, to use a phrase coined by the trend forecaster Sean Monahan, who gave the world normcore (2014) and vibe shift (2022), fashion wants us to look boom boom. If you are new to the phrase, don’t panic. As a forecaster whose job involves mapping cultural moments on to prevailing trends, Monahan says “the curse with doing predictions is that sometimes you go too early”. It may take some time for most of us to start wearing fur coats and miniskirts. “But it is happening in the wild,” he says. Monahan has described boom boom as “a pure expression of excess”, a world in which “male-coded values … have come roaring back”. “I’m always looking at what people wear around me, the one thing that sticks out,” he says now. With the vibe shift, it was trucker hats (a favourite of the Strokes). With boom boom, it is men who don’t work in offices wearing suits and loafers, alongside women dressed up in “expressive big silhouettes and f","Boom boom culture: fashion’s flashy, sleazy and sudden vibe shift. The first time I heard the phrase “boom boom” was at a fashion show in January: Prada in Milan. While I sat waiting for something incredibly tasteful to appear on the catwalk, out marched a bare-chested model with a pashmina-sized fur draped over his shoulders. Then came another, and another, and then one more in a huge fur hood. The fur was shearling – skin from a recently shorn sheep or lamb; usually, as in Prada’s case, a byproduct of the meat industry, so marginally less problematic – but still. You see some strange things on catwalks these days, but “fur” isn’t usually one of them. Except it didn’t stop there. Later, there was “fur” at Emporio Armani and yeti coats at Dolce &amp; Gabbana. By the time the womenswear shows had finished in March, “fur” (mostly fake, occasionally real) had appeared in about 70% of the shows. Along with that were exaggerated shoulders at Saint Laurent, Pretty Woman thigh-high boots at Stella McCartney and pointy bras at Miu Miu. These shows seemed to b",Fashion,https://www.theguardian.com/fashion/2025/mar/27/boom-boom-culture-fashion-flashy-sleazy-sudden-vibe-shift,"""prada"" AND (""luxury"" OR ""fashion"" OR ""stock"")"
world/2025/apr/03/russia-bans-elton-john-aids-foundation-support-lgbtq-rights,2025-04-03,Russia bans Elton John Aids Foundation over its support for LGBTQ+ rights,"Russian authorities on Thursday banned the Elton John Aids Foundation (EJAF), which focuses on HIV/Aids prevention, citing its support for LGBTQ+ rights as a reason for the move. Founded by the British singer and songwriter in 1992, the organisation funds HIV treatment programmes in countries including Russia. It also advocates for LGBTQ+ people, who have faced years of brutal persecution in Russia. In its statement, Russia’s prosecutor general’s office designated the EJAF as an “undesirable organisation”, a label that bans the group from operating in Russia and exposes its staff and partners to potential criminal prosecution. The prosecutor general’s office accused the foundation of promoting “non-traditional sexual relationships, western family models, and gender reassignment”. The prosecutor’s office alleged that EJAF held “negative attitudes” toward countries that “uphold traditional spiritual and moral values”. It accused the foundation of taking part in a campaign to “discredit Russia” since its 2022 invasion of Ukraine. “When a musician plays along with those trying to sow the seeds of democracy, it is propaganda. And when it’s Elton John calling the tune, then it’s more than just anti-Russian propaganda too,” the statement read. “In our country, the British foundation works closely with non-profit organisations designated as foreign agents,” the Russian law enforcement agency added. The ruling is the latest blow to human rights groups supporting Russians living with HIV and Aids. According to Rospotrebnadzor, the federal agency for public health and consumer rights, more than 1.2 million people in Russia have HIV, the highest per capita rate in Europe. The country has faced chronic shortages of HIV medication since 2023, leaving many patients struggling to access tests and life-saving antiretroviral therapy. Repression of Russia’s LGBTQ+ people has escalated since the full-scale invasion of Ukraine in 2022. Authorities recently labelled what they described a","Russia bans Elton John Aids Foundation over its support for LGBTQ+ rights. Russian authorities on Thursday banned the Elton John Aids Foundation (EJAF), which focuses on HIV/Aids prevention, citing its support for LGBTQ+ rights as a reason for the move. Founded by the British singer and songwriter in 1992, the organisation funds HIV treatment programmes in countries including Russia. It also advocates for LGBTQ+ people, who have faced years of brutal persecution in Russia. In its statement, Russia’s prosecutor general’s office designated the EJAF as an “undesirable organisation”, a label that bans the group from operating in Russia and exposes its staff and partners to potential criminal prosecution. The prosecutor general’s office accused the foundation of promoting “non-traditional sexual relationships, western family models, and gender reassignment”. The prosecutor’s office alleged that EJAF held “negative attitudes” toward countries that “uphold traditional spiritual and moral values”. It accused the foundation of taking part in a campaign to “discredit R",World news,https://www.theguardian.com/world/2025/apr/03/russia-bans-elton-john-aids-foundation-support-lgbtq-rights,"""devil wears prada"""
film/2025/apr/03/meryl-streep-in-talks-to-play-aslan-in-greta-gerwigs-narnia-movie,2025-04-03,Meryl Streep in talks to play Aslan in Greta Gerwig’s Narnia movie,"Meryl Streep is in talks to play Aslan in Greta Gerwig’s upcoming Narnia film, according to reports. According to Nexus Point News, and confirmed by Deadline Streep, 75, is being lined up to star in Netflix’s film, which will be adapted from The Magician’s Nephew – the sixth of CS Lewis Narnia series of novels, but the first in chronological terms. In the Narnia books, Aslan is a dignified and quasi-omniscient lion, generally seen to be male and usually interpreted as an allegory for Jesus. The Magician’s Nephew centres on two children, Digory Kirke and Polly Plummer, who discover the magical world through Digory’s uncle Andrew. Daniel Craig is also in talks for the film, with speculation rising that he will play the uncle. Charli XCX is also in line for a role, rumoured to be Jadis, the White Witch. The film will be Gerwig’s first since megahit Barbie, which earned over $1.4bn at the global box office. She signed on as part of Netflix’s 2018 optioning of Lewis’s series in 2020; the film will be screened globally in Imax in Thanksgiving 2026 before moving to streaming. Streep previously appeared in in another of Gerwig’s takes on a classic of children’s literature: the 2019 version of Louisa May Alcott’s Little Women. The actor has not appeared on the big screen since her role in 2021’s Don’t Look Up, but is rumoured to be returning to make a sequel to The Devil Wears Prada later this year. Ronald Pickup and David Suchet are among the actors who have voiced Aslan in celebrated BBC TV and radio productions of The Chronicles of Narnia, while Liam Neeson took the role in the three Narnia films made between 2005 and 2010. Other films which have reimagined deities as female include Dogma (Alanis Morrissette), The Shack (Octavia Spencer) and the upcoming Jesus Christ Superstar movie (Cynthia Erivo). Meanwhile Whoopi Goldberg has played God twice, in Little Bit of Heaven and It’s a Very Merry Muppet Christmas. • This article was amended on 4 April 2025. Meryl Streep is 75 ","Meryl Streep in talks to play Aslan in Greta Gerwig’s Narnia movie. Meryl Streep is in talks to play Aslan in Greta Gerwig’s upcoming Narnia film, according to reports. According to Nexus Point News, and confirmed by Deadline Streep, 75, is being lined up to star in Netflix’s film, which will be adapted from The Magician’s Nephew – the sixth of CS Lewis Narnia series of novels, but the first in chronological terms. In the Narnia books, Aslan is a dignified and quasi-omniscient lion, generally seen to be male and usually interpreted as an allegory for Jesus. The Magician’s Nephew centres on two children, Digory Kirke and Polly Plummer, who discover the magical world through Digory’s uncle Andrew. Daniel Craig is also in talks for the film, with speculation rising that he will play the uncle. Charli XCX is also in line for a role, rumoured to be Jadis, the White Witch. The film will be Gerwig’s first since megahit Barbie, which earned over $1.4bn at the global box office. She signed on as part of Netflix’s 2018 optioning of Lewis’s series in 2020; the fi",Film,https://www.theguardian.com/film/2025/apr/03/meryl-streep-in-talks-to-play-aslan-in-greta-gerwigs-narnia-movie,"""devil wears prada"""
fashion/2025/apr/05/fashion-braces-for-impact-of-trump-tariffs,2025-04-05,It could set the industry back 50 years: fashion braces for impact of Trump tariffs,"First it was steel producers. Then automobiles. Now the fashion industry has been left reeling from Donald Trump’s announcement on Wednesday that he was imposing tariffs on more than 180 countries including severe levies aimed at some of fashion’s biggest manufacturing regions. Trump’s “liberation day” tariffs included a 10% duty on all imports to the US but “worst offender” countries – those with whom America has bigger trade deficits – face a higher rate. Several of these are key to fashion’s supply chains. China, where everyone from Prada to Zara outsource production, faces a 54% duty. Vietnam, where more than half of Nike’s footwear was produced last year, will be subject to a 46% tariff. Pakistan, a key manufacturer of denim items, will be hit with a 29% duty. Bangladesh, where garment manufacturing makes up to 80% of its total exports, will be subjected to 37% levy, while the EU, which accounts for at least 70% of the global luxury goods market, will be hit by a 20% tariff. Stefano Martinetto, the chief executive of Tomorrow, a fashion brand development platform that has made lead investments in the Parisian label Coperni and the British designer Martine Rose, describes the situation as extremely complex, with brands struggling to assess its impact. It is unclear what duties apply to a finished product. “Products are not made in one place,” Martinetto says. “You could have fabrics that come from Italy. Another element that comes from China. Something else from Korea. And then it could all be assembled in Turkey. “You have to understand the manufacturing chain and shipping chain and at the moment there is no clarity about what and where a tariff is to be applied.” The US is one of the world’s largest consumers of clothing and footwear, more than 98% of the country’s apparel is imported. In January, reports suggested fashion’s luxury market could benefit from increased consumer confidence in the US. But after already facing challenges including Brexit and Covid,","It could set the industry back 50 years: fashion braces for impact of Trump tariffs. First it was steel producers. Then automobiles. Now the fashion industry has been left reeling from Donald Trump’s announcement on Wednesday that he was imposing tariffs on more than 180 countries including severe levies aimed at some of fashion’s biggest manufacturing regions. Trump’s “liberation day” tariffs included a 10% duty on all imports to the US but “worst offender” countries – those with whom America has bigger trade deficits – face a higher rate. Several of these are key to fashion’s supply chains. China, where everyone from Prada to Zara outsource production, faces a 54% duty. Vietnam, where more than half of Nike’s footwear was produced last year, will be subject to a 46% tariff. Pakistan, a key manufacturer of denim items, will be hit with a 29% duty. Bangladesh, where garment manufacturing makes up to 80% of its total exports, will be subjected to 37% levy, while the EU, which accounts for at least 70% of the global luxury goods market, will be hit by a 20% tariff. Stefa",Fashion,https://www.theguardian.com/fashion/2025/apr/05/fashion-braces-for-impact-of-trump-tariffs,"""prada"" AND (""luxury"" OR ""fashion"" OR ""stock"")"
stage/2025/apr/06/olivier-awards-2025-full-list-of-winners,2025-04-06,Olivier awards 2025: full list of winners,"Best new musical The Curious Case of Benjamin Button, music and lyrics by Darren Clark, book and lyrics by Jethro Compton at Ambassadors theatre – WINNER! MJ the Musical, book by Lynn Nottage at Prince Edward theatre Natasha, Pierre and the Great Comet of 1812, music, lyrics and book by Dave Malloy at Donmar Warehouse Why Am I So Single?, music, lyrics and book by Toby Marlow and Lucy Moss at Garrick theatre Best set design Jon Bausor for set design, Toby Olié and Daisy Beattie for puppetry design and Satoshi Kuriyama for projection design for Spirited Away at London Coliseum Frankie Bradshaw for set design for Ballet Shoes at National Theatre – Olivier Es Devlin for set design for Coriolanus at National Theatre – Olivier Tom Scutt for set design for Fiddler on the Roof at Regent’s Park Open Air theatre – WINNER! Best lighting design Paule Constable and Ben Jacobs for Oliver! at Gielgud theatre – WINNER! Howard Hudson for Natasha, Pierre and the Great Comet of 1812 at Donmar Warehouse Howard Hudson for Starlight Express at Troubadour Wembley Park theatre Aideen Malone for Fiddler on the Roof at Regent’s Park Open Air theatre Best new opera production Duke Bluebeard’s Castle by English National Opera at London Coliseum Festen by the Royal Opera at Royal Opera House – WINNER! L’Olimpiade by Irish National Opera and the Royal Opera at Royal Opera House The Tales of Hoffmann by the Royal Opera at Royal Opera House Outstanding achievement in opera Aigul Akhmetshina for her performance in Carmen at Royal Opera House Allan Clayton for his performance in Festen at Royal Opera House – WINNER! Jung Young-doo for his direction of Lear at Barbican theatre Best family show Brainiac Live at Marylebone theatre – WINNER! Maddie Moate’s Very Curious Christmas at Apollo theatre The Nutcracker at Polka theatre Rough Magic at Shakespeare’s Globe – Sam Wanamaker Playhouse Best new production in affiliate theatre Animal Farm at Theatre Royal Stratford East by George Orwell, adapted by Ta","Olivier awards 2025: full list of winners. Best new musical The Curious Case of Benjamin Button, music and lyrics by Darren Clark, book and lyrics by Jethro Compton at Ambassadors theatre – WINNER! MJ the Musical, book by Lynn Nottage at Prince Edward theatre Natasha, Pierre and the Great Comet of 1812, music, lyrics and book by Dave Malloy at Donmar Warehouse Why Am I So Single?, music, lyrics and book by Toby Marlow and Lucy Moss at Garrick theatre Best set design Jon Bausor for set design, Toby Olié and Daisy Beattie for puppetry design and Satoshi Kuriyama for projection design for Spirited Away at London Coliseum Frankie Bradshaw for set design for Ballet Shoes at National Theatre – Olivier Es Devlin for set design for Coriolanus at National Theatre – Olivier Tom Scutt for set design for Fiddler on the Roof at Regent’s Park Open Air theatre – WINNER! Best lighting design Paule Constable and Ben Jacobs for Oliver! at Gielgud theatre – WINNER! Howard Hudson for Natasha, Pierre and the Great Comet of 1812 at Donmar Warehouse ",Stage,https://www.theguardian.com/stage/2025/apr/06/olivier-awards-2025-full-list-of-winners,"""devil wears prada"""
fashion/2025/apr/07/from-bedroom-to-boardroom-is-britain-ready-for-ms-luxe-outdoor-pyjamas,2025-04-07,From bedroom to boardroom: is Britain ready for M&S luxe outdoor pyjamas? ,"For me, putting on a pair of pyjamas usually means time to take off my makeup. So it feels a little strange to instead be applying a full face as I prepare to leave my flat wearing a pair of PJs. At first glance, it might look like I haven’t bothered to get dressed this morning, but I am road-testing Marks &amp; Spencer’s new fashion collaboration. The retailer is gearing up to release what it calls “the most luxurious pyjamas the high street has ever seen”. It has teamed up with Olivia von Halle, a British designer known for her fancy silk PJs that sell for upwards of £600. From Tuesday, at M&amp;S you’ll be able to pick up a similar set for £55. Jennifer Lopez, Kate Moss and Gwyneth Paltrow are all fans of OVH – as she is known in the industry – and like to wear her sleepwear designs for, presumably, sleeping but also for running errands in and even going to fancy events. Daytime PJs are championed by the catwalks, too. This season, designers including Burberry, Calvin Klein and Prada featured jimjams in their collections. Now M&amp;S customers can embrace the trend, too. Like many, I have taken the bins out in my PJs and I regularly spot parents dropping their kids at the school gates in last night’s sleepwear. But choosing to wear pyjamas publicly rather than covertly seems much more Hollywood than Hackney, where I live. Even with a hangover I wouldn’t usually even nip to the corner shop in my nightwear. Could I really pull it off? The collection features 10 pieces in three different prints. Each one riffs on von Halle’s bestselling designs, there are stripes, felines and botanicals. I lean into spring and go for a floral pair. Each £55 set features a nightshirt and either full-length trousers or shorts. It also comes with a matching eye mask, which I swap for sunglasses. There are also robes (£55) and nighties (£45) available. There is still a chill in the air so I follow the model Gigi Hadid’s lead and pop a jacket on top. Lots of A-listers wear high heels wit","From bedroom to boardroom: is Britain ready for M&S luxe outdoor pyjamas? . For me, putting on a pair of pyjamas usually means time to take off my makeup. So it feels a little strange to instead be applying a full face as I prepare to leave my flat wearing a pair of PJs. At first glance, it might look like I haven’t bothered to get dressed this morning, but I am road-testing Marks &amp; Spencer’s new fashion collaboration. The retailer is gearing up to release what it calls “the most luxurious pyjamas the high street has ever seen”. It has teamed up with Olivia von Halle, a British designer known for her fancy silk PJs that sell for upwards of £600. From Tuesday, at M&amp;S you’ll be able to pick up a similar set for £55. Jennifer Lopez, Kate Moss and Gwyneth Paltrow are all fans of OVH – as she is known in the industry – and like to wear her sleepwear designs for, presumably, sleeping but also for running errands in and even going to fancy events. Daytime PJs are championed by the catwalks, too. This season, designers including Burberry, Calvin Klein and Prad",Fashion,https://www.theguardian.com/fashion/2025/apr/07/from-bedroom-to-boardroom-is-britain-ready-for-ms-luxe-outdoor-pyjamas,"""prada"" AND (""luxury"" OR ""fashion"" OR ""stock"")"
thefilter/2025/apr/08/how-to-buy-secondhand-clothes-online-best-sites-uk,2025-04-08,How to buy secondhand clothes online that you’ll actually wear – and the best sites to trawl,"There’s a lot to love about shopping for secondhand clothes. It will satisfy retail cravings but comes with less environmental guilt, offering an antidote to the overproduction of fast fashion, and it can be kinder on your bank account. However, it also comes with its own problems. It’s hard to assess the fit, and returns aren’t always easy. The often next-to-nothing price means it’s tempting to impulse buy, but then you end up with a wardrobe full of unworn pieces that aren’t quite right – speaking from experience. And, it’s not easy to “browse” when each product is essentially one-of-a-kind. Where to start? Let me be your guide: I’m an avid secondhand shopper, whether it’s riffling through charity and thrift stores or trawling online retailers, such as Vinted and Depop. Over the years, I’ve found what feels like everything: from a Christian Dior shirt at Portobello Road market in London to a pair of Wales Bonner x Adidas trainers on StockX – an online marketplace for deadstock designs, pieces that are no longer in production and, therefore, even more desirable. It’s particularly known for its trainers, and everything has to be new with tags and original packaging. To give me a helping hand, I’ve enlisted the insight of Amy Bannerman, pre-loved style director at eBay UK, and Joy Montgomery, shopping editor at British Vogue and an expert in secondhand garb. Here’s our guide to shopping online, and the best websites to visit. *** Finesse your search terms The amount of pre-loved pieces online is overwhelming, so it helps if you know what you’re looking for. There are useful tools: “Make the most of filters to navigate by size, colour, brand, location and price,” says Bannerman. If you’re still not hitting gold, it’s worth being creative with your search terms, she says. “That may mean spelling brand names or items incorrectly or using alternative search words. For example, if something is diamante, it may be described as shiny, sparkly or sequined.” Whenever I’m brow","How to buy secondhand clothes online that you’ll actually wear – and the best sites to trawl. There’s a lot to love about shopping for secondhand clothes. It will satisfy retail cravings but comes with less environmental guilt, offering an antidote to the overproduction of fast fashion, and it can be kinder on your bank account. However, it also comes with its own problems. It’s hard to assess the fit, and returns aren’t always easy. The often next-to-nothing price means it’s tempting to impulse buy, but then you end up with a wardrobe full of unworn pieces that aren’t quite right – speaking from experience. And, it’s not easy to “browse” when each product is essentially one-of-a-kind. Where to start? Let me be your guide: I’m an avid secondhand shopper, whether it’s riffling through charity and thrift stores or trawling online retailers, such as Vinted and Depop. Over the years, I’ve found what feels like everything: from a Christian Dior shirt at Portobello Road market in London to a pair of Wales Bonner x Adidas trainers on StockX – an online marketplace for deadstock design",The Filter,https://www.theguardian.com/thefilter/2025/apr/08/how-to-buy-secondhand-clothes-online-best-sites-uk,"""prada"" AND (""luxury"" OR ""fashion"" OR ""stock"")"
fashion/2025/apr/10/pradas-125bn-versace-takeover-a-new-era-for-italian-luxury,2025-04-10,Prada buys Versace in €1.25bn deal uniting Italy’s biggest fashion brands,"Prada has agreed to buy the Versace fashion brand for €1.25bn ($1.38bn) from the fashion conglomerate Capri Holdings. It comes after months of speculation about a potential deal to combine the two Italian fashion houses and, more recently, rumours that the acquisition was set to collapse after market upheaval in response to President Trump’s tariff policies. Insiders say the original deal was expected to be agreed at €1.43bn, but a discount of about €180m was achieved because the recent market turmoil and trade uncertainty has hit the retail industry particularly hard. Capri, which also owns Michael Kors and Jimmy Choo, originally bought Versace for $2.1bn in 2018. After an $8.5bn attempt by Tapestry – the American group that owns Coach and Kate Spade – to acquire Capri was blocked last year by the US Federal Trade Commission, Capri has been under pressure to sell off Versace to reduce its debt. According to those close to the deal, Prada was one of the earliest bidders. In a statement confirming the news, Prada’s group chair and executive director Patrizio Bertelli said the group was “ready and well positioned to write a new page in Versace’s history”. Bertelli added that both companies “share a strong commitment to creativity, craftsmanship and heritage”. While Capri failed to create an American luxury group to rival fashion companies such as LVMH and Kering, the acquisition hints at an attempt by Prada to strengthen its position as an Italian powerhouse. Versace will join the fashion brands Prada and Miu Miu, the footwear brands Church’s, Car Shoe and Luna Rossa, the America’s Cup sailing team Luna Rossa and the pastry brand Marchesi. It is not the first endeavour by Prada to add to its portfolio. In 1999, it acquired Jil Sander and Helmut Lang and, in 2000, it added Alaia to its lineup. However, by 2007, after a series of disputes and financial challenges, it had parted ways with all three brands. Now, the Versace acquisition offers them another opportunity to i","Prada buys Versace in €1.25bn deal uniting Italy’s biggest fashion brands. Prada has agreed to buy the Versace fashion brand for €1.25bn ($1.38bn) from the fashion conglomerate Capri Holdings. It comes after months of speculation about a potential deal to combine the two Italian fashion houses and, more recently, rumours that the acquisition was set to collapse after market upheaval in response to President Trump’s tariff policies. Insiders say the original deal was expected to be agreed at €1.43bn, but a discount of about €180m was achieved because the recent market turmoil and trade uncertainty has hit the retail industry particularly hard. Capri, which also owns Michael Kors and Jimmy Choo, originally bought Versace for $2.1bn in 2018. After an $8.5bn attempt by Tapestry – the American group that owns Coach and Kate Spade – to acquire Capri was blocked last year by the US Federal Trade Commission, Capri has been under pressure to sell off Versace to reduce its debt. According to those close to the deal, Prada was one of the earliest bidders. In a statement",Fashion,https://www.theguardian.com/fashion/2025/apr/10/pradas-125bn-versace-takeover-a-new-era-for-italian-luxury,"""prada"" AND (""luxury"" OR ""fashion"" OR ""stock"")"
us-news/2025/apr/10/donald-trump-tariffs-impact-uk-beyond,2025-04-10,Trump’s tariffs may be reduced but their impact will be felt in the UK and beyond,"Donald Trump may have stepped back from his huge tariff rises on every country, except China, which now faces at least 145%, but the impact of the market chaos is likely to continue in the UK and beyond. The rest of the world still faces a blanket 10% tariff on all US exports. While much of the focus has been the direct impact of the tariffs on physical goods, Trump’s actions threaten to reach every corner of global finance and the economy. Here, we examine the potential consequences of the tariffs and the fallout, from derailing deals and further undermining London’s stock exchange, to risking a rise in corruption and pushing up prices for consumers. Falling global growth The leading economic forecasters have yet to give their verdict, but the International Monetary Fund has already said the trade war will damage trade and business investment in most countries. China could fail to meet its 5% growth target for 2025, while Germany could be pushed into recession. The UK is likely to escape relatively unscathed in terms of trade. UK goods exports to the US are significant, but businesses are expected to minimise the impact of tariffs, leading to a modest 0.1 percentage point reduction in UK GDP this year. However, with borrowing costs still high and consumer confidence at risk, the tariffs present a significant headache for Keir Starmer. Soaring inflation and lower rates Central banks have spent much of the past three years attempting to reduce inflation, which reached as high as 11% after Russia’s full-scale invasion of Ukraine in 2022. Trump’s tariffs threaten to send costs for consumers surging. It is why the EU and the UK have proved reluctant to respond in kind to Washington’s barrage of tariffs. Some estimates say US inflation – currently at 2.8% – could peak at 4.5% next year if tariffs remain in place and that the chances of a US recession have increased. To tackle this, central banks across the UK and Europe are widely expected to cut rates soon to protect th","Trump’s tariffs may be reduced but their impact will be felt in the UK and beyond. Donald Trump may have stepped back from his huge tariff rises on every country, except China, which now faces at least 145%, but the impact of the market chaos is likely to continue in the UK and beyond. The rest of the world still faces a blanket 10% tariff on all US exports. While much of the focus has been the direct impact of the tariffs on physical goods, Trump’s actions threaten to reach every corner of global finance and the economy. Here, we examine the potential consequences of the tariffs and the fallout, from derailing deals and further undermining London’s stock exchange, to risking a rise in corruption and pushing up prices for consumers. Falling global growth The leading economic forecasters have yet to give their verdict, but the International Monetary Fund has already said the trade war will damage trade and business investment in most countries. China could fail to meet its 5% growth target for 2025, while Germany could be pushed into recession. The UK is likely to esc",US news,https://www.theguardian.com/us-news/2025/apr/10/donald-trump-tariffs-impact-uk-beyond,"""prada"" AND (""luxury"" OR ""fashion"" OR ""stock"")"
australia-news/2025/apr/11/morning-mail-friday-ntwnfb,2025-04-10,"Morning Mail: China tariffs in US now up to 145%, aged care commission jobs at risk, bum-breathing turtle in danger","Good morning. The US president, Donald Trump, has blamed “transition problems” after the White House clarified China faces 145% tariffs rather than the 125% announced yesterday. US stocks fell again, reversing some of the gains in yesterday’s sharp rally. In election news, the Coalition plans to shrink the size of the public service through natural attrition, and the public sector union in Australia has warned this would have a significant impact on the body that regulates aged care. Plus, the latest in our Last Chance series spotlights a critically endangered freshwater turtle. Australia Bureaucracy | Hundreds of jobs could be lost at the government agency responsible for investigating allegations of serious wrongdoing and mistreatment in aged care homes if the Coalition wins the election, the public sector union has warned. Last chance | A rare “bum-breathing” turtle found in a single river system in Queensland has suffered one of its worst breeding seasons, highlighted in our series about overlooked native species being ignored during this election campaign. Travel warning | An award-winning Australian comedian has cancelled a planned trip to the US after receiving legal advice that she could be stopped at the border due to her previous jokes about the Trump administration. Housing | Renters and advocates are worried there could be a surge in no-grounds evictions in New South Wales in the coming month as landlords act before the law changes in mid-May. Economy | The Reserve Bank of Australia governor says it is “too early” to judge how Donald Trump’s trade war will affect interest rates, while hosing down forecasts the bank will issue a double rate cut in May. World Rollercoaster economy | US stocks fell again on Thursday morning after a historic rally after Donald Trump’s shock retreat on Wednesday on the hefty tariffs he had just imposed on dozens of countries. Follow the live blog here. Hollywood | Hours after Donald Trump imposed record 125% tariffs on Chines","Morning Mail: China tariffs in US now up to 145%, aged care commission jobs at risk, bum-breathing turtle in danger. Good morning. The US president, Donald Trump, has blamed “transition problems” after the White House clarified China faces 145% tariffs rather than the 125% announced yesterday. US stocks fell again, reversing some of the gains in yesterday’s sharp rally. In election news, the Coalition plans to shrink the size of the public service through natural attrition, and the public sector union in Australia has warned this would have a significant impact on the body that regulates aged care. Plus, the latest in our Last Chance series spotlights a critically endangered freshwater turtle. Australia Bureaucracy | Hundreds of jobs could be lost at the government agency responsible for investigating allegations of serious wrongdoing and mistreatment in aged care homes if the Coalition wins the election, the public sector union has warned. Last chance | A rare “bum-breathing” turtle found in a single river system in Queensland has suffered one of its worst breeding seasons, highlighted in our series",Australia news,https://www.theguardian.com/australia-news/2025/apr/11/morning-mail-friday-ntwnfb,"""prada"" AND (""luxury"" OR ""fashion"" OR ""stock"")"
commentisfree/2025/apr/12/chicken-jockey-chaos-takes-audience-participation-too-far-minecraft-movie,2025-04-12,"There’s a place for audience participation, but ‘chicken jockey’ chaos takes it too far","‘Chicken jockey!” If you know what this phrase means, you’re either a preteen boy or have accompanied one to a recent cinema screening of A Minecraft Movie. Warner Bros’ latest money-spinner is a movie adaptation of the Swedish game Minecraft, a prerequisite in the social lives of children between the age of eight and 12. The game enables children to explore and reconfigure a creative digital environment, accumulating resources in a world built from blocks. The movie enables children to explore and reconfigure the codes of basic decency in a cinema environment, testing the limits of any hapless usher left to supervise. A Minecraft Movie means mischief. In recent days, a viral trend has encouraged audiences to wait for the onscreen moment when a zombie jumps piggyback on to a chicken – yes, actually – then to erupt into chaos, hurling popcorn around the theatre. The cue for action is marked by a character played by Jack Black, who spots the zombie-chicken combo and yells “chicken jockey!”. In a video of one such incident, a tween carrying a real-life chicken is paraded on the shoulders of a friend through cinema seats. It was the chicken jockey to end all chicken jockeys. Clearly, the phenomenon is a nightmare for cinema staff, given the debris of snack foods crunched into carpets. Equally clearly, no adult arrives at A Minecraft Movie with an expectation of rapt silence. The exuberance of children recognising a key moment from their own gameplay should hardly inspire the disapproval some of us reserve for the oaf who disrupts an art house cinema. (I speak as someone with an acute sensitivity to noise and a long-honed repertoire of judgy looks.) A Krzysztof Kieślowski retrospective requires silence; the latest Jack Black vehicle does not. If your tween is participating in the “chicken jockey” phenomenon, it’s less likely to be an act of rebellion, heralding a lifetime of social delinquency, so much as a requisite act of conformity. During A Minecraft Movie’s first we","There’s a place for audience participation, but ‘chicken jockey’ chaos takes it too far. ‘Chicken jockey!” If you know what this phrase means, you’re either a preteen boy or have accompanied one to a recent cinema screening of A Minecraft Movie. Warner Bros’ latest money-spinner is a movie adaptation of the Swedish game Minecraft, a prerequisite in the social lives of children between the age of eight and 12. The game enables children to explore and reconfigure a creative digital environment, accumulating resources in a world built from blocks. The movie enables children to explore and reconfigure the codes of basic decency in a cinema environment, testing the limits of any hapless usher left to supervise. A Minecraft Movie means mischief. In recent days, a viral trend has encouraged audiences to wait for the onscreen moment when a zombie jumps piggyback on to a chicken – yes, actually – then to erupt into chaos, hurling popcorn around the theatre. The cue for action is marked by a character played by Jack Black, who spots the zombie-chicken combo and yells “chicken jockey",Opinion,https://www.theguardian.com/commentisfree/2025/apr/12/chicken-jockey-chaos-takes-audience-participation-too-far-minecraft-movie,"""devil wears prada"""
fashion/2025/apr/18/christian-dior-appoints-uk-designer-jonathan-anderson-as-menswear-boss,2025-04-18,Christian Dior appoints UK designer Jonathan Anderson as menswear boss,"Jonathan Anderson, the designer who brought success, cool and viral fame to the Spanish label Loewe during his 11-year reign, has been announced as the new creative director of Christian Dior’s menswear collection. Taking over from Kim Jones, Anderson’s first show for the brand will take place in Paris in June. While this is confirmation of news that fashion insiders were long aware of, it will definitely bring new buzz to Christian Dior. Anderson, now 40, has become something of a unicorn in the industry, a designer with boundless energy and ideas who is able to create distinctive and original designs but also sell clothes. During his time at Loewe, sales grew from €230m in 2014 to €1.1bn in 2024, Vogue Business reported. Hits include the £2,550 puzzle bag, which became an “it” bag over the last decade, as well as a bag shaped like an heirloom tomato, an idea that can be traced back to a tweet with a picture of a tomato and the caption: “This tomato is so Loewe I can’t explain it.” Anderson is adept at ideas that spread on social media, whether through Loewe or his own label, JW Anderson which he will keep. His pigeon bag, which launched in 2022, became a favourite online, and copies of the £890 bag can now be bought on Ali Express for £16.81. His adverts for Loewe also often went viral – with unexpected stars including an 89-year-old Maggie Smith, the pink-haired soccer star Megan Rapinoe or a geeked-up Daniel Craig. His collaboration with Guinness last year no doubt contributed to the drink’s revival with gen Z. The designer was born and brought up in Magherafelt in Northern Ireland, a town with fewer than 10,000 people. His father is Willie Anderson, who played rugby for Ireland, and then became a coach for the national team, while his mother was a secondary school teacher. Initially, Jonathan was interested in acting and was part of the National Youth Music Theatre. He moved to Washington DC at the age of 18 to study at the Studio theatre. After he lost interes","Christian Dior appoints UK designer Jonathan Anderson as menswear boss. Jonathan Anderson, the designer who brought success, cool and viral fame to the Spanish label Loewe during his 11-year reign, has been announced as the new creative director of Christian Dior’s menswear collection. Taking over from Kim Jones, Anderson’s first show for the brand will take place in Paris in June. While this is confirmation of news that fashion insiders were long aware of, it will definitely bring new buzz to Christian Dior. Anderson, now 40, has become something of a unicorn in the industry, a designer with boundless energy and ideas who is able to create distinctive and original designs but also sell clothes. During his time at Loewe, sales grew from €230m in 2014 to €1.1bn in 2024, Vogue Business reported. Hits include the £2,550 puzzle bag, which became an “it” bag over the last decade, as well as a bag shaped like an heirloom tomato, an idea that can be traced back to a tweet with a picture of a tomato and the caption: “This tomato is so Loewe I can’t explain it.” An",Fashion,https://www.theguardian.com/fashion/2025/apr/18/christian-dior-appoints-uk-designer-jonathan-anderson-as-menswear-boss,"""prada"" AND (""luxury"" OR ""fashion"" OR ""stock"")"
fashion/2025/apr/18/show-goes-on-ralph-lauren-fashion-reels-trump-tariffs,2025-04-18,Show goes on for Ralph Lauren as fashion reels from Trump tariffs,"Two weeks after Donald Trump announced his “liberation day” tariffs, the fashion industry finds itself in turmoil as it tries to navigate the chaos unleashed. Some are calling it the “tariffpocalypse”, with the sector bracing itself for a global trade war, snarling up supplies and hiking costs, alongside plummeting consumer confidence. But on Thursday afternoon in New York City, it was a case of the show must (literally) go on for Ralph Lauren. The 85-year-old designer unveiled his autumn/winter 2025 collection with a catwalk show staged in the historic Clock Tower building, a gilded wonder just a short hop away from Wall Street. Guests including the actors Anne Hathaway, Michelle Williams and Naomi Watts were greeted by waiters holding trays of champagne in the building’s former beaux-arts bank hall, complete with Corinthian columns and ornate ceilings. Although the show had been in the brand’s pipeline for months (Lauren holds his shows off-schedule rather than during the traditional fashion week calendar), the sudden volatility created by Trump’s trade war meant it served as a fashion red herring. What better way to quell the chatter around fluctuating stocks and waning consumer confidence than with a star-studded front row and clothes such as glamorous evening gowns that looked as if they had been plucked straight from the wardrobes of those living the American dream? With long-established Asia-centric supply chains, the fashion sector has been left particularly wounded from Trump’s decision to impose duties on finished products. China, most outsourcing is undertaken, faces tariffs of up to 245% while Vietnam, another fashion manufacturing hub, faces blanket tariffs of 46% – albeit suspended for 90 days after the president’s abrupt U-turn. Meanwhile, despite talks with the US, the EU is still grappling to come to a trade compromise. The announcement of “reciprocal tariffs” triggered a sharp decline in shares of Kering, the parent company of Gucci and Saint Laure","Show goes on for Ralph Lauren as fashion reels from Trump tariffs. Two weeks after Donald Trump announced his “liberation day” tariffs, the fashion industry finds itself in turmoil as it tries to navigate the chaos unleashed. Some are calling it the “tariffpocalypse”, with the sector bracing itself for a global trade war, snarling up supplies and hiking costs, alongside plummeting consumer confidence. But on Thursday afternoon in New York City, it was a case of the show must (literally) go on for Ralph Lauren. The 85-year-old designer unveiled his autumn/winter 2025 collection with a catwalk show staged in the historic Clock Tower building, a gilded wonder just a short hop away from Wall Street. Guests including the actors Anne Hathaway, Michelle Williams and Naomi Watts were greeted by waiters holding trays of champagne in the building’s former beaux-arts bank hall, complete with Corinthian columns and ornate ceilings. Although the show had been in the brand’s pipeline for months (Lauren holds his shows off-schedule rather than during the traditional",Fashion,https://www.theguardian.com/fashion/2025/apr/18/show-goes-on-ralph-lauren-fashion-reels-trump-tariffs,"""LVMH"" AND ""fashion"""
culture/2025/apr/20/bella-ramsey-ellie-the-last-of-us-season-two-interview,2025-04-20,"‘When medieval times return, I’ll be ready’: Bella Ramsey on friendship, fashion and The Last of Us","Bella Ramsey self-recorded their audition tape for The Last of Us at their parents’ home in Leicestershire and sent it off more in hope than expectation. Ramsey, who was 17 at the time, had never played the post-apocalyptic zombie video game on which the new TV series was based, but knew it was a big deal: released in 2013, it had sold more than 20m copies. It would later emerge that Craig Mazin and Neil Druckmann, the show’s creators, looked seriously at more than 100 actors for the role of Ellie, the sassy and quirky but also complicated and vicious American protagonist of The Last of Us. “Yeah, I’ve been told,” says Ramsey with a wry smile. When Ramsey got the first callback from Mazin and Druckmann, they joined the Zoom from their childhood bedroom. “I’ve gotten very used to sending in a self-tape and forgetting about it,” they say, when we meet at a photo studio in north London. “But the problem was when there was a self-tape that really meant something to me, like The Last of Us did. It feels quite scary. And when I got the phone call saying they wanted me to be Ellie it did feel surreal for a few days. I understood that if I said yes – which obviously I was going to – my life was going to change.” Life-changing is one way to describe it. Ramsey was hardly inexperienced when they were cast: their professional debut was aged 11 as the no-nonsense Lyanna Mormont in Game of Thrones; they had also been the star of the CBBC series The Worst Witch and appeared in the BBC/HBO adaptation of His Dark Materials. But The Last of Us was something else. About 40 million people watched the first episode in 2023 and the series, which is said to have cost $100m, became the most popular HBO show ever in Europe. Brutally violent at times, but also tender and poignant, the odd-couple chemistry between Ramsey’s Ellie and Pedro Pascal’s Joel has attracted an obsessive fanbase far beyond video-game nerds. Ramsey, who has an uncompromising centre-parting, dark, doll-like eyes and bo","‘When medieval times return, I’ll be ready’: Bella Ramsey on friendship, fashion and The Last of Us. Bella Ramsey self-recorded their audition tape for The Last of Us at their parents’ home in Leicestershire and sent it off more in hope than expectation. Ramsey, who was 17 at the time, had never played the post-apocalyptic zombie video game on which the new TV series was based, but knew it was a big deal: released in 2013, it had sold more than 20m copies. It would later emerge that Craig Mazin and Neil Druckmann, the show’s creators, looked seriously at more than 100 actors for the role of Ellie, the sassy and quirky but also complicated and vicious American protagonist of The Last of Us. “Yeah, I’ve been told,” says Ramsey with a wry smile. When Ramsey got the first callback from Mazin and Druckmann, they joined the Zoom from their childhood bedroom. “I’ve gotten very used to sending in a self-tape and forgetting about it,” they say, when we meet at a photo studio in north London. “But the problem was when there was a self-tape that really meant something to me, like The Last of Us ",Culture,https://www.theguardian.com/culture/2025/apr/20/bella-ramsey-ellie-the-last-of-us-season-two-interview,"""prada"" AND (""luxury"" OR ""fashion"" OR ""stock"")"
fashion/2025/may/09/no-trousers-day-knicker-trend-growing-legs-met-gala,2025-05-09,"Look, no trousers! Why the ‘day knicker’ trend is growing legs","Appearing in public without your trousers? For most of us, it’s the stuff of nightmares. But for a handful of people who scaled the Met Gala steps on Monday night, it was simply fashion. The singer Sabrina Carpenter and the pop star and actor Lisa were among celebrities who attended wearing Louis Vuitton tuxedo jackets, stockings and little else. Naturally, Carpenter wore an espresso-coloured bodysuit with coat tails, while Lisa’s sparkly knickers were embroidered with replicated portraits by the US artist Henry Taylor. Wicked’s Cynthia Erivo joined them with her hot pants exposed under a black tulle Givenchy gown of some size. The Colour Purple actor Taraji P Henson arrived in a tuxedo micro-dress by Monse that barely covered her crotch, and the model Hailey Bieber finished her thigh-skimming Saint Laurent blazer with a pair of black stockings and little else. For Valerie Steele, the storied fashion historian and director of the Museum at the Fashion Institute of Technology, the look “didn’t seem that shocking”. Rather, it was a straightforward way to straddle the gala’s “superfine tailoring” theme and the wearer’s desire to dress up. “You could either wear a suit, or just go for the tailored jacket. As some people are more conditioned to wearing a dress, or heels, it was really the easiest way to fulfil the brief.” These trouser-free outfits consolidated a trend that has been growing legs in the last few years: the “day knicker”. Kendall Jenner was among the first to go out in her undies, buying flowers in a Bottega Veneta crew neck and knickers in 2022. Her look was trumped only by a pair of £600 low-rise Miu Miu briefs in shades of canary yellow and tomato red, which became the most in-demand high-fashion item, as worn by Emma Corrin and Alexa Chung out and about. As the designer Miuccia Prada said after the show: “The point is, you can choose what you wear.” Underwear-as-outerwear tends to rear its head most decades. In the 1960s, “once women were able to show ","Look, no trousers! Why the ‘day knicker’ trend is growing legs. Appearing in public without your trousers? For most of us, it’s the stuff of nightmares. But for a handful of people who scaled the Met Gala steps on Monday night, it was simply fashion. The singer Sabrina Carpenter and the pop star and actor Lisa were among celebrities who attended wearing Louis Vuitton tuxedo jackets, stockings and little else. Naturally, Carpenter wore an espresso-coloured bodysuit with coat tails, while Lisa’s sparkly knickers were embroidered with replicated portraits by the US artist Henry Taylor. Wicked’s Cynthia Erivo joined them with her hot pants exposed under a black tulle Givenchy gown of some size. The Colour Purple actor Taraji P Henson arrived in a tuxedo micro-dress by Monse that barely covered her crotch, and the model Hailey Bieber finished her thigh-skimming Saint Laurent blazer with a pair of black stockings and little else. For Valerie Steele, the storied fashion historian and director of the Museum at the Fashion Institute of Technology, the look ",Fashion,https://www.theguardian.com/fashion/2025/may/09/no-trousers-day-knicker-trend-growing-legs-met-gala,"""prada"" AND (""luxury"" OR ""fashion"" OR ""stock"")"
fashion/2025/may/10/bicester-village-30-oxfordshire-shopping-mall,2025-05-10,Bicester Village at 30: how a wet field in Oxfordshire defied the death of the shopping mall,"Before a shopping centre selling past-season designer fashion at discounted prices opened its doors in April 1995, the site of Bicester Village had been “a wet field containing two old horses that looked ready for the knacker’s yard, and a fallen-down shed behind a small branch of Tesco”, remembers Colin Woodhead, a PR director who worked on the launch. “We might as well have been a Martian spaceship that had landed on that field.” The timing of a retail concept then unknown in Britain was not auspicious. Three months later, the launch of an online bookseller called Amazon fired the starting pistol for a race toward internet shopping that would leave high streets half-empty and shopping centres boarded up. But Bicester Village has defied the downward trend of bricks-and-mortar retail to celebrate its 30th anniversary at almost 100% occupancy, and with a waiting list for pop-up spaces. Last year, it had a record 6.7 million visitors. It generates among the highest sales per square foot of any shopping centre in the world, and boasts the world’s only cut-price Dior store and biggest Pret a Manger. The Oxfordshire mall is the flagship of a global empire that includes two outposts in China, Bicester Village Shanghai and Bicester Village Suzhou. The average visitor spends six hours on site. “What Bicester proves is that it pays to offer something you can’t get on Amazon. It’s a whole day out,” says Sarah Montano, a professor of retail marketing at the University of Birmingham. While town centres struggle with environmental issues ranging from the cost of car ownership to refuse collection, the white picket fences and wide cobblestone avenues of Bicester Village – modelled on Disneyland – offer an environment akin to that of an all-inclusive holiday resort. Visitors are referred to as guests, rather than shoppers. “It is about the value of our time,” says Dr Antonia Ward at the trends intelligence firm Stylus. “Not just about how to save time, but about how to spend time ","Bicester Village at 30: how a wet field in Oxfordshire defied the death of the shopping mall. Before a shopping centre selling past-season designer fashion at discounted prices opened its doors in April 1995, the site of Bicester Village had been “a wet field containing two old horses that looked ready for the knacker’s yard, and a fallen-down shed behind a small branch of Tesco”, remembers Colin Woodhead, a PR director who worked on the launch. “We might as well have been a Martian spaceship that had landed on that field.” The timing of a retail concept then unknown in Britain was not auspicious. Three months later, the launch of an online bookseller called Amazon fired the starting pistol for a race toward internet shopping that would leave high streets half-empty and shopping centres boarded up. But Bicester Village has defied the downward trend of bricks-and-mortar retail to celebrate its 30th anniversary at almost 100% occupancy, and with a waiting list for pop-up spaces. Last year, it had a record 6.7 million visitors. It generates among the highest sales per square foot ",Fashion,https://www.theguardian.com/fashion/2025/may/10/bicester-village-30-oxfordshire-shopping-mall,"""LVMH"" AND ""fashion"""
business/2025/may/14/burberry-may-cut-1700-jobs-globally-to-reduce-costs-as-profits-fall,2025-05-14,"Burberry may cut 1,700 jobs globally to reduce costs as profits fall","Burberry is to cut around 1,700 jobs worldwide by 2027 – including removing the entire night shift at its Yorkshire raincoat factory – as the struggling fashion house ramps up its efforts to reduce costs after a tumble in profits. The British luxury brand announced the job cuts on Wednesday after reporting a 117% fall in its annual pre-tax profits in the last financial year. It recorded a £66m loss, down from a profit of £383m, as the company has struggled against a broader malaise in the global luxury goods industry. The company said a new plan to find £60m in cost savings could affect 1,700 jobs. Burberry employed about 9,300 people around the world last year, so the cuts could affect almost a fifth of its staff. Joshua Schulman, the chief executive of Burberry, said most of the cuts would be at the group’s head offices around the world, led by London, but jobs would also go by reorganising staff rotas in stores and dropping one shift at its trench-coat factory in Castleford. He said no significant store closures were planned. The change in Castleford, which is expected to affect about 170 highly skilled jobs, will happen before a “significant investment” in the second half of this year in the factory, Schulman said. “For a long time we have had overcapacity at that facility and that’s simply not sustainable at this point,” he said. “We are making this change to safeguard our UK manufacturing and will be making a significant investment in renovating the Victorian factory [later this financial year].” He said Burberry had “an ambition” to increase the scale of UK production “over time” and saw value in the “tradition of making trench coats right here in the UK”. However, Darren Travis, an organiser for GMB union which represents workers at the factory, said: “This is a sad, sad blow for these workers and Castleford itself. Burberry is the town’s biggest employer and more than a quarter of the workforce are going.” ” The fashion house, which is best known for its si","Burberry may cut 1,700 jobs globally to reduce costs as profits fall. Burberry is to cut around 1,700 jobs worldwide by 2027 – including removing the entire night shift at its Yorkshire raincoat factory – as the struggling fashion house ramps up its efforts to reduce costs after a tumble in profits. The British luxury brand announced the job cuts on Wednesday after reporting a 117% fall in its annual pre-tax profits in the last financial year. It recorded a £66m loss, down from a profit of £383m, as the company has struggled against a broader malaise in the global luxury goods industry. The company said a new plan to find £60m in cost savings could affect 1,700 jobs. Burberry employed about 9,300 people around the world last year, so the cuts could affect almost a fifth of its staff. Joshua Schulman, the chief executive of Burberry, said most of the cuts would be at the group’s head offices around the world, led by London, but jobs would also go by reorganising staff rotas in stores and dropping one shift at its trench-coat factory in Castleford. He said",Business,https://www.theguardian.com/business/2025/may/14/burberry-may-cut-1700-jobs-globally-to-reduce-costs-as-profits-fall,"""LVMH"" AND ""fashion"""
fashion/2025/may/16/gucci-goes-alfresco-in-florence-as-it-awaits-buzzy-new-creative-boss,2025-05-16,Gucci goes alfresco in Florence as it awaits rebirth under buzzy new creative boss,"If rebirth is what you want then Florence, home of the Renaissance, is a good place to start. Gucci, which has just switched designers after a period of plunging sales – 24% down in the last quarter of 2024, and 25% down in the first of 2025 – showed its latest collection in a catwalk pageant that began in the 15th-century Palazzo Settimanni, where the actors Paul Mescal, Viola Davis and Jeff Goldblum, a Florentine resident, had front-row seats, and continued outside to where Gucci employees and local fashion fans, seated in bars and cafes, watched an alfresco lap of the show. If you hit the factory-reset button in Florence, and make it glamorous, can you call it a renaissance button? Gucci has its fingers crossed. In the most recent Lyst index, which tracks digital engagement to assess which names are leading the fashion conversation, Gucci fell five places to No 17, an ignominious decline for a proud Italian brand. After the abrupt departure of the designer Sabato De Sarno, let go just two weeks before Milan fashion week in February, the house awaits the arrival of its buzzy new hire Demna, who will leave his post at Balenciaga this summer and present his first Gucci collection later this year. An outdoor event is a risky move, and a thunderstorm hours before had the top brass jittery. But when the sun came out for a perfect Tuscan golden hour, it felt like the luck of Gucci, unable to catch a break for the past two years, might have turned. The design team had produced an upbeat parade of Gucci’s greatest hits. Jewel-coloured brocade mini-shift dresses, kaftans slashed to the navel and lush faux-fur chubbies leant into the charismatic jet-set 1960s glamour that is foundational to Gucci – think Elizabeth Taylor filming Cleopatra in Rome, or Jackie Onassis on holiday in Capri – while jodhpur silhouettes nodded to the equestrian heritage of the home of the horsebit loafer. There were forward-facing hat tips to the tastes of the incoming boss, in exaggerated quarterb","Gucci goes alfresco in Florence as it awaits rebirth under buzzy new creative boss. If rebirth is what you want then Florence, home of the Renaissance, is a good place to start. Gucci, which has just switched designers after a period of plunging sales – 24% down in the last quarter of 2024, and 25% down in the first of 2025 – showed its latest collection in a catwalk pageant that began in the 15th-century Palazzo Settimanni, where the actors Paul Mescal, Viola Davis and Jeff Goldblum, a Florentine resident, had front-row seats, and continued outside to where Gucci employees and local fashion fans, seated in bars and cafes, watched an alfresco lap of the show. If you hit the factory-reset button in Florence, and make it glamorous, can you call it a renaissance button? Gucci has its fingers crossed. In the most recent Lyst index, which tracks digital engagement to assess which names are leading the fashion conversation, Gucci fell five places to No 17, an ignominious decline for a proud Italian brand. After the abrupt departure of the designer Sabato De Sarno, let go ju",Fashion,https://www.theguardian.com/fashion/2025/may/16/gucci-goes-alfresco-in-florence-as-it-awaits-buzzy-new-creative-boss,"""Kering"" AND ""fashion"""
fashion/2025/may/20/pierpaolo-piccioli-named-balenciaga-creative-director,2025-05-20,Balenciaga names Pierpaolo Piccioli creative director as fashion houses’ creative upheaval continues,"Pierpaolo Piccioli has been named creative director of the renowned Spanish couture house Balenciaga, the latest in a series of moves across the upper echelons of the fashion industry. The appointment follows the departure of controversial former creative director Demna to Gucci in March. Under Demna, Balenciaga became known for a “memecore” approach to high fashion, creating novelty garments from towel skirts to handbags shaped like coffee cups. Piccolli’s appointment suggests a shift away from this approach at the respected fashion house, which was founded by Cristóbal Balenciaga in 1919. At his previous role at Valentino – which he held from 2008 to 2024 – Piciolli was known for soft, feminine and elegant designs. Both Balenciaga and Gucci are owned by one of the world’s largest luxury conglomerates, Kering, which also owns Yves Saint Laurent, Bottega Veneta and Alexander McQueen. In a statement, newly appointed Balenciaga CEO Gianfranco Gianangeli said: “I’m excited to begin this new era at Balenciaga with Pierpaolo. His creative vision will thrive, and he will perfectly interpret the legacy of Cristóbal Balenciaga, building on the House’s bold creativity, rich heritage and strong culture.” Piccioli said the role, “gives me the chance to shape a new version of the Maison, adding another chapter with a new story”. His first collection for Balenciaga will debut in October 2025. The change is one of many across the fashion industry in recent months. At rival conglomerate LVMH, longtime Loewe designer JW Anderson moved to a menswear role at Dior in April. In January, Louise Trotter took the helm at Kering-owned Bottega Veneta, after Matthieu Blazy left the position for an artistic director role at Chanel. In the past year, there have also been new appointments at Dries van Noten, Tom Ford, Givenchy and Calvin Klein. The shake-up occurs against a downturn in the luxury goods industry. In 2024, Kering’s revenue fell by 12% while rival LVMH recorded a 1% annual dip. Un","Balenciaga names Pierpaolo Piccioli creative director as fashion houses’ creative upheaval continues. Pierpaolo Piccioli has been named creative director of the renowned Spanish couture house Balenciaga, the latest in a series of moves across the upper echelons of the fashion industry. The appointment follows the departure of controversial former creative director Demna to Gucci in March. Under Demna, Balenciaga became known for a “memecore” approach to high fashion, creating novelty garments from towel skirts to handbags shaped like coffee cups. Piccolli’s appointment suggests a shift away from this approach at the respected fashion house, which was founded by Cristóbal Balenciaga in 1919. At his previous role at Valentino – which he held from 2008 to 2024 – Piciolli was known for soft, feminine and elegant designs. Both Balenciaga and Gucci are owned by one of the world’s largest luxury conglomerates, Kering, which also owns Yves Saint Laurent, Bottega Veneta and Alexander McQueen. In a statement, newly appointed Balenciaga CEO Gianfranco Gianangeli said: “I’m excited to begin this n",Fashion,https://www.theguardian.com/fashion/2025/may/20/pierpaolo-piccioli-named-balenciaga-creative-director,"""LVMH"" AND ""fashion"""
lifeandstyle/2025/may/22/monty-dons-dog-friendly-garden-gets-tails-wagging-at-the-chelsea-flower-show,2025-05-22,Monty Don’s dog-friendly garden gets tails wagging at the Chelsea flower show,"Can you hear it? That sound of the horticultural industry exhaling? We are at the end of the Chelsea flower show, AKA Gardening Christmas. Designers, contractors, nurseries, growers and gardeners have been beetling away building things, attending things, observing things from a distance and generally finding the whole event a delicious, exhausting, engaging, controversial affair. Perhaps you pore over it on the telly, perhaps you brave the queues and the floral-dressed crowds, perhaps you ignore it entirely, but Chelsea does set the metronome and the bellwether for gardening trends that, like Anne Hathaway’s infamous cerulean sweater in The Devil Wears Prada, filter down to what we do in our own gardens several seasons later. Corten steel, Mediterranean planting, the rise of the wildflower, outdoor kitchens: all were spotted first at Chelsea. This year has a surprisingly canine focus, with Monty Don – usually busy hosting the BBC coverage, or swapping the press tent for the plush of the velvet banquettes in the Newt hospitality suite – designing the RHS and BBC Radio 2 Dog Garden. When this was announced last autumn, it was proclaimed the show’s first dog-friendly garden (which is not true: Jo Thompson made one back in 2012). Nevertheless, the focus on making beautiful gardens that are practical for our furry friends is something designers traditionally overlook; one once told me the worst part of the job was having to dodge dog poo while doing a recce on a new site. Three years after Lulu Urquhart and Adam Hunt set tongues (not tails) wagging with their best-in-show-winning rewilded garden, “weedy” lawns are firmly back on the agenda. Don’s creation, which was made by a team headed by Jamie Butterworth, features dandelions, clover and daisies, all meticulously transported from RHS Garden Wisley. Diverse lawns are more hardy for the needs of pet ownership, as well as offering many new things to sniff. But clover is especially good because it remains green during per","Monty Don’s dog-friendly garden gets tails wagging at the Chelsea flower show. Can you hear it? That sound of the horticultural industry exhaling? We are at the end of the Chelsea flower show, AKA Gardening Christmas. Designers, contractors, nurseries, growers and gardeners have been beetling away building things, attending things, observing things from a distance and generally finding the whole event a delicious, exhausting, engaging, controversial affair. Perhaps you pore over it on the telly, perhaps you brave the queues and the floral-dressed crowds, perhaps you ignore it entirely, but Chelsea does set the metronome and the bellwether for gardening trends that, like Anne Hathaway’s infamous cerulean sweater in The Devil Wears Prada, filter down to what we do in our own gardens several seasons later. Corten steel, Mediterranean planting, the rise of the wildflower, outdoor kitchens: all were spotted first at Chelsea. This year has a surprisingly canine focus, with Monty Don – usually busy hosting the BBC coverage, or swapping the press tent for the plush of th",Life and style,https://www.theguardian.com/lifeandstyle/2025/may/22/monty-dons-dog-friendly-garden-gets-tails-wagging-at-the-chelsea-flower-show,"""devil wears prada"""
fashion/2025/may/23/louis-vuitton-captures-the-zeitgeist-for-conclave-chic-at-avignon-show,2025-05-23,Louis Vuitton captures zeitgeist for conclave chic at Avignon show,"The pageantry and drama of the papacy is very much on trend. Hot on the heels of white smoke at the Vatican and Conclave in cinemas, the gothic Palais des Papes in Avignon, home to the popes of the 14th century, hosted a Louis Vuitton catwalk, the first fashion show at the palace in its 700-year history. There was no shortage of pomp and ceremony in the central courtyard of one of Europe’s largest medieval structures, where 400 chairs with tall, arched backs and plush, cardinal-red cushions were ranked tightly for Brigitte Macron, Cate Blanchett, Pharrell Williams, a clutch of celebrities making a post-Cannes detour, and a select few of Louis Vuitton’s most deep-pocketed clients. In a preview, the designer Nicolas Ghesquière said the collection was part-Arthurian legend, part-Haim sisters on stage. (Danielle and Este Haim were in the audience; the medieval ghosts perhaps watching from within the walls.) “There is something medieval, for sure, but something futuristic too. This is armour, but for now,” he said. Ghesquière chose the building last year, drawn not by its papal origins but by his own memories of attending the experimental theatre festival it hosts each summer. “Dressing is a performance that we are all part of. I love that about fashion, I think it’s really cool,” he said. That the papacy has been so visible this year is fitting for a designer whose nose for the zeitgeist has secured an impressive 11-year run at the helm of Vuitton. “The coincidence is interesting, of course. And there is a magnetism to this place, to the idea of believing,” he said. The venue also reflects the scale of Louis Vuitton. It is the biggest fashion brand in the LVMH stable, which generated $88bn (£65bn) in revenue in 2024. Filling a gothic palace with celebrities is a power flex the 14th-century popes for whom it was built would have respected. Ghesquière understands that luxury has become a vast industry, not because people want to be seen to have an expensive handbag, but b","Louis Vuitton captures zeitgeist for conclave chic at Avignon show. The pageantry and drama of the papacy is very much on trend. Hot on the heels of white smoke at the Vatican and Conclave in cinemas, the gothic Palais des Papes in Avignon, home to the popes of the 14th century, hosted a Louis Vuitton catwalk, the first fashion show at the palace in its 700-year history. There was no shortage of pomp and ceremony in the central courtyard of one of Europe’s largest medieval structures, where 400 chairs with tall, arched backs and plush, cardinal-red cushions were ranked tightly for Brigitte Macron, Cate Blanchett, Pharrell Williams, a clutch of celebrities making a post-Cannes detour, and a select few of Louis Vuitton’s most deep-pocketed clients. In a preview, the designer Nicolas Ghesquière said the collection was part-Arthurian legend, part-Haim sisters on stage. (Danielle and Este Haim were in the audience; the medieval ghosts perhaps watching from within the walls.) “There is something medieval, for sure, but something futuristic too. This is armou",Fashion,https://www.theguardian.com/fashion/2025/may/23/louis-vuitton-captures-the-zeitgeist-for-conclave-chic-at-avignon-show,"""LVMH"" AND ""fashion"""
newsletters/2025/may/21/fashion-statement-mens-polo-lacoste,2025-05-23,Prep class: welcome to polo shirt summer,"Last year, my wife bought me a Lacoste polo shirt for my birthday. Standard design, with the little green crocodile on the chest. On any pleasant day – I live in Lisbon where they’re frequent, but the same could be said in the UK summer – I’ll see at least one other man wearing one. It was then I realised I could be wearing these suckers until I die. “Polo shirts are the cornerstone of a warm-weather wardrobe, a classic that stands next to the tee and the oxford in the Shirt Hall of Fame,” the Strategist style expert Chris Black wrote reassuringly when asked whether they were “dork territory”, adding that the Lacoste is “the OG of polo shirts”. In the summer, I’m loyal to a plain white tee (the Cos triple pack is a trusted servant). A few years ago, though, I moved to Portugal, which forced me to expand my hot-weather wardrobe. For one, constant sunscreen use is terror on the white tee. There are also times when a T-shirt is too casual. You can wear a shirt, of course, but they can be heavy or a bit fussy in the heat. Which is where the polo comes in. As well as the blue-chip companies such as Lacoste and Ralph Lauren, most brands make a polo. Uniqlo has a reliable offering. You’ll find them at reasonable prices in Arket, H&amp;M and Muji. M&amp;S has an extensive array. At the mid to higher end, the likes of A Day’s March, CP Company, Universal Works and Sunspel have polo ranges. However, there is no escaping its bad associations. Polos can all get a bit country club or the jerk archetype from each season of The White Lotus: Jake Lacy, Theo James, Patrick Schwarzenegger – a cursed blend of entitled preppy and quiet luxury. In Lisbon, there is an aspirational type known as Beto: to locals they are recognisable by their names (Salvador, Afonso Maria, Tomás) and by their dress: boat shoes, slim-fitting slacks, Vichy plaid shirts, puffer gilets, polo shirts. It’s essentially a Euro-variant on a style that lands between Sloane Ranger and US preppy. Similarly in Ireland,","Prep class: welcome to polo shirt summer. Last year, my wife bought me a Lacoste polo shirt for my birthday. Standard design, with the little green crocodile on the chest. On any pleasant day – I live in Lisbon where they’re frequent, but the same could be said in the UK summer – I’ll see at least one other man wearing one. It was then I realised I could be wearing these suckers until I die. “Polo shirts are the cornerstone of a warm-weather wardrobe, a classic that stands next to the tee and the oxford in the Shirt Hall of Fame,” the Strategist style expert Chris Black wrote reassuringly when asked whether they were “dork territory”, adding that the Lacoste is “the OG of polo shirts”. In the summer, I’m loyal to a plain white tee (the Cos triple pack is a trusted servant). A few years ago, though, I moved to Portugal, which forced me to expand my hot-weather wardrobe. For one, constant sunscreen use is terror on the white tee. There are also times when a T-shirt is too casual. You can wear a shirt, of course, but they can be ",Fashion,https://www.theguardian.com/newsletters/2025/may/21/fashion-statement-mens-polo-lacoste,"""prada"" AND (""luxury"" OR ""fashion"" OR ""stock"")"
fashion/2025/jun/02/jonathan-anderson-profile-dior-loewe,2025-06-02,Jonathan Anderson: the esoteric designer taking on the mantle at Dior,"Long before the designer Jonathan Anderson stepped down from his role at Loewe in March, it was rumoured he would be heading for Dior. So when it was finally announced – six months after Dior’s menswear designer left, and four days after its womenswear head, Maria Grazia Chiuri, showed a collection in Rome – it surprised no one. Yet Anderson’s newfound position at luxury’s centre of gravity still sets Dior, a grand fashion institution, careering down an experimental path. As Delphine Arnault, the chair and chief executive of Christian Dior Couture, told Vogue Business: “For any house, having new artistic direction can be a challenge.” A critical darling and commercial success, Anderson made Loewe into a fashion week hype machine and Hollywood powerhouse while creating shoes with perspex cracked eggs for heels, art-directing Daniel Craig’s post-Bond relaunch in specs and quirky knits, and casting the late Dame Maggie Smith as a model in an advertising campaign at the age of 88. Anderson’s role at Loewe was also lucrative. Since he took over, the brand’s annual revenues increased fivefold. With the move to Dior he will now probably become the most prolific designer in fashion; assuming he continues to work on his own brand (JW Anderson), as well as his collaboration with Uniqlo, it is expected he will show 18 collections a year. The world of high fashion is a long way from Anderson’s early days in Northern Ireland. He was born in 1984 in Magherafelt, a town otherwise famous for cropping up in Seamus Heaney’s early work, and went to school during the Troubles. Raised Protestant, he has spoken in the past about passing through checkpoints on his way to school. “It does make you quite hard because emotionally you were toughened by that,” he recently told New York magazine. Anderson’s father, Willie, was captain of the Ireland rugby team, and something of a character; in 1980, he spent three months in an Argentinian prison for stealing the national flag from outside a gov","Jonathan Anderson: the esoteric designer taking on the mantle at Dior. Long before the designer Jonathan Anderson stepped down from his role at Loewe in March, it was rumoured he would be heading for Dior. So when it was finally announced – six months after Dior’s menswear designer left, and four days after its womenswear head, Maria Grazia Chiuri, showed a collection in Rome – it surprised no one. Yet Anderson’s newfound position at luxury’s centre of gravity still sets Dior, a grand fashion institution, careering down an experimental path. As Delphine Arnault, the chair and chief executive of Christian Dior Couture, told Vogue Business: “For any house, having new artistic direction can be a challenge.” A critical darling and commercial success, Anderson made Loewe into a fashion week hype machine and Hollywood powerhouse while creating shoes with perspex cracked eggs for heels, art-directing Daniel Craig’s post-Bond relaunch in specs and quirky knits, and casting the late Dame Maggie Smith as a model in an advertising campaign at the age of 88. Anderson",Fashion,https://www.theguardian.com/fashion/2025/jun/02/jonathan-anderson-profile-dior-loewe,"""prada"" AND (""luxury"" OR ""fashion"" OR ""stock"")"
fashion/2025/jun/02/dior-appoints-jonathan-anderson-as-sole-creative-director,2025-06-02,Dior appoints Jonathan Anderson as sole creative director,"Jonathan Anderson has been announced as the first ever creative director for men’s, women’s and couture collections at Dior, bringing to an end speculation about the luxury brand’s future. The 40-year-old rugby player’s son, from County Derry in Northern Ireland, will be the first designer to hold complete creative control of the fashion house since Christian Dior. Delphine Arnault, the chair and chief executive of Dior, described Anderson as “the most talented designer of his generation”. He has long been compared with Karl Lagerfeld by fashion insiders. Anderson said: “It is a great honour to join the house of Dior as creative director of both women’s and men’s collections. I have always been inspired by the rich history of this house, its depth, and empathy. “I look forward to working alongside its legendary ateliers to craft the next chapter of this incredible story. I would like to express my sincere thanks to Delphine Arnault and Bernard Arnault [the chief executive of LVMH] for their trust and loyalty over the years.” The significance of this moment is reflected in an unprecedented move for the famous house, skipping the haute couture shows for the first time in its 78-year history in July. It had already been confirmed in April that Anderson was to become the artistic director of menswear, and he will present his first collection this month. He is due to debut his primary womenswear collection later this year. In a statement on Instagram, Dior said: “For the first time at Christian Dior couture, since Monsieur Dior, a creative director will work on all the women’s, men’s, and haute couture collections, further strengthening its global creative vision.” Anderson’s arrival has been the subject of front row gossip for a year. Maria Grazia Chiuri, the outgoing creative director of Dior womenswear, was still officially in her role last week when she took a bow at the end of her show in Rome. His ascendance reflects the fashion world’s shifting view of him. In a s","Dior appoints Jonathan Anderson as sole creative director. Jonathan Anderson has been announced as the first ever creative director for men’s, women’s and couture collections at Dior, bringing to an end speculation about the luxury brand’s future. The 40-year-old rugby player’s son, from County Derry in Northern Ireland, will be the first designer to hold complete creative control of the fashion house since Christian Dior. Delphine Arnault, the chair and chief executive of Dior, described Anderson as “the most talented designer of his generation”. He has long been compared with Karl Lagerfeld by fashion insiders. Anderson said: “It is a great honour to join the house of Dior as creative director of both women’s and men’s collections. I have always been inspired by the rich history of this house, its depth, and empathy. “I look forward to working alongside its legendary ateliers to craft the next chapter of this incredible story. I would like to express my sincere thanks to Delphine Arnault and Bernard Arnault [the chief executive of LVMH] for ",Fashion,https://www.theguardian.com/fashion/2025/jun/02/dior-appoints-jonathan-anderson-as-sole-creative-director,"""LVMH"" AND ""fashion"""
thefilter/2025/jun/18/best-summer-shoes-sandals-women-men-kids-uk,2025-06-18,"The best summer shoes: 44 sandals, pumps and trainers for everyone","It’s official. Boot season is finally over; it’s time to let your tootsies breathe for a bit. But if just the thought of getting your feet out brings you out in hives, fear not – summer footwear extends far beyond just a pair of full-feet exposing flip-flops. From funky trainers, mules, plimsoles and chunky flatforms, to ballet pumps in bold colours, and this season’s trending fisher’s sandals, your options for summer feet coverage for the whole family are varied and wide. So whether you’re running errands, off to work, picnicking in the park or summer lounging with your nearest and dearest, we have the shoes that fit. For this guide, we’ve searched out the best summer footwear for men, women and kids, so you can approach the warm months with a spring – or summer, if you like – in your step. *** The best women’s summer footwear Montbell sock-on sandals £45 at Montbell Rope sandals are very much a thing, in large part down to Prada. These ones from outdoor clothing specialist Montbell – founded by Japanese alpinist Isamu Tatsuno in 1975 – are a brilliant example of the genre; pared back, chic and going for a lot less than Miuccia prices. Birkenstock Tulum soft footbed £125 at Begg Shoes It wouldn’t be a guide to summer footwear, and particularly not here at the Guardian, without at least one pair of Birkenstocks. But if you’re a bit bored by the ubiquitous Arizona two-strap style, then the Tulum is a great alternative. Comfortable and a little more unexpected than their double-strap siblings, they cradle the foot in style. For more comfortable women’s footwear, read our guide to the best sandals this summer Grenson Queenie £195 at Grenson Prepare to see a lot of “fisher sandals” this summer, a style that’s swimming its way into hearts and wardrobes. This pair from heritage British shoemaker Grenson is as close to a perfect example as I can find; the Quincy model is near-identical, but with a thicker sole. Budget-wise, they’re more smoked salmon than kipper, but they ","The best summer shoes: 44 sandals, pumps and trainers for everyone. It’s official. Boot season is finally over; it’s time to let your tootsies breathe for a bit. But if just the thought of getting your feet out brings you out in hives, fear not – summer footwear extends far beyond just a pair of full-feet exposing flip-flops. From funky trainers, mules, plimsoles and chunky flatforms, to ballet pumps in bold colours, and this season’s trending fisher’s sandals, your options for summer feet coverage for the whole family are varied and wide. So whether you’re running errands, off to work, picnicking in the park or summer lounging with your nearest and dearest, we have the shoes that fit. For this guide, we’ve searched out the best summer footwear for men, women and kids, so you can approach the warm months with a spring – or summer, if you like – in your step. *** The best women’s summer footwear Montbell sock-on sandals £45 at Montbell Rope sandals are very much a thing, in large part down to Prada. These ones from outdoor clothing specialist Montbell –",The Filter,https://www.theguardian.com/thefilter/2025/jun/18/best-summer-shoes-sandals-women-men-kids-uk,"""prada"" AND (""luxury"" OR ""fashion"" OR ""stock"")"
fashion/2025/jun/20/fashion-outrage-american-love-story-carolyn-bessette-kennedy,2025-06-20,‘Fashion murder’: Carolyn Bessette Kennedy fans aghast at first images from Netflix series,"In fashion, only the real favourites have acronyms. See SJP for Sarah Jessica Parker, ALT for the fashion editor André Leon Talley and – particularly relevant right now – CBK for Carolyn Bessette Kennedy. The wife of John F Kennedy Jr who died in a plane crash in 1999 is sometimes seen as America’s answer to Diana, Princess of Wales. Like Diana, she was loved for her style – called minimalist, chic or “quiet luxury”. Instagram is full of accounts posting archive images of her, influential brands such as The Row, Toteme and Gabriela Hearst design clothes that channel her approach to dressing and there have been books and auctions in recent years. The full extent of the deification became clear this week when images of the actor Sarah Pidgeon as Bessette Kennedy in Ryan Murphy’s forthcoming Kennedys Netflix series American Love Story were seen for the first time. In one image on Murphy’s Instagram, Pidgeon is pictured wearing a rumpled knee-length brown coat, cropped trousers and black polo neck, with a Birkin bag and bright blond hair, while on-set images show her in a satin midi skirt, Converse and leathery jacket. There was an immediate reaction online, and it’s fair to say fans do not approve. “This is fashion murder,” wrote one in the comments on the Murphy post. “Whoever styled cbk needs to be fired,” wrote another. Details seem to particularly irk – from the wrong shade of blond (Bessette Kennedy’s hair colourist Brad Johns described it as “too 2024”) to the bag. Eagle-eyed observers have noticed it’s a Birkin 35, a slight variation from her preferred Birkin 40. Such is the outrage that Murphy, in an interview with the fashion industry newsletter Line Sheet, described the images as a “work in progress” and clarified that the “right” items would be swapped in, including that Birkin bag. He admitted that the reaction had taken him by surprise. “I had no idea that people cared as much as they do, but I guess that’s a good thing,” he said. Twenty online experts on ","‘Fashion murder’: Carolyn Bessette Kennedy fans aghast at first images from Netflix series. In fashion, only the real favourites have acronyms. See SJP for Sarah Jessica Parker, ALT for the fashion editor André Leon Talley and – particularly relevant right now – CBK for Carolyn Bessette Kennedy. The wife of John F Kennedy Jr who died in a plane crash in 1999 is sometimes seen as America’s answer to Diana, Princess of Wales. Like Diana, she was loved for her style – called minimalist, chic or “quiet luxury”. Instagram is full of accounts posting archive images of her, influential brands such as The Row, Toteme and Gabriela Hearst design clothes that channel her approach to dressing and there have been books and auctions in recent years. The full extent of the deification became clear this week when images of the actor Sarah Pidgeon as Bessette Kennedy in Ryan Murphy’s forthcoming Kennedys Netflix series American Love Story were seen for the first time. In one image on Murphy’s Instagram, Pidgeon is pictured wearing a rumpled knee-length brown coat, cropped trousers and black p",Fashion,https://www.theguardian.com/fashion/2025/jun/20/fashion-outrage-american-love-story-carolyn-bessette-kennedy,"""prada"" AND (""luxury"" OR ""fashion"" OR ""stock"")"
fashion/2025/jun/21/giorgio-armani-to-miss-milan-shows-for-first-time-after-brief-stay-in-hospital,2025-06-21,Giorgio Armani to miss Milan shows for first time after brief stay in hospital,"Giorgio Armani, the celebrated Italian designer and one of the most recognisable names in fashion, is to miss his shows at Milan fashion week this weekend due to ill health, for the first time in the label’s history. A statement released by the brand on Saturday morning said the 90-year-old designer was “recovering at home” and “will not be present at the two shows as he usually is”. According to la Repubblica, his absence comes after a brief stint in hospital. Speaking to the Guardian in January, the man known in Italy as “Re Giorgio” (King George), said that “age is undoubtedly a factor to contend with”. While he would “continue as long as my health and energy permit”, he also said that “taking a step back in the near future [was] inevitable”. Last year, the designer told the Corriere della Sera newspaper he planned to retire in the next few years regardless, but that the Armani brand would continue without him. In his first live show after the pandemic in 2021, Armani showed a scar from surgery to his arm that resulted from a fall during a visit to the cinema. In the current fashion landscape, which is dominated by conglomerates such as LVMH and Kering, Armani is one of the few designers to remain the sole shareholder of his company while also overseeing every single collection produced in its 50-year history. A recent valuation by Forbes suggested the Armani group was worth £10bn. The designer, who turns 91 next month, is widely credited with transforming stiff suiting for men, getting women into menswear and bringing Italian style to Hollywood. It is thought he is missing this weekend’s shows as a precautionary measure so he is able to attend the couture – or Privé – show next month in Paris. One of the Milanese’s key contributions to high fashion has been his invention – and reinvention – of celebrity dressing, with Hollywood’s bold and beautiful, including Julia Roberts, Cate Blanchett and Angelina Jolie, all wearing his couture gowns on the red carpet. Takin","Giorgio Armani to miss Milan shows for first time after brief stay in hospital. Giorgio Armani, the celebrated Italian designer and one of the most recognisable names in fashion, is to miss his shows at Milan fashion week this weekend due to ill health, for the first time in the label’s history. A statement released by the brand on Saturday morning said the 90-year-old designer was “recovering at home” and “will not be present at the two shows as he usually is”. According to la Repubblica, his absence comes after a brief stint in hospital. Speaking to the Guardian in January, the man known in Italy as “Re Giorgio” (King George), said that “age is undoubtedly a factor to contend with”. While he would “continue as long as my health and energy permit”, he also said that “taking a step back in the near future [was] inevitable”. Last year, the designer told the Corriere della Sera newspaper he planned to retire in the next few years regardless, but that the Armani brand would continue without him. In his first live show after the pandemic in 2021, Armani showed a scar ",Fashion,https://www.theguardian.com/fashion/2025/jun/21/giorgio-armani-to-miss-milan-shows-for-first-time-after-brief-stay-in-hospital,"""LVMH"" AND ""fashion"""
fashion/2025/jun/23/prada-military-chic-milan,2025-06-23,Prada’s pared-back military chic offers simplicity in turbulent times,"Miuccia Prada may argue that her collections are not a response to the global political landscape. But in keeping with the theme for her spring/summer 2026 menswear collection shown in Milan on Sunday, there may be a change of tone. The show notes shared with journalists described the collection as representing “a shift of attitude – dismantling of meaning and dismantling power”. As the designer spoke about “the nastiness [in the world]”, her co-creative director, Raf Simons, said the pair “wanted to bring … something that makes you feel … positive and balanced”. The collection, displayed at the Deposito show space at Fondazione Prada, emphasised that point. Precision-pressed shirting with hand-drawn wave illustrations, khaki knitwear with fringed hems, utilitarian-grey tailoring paired with tiny matching shorts and striped tracksuits styled with thonged sandals mused individuality over conformity. Accessories including grey wash bags, backpacks with multiple pockets and compartments as well as white canvas plimsolls – items with sartorial origins in military survival gear – were countered with raffia cloche hats and a pastel palette that suggested escapism rather than restraint. The buzzwords for this stripped-back collection included “limitless elemental compositions”, “nonconformist harmonies, new movements” and “impulse”. In reference to its simplicity, after the show Prada decried “useless, complicated ideas” and “a lot for the sake of doing a lot”, adding: “We did less –but doing less isn’t necessarily easier.” The catwalk setting emphasised the fine line between escapism and political statement. Models walked to an abstract soundscape, which started with birdsong and concluded with Elvis Presley’s 1969 hit In the Ghetto, in a space that featured bare walls with retro, floral shagpile carpets, though it was usually adorned with chandeliers. “This is the first time the Fondazione is … completely bare, with all the daylight coming in,” said Simons. “I think we c","Prada’s pared-back military chic offers simplicity in turbulent times. Miuccia Prada may argue that her collections are not a response to the global political landscape. But in keeping with the theme for her spring/summer 2026 menswear collection shown in Milan on Sunday, there may be a change of tone. The show notes shared with journalists described the collection as representing “a shift of attitude – dismantling of meaning and dismantling power”. As the designer spoke about “the nastiness [in the world]”, her co-creative director, Raf Simons, said the pair “wanted to bring … something that makes you feel … positive and balanced”. The collection, displayed at the Deposito show space at Fondazione Prada, emphasised that point. Precision-pressed shirting with hand-drawn wave illustrations, khaki knitwear with fringed hems, utilitarian-grey tailoring paired with tiny matching shorts and striped tracksuits styled with thonged sandals mused individuality over conformity. Accessories including grey wash bags, backpacks with multiple pockets and compartments a",Fashion,https://www.theguardian.com/fashion/2025/jun/23/prada-military-chic-milan,"""prada"" AND (""luxury"" OR ""fashion"" OR ""stock"")"
fashion/2025/jun/24/saint-laurents-paris-fashion-week-show-takes-audience-on-a-holiday-to-fire-island,2025-06-24,Saint Laurent’s Paris fashion week show takes audience on a holiday to Fire Island,"Fire Island, the holiday destination near New York, has been associated with the LGBTQ+ community since the 30s. It has inspired books (Edmund White’s 1973 novel, Forgetting Elena), a 2022 eponymous romcom and now, a fashion show for Saint Laurent. Taking place at Paris fashion week in 30C heat more suited to a vacation, the show notes named the beach spot as a reference for the creative director, Anthony Vaccarello. They placed the show “somewhere between Paris and Fire Island, where escape becomes elegance, and desire becomes a language”. The collection started with this mood: the first look was a pair of short shorts worn with a silk shirt and sunglasses. There’s little doubt this shape will be on trend for men next year, with Prada also showing it in their show in Milan last week. But as well as beach-ready items, the detail of shorts found their way on to the waistband of tailoring and pastel colours ideal for summer. There was a lot of workwear too, but rather than the more relaxed kind found in most offices in 2025, these designs committed to the same extreme 80s power-dressing shoulders seen in Vaccarello’s hit womenswear collection shown earlier this year. Striped shirts and ties, trenchcoats and suits were included, often in the jewel tones associated with the brand. Every model wore sunglasses. As well as complementing the holiday feel and the weather outside, there was also a commercial angle: these are the entry-level designs customers can purchase before they can afford a suit. The show took place in the grand Bourse de Commerce, an former stock exchange where the art collection of François Pinault – the original owner of Saint Laurent’s parent company, Kering – has been housed since 2021. The models walked around an installation called Clinamen by Céleste Boursier-Mougenot, which resembled the kind of swimming pool found on holidays. Although the text clarified that the collection was not nostalgic – “not homage. Not memory. Continuity” – it was coupl","Saint Laurent’s Paris fashion week show takes audience on a holiday to Fire Island. Fire Island, the holiday destination near New York, has been associated with the LGBTQ+ community since the 30s. It has inspired books (Edmund White’s 1973 novel, Forgetting Elena), a 2022 eponymous romcom and now, a fashion show for Saint Laurent. Taking place at Paris fashion week in 30C heat more suited to a vacation, the show notes named the beach spot as a reference for the creative director, Anthony Vaccarello. They placed the show “somewhere between Paris and Fire Island, where escape becomes elegance, and desire becomes a language”. The collection started with this mood: the first look was a pair of short shorts worn with a silk shirt and sunglasses. There’s little doubt this shape will be on trend for men next year, with Prada also showing it in their show in Milan last week. But as well as beach-ready items, the detail of shorts found their way on to the waistband of tailoring and pastel colours ideal for summer. There was a lot of workwear too, but rather than the more relax",Fashion,https://www.theguardian.com/fashion/2025/jun/24/saint-laurents-paris-fashion-week-show-takes-audience-on-a-holiday-to-fire-island,"""prada"" AND (""luxury"" OR ""fashion"" OR ""stock"")"
fashion/2025/jun/25/pharrell-williams-louis-vuitton-show-paris-fashion-week,2025-06-25,Pharrell Williams’s star-studded Louis Vuitton Paris show is worth the wait,"When fashion insiders received notice on Tuesday afternoon that Pharrell Williams’s Louis Vuitton show at Paris fashion week would be rescheduled to 9pm, there were collective sighs of annoyance. But all was forgiven when they arrived at the space next to the Pompidou Centre to be told that Beyoncé and Jay-Z would be attending. The star and her husband, and nephew Julez Smith, joined a starry front row, which included Omar Sy, Steve McQueen, PinkPantheress, Spike Lee, Emile Smith Rowe and Victor Wembanyama. Even without a megastar, the show was worth the wait. Williams took over as creative director of menswear in June 2023 and his spring-summer 2026 collection was his best yet – with louche retro tailoring and unusual combinations such as cargo pants and a shrunken sweater. The collection excelled when performing one of luxury’s current favourite tricks – making premium versions of everyday items. Here, that included a striped polo shirt, a boxy work shirt and chinos. This look, worn with a ribbed vest, is likely to be copied by those who like fashion but lack Louis Vuitton budgets. Entitled Paris to India, Williams was inspired by what the press release called “the multifaceted sensibilities of present-day Indian sartorialism”. In practice, the influence of India’s aesthetics could be seen most clearly in ornate decoration on the trunks some models wheeled down the runway. The show’s set was created by Bijoy Jain, the founder of the architecture practice Studio Mumbai. A giant rendering of snakes and ladders – an Indian game that dates to the second century – was hand-painted on the catwalk. A Punjabi track called Yaara, co-produced by the Indian composer AR Rahman, featured on the soundtrack played by a live orchestra. If collaboration with Indian creatives gave voice to the culture that provided inspiration to a collection by a European megabrand, there were also some slightly more reductive tropes, as with the embroidered exotic animals. These made use of image","Pharrell Williams’s star-studded Louis Vuitton Paris show is worth the wait. When fashion insiders received notice on Tuesday afternoon that Pharrell Williams’s Louis Vuitton show at Paris fashion week would be rescheduled to 9pm, there were collective sighs of annoyance. But all was forgiven when they arrived at the space next to the Pompidou Centre to be told that Beyoncé and Jay-Z would be attending. The star and her husband, and nephew Julez Smith, joined a starry front row, which included Omar Sy, Steve McQueen, PinkPantheress, Spike Lee, Emile Smith Rowe and Victor Wembanyama. Even without a megastar, the show was worth the wait. Williams took over as creative director of menswear in June 2023 and his spring-summer 2026 collection was his best yet – with louche retro tailoring and unusual combinations such as cargo pants and a shrunken sweater. The collection excelled when performing one of luxury’s current favourite tricks – making premium versions of everyday items. Here, that included a striped polo shirt, a boxy work shirt and chinos. This look, worn ",Fashion,https://www.theguardian.com/fashion/2025/jun/25/pharrell-williams-louis-vuitton-show-paris-fashion-week,"""LVMH"" AND ""fashion"""
fashion/2025/jun/26/anna-wintour-vogue-editor,2025-06-26,Anna Wintour steps away as editor-in-chief of American Vogue,"Anna Wintour, one of the most prominent names in global fashion, is seeking a new head of editorial content at American Vogue, the magazine she has directed for 37 years. British-born Wintour, 75, made the announcement at a staff meeting on Thursday. But hiring a new head of editorial content at American Vogue does not mean the end of her role – rather, it is an elevation. Industry journal the Business of Fashion said the move came in response to how Wintour’s role has expanded in recent years to oversee all the titles in the Condé Nast fold, from American Vogue, otherwise known as “big Vogue”, and its eight international Vogue subtitles, as well as Vanity Fair, GQ, Wired and others, but excepting the New Yorker. “Anybody in a creative field knows how essential it is never to stop growing in one’s work. When I became the editor of Vogue, I was eager to prove to all who might listen that there was a new, exciting way to imagine an American fashion magazine,” Wintour told Vogue staff, according to the publication. “Now, I find that my greatest pleasure is helping the next generation of impassioned editors storm the field with their own ideas, supported by a new, exciting view of what a major media company can be.” Under that structure, a new head of editorial content will report to Wintour as global editorial director of Vogue. Wintour will also continue as chief content officer of parent company Condé Nast. The announcement brings to end rumors that have swirled for years that the fashion industry’s undisputed queen might step aside at one of its most influential publications. After various attempted putsches were put down, and a moment of uncertainty during the social justice protests of the early 2020s over representation and diversity, Wintour simply accrued more power. Roger Lynch, chief executive of Condé Nast, said in an interview with the Wall Street Journal that Wintour has been doing three jobs since 2020 and that it made sense for her to step back from Amer","Anna Wintour steps away as editor-in-chief of American Vogue. Anna Wintour, one of the most prominent names in global fashion, is seeking a new head of editorial content at American Vogue, the magazine she has directed for 37 years. British-born Wintour, 75, made the announcement at a staff meeting on Thursday. But hiring a new head of editorial content at American Vogue does not mean the end of her role – rather, it is an elevation. Industry journal the Business of Fashion said the move came in response to how Wintour’s role has expanded in recent years to oversee all the titles in the Condé Nast fold, from American Vogue, otherwise known as “big Vogue”, and its eight international Vogue subtitles, as well as Vanity Fair, GQ, Wired and others, but excepting the New Yorker. “Anybody in a creative field knows how essential it is never to stop growing in one’s work. When I became the editor of Vogue, I was eager to prove to all who might listen that there was a new, exciting way to imagine an American fashion magazine,” Wintour told Vogue staff, ac",Fashion,https://www.theguardian.com/fashion/2025/jun/26/anna-wintour-vogue-editor,"""devil wears prada"""
fashion/2025/jun/26/anna-wintour-steps-down-as-editor-in-chief-of-american-vogue,2025-06-27,Anna Wintour: ‘queen of fashion’ steps away from American Vogue editor-in-chief role,"The departure of Anna Wintour as editor-in-chief of American Vogue leaves a bigger absence in the fashion world than would be left by the departure of any designer or supermodel. For more than three decades, Wintour has held the official title of editor-in-chief of American Vogue – and an unofficial, but widely acknowledged, title of queen of fashion. At any catwalk show, the best seat in the house is automatically hers. Like Beyoncé and Madonna, she has no need of a last name; everyone refers to her simply as “Anna”, although few are bold enough to address her directly. She has been a constant, regal presence, crowned by the signature glossy bob and ever-present sunglasses. Wintour’s status has been built not just on ego, but on how much she has done for fashion. She has amplified the place of fashion in culture beyond all recognition. The ambition and bravado of fashion today – from Louis Vuitton hiring the Grammy-winning musician Pharrell Williams as creative director and taking over an entire district of central Paris for his debut show, to blockbuster fashion exhibitions such as the V&amp;A’s Coco Chanel retrospective becoming fixtures on the art world calendar – owes a vast debt to the vision of Wintour. An early instigator of putting actors, pop stars and politicians on the cover of her magazine, she understood instinctively that a Vogue cover bequeathed an intangible but potent “soft power” that celebrities craved, and that Vogue’s role as gatekeeper to that power could be leveraged in Washington and in Hollywood, as well as at the fashion weeks of New York, London, Paris and Milan. The cartoonish perception of a woman who is powerful simply because she lords over a world of ditsy underlings who are petrified by her is very far from the truth. Wintour grew the fashion world into an empire, making fashion itself bigger and more powerful, and rode high by keeping hold of the reins. She is unusual in being both a glamorous A-list celebrity who wields personal s","Anna Wintour: ‘queen of fashion’ steps away from American Vogue editor-in-chief role. The departure of Anna Wintour as editor-in-chief of American Vogue leaves a bigger absence in the fashion world than would be left by the departure of any designer or supermodel. For more than three decades, Wintour has held the official title of editor-in-chief of American Vogue – and an unofficial, but widely acknowledged, title of queen of fashion. At any catwalk show, the best seat in the house is automatically hers. Like Beyoncé and Madonna, she has no need of a last name; everyone refers to her simply as “Anna”, although few are bold enough to address her directly. She has been a constant, regal presence, crowned by the signature glossy bob and ever-present sunglasses. Wintour’s status has been built not just on ego, but on how much she has done for fashion. She has amplified the place of fashion in culture beyond all recognition. The ambition and bravado of fashion today – from Louis Vuitton hiring the Grammy-winning musician Pharrell Williams as creative director and taking ove",Fashion,https://www.theguardian.com/fashion/2025/jun/26/anna-wintour-steps-down-as-editor-in-chief-of-american-vogue,"""devil wears prada"""
fashion/2025/jun/27/dior-paris-fashion-show-jonathan-anderson-debut,2025-06-27,Dior Paris show is sweet relief for anyone wanting to flex a cooler muscle,"Even Anna Wintour can only be in one place at a time. And rather than Paris, where Jonathan Anderson made his Dior debut on Friday, the most powerful person in fashion was in Venice for the Bezos/Sánchez wedding, shortly after relinquishing her role as editor-in-chief at American Vogue. Unlike the so-called wedding of the year, Anderson’s show provided sweet relief with a cooler, more chic feel. Perched on wooden cubes within the Cour du Dôme des Invalides sat plenty of VIP clout too: Daniel Craig, Donatella Versace and Wintour’s occasional rallying partner, Roger Federer. Most of the Arnault family, who own Dior and routinely joust with Jeff Bezos over who has more money, were present. Even Rihanna, pregnant in a Dior pastel waistcoat, was relatively punctual. Anderson is known for his sharp eye and crafty, mercurial taste – few people have shaped the red carpet and ultimately the high street into the hype machine it is today. But Dior is a different challenge. As the first creative director of menswear and womenswear since Christian Dior himself, the designer needs to revamp LVMH’s second biggest brand, with estimated revenues far greater than at his former label, Loewe. “I can’t stand here and say I’m not nervous, that it is not petrifying,” he said backstage before the show, wearing his trademark Levi’s and a plaid Dior shirt. “Dior is on billboards. It’s on Rihanna. It’s transcendent. But this is the starting point – I’ve been here four months, and the first five shows will show different aspects. Some will contradict; others will be completely radical.” Some designers get critical acclaim, others sell a lot of clothes – a rare few have a talent to do both, but that’s the hope with Anderson. Because of tariff wars and a decline in the luxury market, LVMH shares have halved from their 2023 peak. “Delphine [Arnault] and I, we talked about changing the quality, about upping the game,” Anderson said. Opening the show was a bar jacket in Donegal tweed. More interest","Dior Paris show is sweet relief for anyone wanting to flex a cooler muscle. Even Anna Wintour can only be in one place at a time. And rather than Paris, where Jonathan Anderson made his Dior debut on Friday, the most powerful person in fashion was in Venice for the Bezos/Sánchez wedding, shortly after relinquishing her role as editor-in-chief at American Vogue. Unlike the so-called wedding of the year, Anderson’s show provided sweet relief with a cooler, more chic feel. Perched on wooden cubes within the Cour du Dôme des Invalides sat plenty of VIP clout too: Daniel Craig, Donatella Versace and Wintour’s occasional rallying partner, Roger Federer. Most of the Arnault family, who own Dior and routinely joust with Jeff Bezos over who has more money, were present. Even Rihanna, pregnant in a Dior pastel waistcoat, was relatively punctual. Anderson is known for his sharp eye and crafty, mercurial taste – few people have shaped the red carpet and ultimately the high street into the hype machine it is today. But Dior is a different challenge. As the first creative d",Fashion,https://www.theguardian.com/fashion/2025/jun/27/dior-paris-fashion-show-jonathan-anderson-debut,"""LVMH"" AND ""fashion"""
lifeandstyle/2025/jun/28/a-marker-of-luxury-and-arrogance-why-gravity-defying-boobs-are-back-and-what-they-say-about-the-state-of-the-world,2025-06-28,‘A marker of luxury and arrogance’: why gravity-defying boobs are back – and what they say about the state of the world,"It was, almost, a proud feminist moment. On inauguration day in January, the unthinkable happened. President Trump, the biggest ego on the planet, was upstaged by a woman in a white trouser suit – the proud uniform of Washington feminists, worn by Kamala Harris, Hillary Clinton and Alexandria Ocasio-Cortez in solidarity with the traditional colour of the suffragettes. In the event, the white trouser suit barely got a mention. The show was stolen by what was underneath: Lauren Sánchez’s cleavage, cantilevered under a wisp of white lace. The breasts of the soon-to-be Mrs Jeff Bezos were the ceremony’s breakout stars. The only talking point that came close was Mark Zuckerberg’s inability to keep his eyes off them. Call it a curtain raiser for a year in which breasts have been – how to put this? – in your face. Sydney Sweeney’s pair have upstaged her acting career to the point that she wears a sweatshirt that says “Sorry for Having Great Tits and Correct Opinions”. Bullet bras are making a sudden comeback, in sugar-pink silk on Dua Lipa on the cover of British Vogue and nosing keen as shark fins under fine cashmere sweaters at the Miu Miu show at Paris fashion week. Perhaps most tellingly, Kim Kardashian, whose body is her business empire, has made a 180-degree pivot from monetising her famous backside to selling, in her Skims lingerie brand, push-up bras featuring a pert latex nipple – with or without a fake piercing – that make an unmissable point under your T-shirt. Not since Eva Herzigova was in her Wonderbra in 1994 – Hello Boys – have boobs been so, well, big. It is oddly tricky to discuss boobs without sounding as if you are in a doctor’s surgery or a fraternity house. The word breasts is rather formal. Boobs is fond and familiar, which feels right, but sniggery, which doesn’t. Bosoms are what you see in period dramas. Knockers, jugs, melons, hooters, fun bags? Whatever we call them, they are full of contradictions. Men see them and think of sex; babies see them ","‘A marker of luxury and arrogance’: why gravity-defying boobs are back – and what they say about the state of the world. It was, almost, a proud feminist moment. On inauguration day in January, the unthinkable happened. President Trump, the biggest ego on the planet, was upstaged by a woman in a white trouser suit – the proud uniform of Washington feminists, worn by Kamala Harris, Hillary Clinton and Alexandria Ocasio-Cortez in solidarity with the traditional colour of the suffragettes. In the event, the white trouser suit barely got a mention. The show was stolen by what was underneath: Lauren Sánchez’s cleavage, cantilevered under a wisp of white lace. The breasts of the soon-to-be Mrs Jeff Bezos were the ceremony’s breakout stars. The only talking point that came close was Mark Zuckerberg’s inability to keep his eyes off them. Call it a curtain raiser for a year in which breasts have been – how to put this? – in your face. Sydney Sweeney’s pair have upstaged her acting career to the point that she wears a sweatshirt that says “Sorry for Having Great Tits and Correct Opinions”. Bullet bras are making a",Life and style,https://www.theguardian.com/lifeandstyle/2025/jun/28/a-marker-of-luxury-and-arrogance-why-gravity-defying-boobs-are-back-and-what-they-say-about-the-state-of-the-world,"""prada"" AND (""luxury"" OR ""fashion"" OR ""stock"")"
fashion/2025/jun/30/perfume-boom-gen-z-independent-brands,2025-06-30,‘Smellmaxxing’ and ‘frag heads’: how the gen Z perfume boom came up roses for indie brands,"“Will the girl who I just met at the perfume store please comment the perfume you recommended,” wrote Chappell Roan on Instagram last month. “You said it smelled like lipstick.” The post went viral and the scent – Girl of the Year by the Los Angeles perfume house Thin Wild Mercury – instantly sold out. It’s hard to think of a more appropriate perfume for the performer. The house describes it as having “top notes of lipstick and incense; middle notes of ‘smoker’s leather jacket’ and a base of sandalwood, orris root and vintage fur”. The brand – whose name is culled from a Bob Dylan quote – is one of a growing set of perfumers reinventing scent for new fragrance fans. Like bedroom DJs or T-shirt screen-printers before them, they’re changing the culture of an established industry. The global fragrance market is the biggest it has ever been and still growing; it is set to generate revenue of about £45bn in 2025, according to Statista. The UK market alone reached £1.74bn in 2024 and, if growth continues apace, will top £2bn by 2029 according to a 2024 Mintel report. This growth is driven by gen Z and millennials, who have formed a unique relationship with fragrance due to social media and Covid isolation – PerfumeTok drove 45% of social media scent sales in the US by 2023. Instead of a dab behind the ear, they prefer scent layering – wearing two or more perfumes at the same time – and scent wardrobing (matching fragrances to different occasions). Eighty-three per cent of gen Z wear fragrance as often as three times a week, according to a recent report by Circana. Perfume took off, somewhat unexpectedly, during lockdown, says Suzy Nightingale of the podcast On the Scent. “It was expected the fragrance market would fall, but it boomed,” says Nightingale, an award-winning perfume blogger. “People discovered they could punctuate their day with moments of difference – travel with their noses, revel in nostalgia or excite their senses with novelty. I think that was when people","‘Smellmaxxing’ and ‘frag heads’: how the gen Z perfume boom came up roses for indie brands. “Will the girl who I just met at the perfume store please comment the perfume you recommended,” wrote Chappell Roan on Instagram last month. “You said it smelled like lipstick.” The post went viral and the scent – Girl of the Year by the Los Angeles perfume house Thin Wild Mercury – instantly sold out. It’s hard to think of a more appropriate perfume for the performer. The house describes it as having “top notes of lipstick and incense; middle notes of ‘smoker’s leather jacket’ and a base of sandalwood, orris root and vintage fur”. The brand – whose name is culled from a Bob Dylan quote – is one of a growing set of perfumers reinventing scent for new fragrance fans. Like bedroom DJs or T-shirt screen-printers before them, they’re changing the culture of an established industry. The global fragrance market is the biggest it has ever been and still growing; it is set to generate revenue of about £45bn in 2025, according to Statista. The UK market alone reached £1.74bn in 2024 and, if gro",Fashion,https://www.theguardian.com/fashion/2025/jun/30/perfume-boom-gen-z-independent-brands,"""LVMH"" AND ""fashion"""
culture/2025/jun/30/devil-wears-prada-2-cast,2025-06-30,The Devil Wears Prada 2: Kenneth Branagh joins cast as sequel begins filming,"Kenneth Branagh is joining the original cast of The Devil Wears Prada for the much-anticipated sequel which begins filming this week. The actor-writer-director will play the husband of Meryl Streep’s vicious fashion magazine editor Miranda Priestly. Streep returns along with Anne Hathaway, Emily Blunt and Stanley Tucci. News of the production was announced on Instagram with a teaser featuring lines from the original. The sequel, again directed by David Frankel, will reportedly see Priestly dealing with the collapse of the magazine industry, now forced to build bridges with her one-time assistant Emily (Blunt) who is the head of a luxury brand and its advertising spend. “Why are Meryl and I so mean to each other in every movie we do?” Blunt recently said when talking about the film. “We always have beef with each other. I don’t know what it is. Let’s hope we remedy it. I’m not sure.” Blunt will soon be seen alongside Dwayne Johnson in the fact-based UFC drama The Smashing Machine and leading Steven Spielberg’s untitled thriller out next summer. The film will mark Streep’s first film role since 2021’s Don’t Look Up. The original 2006 comedy, based on the novel by Lauren Weisberger, made over $326m at the global box office and scored Streep a best actress nomination. Weisberger wrote a sequel novel, Revenge Wears Prada, in 2013 and the film was turned into a stage musical, premiering on the West End in 2024 to middling reviews. Branagh was last seen in the Agatha Christie adaptation A Haunting in Venice. Last year, he finished production on the psychological thriller The Last Disturbance of Madeline Hynde, a film he is directing with Jodie Comer starring. The Devil Wears Prada 2 is set for release in summer 2026.","The Devil Wears Prada 2: Kenneth Branagh joins cast as sequel begins filming. Kenneth Branagh is joining the original cast of The Devil Wears Prada for the much-anticipated sequel which begins filming this week. The actor-writer-director will play the husband of Meryl Streep’s vicious fashion magazine editor Miranda Priestly. Streep returns along with Anne Hathaway, Emily Blunt and Stanley Tucci. News of the production was announced on Instagram with a teaser featuring lines from the original. The sequel, again directed by David Frankel, will reportedly see Priestly dealing with the collapse of the magazine industry, now forced to build bridges with her one-time assistant Emily (Blunt) who is the head of a luxury brand and its advertising spend. “Why are Meryl and I so mean to each other in every movie we do?” Blunt recently said when talking about the film. “We always have beef with each other. I don’t know what it is. Let’s hope we remedy it. I’m not sure.” Blunt will soon be seen alongside Dwayne Johnson in the fact-based UFC drama The Smashing Machine and le",Film,https://www.theguardian.com/culture/2025/jun/30/devil-wears-prada-2-cast,"""devil wears prada"""
world/2025/jun/30/prada-accused-of-cashing-in-on-indian-culture-with-kolhapuri-inspired-sandals,2025-06-30,Prada accused of cashing in on Indian culture with Kolhapuri-inspired sandals,"Prada has acknowledged that its new leather sandal design was inspired by India’s famous Kolhapuri “chappals” – handcrafted shoes known for their toe-loop design – after facing criticism over its failure to credit the footwear’s origins. “We acknowledge the sandals … are inspired by traditional Indian handcrafted footwear, with a centuries-old heritage,” Lorenzo Bertelli, the corporate social responsibility chief at the Italian fashion house, said in a letter to the Maharashtra chamber of commerce. The chamber had complained on behalf of thousands of Kolhapuri sandal-makers after images from Prada’s Milan runway show showed models wearing the open-toe footwear that was virtually identical to the unisex Indian original. The chamber president, Lalit Gandhi, had said: “The collection includes footwear designs that bear a close resemblance to Kolhapuri sandals, a traditional handcrafted leather sandal that has been awarded ‘geographical indication’ status by the government of India in 2019.” The geographical indication tag verifies that a product originates in a specific place. The sandals’ origins go back to the 12th century, to the city of Kolhapur in western Maharashtra state. The buffalo-hide shoes with their distinctive braided T-strap are worn by everyone from farmers to millennials and business leaders. The sight of models walking the runway last week in the footwear blandly described as “leather flat sandals” triggered a widespread backlash in India and charges of “cultural appropriation”. The row tapped into a broader debate about how global fashion houses frequently repackage traditional craftsmanship as luxury goods without credit or compensation to the original artisans. The sandals, known for their durability, cost about $12 (£8.75) in India, whereas Prada sandals retail for upwards of $800. Indian artisans “lose, while global brands cash in on our culture”, said Harsh Goenka, the chair of the pharmaceuticals-to-IT conglomerate RPG Group. As photos of the s","Prada accused of cashing in on Indian culture with Kolhapuri-inspired sandals. Prada has acknowledged that its new leather sandal design was inspired by India’s famous Kolhapuri “chappals” – handcrafted shoes known for their toe-loop design – after facing criticism over its failure to credit the footwear’s origins. “We acknowledge the sandals … are inspired by traditional Indian handcrafted footwear, with a centuries-old heritage,” Lorenzo Bertelli, the corporate social responsibility chief at the Italian fashion house, said in a letter to the Maharashtra chamber of commerce. The chamber had complained on behalf of thousands of Kolhapuri sandal-makers after images from Prada’s Milan runway show showed models wearing the open-toe footwear that was virtually identical to the unisex Indian original. The chamber president, Lalit Gandhi, had said: “The collection includes footwear designs that bear a close resemblance to Kolhapuri sandals, a traditional handcrafted leather sandal that has been awarded ‘geographical indication’ status by the government of India in 2019",World news,https://www.theguardian.com/world/2025/jun/30/prada-accused-of-cashing-in-on-indian-culture-with-kolhapuri-inspired-sandals,"""prada"" AND (""luxury"" OR ""fashion"" OR ""stock"")"
thefilter/2025/jul/01/ultimate-holiday-capsule-wardrobe,2025-07-01,The ultimate holiday capsule wardrobe: Jess Cartner-Morley’s 11 suitcase essentials,"It is so bloody hard to pack the perfect holiday suitcase, and so deeply satisfying when you get it right. One of the few moments when I really feel like a competent grownup who has everything under control, rather than someone who is winging it and dropping plates left, right and centre, is when I manage to pack a great case. To not forget anything crucial, but also not overstuff to zip-busting point, gives me a sense of control in a world full of chaos, and gets my holiday off to a serene start. So, in anticipation of peak holiday season, my July edit is devoted to pieces that are worthy of your precious suitcase space. Includes: travel trousers (my current obsession), conversation-piece earrings (my perennial obsession) – and scroll to the bottom for the £80 swimsuit that will make you feel like a million dollars. *** Travel in these trousers instead of tracksuit bottoms Textured wide-leg trousers £25.99 at Zara I have written recently about the brilliance of trousers that are comfy enough to travel in, but also elegant enough for dinner, and this pair is a great option. A concealed elasticated waistband feels chill but looks sleek, the wide leg looks more modern than a track pant, and the textured neutral fabric elevates. You can wear these with a vest and sweatshirt to travel in, and then with a linen shirt and chunky jewellery for holiday nights. *** Smell delicious (and save space in your liquids bag) Black cashmeran and tonka fragrance paintbrush £42 at Jo Loves £42 at Space NK Hot car seats, sun cream, pine-scented walks, figs on a tree, strong morning coffee. Scent is one of the sensory pleasures of holidays, so fragrance is a must-pack for me. If I’m flying, I don’t check in luggage, so liquid space is at a premium. So I’m obsessed with the brilliant marker-pen delivery system of Jo Malone’s Jo Loves fragrance paintbrush. At £42 for a 7ml paintbrush with a refill, this is a good price for a classy scent. I am devoted to the vanilla-coded black cashmeran a","The ultimate holiday capsule wardrobe: Jess Cartner-Morley’s 11 suitcase essentials. It is so bloody hard to pack the perfect holiday suitcase, and so deeply satisfying when you get it right. One of the few moments when I really feel like a competent grownup who has everything under control, rather than someone who is winging it and dropping plates left, right and centre, is when I manage to pack a great case. To not forget anything crucial, but also not overstuff to zip-busting point, gives me a sense of control in a world full of chaos, and gets my holiday off to a serene start. So, in anticipation of peak holiday season, my July edit is devoted to pieces that are worthy of your precious suitcase space. Includes: travel trousers (my current obsession), conversation-piece earrings (my perennial obsession) – and scroll to the bottom for the £80 swimsuit that will make you feel like a million dollars. *** Travel in these trousers instead of tracksuit bottoms Textured wide-leg trousers £25.99 at Zara I have written recently about the brilliance of trousers that are comfy",The Filter,https://www.theguardian.com/thefilter/2025/jul/01/ultimate-holiday-capsule-wardrobe,"""prada"" AND (""luxury"" OR ""fashion"" OR ""stock"")"
fashion/2025/jul/06/michael-rider-evolves-a-winning-formula-in-debut-for-celine-in-paris,2025-07-06,Michael Rider evolves a winning formula in debut for Celine in Paris,"After a year of musical chairs in fashion, September is gearing up to be one of its biggest show months ever: with debut collections slated from new creative directors at brands including Matthieu Blazy at Chanel and ex-Balenciaga designer Demna at Gucci. On Sunday in Paris, Michael Rider, who recently succeeded Hedi Slimane at Celine, decided to get a head start. In an amuse-bouche for how he plans to shape the brand’s future, Rider showed a mixture of men’s and womenswear. The show took place at the brand’s sprawling atelier, a short hop from the Tuileries Garden. Guests included the actor Naomi Watts and, fresh from 18 months of South Korean military service, Kim Taehyung, from the K-pop band BTS, who attempted to shelter from the rain under a giant silk foulard that had been erected above a courtyard. It was a full-circle moment for Rider, an American designer who previously worked under Phoebe Philo during her tenure at the brand from 2008 to 2017. While fans of her work, known as “Philophiles”, had hoped Rider would reinstate that era of louche tailoring and minimalism, his opening looks quickly curtailed such expectations. Instead of oversized silhouettes, there was a series of skinny jeans and even skinner trousers, hugging calves so tightly they should have come with a circulation warning. These lean silhouettes were a nod to his predecessor, Slimane, who honed his signature sharp-edged style during his stints at Saint Laurent and Dior Homme before introducing it to Celine. Despite initial criticism, Slimane proved lucrative for Celine’s parent company LVMH. According to analysts, he was estimated to have doubled Celine’s annual sales to €2.5bn (£2.1bn), transforming it into LVMH’s third-largest brand, behind Louis Vuitton and Dior. However, in October, he resigned amid rumours of failed contract negotiations. It’s now up to Rider to pick up that moneyed baton. Rider’s appointment comes at a difficult time in the fashion industry, with a significant slowdow","Michael Rider evolves a winning formula in debut for Celine in Paris. After a year of musical chairs in fashion, September is gearing up to be one of its biggest show months ever: with debut collections slated from new creative directors at brands including Matthieu Blazy at Chanel and ex-Balenciaga designer Demna at Gucci. On Sunday in Paris, Michael Rider, who recently succeeded Hedi Slimane at Celine, decided to get a head start. In an amuse-bouche for how he plans to shape the brand’s future, Rider showed a mixture of men’s and womenswear. The show took place at the brand’s sprawling atelier, a short hop from the Tuileries Garden. Guests included the actor Naomi Watts and, fresh from 18 months of South Korean military service, Kim Taehyung, from the K-pop band BTS, who attempted to shelter from the rain under a giant silk foulard that had been erected above a courtyard. It was a full-circle moment for Rider, an American designer who previously worked under Phoebe Philo during her tenure at the brand from 2008 to 2017. While fans of her work, known as",Fashion,https://www.theguardian.com/fashion/2025/jul/06/michael-rider-evolves-a-winning-formula-in-debut-for-celine-in-paris,"""LVMH"" AND ""fashion"""
fashion/2025/jul/09/demna-balenciaga-final-show-paris,2025-07-09,Demna bows out at Balenciaga with star-studded final show in Paris,"Kim Kardashian modelling an off-shoulder fake mink coat inspired by Elizabeth Taylor. Nicole Kidman and Kyle MacLachlan nattering on the front row. And an appearance from Mrs Bezos herself. The stars were always going to align in Paris for Demna’s final show at Balenciaga. And on Wednesday lunchtime, the most controversial and copied designer in modern fashion bowed out after a decade with a show that conformed to the idea of couture as much as it challenged it. Backstage, Demna spoke with relief about “leaving this city that I love and hate for good” when he moves to his new job at Gucci in Milan next week. But before then, he wanted to “make couture relevant”. Democratising couture isn’t easy. This stuff is handmade to exacting rules and wildly expensive. But the plan was to use the show as a stage and the clothes as costumes for social commentary. Previous hot topics have included climate change, swag-wars and AI. On Wednesday it was a study of the relevant dress codes of “La Bourgeoisie” – and the moneyed few sat here who fork out for it. The stage itself was Cristóbal Balenciaga’s former apartment, restored to its plush 1960s cream glory when the Georgian designer introduced couture in 2021. At the glamorous end were a sugar pink debutante dress made from the world’s lightest organza, and a sequinned skirt suit based on – what else – Demna’s grandma’s kitchen tablecloth. No doubt Mrs Bezos had her eye on the elegant corset dresses which came without boning, “so you can actually breathe”, he said. Famous for flipping traditional notions of beauty by casting models of all ages and sizes, out came nine Neapolitan suits without shoulder pads and modelled by bodybuilders because “it isn’t the garment that defines the body, but the body that defines the garment”. There followed references from Demna’s greatest hits, including a seam-free puffer coat and couture trainers, while references from Cristobal’s came in the shapes and long sleeves; the show ended with a crea","Demna bows out at Balenciaga with star-studded final show in Paris. Kim Kardashian modelling an off-shoulder fake mink coat inspired by Elizabeth Taylor. Nicole Kidman and Kyle MacLachlan nattering on the front row. And an appearance from Mrs Bezos herself. The stars were always going to align in Paris for Demna’s final show at Balenciaga. And on Wednesday lunchtime, the most controversial and copied designer in modern fashion bowed out after a decade with a show that conformed to the idea of couture as much as it challenged it. Backstage, Demna spoke with relief about “leaving this city that I love and hate for good” when he moves to his new job at Gucci in Milan next week. But before then, he wanted to “make couture relevant”. Democratising couture isn’t easy. This stuff is handmade to exacting rules and wildly expensive. But the plan was to use the show as a stage and the clothes as costumes for social commentary. Previous hot topics have included climate change, swag-wars and AI. On Wednesday it was a study of the relevant dress codes of “La Bourge",Fashion,https://www.theguardian.com/fashion/2025/jul/09/demna-balenciaga-final-show-paris,"""Kering"" AND ""fashion"""
technology/2025/jul/11/louis-vuitton-uk-customer-data-stolen-cyber-attack,2025-07-11,Louis Vuitton says UK customer data stolen in cyber-attack,"Louis Vuitton has said the data of some UK customers has been stolen, as it became the latest retailer targeted by cyber hackers. The retailer, the leading brand of the French luxury group LVMH, said an unauthorised third party had accessed its UK operation’s systems and obtained information such as names, contact details and purchase history. The brand, which last week said its Korean operation had suffered a similar cyber-attack, told customers that no financial data such as bank details had been compromised. “While we have no evidence that your data has been misused to date, phishing attempts, fraud attempts, or unauthorised use of your information may occur,” the email said. The company said it had notified the relevant authorities, including the Information Commissioner’s Office. The hack took place on 2 July, according to Bloomberg, which first reported the breach. It is the third breach of LVMH’s systems in the last three months. As well as the two attacks on Louis Vuitton, LVMH’s second-largest fashion label, Christian Dior Couture, said in May that hackers had accessed some customer data. On Thursday, four people were arrested as part of an investigation into cyber-attacks on Marks &amp; Spencer, the Co-op and Harrods. Those arrested were a 17-year-old British boy from the West Midlands, a 19-year-old Latvian man from the West Midlands, a 19-year-old British man from London and a 20-year-old British woman from Staffordshire. M&amp;S was the first retailer to be attacked, in April, in an incident that forced the closure of its online store for nearly seven weeks. The Co-op was attacked in the same month and forced to shut down parts of its IT system. Harrods said on 1 May it had been targeted, and restricted internet access across its websites after attempts to gain unauthorised access to its systems. The arrests came days after the M&amp;S chair, Archie Norman, told MPs that two other large British companies had been affected by unreported cyber-attacks in ","Louis Vuitton says UK customer data stolen in cyber-attack. Louis Vuitton has said the data of some UK customers has been stolen, as it became the latest retailer targeted by cyber hackers. The retailer, the leading brand of the French luxury group LVMH, said an unauthorised third party had accessed its UK operation’s systems and obtained information such as names, contact details and purchase history. The brand, which last week said its Korean operation had suffered a similar cyber-attack, told customers that no financial data such as bank details had been compromised. “While we have no evidence that your data has been misused to date, phishing attempts, fraud attempts, or unauthorised use of your information may occur,” the email said. The company said it had notified the relevant authorities, including the Information Commissioner’s Office. The hack took place on 2 July, according to Bloomberg, which first reported the breach. It is the third breach of LVMH’s systems in the last three months. As well as the two attacks on Louis Vuitton, LVMH",Technology,https://www.theguardian.com/technology/2025/jul/11/louis-vuitton-uk-customer-data-stolen-cyber-attack,"""LVMH"" AND ""fashion"""
business/live/2025/jul/11/uk-gdp-economy-may-growth-stock-markets-trump-trade-war-business-live-news-updates,2025-07-11,Rachel Reeves says May’s fall in GDP is ‘disappointing’; Trump tariffs knock markets – as it happened,"Time to recap… Britain’s economy unexpectedly shrank in May, fuelled by sharp declines in manufacturing and construction. The Office for National Statistics said gross domestic product fell by 0.1% in May, missing City predictions of a 0.1% monthly expansion. This is the second monthly fall inn a row, driven by a drop in production and construction outout. Chancellor Rachel Reeves described the drop in output as “disappointing’, saying: “Getting more money in people’s pockets is my number one mission. While today’s figures are disappointing, I am determined to kickstart economic growth and deliver on that promise. “The choices we have made in our first year in government have seen us extend the £3 bus fare cap, fund Free School Meals for over half a million more children, press ahead with plans to deliver free breakfast clubs for every child in the country and increase the National Minimum and National Living Wage, giving a pay rise to 3 million workers. “There’s more to do, that’s why in the Spending Review we boosted investment and jobs, through better city region transport and record funding for affordable homes, as well as backing major projects like Sizewell C.” Economists suggested that the economy was now suffering the backlash from the jump in activity earlier this year, ahead of Donald Trump’s new tariffs. The drop in activity puts more pressure on the Bank of England to lower interest rates, some experts suggested. Rising trade war tensions are threatening to hurt global growth, after Donald Trump announced the US will impose a 35% tariff on imports from Canada from the beginning of August. News of the plan knocked stock markets. After hitting a fresh intraday high at the start of trading in London, the FTSE 100 share index moved lower – it’s now down 42 points or 0.5% at 8932 points. Germany’s DAX and France’s CAC are both down almost 1%, while stocks have opened lower on Wall Street too. The pound has weakened too, touching its lowest level in nearly thr","Rachel Reeves says May’s fall in GDP is ‘disappointing’; Trump tariffs knock markets – as it happened. Time to recap… Britain’s economy unexpectedly shrank in May, fuelled by sharp declines in manufacturing and construction. The Office for National Statistics said gross domestic product fell by 0.1% in May, missing City predictions of a 0.1% monthly expansion. This is the second monthly fall inn a row, driven by a drop in production and construction outout. Chancellor Rachel Reeves described the drop in output as “disappointing’, saying: “Getting more money in people’s pockets is my number one mission. While today’s figures are disappointing, I am determined to kickstart economic growth and deliver on that promise. “The choices we have made in our first year in government have seen us extend the £3 bus fare cap, fund Free School Meals for over half a million more children, press ahead with plans to deliver free breakfast clubs for every child in the country and increase the National Minimum and National Living Wage, giving a pay rise to 3 million workers. “There’s more to do, that’s why",Business,https://www.theguardian.com/business/live/2025/jul/11/uk-gdp-economy-may-growth-stock-markets-trump-trade-war-business-live-news-updates,"""LVMH"" AND ""fashion"""
music/2025/jul/21/song-of-the-summer,2025-07-21,Song of the summer 2025: writers pick their tracks of the season,"Addison Rae – Headphones On Summer is for out-of-office email bouncebacks, smashing your laptop shut at 4pm and putting it off until tomorrow. This year, no song represents the simple thrill of shrugging it off better than Addison Rae’s Headphones On. With a detached, lobotomy-chic delivery that’s drawn comparisons to Y2K-era Madonna, the TikTok star turned serious pop scholar breezes through a list of anxieties, from her parents’ relationship to the ever-present thrill of being bumped down a notch by “the new it girl”. Ultimately, our laconic heroine swaps a panic attack for slipping those headphones on and riding it all out with a song. Clocking in at exactly four minutes, there’s a straightforwardness to it all that I can’t help but appreciate. Rae will make you dance without working too hard. And that’s all I want right now. Alaina Demopoulos Katseye – Gnarly This song, sung by a six-woman international K-pop group, begins with an analysis of how malleable English slang is. “They could describe everything with one single word, you know? / Boba tea, gnarly / Tesla, gnarly / Fried chicken, gnarly,” one member of Katseye sings, the bass thumping every time she says the most versatile descriptive word in the language, signifying intensity, both positive and negative. It’s the early 2010s, and we’re so back. The song is as maximalist as can be, similar to Skrillex’s 2011 Bangarang or Kesha’s 2010 hit TiK ToK. The music video, in which the group assembles a grotesque sandwich, calls back to 2010’s Telephone, when Lady Gaga does the same. The song is fun and rowdy. It speeds forward, apt for TikTok (the app), where it first gained popularity with a distinctive, jerky dance. If you like Gnarly, I would suggest going in search of other songs by one of the song’s writers, Alice Longyu Gao. Rich Bitch Juice and 100 Boyfriends feature the same mix of heavy bass and saccharine, electrified vocals and instrumentation. Blake Montgomery Jade – Plastic Box Since squishing a NOW!","Song of the summer 2025: writers pick their tracks of the season. Addison Rae – Headphones On Summer is for out-of-office email bouncebacks, smashing your laptop shut at 4pm and putting it off until tomorrow. This year, no song represents the simple thrill of shrugging it off better than Addison Rae’s Headphones On. With a detached, lobotomy-chic delivery that’s drawn comparisons to Y2K-era Madonna, the TikTok star turned serious pop scholar breezes through a list of anxieties, from her parents’ relationship to the ever-present thrill of being bumped down a notch by “the new it girl”. Ultimately, our laconic heroine swaps a panic attack for slipping those headphones on and riding it all out with a song. Clocking in at exactly four minutes, there’s a straightforwardness to it all that I can’t help but appreciate. Rae will make you dance without working too hard. And that’s all I want right now. Alaina Demopoulos Katseye – Gnarly This song, sung by a six-woman international K-pop group, begins with an analysis of how malleable English slang is. “They c",Music,https://www.theguardian.com/music/2025/jul/21/song-of-the-summer,"""prada"" AND (""luxury"" OR ""fashion"" OR ""stock"")"
business/live/2025/jul/23/stock-markets-rally-us-japan-trade-deal-nikkei-ftse-100-libor-appeal-business-live,2025-07-23,Two City traders win appeals against rate rigging convictions after ‘Kafkaesque nightmare’ – as it happened,"Time to wrap up… Tom Hayes, the first banker jailed over the Libor interest rate-rigging scandal in 2015, has cleared his name after the UK’s supreme court overturned a decade-old conviction against the former UBS and Citigroup trader. A panel of five justices, led by Lord Reed, concluded on Wednesday that the judge in Hayes’s original hearing 10 years ago had given “inaccurate and unfair” instructions to the jury that found him guilty on several charges of conspiracy to defraud. This meant the former banker was ultimately “deprived” of a fair trial. The judges stopped short of fully exonerating Hayes, saying there was “ample evidence” that could have led a jury, if properly directed, to find him guilty. “But the jury was not properly directed,” the ruling explained, adding: “The convictions are therefore unsafe and cannot stand.” The court also quashed the conviction of the former Barclays trader Carlo Palombo, who was sentenced to four years in prison in 2019 for rigging Euribor – the euro version of Libor. It stated that Palombo’s original case was also compromised as a result of directions by the judge. Palombo told reporters that the case had been a ‘Kafkaesque nightmare’. Lawyers for the pair suggested there could now be a path for other convictions to be challenged. Financial markets around the world have rallied after Donald Trump announced a trade deal with Japan to minimise the level of tariffs imposed on Japanese goods imported into the US. Share prices rose sharply in Tokyo, where the Nikkei index of leading Japanese companies increased by 3.5%. European markets followed, with the FTSE 100 gaining 0.5% to hit a record high of 9080 points in London. Shares in Japanese carmakers rallied sharply. Shares in Toyota, the world’s biggest carmaker, surged by more than 14% and there were gains for Honda, Mazda and Subaru. London-based companies with the highest exposures to US tariffs – including GSK, AstraZeneca and Diageo – were among the biggest risers on the ","Two City traders win appeals against rate rigging convictions after ‘Kafkaesque nightmare’ – as it happened. Time to wrap up… Tom Hayes, the first banker jailed over the Libor interest rate-rigging scandal in 2015, has cleared his name after the UK’s supreme court overturned a decade-old conviction against the former UBS and Citigroup trader. A panel of five justices, led by Lord Reed, concluded on Wednesday that the judge in Hayes’s original hearing 10 years ago had given “inaccurate and unfair” instructions to the jury that found him guilty on several charges of conspiracy to defraud. This meant the former banker was ultimately “deprived” of a fair trial. The judges stopped short of fully exonerating Hayes, saying there was “ample evidence” that could have led a jury, if properly directed, to find him guilty. “But the jury was not properly directed,” the ruling explained, adding: “The convictions are therefore unsafe and cannot stand.” The court also quashed the conviction of the former Barclays trader Carlo Palombo, who was sentenced to four years in prison in 2019 for rigging Euribor – th",Business,https://www.theguardian.com/business/live/2025/jul/23/stock-markets-rally-us-japan-trade-deal-nikkei-ftse-100-libor-appeal-business-live,"""LVMH"" AND ""fashion"""
fashion/2025/jul/24/made-in-italy-is-the-label-just-another-luxury-fashion-illusion,2025-07-25,‘Made in Italy’: is the label just another luxury fashion illusion? ,"For years shoppers have been aware of scandals about the origins of cheap clothing sold in high street stores. Garment industry workers who make clothes for leading brands have been beaten for asking for living wages and notes pleading for help have been found hidden in clothing. There have also been stories about hidden child labour and some workers in UK factories are feared to be trapped in modern slavery. Now after a series of labour investigations by Milanese prosecutors, the luxury fashion industry is fast coming under similar scrutiny. Last week, Loro Piana, the 100-year-old Italian brand that sells four-figure cashmere jumpers and whose “quiet luxury” aesthetic had been championed by celebrities including Gwyneth Paltrow and worn by the super-rich characters in the TV show Succession, was placed under a 12-month court administration over alleged worker exploitation. The ruling arises from an investigation into Italy’s luxury goods supply chain that began in 2023. According to the court, Loro Piana – owned by the luxury conglomerate LVMH – outsourced production of some clothing including cashmere jackets to an external Chinese-operated fashion company, which in turn subcontracted the work to two other companies. These were illegal workshops that operated on the outskirts of Milan. In May, the labour crime unit of the Carabinieri military police found that 10 Chinese people, five of whom were undocumented migrants, were forced to work up to 90 hours a week for as little as €4 per hour, as reported by Reuters. It is worth noting that the brand is not under criminal investigation and if the company complies with a set of legal requirements before the deadline issued by the court, the order will be lifted. In a statement to the Guardian, Loro Piana said the supplier had not informed the company of the existence of subcontractors. It also said: “Loro Piana was made aware of this situation on 20 May, and, as a result, the Maison terminated all relations with the co","‘Made in Italy’: is the label just another luxury fashion illusion? . For years shoppers have been aware of scandals about the origins of cheap clothing sold in high street stores. Garment industry workers who make clothes for leading brands have been beaten for asking for living wages and notes pleading for help have been found hidden in clothing. There have also been stories about hidden child labour and some workers in UK factories are feared to be trapped in modern slavery. Now after a series of labour investigations by Milanese prosecutors, the luxury fashion industry is fast coming under similar scrutiny. Last week, Loro Piana, the 100-year-old Italian brand that sells four-figure cashmere jumpers and whose “quiet luxury” aesthetic had been championed by celebrities including Gwyneth Paltrow and worn by the super-rich characters in the TV show Succession, was placed under a 12-month court administration over alleged worker exploitation. The ruling arises from an investigation into Italy’s luxury goods supply chain that began in 2023. According to t",Fashion,https://www.theguardian.com/fashion/2025/jul/24/made-in-italy-is-the-label-just-another-luxury-fashion-illusion,"""LVMH"" AND ""fashion"""
thefilter/2025/aug/01/what-you-loved-most-july,2025-08-04,From alcohol-free spritz to smart-comfy travel trousers: your holiday essentials,"Reading between the lines of this month’s bestsellers, I spotted a few subtle clues that some of you might be going on holiday. And while I am, of course, stuck in an office, writing you this newsletter, the summer fantasies evoked by this list couldn’t help but bring me a little of that holiday joy. Whether it’s a cooler backpack for cold drinks on the beach, a super-flattering rainbow swimsuit or a budget head torch to get you back to your tent in the dark, this month’s Filter favourites hint towards a summer well spent. (Just don’t forget to pack the SPF.) *** The swimsuit that will make you feel a million dollars Boden abstract print swimsuit £80 at John Lewis It’s fair to say that few of us have the same excitement for swimsuit shopping that we have for the holidays themselves. “The trouble with swimsuits,” wrote Jess Cartner-Morley in her guide to the ultimate holiday capsule wardrobe, “is that usually you have to make a choice between the fun, exciting one that looks great on Instagram and the sensible, flattering one that has been designed with an actual, real body in mind.” But this rainbow-coloured swimsuit from Boden is a “win-win” – both beautiful and made “to suit real-world bodies”. For more, read our guide to the best women’s bikinis and swimsuits *** The cooler backpack Quechua backpack cooler 100 £24.99 at Decathlon At the Filter, we take cold drinks extremely seriously. So to narrow down the best cool boxes and bags, we enlisted former science correspondent Linda Geddes to conduct a series of tests on everything from thermal performance and ice retention to how easy they were to carry. This bargain insulated backpack wasn’t the highest-spec on test, but surprisingly outperformed many of the solid cool boxes – and has the advantage of being hands-free. Ideal for a short hike, overnight camping trips or a day at the beach. *** The dermatologist-backed lip balm Aquaphor lip repair £6.15 at Amazon “Dry, dehydrated lips can be a nightmare to live with, ","From alcohol-free spritz to smart-comfy travel trousers: your holiday essentials. Reading between the lines of this month’s bestsellers, I spotted a few subtle clues that some of you might be going on holiday. And while I am, of course, stuck in an office, writing you this newsletter, the summer fantasies evoked by this list couldn’t help but bring me a little of that holiday joy. Whether it’s a cooler backpack for cold drinks on the beach, a super-flattering rainbow swimsuit or a budget head torch to get you back to your tent in the dark, this month’s Filter favourites hint towards a summer well spent. (Just don’t forget to pack the SPF.) *** The swimsuit that will make you feel a million dollars Boden abstract print swimsuit £80 at John Lewis It’s fair to say that few of us have the same excitement for swimsuit shopping that we have for the holidays themselves. “The trouble with swimsuits,” wrote Jess Cartner-Morley in her guide to the ultimate holiday capsule wardrobe, “is that usually you have to make a choice between the fun, exciting one that looks great on In",The Filter,https://www.theguardian.com/thefilter/2025/aug/01/what-you-loved-most-july,"""prada"" AND (""luxury"" OR ""fashion"" OR ""stock"")"
film/2025/aug/07/drink-it-up-daniel-day-lewis-films-ranked,2025-08-07,Drink it up! All 21 Daniel Day-Lewis films – ranked,"21. Stars and Bars (1988) Perhaps keen not to be pigeonholed in high-fibre roles, Daniel Day-Lewis took on a pair of zany culture-clash comedies (the other was Eversmile, New Jersey) that featured him singing in a bubble bath. In Stars and Bars, he is a prim English art expert who travels to the American south to retrieve a Renoir from its owner (Harry Dean Stanton) and butts heads with various irksome oddballs. Playing the sort of nitwit that would become Hugh Grant’s meal-ticket, Day-Lewis proves that wackiness is not in his wheelhouse. 20. Nine (2009) The movie of the Broadway musical of Fellini’s 8½ is one of only two duds on the Day-Lewis CV. Surrounded by dazzling female actors (Nicole Kidman, Penélope Cruz, Judi Dench, Sophia Loren), he ends up making heavy weather of Guido, the bewildered auteur caught at a creative impasse. A light touch eludes him: he’s no Marcello Mastroianni, that’s for sure. 19. Sunday Bloody Sunday (1971) John Schlesinger’s bisexual love-triangle drama gave Day-Lewis his film debut at the age of 14. He is briefly shown sauntering along a row of parked cars, scratching the paintwork with a broken bottle. The delinquent behaviour, the insouciant look, the south London setting: this could be a teenage snapshot of Johnny from My Beautiful Laundrette. 18. Nanou (1986) Ten minutes or so of screen time doesn’t give Day-Lewis much chance to make an impression as the debonair ex of young Nanou (Imogen Stubbs). He finds her in France, where she has fallen in with a would-be terrorist, but says “au revoir” shortly after. Still, he looks Delon-level dashing in a raincoat. 17. Gandhi (1982) Like Sunday Bloody Sunday, another hooligan cameo for Day-Lewis. He gets dialogue this time, all of it racist, as he tries to intimidate the young Gandhi, played by Ben Kingsley. Movies in which Day-Lewis played a more prominent role have attracted no shortage of Oscar nominations, but Gandhi is the only one of his to have walked off with the best picture prize.","Drink it up! All 21 Daniel Day-Lewis films – ranked. 21. Stars and Bars (1988) Perhaps keen not to be pigeonholed in high-fibre roles, Daniel Day-Lewis took on a pair of zany culture-clash comedies (the other was Eversmile, New Jersey) that featured him singing in a bubble bath. In Stars and Bars, he is a prim English art expert who travels to the American south to retrieve a Renoir from its owner (Harry Dean Stanton) and butts heads with various irksome oddballs. Playing the sort of nitwit that would become Hugh Grant’s meal-ticket, Day-Lewis proves that wackiness is not in his wheelhouse. 20. Nine (2009) The movie of the Broadway musical of Fellini’s 8½ is one of only two duds on the Day-Lewis CV. Surrounded by dazzling female actors (Nicole Kidman, Penélope Cruz, Judi Dench, Sophia Loren), he ends up making heavy weather of Guido, the bewildered auteur caught at a creative impasse. A light touch eludes him: he’s no Marcello Mastroianni, that’s for sure. 19. Sunday Bloody Sunday (1971) John Schlesinger’s bisexual love-triangle drama ga",Film,https://www.theguardian.com/film/2025/aug/07/drink-it-up-daniel-day-lewis-films-ranked,"""devil wears prada"""
fashion/2025/aug/07/designing-on-their-own-terms-denmarks-women-are-redrawing-fashions-blueprint,2025-08-08,A brand of one’s own: how Denmark’s women are redrawing fashion’s rules,"Football fans will be familiar with the manager musical chairs, but fashion has been strangely similar over the last year. Since mid-2024 there have been 17 new designers appointed to head up houses including Gucci and Dior. But, in an industry fuelled by womenswear, just four of these appointments have been women. And there are other depressing statistics. Of the top 30 luxury brands in the Vogue Business Index, a mere five creative directors are women. At Kering, the luxury conglomerate that owns Balenciaga and Valentino, there is just one: Louise Trotter at Bottega Veneta. At LVMH, the fashion behemoth that counts Loewe and Dior among its brands, again, just one label is helmed by a woman – Sarah Burton at Givenchy. There’s more. In February, research by 1Granary found that 74% of students at top fashion programmes are female, yet 88% of fashion’s top designer roles are held by men. The last time a woman won designer of the year at the Fashion awards was in 2012. And it’s not just designers. The majority of those in positions of power at brands, such as CEOs and executives, are also male. There is an anomaly, though. This week, the 19th iteration of Copenhagen fashion week (CPHFW), known in the industry as the fifth fashion week, is being held in the Danish capital. Of the 42 brands participating, 26 are founded and led by females. Stine Goya – who now sells her eponymous label in over 30 countries, with the US being its second-biggest market outside Denmark – describes men’s continual domination of the fashion industry as “outdated”. Denmark’s structural approach to equality, she says, has become a key instigator of change, with policies aimed at improving wage equality and schemes to encourage women to return to work after having children. “Copenhagen has become an ecosystem for independent female-led brands,” she told me. “There is a spirit of collaboration here, and a willingness to do things differently. It has allowed women to take up space and build busine","A brand of one’s own: how Denmark’s women are redrawing fashion’s rules. Football fans will be familiar with the manager musical chairs, but fashion has been strangely similar over the last year. Since mid-2024 there have been 17 new designers appointed to head up houses including Gucci and Dior. But, in an industry fuelled by womenswear, just four of these appointments have been women. And there are other depressing statistics. Of the top 30 luxury brands in the Vogue Business Index, a mere five creative directors are women. At Kering, the luxury conglomerate that owns Balenciaga and Valentino, there is just one: Louise Trotter at Bottega Veneta. At LVMH, the fashion behemoth that counts Loewe and Dior among its brands, again, just one label is helmed by a woman – Sarah Burton at Givenchy. There’s more. In February, research by 1Granary found that 74% of students at top fashion programmes are female, yet 88% of fashion’s top designer roles are held by men. The last time a woman won designer of the year at the Fashion awards was in 2012. And it’s not just d",Fashion,https://www.theguardian.com/fashion/2025/aug/07/designing-on-their-own-terms-denmarks-women-are-redrawing-fashions-blueprint,"""LVMH"" AND ""fashion"""
world/2025/aug/10/paris-luxury-handbag-heists-dior-chanel-hermes-loewe,2025-08-10,‘A lot of money to be made’: Paris hit with spate of €1m handbag heists ,"A series of million-euro robberies of luxury handbags from boutiques and brand headquarters in Paris has shown that high-value leather goods are now a bigger target for organised criminals than jewels or cash, as French police pursue sophisticated gangs targeting designer bags. Paris has been the scene of several high-profile robberies of handbags over the past year, fuelled by the growing global demand for designer leather goods, which are increasingly being displayed by influencers on social media. As designer handbags sell for record prices at auction – with the late singer Jane Birkin’s Hermès bag fetching €8.6m (£7.4m) this summer – prices are rising in boutiques and secondhand bags are gaining value as collectors’ items. Jérôme Lalande, an expert on leather goods at the Paris appeals court, said demand for designer handbags was so high that the secondhand market was flourishing, making bags very easy to sell on. “There’s a lot of money to be made,” he said. “Handbags have come to represent social status.” Last month, the Paris showroom of Houlux, a broker of secondhand designer bags that sells by appointment only, was robbed in a dawn raid. Burglars climbed up to a fourth-floor balcony and in less than 20 minutes took more than 100 luxury bags by brands including Hermès, Dior, Louis Vuitton and Chanel, estimated to be worth a total of €1m. A few days later, the offices of the luxury brand Louis Vuitton in central Paris were broken into shortly after midnight by two masked men who broke down an inside door and took a large number of bags, reported to have been worth more than €1m. In May, a large number of handbags were stolen from a Louis Vuitton boutique on Paris’s Boulevard Saint-Germain after a car was ram-raided into the shopfront in the early hours of the morning, allowing the robbers to enter the store and clear the shelves. It was the third such ram-raid on the boutique in only nine months. In November, neighbours had filmed a car drive into the same sh","‘A lot of money to be made’: Paris hit with spate of €1m handbag heists . A series of million-euro robberies of luxury handbags from boutiques and brand headquarters in Paris has shown that high-value leather goods are now a bigger target for organised criminals than jewels or cash, as French police pursue sophisticated gangs targeting designer bags. Paris has been the scene of several high-profile robberies of handbags over the past year, fuelled by the growing global demand for designer leather goods, which are increasingly being displayed by influencers on social media. As designer handbags sell for record prices at auction – with the late singer Jane Birkin’s Hermès bag fetching €8.6m (£7.4m) this summer – prices are rising in boutiques and secondhand bags are gaining value as collectors’ items. Jérôme Lalande, an expert on leather goods at the Paris appeals court, said demand for designer handbags was so high that the secondhand market was flourishing, making bags very easy to sell on. “There’s a lot of money to be made,” he said. “Handbags have come to",World news,https://www.theguardian.com/world/2025/aug/10/paris-luxury-handbag-heists-dior-chanel-hermes-loewe,"""LVMH"" AND ""fashion"""
film/2025/aug/12/hollywood-movie-promotion-campaigns,2025-08-12,Devil Wears Prada 2 to Spider-Man 4: is the Hollywood hype machine starting too early?,"Do you want to know who might be starring, cameoing or in some way appearing in the upcoming sequel to The Devil Wears Prada? Well, you might not have a choice. Ever since filming on the Anne Hathaway/Meryl Streep reunion commenced in New York a few weeks ago, set photos and accompanying news items have become plentiful (don’t click that link if you don’t want to know the rumors about a major star). Of course, gossip pages breathlessly reporting casting rumors are not sanctioned by a movie studio, like a teaser, poster, trailer or announcement video. At the same time, the movie hype machine has been blurring the line between genuine marketing and tweet-grade micro-teases all summer long. For example: is there a teaser trailer for next summer’s Spider-Man: Brand New Day? It’s the next Marvel movie after this July’s Fantastic Four reboot, and plenty of summer blockbusters-to-be have called their shots with a teaser a year in advance, so it would make sense to get a little something out there. A teaser is kinda-sorta what Sony posted a few weeks ago, only it was hyped up as a “suit reveal”, which seems like an attempt to redress a 20-second teaser in literal new clothes. It also seems like a backfire if the strategy involves anyone beyond the most diehard 5% of movie-watchers realizing or caring that Tom Holland walks up to the camera wearing a Spider-Man costume that is slightly different than the six other Spider-Man costumes he’s donned in other appearances. There is also a behind-the-scenes video of a movie that’s barely started filming. It recalls the absurdly lengthy “chair reveal” of cast members from Avengers: Doomsday parceled out over five hours, which is getting its own sequel soon. (Not everyone was announced, of course. Not least because the movie’s screenplay was not finished at the time of that announcement and filming commencement.) Even Christopher Nolan, who has generally mastered the art of keeping his highly anticipated movies to the realm of teaser","Devil Wears Prada 2 to Spider-Man 4: is the Hollywood hype machine starting too early?. Do you want to know who might be starring, cameoing or in some way appearing in the upcoming sequel to The Devil Wears Prada? Well, you might not have a choice. Ever since filming on the Anne Hathaway/Meryl Streep reunion commenced in New York a few weeks ago, set photos and accompanying news items have become plentiful (don’t click that link if you don’t want to know the rumors about a major star). Of course, gossip pages breathlessly reporting casting rumors are not sanctioned by a movie studio, like a teaser, poster, trailer or announcement video. At the same time, the movie hype machine has been blurring the line between genuine marketing and tweet-grade micro-teases all summer long. For example: is there a teaser trailer for next summer’s Spider-Man: Brand New Day? It’s the next Marvel movie after this July’s Fantastic Four reboot, and plenty of summer blockbusters-to-be have called their shots with a teaser a year in advance, so it would make sense to get a little something out t",Film,https://www.theguardian.com/film/2025/aug/12/hollywood-movie-promotion-campaigns,"""devil wears prada"""
australia-news/2025/aug/13/afternoon-update-wednesday-ntwnfb,2025-08-13,Afternoon Update: national guard deployed in Washington DC; Commonwealth Bank’s record profit; and a ‘deceptively cute’ ancient whale,"Welcome, readers, to Afternoon Update. The Washington DC national guard will begin deploying on the city’s streets, a day after Donald Trump ordered their arrival and took control of the city’s police force, calling Washington DC a “lawless” city despite official crime statistics saying otherwise. Defence officials said a small number of the roughly 800 guard members planned for the mission had already been mobilised, with more expected to arrive in the coming days. About 850 officers and agents took part in a “massive law enforcement surge” across Washington DC on Monday night and made nearly two dozen arrests, the White House has said. The violent crime rate in the city is at a 30-year low. Top news New Zealand woman and six-year-old son detained for three weeks by Ice in US enduring ‘terrifying’ ordeal Man faces court after pregnant woman and partner found dead in Melbourne’s south-east Police gun ‘unintentionally discharged’ during arrest of man at Sydney airport Commonwealth Bank posts record $10.25bn profit and reveals plan to clamp down on coal lending Use of AI could worsen racism and sexism in Australia, human rights commissioner warns Home affairs wrongfully detained Australian citizen for four days because of paperwork bungle, ombudsman reveals In pictures “Small and deceptively cute, but definitely not harmless” is how scientists have described a new species of ancient whale, from a 25-million-year-old fossil found on Victoria’s surf coast. This early species, called Janjucetus dullardi, was an extremely unusual animal, said Dr Erich Fitzgerald, senior curator of vertebrate palaeontology at Museums Victoria Research Institute. What they said … *** “I think Netanyahu has gone way too far. I think he has lost the plot.” – Christopher Luxon The New Zealand prime minister spoke about his Israeli counterpart on Wednesday, saying what was happening in Gaza was “utterly, utterly appalling”. A day earlier, MP Chlöe Swarbrick was ordered to leave the New Zealand ","Afternoon Update: national guard deployed in Washington DC; Commonwealth Bank’s record profit; and a ‘deceptively cute’ ancient whale. Welcome, readers, to Afternoon Update. The Washington DC national guard will begin deploying on the city’s streets, a day after Donald Trump ordered their arrival and took control of the city’s police force, calling Washington DC a “lawless” city despite official crime statistics saying otherwise. Defence officials said a small number of the roughly 800 guard members planned for the mission had already been mobilised, with more expected to arrive in the coming days. About 850 officers and agents took part in a “massive law enforcement surge” across Washington DC on Monday night and made nearly two dozen arrests, the White House has said. The violent crime rate in the city is at a 30-year low. Top news New Zealand woman and six-year-old son detained for three weeks by Ice in US enduring ‘terrifying’ ordeal Man faces court after pregnant woman and partner found dead in Melbourne’s south-east Police gun ‘unintentionally discharged’ during arrest of man at Sydney airport Commonwealth Bank ",Australia news,https://www.theguardian.com/australia-news/2025/aug/13/afternoon-update-wednesday-ntwnfb,"""devil wears prada"""
film/2025/aug/16/all-the-magic-is-going-away-are-on-set-images-ruining-movies,2025-08-16,‘All the magic is going away’: are on-set images ruining movies?,"Nancy Meyers, the director of The Holiday and Something’s Got to Give, knows a thing or two about making movies. And this week, she took to Instagram to protest about a new trend in cinema and TV: on-set photos. Screenshotting leaked images of actor Jack Lowden dressed as Mr Darcy in Dolly Alderton’s adaptation of Pride and Prejudice, she wrote: “Can we please STOP showing movies and TV shows being made?! I’m closing my eyes. I don’t want to see Mr Darcy getting dressed!” Addressing the fan who originally posted the images, she added: “All the magic is going away! C’mon!” Unfortunately for Meyers, the removal of movie magic isn’t limited to Mr Darcy. Productions that have recently had on-set images shared online include The Devil Wears Prada 2, And Just Like That and American Love Story, the Ryan Murphy miniseries about Carolyn Bessette and John F Kennedy Jr. If Sarah Jessica Parker’s JW Anderson pigeon bag spotted on the set of And Just Like That was a “moment”, Margot Robbie on rollerblades filming Barbie in 2023 perhaps cemented the phenomenon. These images spawned online chatter, news stories and memes long before the film hit the cinemas. This year, the outfits worn on set by Sarah Pidgeon as Bessette Kennedy, were described as “fashion murder” on Instagram, and fashion is the common factor that links these productions – unlike, say, a thriller or a sci-fi film, what characters wear is central to the appeal. This month, images of The Devil Wears Prada 2 characters at a make-believe Met Gala have been pored over on social media. Henrik Lischke, senior fashion features editor at Grazia, says on-set images are popular with their readers. “Across social and online, the appetite for it is huge. They lend themselves to a variety of content. It’s about the outfits we’ve seen and loved, or these days the internet turns everything into memes.” For The Devil Wears Prada 2, the ubiquity of the on-set photo itself was fodder for memes – with people screenshotting stars lik","‘All the magic is going away’: are on-set images ruining movies?. Nancy Meyers, the director of The Holiday and Something’s Got to Give, knows a thing or two about making movies. And this week, she took to Instagram to protest about a new trend in cinema and TV: on-set photos. Screenshotting leaked images of actor Jack Lowden dressed as Mr Darcy in Dolly Alderton’s adaptation of Pride and Prejudice, she wrote: “Can we please STOP showing movies and TV shows being made?! I’m closing my eyes. I don’t want to see Mr Darcy getting dressed!” Addressing the fan who originally posted the images, she added: “All the magic is going away! C’mon!” Unfortunately for Meyers, the removal of movie magic isn’t limited to Mr Darcy. Productions that have recently had on-set images shared online include The Devil Wears Prada 2, And Just Like That and American Love Story, the Ryan Murphy miniseries about Carolyn Bessette and John F Kennedy Jr. If Sarah Jessica Parker’s JW Anderson pigeon bag spotted on the set of And Just Like That was a “moment”, Margot Robbie on rolle",Film,https://www.theguardian.com/film/2025/aug/16/all-the-magic-is-going-away-are-on-set-images-ruining-movies,"""devil wears prada"""
film/2025/aug/19/quentin-tarantino-west-end-debut,2025-08-19,"Please take your seats, the carnage is about to begin: what will Quentin Tarantino’s West End debut look like? ","If the last few days have taught us anything at all, then it is this: if you want Quentin Tarantino to open up about anything, invite him on to a podcast called The Church of Tarantino. This is what happened recently, and the slew of new information offered up has been remarkable. Thanks to the podcast appearance, we know which of his movies he likes the best (Inglourious Basterds), why he didn’t make The Movie Critic (it would have been too easy) and who the best director is (him, along with David Fincher). And now comes the most exciting news of all – there will soon be a Tarantino West End play. Tarantino told the podcast that “the play is all written. It is absolutely the next thing I’m going to do. We’ll start the ball rolling on it in January … It’s probably going to take up a year and a half to two years of my life.” In truth, this news doesn’t come as a total surprise. As per the myth he has built around himself, Tarantino’s next movie will be his last. As a way to prolong his career as a film director, he has recently turned his hand to other mediums. He has written books, both fiction and nonfiction, and a script for a Once Upon a Time … in Hollywood sequel that will be directed by Fincher. And now a play. At present, very few details about Tarantino’s West End debut are available. But using what’s known about both Tarantino and the West End landscape, this is more than enough for some rampant speculation. Option one: a musical Music has always been integral to Tarantino’s work as a director, plus musicals are the bread and butter of the West End, so it makes perfect sense that this would be his first option. Imagine a version of Reservoir Dogs where the cast walks out on stage in slow motion belting out a chorus of Little Green Bag, or Mr Blonde performs a soaring version of Stuck in the Middle With You as he hacks that guy’s ear off. Wouldn’t that be great? Or maybe he’d rather start a new musical from scratch. One of the surest ways to make a fortune is","Please take your seats, the carnage is about to begin: what will Quentin Tarantino’s West End debut look like? . If the last few days have taught us anything at all, then it is this: if you want Quentin Tarantino to open up about anything, invite him on to a podcast called The Church of Tarantino. This is what happened recently, and the slew of new information offered up has been remarkable. Thanks to the podcast appearance, we know which of his movies he likes the best (Inglourious Basterds), why he didn’t make The Movie Critic (it would have been too easy) and who the best director is (him, along with David Fincher). And now comes the most exciting news of all – there will soon be a Tarantino West End play. Tarantino told the podcast that “the play is all written. It is absolutely the next thing I’m going to do. We’ll start the ball rolling on it in January … It’s probably going to take up a year and a half to two years of my life.” In truth, this news doesn’t come as a total surprise. As per the myth he has built around himself, Tarantino’s next movie will be his last. As a way to prolong his ",Film,https://www.theguardian.com/film/2025/aug/19/quentin-tarantino-west-end-debut,"""devil wears prada"""
fashion/2025/aug/21/fashion-statement-carrie-bradshaw-best-looks,2025-08-22,We couldn’t help but wonder ... what was Carrie Bradshaw’s best outfit?,"After 27 years, 94 episodes, a questionable three-series reboot and a pair of films we’d rather not talk about, last week’s “heavy-handed” finale of And Just Like That marked the last appearance of TV’s best-dressed character: Carrie Bradshaw. As we say a final farewell, for this week’s newsletter we asked Guardian writers for their most memorable Carrie outfits. I’ll start with … The LGD | season two, episode 15 Despite the OTT tulle dresses, tie-dye capris and ridiculous accessories, (kneepad tights anyone?) it’s the little black grey dress that she wears to brunch that is most memorable to me. After a disappointing night with Vaughn Wysel (Justin Theroux), Carrie emerges from her apartment not downbeat but giddy, knowing she has a story that is going to make her gang shriek with laughter over eggs and cosmos. I love how she wears what could be considered a classic date-night dress to see her girlfriends. The gold strappy sandals, big Gucci embossed shoulder bag, signature nameplate necklace and classic aviators all add to the confident mood. In today’s world of conservative tradwife dressing, it’s refreshing to see a single, thirtysomething woman dressing for herself. It’s also a nice flipped bird to those who think age should determine what one can and can’t wear. The Stella McCartney horse print trousers | season four, episode 11 The early 2000s was a weird time when it came to what people wore. You had hipster jeans designed to reveal hip bones, the pob (Victoria Beckham’s bob) and those capri pants that are threatening to come back. By contrast, Sex and the City, and Carrie in particular, seemed like a grown-up world of aspiration, where people didn’t just look at clothes worn on the catwalk, they actually wore them. For me, nothing said this more than these trousers. Part of Stella McCartney’s last collection for Chloé, the horse on the right leg was typical of the playful absurdity that she had added to the French brand. The fact that they were on TV was pe","We couldn’t help but wonder ... what was Carrie Bradshaw’s best outfit?. After 27 years, 94 episodes, a questionable three-series reboot and a pair of films we’d rather not talk about, last week’s “heavy-handed” finale of And Just Like That marked the last appearance of TV’s best-dressed character: Carrie Bradshaw. As we say a final farewell, for this week’s newsletter we asked Guardian writers for their most memorable Carrie outfits. I’ll start with … The LGD | season two, episode 15 Despite the OTT tulle dresses, tie-dye capris and ridiculous accessories, (kneepad tights anyone?) it’s the little black grey dress that she wears to brunch that is most memorable to me. After a disappointing night with Vaughn Wysel (Justin Theroux), Carrie emerges from her apartment not downbeat but giddy, knowing she has a story that is going to make her gang shriek with laughter over eggs and cosmos. I love how she wears what could be considered a classic date-night dress to see her girlfriends. The gold strappy sandals, big Gucci embossed shoulder bag, signature nameplate ",Fashion,https://www.theguardian.com/fashion/2025/aug/21/fashion-statement-carrie-bradshaw-best-looks,"""prada"" AND (""luxury"" OR ""fashion"" OR ""stock"")"
fashion/2025/sep/02/chloe-malle-vogue-editor-replace-anna-wintour,2025-09-02,Vogue names Chloe Malle as new head of US edition,"The biggest job in fashion has finally been filled. Following news that Anna Wintour was stepping back as editor of American Vogue in July, Condé Nast have appointed 39-year-old journalist and Vogue staffer Chloe Malle as head of editorial content at the American fashion magazine. Her role is effective immediately. “Fashion and media are both evolving at breakneck speed, and I am so thrilled, and awed, to be part of that,” said Malle in a statement. “I also feel incredibly fortunate to still have Anna just down the hall as my mentor.” One of the most powerful roles in the fashion industry, her appointment marks not just a new chapter for the magazine but for Wintour herself, who will stay on in her role as chief content officer for Condé Nast and global editorial director for the magazine, allowing her to retain control of the magazine, while no longer being involved in the day to day. Wintour was present at the July couture shows and it’s likely that both she and Malle will be present for next week’s New York fashion week, oversee the Met Gala and Vogue World events. But in a first for the most famous magazine in the world, Vogue no longer has an editor-in-chief. “At a moment of change both within fashion and outside it, Vogue must continue to be both the standard-bearer and the boundary-pushing leader,” said Wintour. “Chloe has proven often that she can find the balance between American Vogue’s long, singular history and its future on the front lines of the new. I am so excited to continue working with her, as her mentor but also as her student, while she leads us and our audiences where we’ve never been before.” Malle was editor of Vogue.com and co-host of the podcast The Run-Through with Vogue, and is a longtime Wintour insider, having been at the magazine since 2011. Responsible for editor-led newsletters, and successful annual “witty” tentpoles such as Dogue (a dog fashion magazine), she is more of a broad stroke journalist than a fashion insider. In 2014, she","Vogue names Chloe Malle as new head of US edition. The biggest job in fashion has finally been filled. Following news that Anna Wintour was stepping back as editor of American Vogue in July, Condé Nast have appointed 39-year-old journalist and Vogue staffer Chloe Malle as head of editorial content at the American fashion magazine. Her role is effective immediately. “Fashion and media are both evolving at breakneck speed, and I am so thrilled, and awed, to be part of that,” said Malle in a statement. “I also feel incredibly fortunate to still have Anna just down the hall as my mentor.” One of the most powerful roles in the fashion industry, her appointment marks not just a new chapter for the magazine but for Wintour herself, who will stay on in her role as chief content officer for Condé Nast and global editorial director for the magazine, allowing her to retain control of the magazine, while no longer being involved in the day to day. Wintour was present at the July couture shows and it’s likely that both she and Malle will be present",Fashion,https://www.theguardian.com/fashion/2025/sep/02/chloe-malle-vogue-editor-replace-anna-wintour,"""devil wears prada"""
fashion/2025/sep/03/celebrate-the-rise-of-accessible-design-it-benefits-everyone-not-just-disabled-people,2025-09-03,Celebrate the rise of accessible design – it benefits everyone,"Fashion is a vocabulary. Clothing communicates parts of who we are, what we are interested in and how we want to be seen. It reveals choices that we make – but it also exposes lack of choice. I am a disabled woman; I have dwarfism. My disability and stature is obvious and often shapes a first interaction. I’ve learned to love scouring through rails of clothes in high street stores and charity shops, and taking the items for alterations to make sure they fit. I know that if there are patterns or embroidery near the shoulder or ankle of a garment, altering it won’t work. I’ve found that jeans and trousers have to be elasticated at the back so they go over my hips with ease and don’t gape at the back. I’ve also learned that dresses and skirts should have an asymmetrical hemline to accommodate the curve in my spine. As I’ve got older, I’ve discovered that many of these alterations don’t just work for me, but would also improve comfort, independence and dressing for most people. Accessible design is better design. To show you what this looks like in action: I recently had the pleasure of attending a dinner to mark Jannik Sinner’s return to Wimbledon. Beforehand, I was nervous. I wanted to wear something that would instil confidence, be comfortable and allow me to move about with personality and dignity. I chose a blazer, cashmere jumper and black pants. During my time working in fashion, I had the privilege of building relationships with designers, and this jacket was custom-made by Gucci. The pocket is proportional and the buttons are deliberately placed to be mindful of my figure. The wool pants are also custom-made by Prada and close with a fastener and zip, rather than a button, to avoid dexterity issues, and the back of the waistband is elasticated. The jumper is from Johnstons of Elgin in Scotland – their store is step-free and has rails at multiple levels. I chose it because it needed no alterations; the short-sleeve is mid‑length for me, and wearable throughout t","Celebrate the rise of accessible design – it benefits everyone. Fashion is a vocabulary. Clothing communicates parts of who we are, what we are interested in and how we want to be seen. It reveals choices that we make – but it also exposes lack of choice. I am a disabled woman; I have dwarfism. My disability and stature is obvious and often shapes a first interaction. I’ve learned to love scouring through rails of clothes in high street stores and charity shops, and taking the items for alterations to make sure they fit. I know that if there are patterns or embroidery near the shoulder or ankle of a garment, altering it won’t work. I’ve found that jeans and trousers have to be elasticated at the back so they go over my hips with ease and don’t gape at the back. I’ve also learned that dresses and skirts should have an asymmetrical hemline to accommodate the curve in my spine. As I’ve got older, I’ve discovered that many of these alterations don’t just work for me, but would also improve comfort, independence and dressing for most people. Accessible ",Fashion,https://www.theguardian.com/fashion/2025/sep/03/celebrate-the-rise-of-accessible-design-it-benefits-everyone-not-just-disabled-people,"""prada"" AND (""luxury"" OR ""fashion"" OR ""stock"")"
fashion/2025/sep/04/giorgio-armani-obituary,2025-09-04,Giorgio Armani obituary,"In the 1970s, the fashion designer Giorgio Armani, who has died aged 91, anticipated two permanent and interdependent cultural shifts: the rise in the cult of the gym, which made every man’s physique his own responsibility, rather than a tailor’s; and the end of constriction in men’s clothing. Even before he showed his first collection, in 1975, Armani had been challenging ideas about the male suit and overcoat as they had been constructed since the 1790s – on a basis of stiff canvas, interlining, padding and special stitching, so as to reshape a man’s torso to look as much as possible like a classical statue. He discarded this armature that helped hide imperfections. And when he draped a fluid suede jacket on the toned body of Richard Gere in the 1980 movie American Gigolo, he finally knocked the stuffing out of tailoring. It has never quite returned. Armani said of the film’s core, man-chooses-what-to-wear sequence: “The magical moment, where the shirts are on the bed and Gere throws the ties on the shirt, was so right for the time. It was about his choices, his muscles; it was throwing away the whole story of the way men dress.” Armani was just as revolutionary when he offered female professionals the same boneless structure as men, at a time when a suit, trousered or skirted, was becoming an almost obligatory uniform for working women. His gentler power dressing was the easiest female working gear since Coco Chanel invented her tweed suit in 1954. He explained: “I always tried to eliminate the things that made women appear like a caricature of themselves.” Armani’s success was particularly Italian, a product of the city of Milan, where he worked with textiles for years before he used his knowledge of them for design. The Italian clothing industry could weave, cut and sew high-quality products, but it had lacked international prestige, and was willing to support designers who might supply that. Armani took its cloth and leather, and tapped its skills, especially ","Giorgio Armani obituary. In the 1970s, the fashion designer Giorgio Armani, who has died aged 91, anticipated two permanent and interdependent cultural shifts: the rise in the cult of the gym, which made every man’s physique his own responsibility, rather than a tailor’s; and the end of constriction in men’s clothing. Even before he showed his first collection, in 1975, Armani had been challenging ideas about the male suit and overcoat as they had been constructed since the 1790s – on a basis of stiff canvas, interlining, padding and special stitching, so as to reshape a man’s torso to look as much as possible like a classical statue. He discarded this armature that helped hide imperfections. And when he draped a fluid suede jacket on the toned body of Richard Gere in the 1980 movie American Gigolo, he finally knocked the stuffing out of tailoring. It has never quite returned. Armani said of the film’s core, man-chooses-what-to-wear sequence: “The magical moment, where the shirts are on the bed and Gere throws",Fashion,https://www.theguardian.com/fashion/2025/sep/04/giorgio-armani-obituary,"""prada"" AND (""luxury"" OR ""fashion"" OR ""stock"")"
film/2025/sep/10/it-was-a-fair-shot-anna-wintour-verdict-devil-wears-prada-meryl-streep,2025-09-10,‘It was a fair shot’: Anna Wintour belatedly gives her verdict on The Devil Wears Prada,"Anna Wintour, the outgoing editor-in-chief of Vogue, has addressed Meryl Streep’s performance as a formidable glossy fashion-mag editor widely perceived to be based on her in the 2006 comedy The Devil Wears Prada. Based on the novel of the same name by Lauren Weisberger, who previously worked as Wintour’s assistant, the film starred Anne Hathaway as an aspiring reporter who secures a post as a lackey to the ice-cold editor of fictional publication Runway. “I went to the premiere wearing Prada, completely having no idea what the film was going to be about,” Wintour said to New Yorker editor David Remnick on his podcast for the magazine. “And I think that the fashion industry were very sweetly concerned for me about the film, that it was going to paint me in some kind of difficult light.” Remnick suggested it was “cartoonish”, to which Wintour agreed, adding: “Yes, a caricature.” Yet Wintour said she was surprised by the subtlety of the portrayal, and impressed more generally by the film. “I found it highly enjoyable. It was very funny. Miuccia [Prada] and I talk about it a lot, and I say to her: ‘Well, it was really good for you.’” The film, Wintour added, “had a lot of humour to it. It had a lot of wit. It had Meryl Streep. I mean, it was Emily Blunt, [and] they were all amazing. In the end, I thought it was a fair shot.” Streep was Oscar-nominated for her portrayal. In the past, Wintour demurred over enquiries asking for her take on the film, last year telling the BBC at a performance of the West End musical adapted from the film that it was “for the audience and for the people I work with to decide if there are any similarities between me and Miranda Priestly [the fictional editor]”. A sequel to the film is currently shooting in New York, with Kenneth Branagh joining returning stars Hathaway, Streep, Blunt and Stanley Tucci. The original film took $326m from a $40m budget and has enjoyed a considerable cultural afterlife. Wintour’s replacement as editor-in-chief o","‘It was a fair shot’: Anna Wintour belatedly gives her verdict on The Devil Wears Prada. Anna Wintour, the outgoing editor-in-chief of Vogue, has addressed Meryl Streep’s performance as a formidable glossy fashion-mag editor widely perceived to be based on her in the 2006 comedy The Devil Wears Prada. Based on the novel of the same name by Lauren Weisberger, who previously worked as Wintour’s assistant, the film starred Anne Hathaway as an aspiring reporter who secures a post as a lackey to the ice-cold editor of fictional publication Runway. “I went to the premiere wearing Prada, completely having no idea what the film was going to be about,” Wintour said to New Yorker editor David Remnick on his podcast for the magazine. “And I think that the fashion industry were very sweetly concerned for me about the film, that it was going to paint me in some kind of difficult light.” Remnick suggested it was “cartoonish”, to which Wintour agreed, adding: “Yes, a caricature.” Yet Wintour said she was surprised by the subtlety of the portrayal, and impressed more generally by the film",Film,https://www.theguardian.com/film/2025/sep/10/it-was-a-fair-shot-anna-wintour-verdict-devil-wears-prada-meryl-streep,"""devil wears prada"""
fashion/2025/sep/12/giorgio-armani-will-says-brand-sold-ipo,2025-09-12,Giorgio Armani’s will says his brand should be sold or seek IPO,"The Italian fashion house Giorgio Armani could soon be sold or become a publicly listed company, according to the late founder’s will. The fashion designer, who died last week at the age of 91, said in the document that he wants his heirs to sell a 15% stake in the business within 18 months. And three to five years after that he has instructed that an additional 30% to 54.9% stake be sold to the same buyer, according to a copy of the will reported on by Reuters, which also says an initial public offering could be pursued as an alternative. The will says priority should be given to the luxury business LVMH, which is controlled by France’s richest man, Bernard Arnault; the beauty firm L’Oréal; or the eyewear company EssilorLuxottica, a commercial partner of Armani. Armani stated his heirs should also consider other fashion and luxury companies in which Giorgio Armani has commercial ties. The late designer was the sole shareholder in the company, under the control of his foundation. On Friday, the company’s executive committee said that the Fondazione Giorgio Armani, which he set up in 2016 to guide future management and protect his values and principles, would always hold a stake of at least 30% in the business. “Regardless of the corporate structure adopted, the foundation … shall never hold less than 30% of the capital, thereby acting as a permanent guarantor of compliance with the founding principles,” the executive committee said. It added that the foundation would first focus on finding a new chief executive for the group. The executive committee also said it would give its full support to Armani’s will. It added that all short- and medium-term decisions would remain with the founder’s family and his partner, Leo Dell’Orco, the head of the men’s style office, with support from the foundation. Armani set up Giorgio Armani SpA with his late partner, Sergio Galeotti, in the 1970s. He maintained tight managerial and creative control throughout his career and reported","Giorgio Armani’s will says his brand should be sold or seek IPO. The Italian fashion house Giorgio Armani could soon be sold or become a publicly listed company, according to the late founder’s will. The fashion designer, who died last week at the age of 91, said in the document that he wants his heirs to sell a 15% stake in the business within 18 months. And three to five years after that he has instructed that an additional 30% to 54.9% stake be sold to the same buyer, according to a copy of the will reported on by Reuters, which also says an initial public offering could be pursued as an alternative. The will says priority should be given to the luxury business LVMH, which is controlled by France’s richest man, Bernard Arnault; the beauty firm L’Oréal; or the eyewear company EssilorLuxottica, a commercial partner of Armani. Armani stated his heirs should also consider other fashion and luxury companies in which Giorgio Armani has commercial ties. The late designer was the sole shareholder in the company, under the control of his foundation. On Fr",Fashion,https://www.theguardian.com/fashion/2025/sep/12/giorgio-armani-will-says-brand-sold-ipo,"""LVMH"" AND ""fashion"""
business/2025/sep/15/hackers-data-gucci-balenciaga-alexander-mcqueen-kering,2025-09-15,"Hackers steal private data of Gucci, Balenciaga and McQueen customers","Hackers have stolen data from customers of the luxury fashion group Kering, whose brands include Gucci, Balenciaga and Alexander McQueen. Cyber-attackers have stolen data of potentially millions of customers, including the names, phone numbers and email addresses of customers of the fashion group, it has emerged. Paris-based Kering said the breach happened in June and that no financial information – such as bank account numbers, credit card information, or government-issued identification numbers – was taken. The attackers have been identified as a ransom-seeking group, Shiny Hunters. Kering said on Monday: “In June 2025, we identified that an unauthorised third party gained temporary access to our systems and accessed limited customer data from some of our [fashion] houses. “Our houses immediately disclosed the breach to the relevant authorities and notified customers according to local regulations.” “The breach was promptly identified, and appropriate actions have been taken to secure the affected systems and prevent such incidents in the future,” the company added, without naming which brands had been affected. According to one website tracking hacks, DataBreaches.net, Shiny Hunters this last month posted samples of the data breach on Telegram channels showing names, email addresses and dates of birth of some Gucci customers. The BBC, which first reported Kering’s confirmation of the breach, said samples of the details showed how much some of the customers were spending in stores – in some cases up to $86,000 (£63,000). Shiny Hunters told the BBC it breached the brands in April. In July, another luxury brand, Louis Vuitton, said it had been targeted by hackers who had taken customer data. The attacks follow serious breaches of British companies including M&amp;S, the Co-op and Harrods. Production remains halted at Jaguar Land Rover car factories for the third week after a cyber-attack forced it to shut down its computer systems.","Hackers steal private data of Gucci, Balenciaga and McQueen customers. Hackers have stolen data from customers of the luxury fashion group Kering, whose brands include Gucci, Balenciaga and Alexander McQueen. Cyber-attackers have stolen data of potentially millions of customers, including the names, phone numbers and email addresses of customers of the fashion group, it has emerged. Paris-based Kering said the breach happened in June and that no financial information – such as bank account numbers, credit card information, or government-issued identification numbers – was taken. The attackers have been identified as a ransom-seeking group, Shiny Hunters. Kering said on Monday: “In June 2025, we identified that an unauthorised third party gained temporary access to our systems and accessed limited customer data from some of our [fashion] houses. “Our houses immediately disclosed the breach to the relevant authorities and notified customers according to local regulations.” “The breach was promptly identified, and appropriate actions have been taken to secur",Business,https://www.theguardian.com/business/2025/sep/15/hackers-data-gucci-balenciaga-alexander-mcqueen-kering,"""Kering"" AND ""fashion"""
fashion/2025/sep/15/cos-new-york-fashion-week-gwyneth-paltrow-rebrands,2025-09-15,Cos takes centre stage at New York fashion week and Gwyneth Paltrow rebrands,"The headline act on day four of New York fashion week had all the hallmarks of a typical designer catwalk, including a pulsating soundtrack and a front row peppered with Hollywood stars. However, there was a twist. Instead of a luxury brand staging the show on Sunday, it was the high street label Cos. The Swedish label, founded in 2007 by the H&amp;M group, welcomed guests including the British actors Jodie Turner-Smith and Naomi Watts as well as the singer Lauryn Hill to a former 1890s rope factory in Brooklyn. Now used as a warehouse space, the brand had erected a vast cracked concrete-effect catwalk around which were rows of steel benches. The brutalist style also extended to the clothing, with a colour palette of metal greys and charcoal. Oversized coats ranging from cashmere to leather were tightly cinched with skinny belts. Trousers pooled around glove-like leather shoes, while lapels on shirts and jumpers were knife sharp. Sandwiched between heritage American brands such as Ralph Lauren and Coach, the appearance of Cos on this week’s schedule reflects a wider attempt by the high street to move beyond its fast fashion reputation. On Thursday, Cos’s sister brand H&amp;M will kick off London fashion week with a show styled by Katie Grand, a British creative director who works regularly with Marc Jacobs and Prada, and starring the Vogue models Alex Consani and Paloma Elsesser. In August, Topshop returned to the catwalk after a seven-year absence with a show in Trafalgar Square that featured Cara Delevingne. Joy Montgomery, the shopping editor at British Vogue, says high street brands are under growing pressure to win customer loyalty, a feat that is “becoming increasingly tough when you consider headwinds such as the cost-of-living crisis, high-street closures, and the stratification of the market between ultra-fast fashion and ultra-high-end luxury. The middle-ground is where the battle is being fought.” This type of “luxe-washing” also extends to high street br","Cos takes centre stage at New York fashion week and Gwyneth Paltrow rebrands. The headline act on day four of New York fashion week had all the hallmarks of a typical designer catwalk, including a pulsating soundtrack and a front row peppered with Hollywood stars. However, there was a twist. Instead of a luxury brand staging the show on Sunday, it was the high street label Cos. The Swedish label, founded in 2007 by the H&amp;M group, welcomed guests including the British actors Jodie Turner-Smith and Naomi Watts as well as the singer Lauryn Hill to a former 1890s rope factory in Brooklyn. Now used as a warehouse space, the brand had erected a vast cracked concrete-effect catwalk around which were rows of steel benches. The brutalist style also extended to the clothing, with a colour palette of metal greys and charcoal. Oversized coats ranging from cashmere to leather were tightly cinched with skinny belts. Trousers pooled around glove-like leather shoes, while lapels on shirts and jumpers were knife sharp. Sandwiched between heritage American brands such as Ralp",Fashion,https://www.theguardian.com/fashion/2025/sep/15/cos-new-york-fashion-week-gwyneth-paltrow-rebrands,"""prada"" AND (""luxury"" OR ""fashion"" OR ""stock"")"
fashion/2025/sep/16/baggy-jeans-workwear-grit-luxury-reimagined-coach-new-york-fashion-week,2025-09-16,"Baggy jeans, workwear and plenty of grit: luxury reimagined at Coach","New York fashion week is proving a particularly perplexing time for brands as they continue to grapple with a global slowdown, leading many to question what luxury even means today. For some consumers, it is always going to be about a gleaming five-figure handbag. For others, it is a limited-edition Labubu. While a certain cohort considers a plain cashmere jumper to be the peak of high status, logomania endures for others. Vintage shopping is now used to denote quality but equally buying nothing has become a powerful signifier. However, ahead of the Coach show on Monday afternoon, the brand’s creative director, Stuart Vevers, said the word luxury was “overused”. The Yorkshire-born designer, who has worked with the US house since 2013, explained that he was no longer “interested in extreme polish or perfection that has long been associated with luxury”. Instead, Vevers’ catwalk collection aimed to capture what is seen as desirable in the eyes of today’s youth. This translated into low-slung jeans so baggy they could be heard scraping along the catwalk with seams grubby and scuffed. Shrunken knits appeared to be moth-eaten. Some models wore workwear-inspired boots with lug soles and scratched leather. There were also actual workwear pieces, including repurposed trousers with paint splatters still visible. Meanwhile, motorcycle jackets appeared worn-in because they were – fashioned from upcycled leather, part of a wider sustainability initiative the brand launched in 2023. Welcome to luxury 2.0. This is what gen Z wants to wear and is already wearing all over the city’s Lower East Side. Vevers loves to people-watch and his time spent doing so is proving fruitful. In a world of distraction, Coach has managed to capture the attention of gen Z. On the most recent Lyst Index, a quarterly report that ranks brands based on sales, Coach now sits at number five, sandwiched between Prada and The Row. In August, its parent company, Tapestry, said Coach continued to lead sales at","Baggy jeans, workwear and plenty of grit: luxury reimagined at Coach. New York fashion week is proving a particularly perplexing time for brands as they continue to grapple with a global slowdown, leading many to question what luxury even means today. For some consumers, it is always going to be about a gleaming five-figure handbag. For others, it is a limited-edition Labubu. While a certain cohort considers a plain cashmere jumper to be the peak of high status, logomania endures for others. Vintage shopping is now used to denote quality but equally buying nothing has become a powerful signifier. However, ahead of the Coach show on Monday afternoon, the brand’s creative director, Stuart Vevers, said the word luxury was “overused”. The Yorkshire-born designer, who has worked with the US house since 2013, explained that he was no longer “interested in extreme polish or perfection that has long been associated with luxury”. Instead, Vevers’ catwalk collection aimed to capture what is seen as desirable in the eyes of today’s youth. This translated into low-s",Fashion,https://www.theguardian.com/fashion/2025/sep/16/baggy-jeans-workwear-grit-luxury-reimagined-coach-new-york-fashion-week,"""devil wears prada"""
fashion/2025/sep/17/jess-cartner-morley-fashion-why-september-ideal-time-update-your-look,2025-09-17,Jess Cartner-Morley on fashion: why September is an ideal time to update your look,"‘Every day is all there is”, as Joan Didion put it, rather elegantly. The words are so smoothly balanced you can turn them over in your mind like a pebble, and the phrase popped into my head the other day when I was thinking about why September is such a powerful month for fashion. September, the saying goes, is January for fashion people. This is sunrise for new trends, high noon for shopping, peak season for glossy magazines packed with breathless style instruction. It is the point in the calendar when an update of what you wear suddenly feels urgent. This seems, on the surface, like odd timing. After all, once you get to be an adult, nothing much happens in September. It’s not much of a season for parties, or for family holidays. Just the muscle memory of school days makes this the moment to lock back into the routine, the nine-to-five, the tea-bath-bed. But that’s the point. September is all about the everyday. This is what Didion was getting at: that everyday is everything, and therefore worth giving your all to. This is about the stuff that is obviously important – about bringing your best self to your home life, your work, your relationships – but it’s also about the little stuff, too. Style is one of the little ways to elevate the everyday, to make it matter, to take pride in it. Wearing a nice outfit, putting out candles for dinner, a nicely wrapped birthday gift. Not because you have to, but because you and your life are worth it. It shouldn’t be a chore, which is where new season wardrobe updates come in, to freshen things up. Have you done a waistcoat yet? If not, this is your moment. They are brilliant on their own as a sleeveless top – the structure and buttons bring polish – and useful as an alternative to a light jacket, worn open over a shirt. (You want the boxy kind that has breadth at the shoulder, not the snooker-player version that makes bra straps an issue.) But it is often what you wear on your bottom half that makes the difference between an ","Jess Cartner-Morley on fashion: why September is an ideal time to update your look. ‘Every day is all there is”, as Joan Didion put it, rather elegantly. The words are so smoothly balanced you can turn them over in your mind like a pebble, and the phrase popped into my head the other day when I was thinking about why September is such a powerful month for fashion. September, the saying goes, is January for fashion people. This is sunrise for new trends, high noon for shopping, peak season for glossy magazines packed with breathless style instruction. It is the point in the calendar when an update of what you wear suddenly feels urgent. This seems, on the surface, like odd timing. After all, once you get to be an adult, nothing much happens in September. It’s not much of a season for parties, or for family holidays. Just the muscle memory of school days makes this the moment to lock back into the routine, the nine-to-five, the tea-bath-bed. But that’s the point. September is all about the everyday. This is what Didion was getting at: that everyday is everything, and th",Fashion,https://www.theguardian.com/fashion/2025/sep/17/jess-cartner-morley-fashion-why-september-ideal-time-update-your-look,"""prada"" AND (""luxury"" OR ""fashion"" OR ""stock"")"
business/live/2025/sep/17/uk-inflation-steady-38-in-july-official-figures-federal-reserve-interest-rates-donald-trump-state-visit-business-live,2025-09-17,"UK overall inflation remains at 3.8% in August, but food price growth climbs for fifth month in a row - as it happened","Our main story today: UK inflation held steady in August, official figures show, maintaining pressure on households as the Bank of England prepares to keep borrowing costs at elevated levels. Figures from the Office for National Statistics (ONS) show the annual rate of inflation as measured by the consumer prices index remained at 3.8% last month, the same level as July and matching the forecasts of City economists. Financial markets are widely predicting that Bank policymakers will keep interest rates on hold at 4% on Thursday amid signs of sustained inflationary pressures at almost twice its official 2% target rate. The Bank of Canada cut interest rates by a quarter point today, and the US Federal Reserve is expected to make a similar move tonight. With this, we are signing off. Good-bye! We’ll be back tomorrow. Wall Street has opened flat ahead of the US Federal Reserve’s interest rate decision tonight. The FTSE 100 index in London has gained 20 points, or 0.2%, to 9,215 and the Dax in Frankfurt is also 0.2% ahead, while the CAC in Paris has fallen by 0.25% and the FTSE MiB in Milan has lost 1.3%. The Fed is widely expected to cut rates for the first time this year, by a quarter point. Victoria Scholar, head of investment at interactive investor said: British Gas owner Centrica is [near] the top of the UK basket thanks to a broker upgrade from Morgan Stanley while Barratt Redrow is another gainer on earnings. Fresnillo is at the bottom of the leaderboard on weaker precious metal prices. Meanwhile Trump’s second state visit to the UK is very much dominating the headlines. So far, a $42bn ‘Tech Prosperity Deal’ has been agreed to boost ties between the two nations around AI and technology. Microsoft has promised $31bn in UK investments. The Fed is in focus, widely anticipated to cut interest rates for the first time this year, a day after Trump’s attempt to fire Fed governor Lisa Cook was blocked by an appeals court. While the rate cut is already priced in, focus w","UK overall inflation remains at 3.8% in August, but food price growth climbs for fifth month in a row - as it happened. Our main story today: UK inflation held steady in August, official figures show, maintaining pressure on households as the Bank of England prepares to keep borrowing costs at elevated levels. Figures from the Office for National Statistics (ONS) show the annual rate of inflation as measured by the consumer prices index remained at 3.8% last month, the same level as July and matching the forecasts of City economists. Financial markets are widely predicting that Bank policymakers will keep interest rates on hold at 4% on Thursday amid signs of sustained inflationary pressures at almost twice its official 2% target rate. The Bank of Canada cut interest rates by a quarter point today, and the US Federal Reserve is expected to make a similar move tonight. With this, we are signing off. Good-bye! We’ll be back tomorrow. Wall Street has opened flat ahead of the US Federal Reserve’s interest rate decision tonight. The FTSE 100 index in London has gained 20 points, or 0.2%, to 9,215 and the Dax",Business,https://www.theguardian.com/business/live/2025/sep/17/uk-inflation-steady-38-in-july-official-figures-federal-reserve-interest-rates-donald-trump-state-visit-business-live,"""prada"" AND (""luxury"" OR ""fashion"" OR ""stock"")"
business/2025/sep/17/marks-spencer-womenswear-revive-autumn-fortunes,2025-09-17,Bold and ‘brat’: Marks & Spencer bets on womenswear to revive autumn fortunes ,"After a cyber-attack rained on its summer, Marks &amp; Spencer is banking on fashion to brighten its autumn. A Prada-esque, crystal-embellished, charcoal V-neck cardigan (£46), a faux leather trenchcoat with a price tag of £90 – £6,810 less than the Burberry version – and a £36 short pleated skirt that offers a wearable take on Charli xcx’s “brat” styling will hit shop floors shortly. “We can be bolder because, while we continue to dominate in the over-55s, we’ve got new customers in the 35- to 55-year-old age range,” said Maddy Evans, the brand’s womenswear lead, at a showcase of the new collection in the run-up to London fashion week, which begins on Friday. The store is relying on womenswear, which has been ticking upward in sales and credibility for two years, to lead a bounce back after a devastating cyber-attack that affected M&amp;S from April to August and is predicted to have cost the business £300m in profits. Evans said the retailer was aiming for two-thirds newness in store. “That basically means that if a customer walks in to see the new season, two-thirds of it she will never have seen before. The other third is core product – white T-shirts, skinny jeans, black wide-leg trousers, pieces that never go out of stock.” M&amp;S “sense-checked” trends for wearability, Evans added. The return of the miniskirt, as widely seen on city streets this summer, is reflected at the retailer, but “never unwearably short”. “We are shifting out of the midi skirt into shorter lengths, but our customer trusts us to make a short skirt that they feel good in,” she added. The head of womenswear design, Lisa Illis, said knowing which trends to ignore was as important as knowing which to pick up on. Waving to a rail of tonal rose, burgundy and chocolate knitwear, she said: “We avoid harder, sharper colours that are more difficult to wear, in favour of these flattering shades.” Leather – real and faux – features on coats, minidresses and skirts as well as shoes. The store had a","Bold and ‘brat’: Marks & Spencer bets on womenswear to revive autumn fortunes . After a cyber-attack rained on its summer, Marks &amp; Spencer is banking on fashion to brighten its autumn. A Prada-esque, crystal-embellished, charcoal V-neck cardigan (£46), a faux leather trenchcoat with a price tag of £90 – £6,810 less than the Burberry version – and a £36 short pleated skirt that offers a wearable take on Charli xcx’s “brat” styling will hit shop floors shortly. “We can be bolder because, while we continue to dominate in the over-55s, we’ve got new customers in the 35- to 55-year-old age range,” said Maddy Evans, the brand’s womenswear lead, at a showcase of the new collection in the run-up to London fashion week, which begins on Friday. The store is relying on womenswear, which has been ticking upward in sales and credibility for two years, to lead a bounce back after a devastating cyber-attack that affected M&amp;S from April to August and is predicted to have cost the business £300m in profits. Evans said the retailer was aiming for two-thirds newness in store",Business,https://www.theguardian.com/business/2025/sep/17/marks-spencer-womenswear-revive-autumn-fortunes,"""prada"" AND (""luxury"" OR ""fashion"" OR ""stock"")"
business/2025/sep/21/wealth-tax-would-be-deadly-for-french-economy-says-europe-richest-man-bernard-arnault,2025-09-21,"Wealth tax would be deadly for French economy, says Europe’s richest man","Europe’s richest man, the luxury goods magnate Bernard Arnault, has said that a wealth tax that could cost him more than €1bn (£817m) would be deadly for France’s economy. The French founder of LVMH Moët Hennessy Louis Vuitton said in a statement to the Sunday Times that calls for a 2% wealth tax on all assets “aims to destroy the liberal economy, the only one that works for the good of all”. The idea of a wealth tax has steadily gained ground in France because of a political crisis, with the government trying to push through unpopular budget cuts. The idea of a 2% wealth tax on fortunes worth more than €100m has been proposed by Gabriel Zucman, an economics professor who has become a household name in France. The economist argues that the tax – named the Zucman tax by others – could help France with its squeezed budget. The French president, Emmanuel Macron, this month appointed a new prime minister, Sébastien Lecornu, after the centrist François Bayrou failed to win support for an austerity budget. Arnault – previously the world’s richest man – claimed that a 2% wealth tax would be an “offensive, which is deadly for our economy”. He also said he was “certainly the largest individual taxpayer and one of the largest professional taxpayers through the companies I run” in France. Arnault’s net worth stood at $169bn (£125bn) on Friday, mainly because of his 48% stake in LVMH Moët Hennessy Louis Vuitton, according to Bloomberg. After joining his family company and turning it from construction to property, Arnault grew his fortune by buying up brands ranging from the jewellers Bulgari and Tiffany &amp; Co, the fashion houses Christian Dior and Celine, to perfumes and whiskey brand Glenmorangie. Arnault, who lives in Paris, sparked a French national debate over tax in 2012 when he sought Belgian citizenship. However, in April 2013, he withdrew his application as “a gesture of my attachment to France and my faith in its future”, according to Bloomberg. Zucman is a professo","Wealth tax would be deadly for French economy, says Europe’s richest man. Europe’s richest man, the luxury goods magnate Bernard Arnault, has said that a wealth tax that could cost him more than €1bn (£817m) would be deadly for France’s economy. The French founder of LVMH Moët Hennessy Louis Vuitton said in a statement to the Sunday Times that calls for a 2% wealth tax on all assets “aims to destroy the liberal economy, the only one that works for the good of all”. The idea of a wealth tax has steadily gained ground in France because of a political crisis, with the government trying to push through unpopular budget cuts. The idea of a 2% wealth tax on fortunes worth more than €100m has been proposed by Gabriel Zucman, an economics professor who has become a household name in France. The economist argues that the tax – named the Zucman tax by others – could help France with its squeezed budget. The French president, Emmanuel Macron, this month appointed a new prime minister, Sébastien Lecornu, after the centrist François Bayrou failed to win support for an au",Business,https://www.theguardian.com/business/2025/sep/21/wealth-tax-would-be-deadly-for-french-economy-says-europe-richest-man-bernard-arnault,"""LVMH"" AND ""fashion"""
fashion/2025/sep/23/can-guccis-new-designer-bring-the-hot-sauce-and-rescue-fashion-house-from-flatlining-sales,2025-09-23,Can Gucci’s new designer bring the hot sauce and rescue fashion house from flatlining sales?,"Gucci has become bland, and its new designer, Demna, has been hired to bring the hot sauce. But will the Italian brand’s walk on the wild side be a renaissance, or a mid-life crisis? The first chapter of Demna’s Gucci, which opened Milan fashion week, appeared online a day ahead of schedule (very culturally modish, like a surprise album drop) and ditched the traditional catwalk format for a film by Spike Jonze and Babygirl’s director, Halina Reijn, about a fictional Barbara Gucci – “President of Gucci and of the State of California” – played by Demi Moore. The film, a high-fashion mashup of House of Gucci and The Substance, was “about how we are all trying to be so perfect, and how impossible it is”, said Demna at the opening. The film’s wardrobe told a story about the Gucci family – the nerd, the narcissist, the party boy, the diva – which sent up the brand while celebrating it at the same time. In other words, Demna showed that he understands right away what Sabato de Sarno, his predecessor, never seemed to grasp, which is that Gucci has to be about more than just clothes. De Sarno was abruptly let go from the Gucci top job earlier this year, as his brand of understated urban chic, politely received by critics, proved too dull for restless modern attention spans. Demna was a surprise-choice replacement, a provocateur whose signatures are an almost-ugly bulky silhouette and headline-grabbing fashion week stunts including a catwalk show that turned out to be a Simpsons cartoon, and wrapping Kim Kardashian in duct tape. A bold hire for the home of glossy handbags and sensible, evergreen leather loafers. Sipping non-alcoholic champagne before the film’s premiere at a screening room installed in Milan’s stock exchange, Demna said that he wanted to define “the allure” of Gucci. “If Gucci was a person, it would have a decisive and daring character, someone fun but intelligent with a strong point of view, who wanted to enjoy themselves,” he said. His Gucci iconography dre","Can Gucci’s new designer bring the hot sauce and rescue fashion house from flatlining sales?. Gucci has become bland, and its new designer, Demna, has been hired to bring the hot sauce. But will the Italian brand’s walk on the wild side be a renaissance, or a mid-life crisis? The first chapter of Demna’s Gucci, which opened Milan fashion week, appeared online a day ahead of schedule (very culturally modish, like a surprise album drop) and ditched the traditional catwalk format for a film by Spike Jonze and Babygirl’s director, Halina Reijn, about a fictional Barbara Gucci – “President of Gucci and of the State of California” – played by Demi Moore. The film, a high-fashion mashup of House of Gucci and The Substance, was “about how we are all trying to be so perfect, and how impossible it is”, said Demna at the opening. The film’s wardrobe told a story about the Gucci family – the nerd, the narcissist, the party boy, the diva – which sent up the brand while celebrating it at the same time. In other words, Demna showed that he understands right away what Sabato de Sarno, his pred",Fashion,https://www.theguardian.com/fashion/2025/sep/23/can-guccis-new-designer-bring-the-hot-sauce-and-rescue-fashion-house-from-flatlining-sales,"""Kering"" AND ""fashion"""
news/2025/sep/23/long-read-britain-extreme-cleaner-murder-ben-giles,2025-09-23,The human stain remover: what Britain’s greatest extreme cleaner learned from 25 years on the job,"When the entrance to a theatre in London’s West End was discovered to be smeared with blood and faeces one day in March, a distress call went out to the headquarters of Ben Giles, a 49-year-old veteran of the extreme clean, who is based in Cardigan in Wales. Decades earlier, as a young know-nothing, hired by police to clean vehicles, Giles laboured for hours to remove fingerprint dust from the interior of a stolen car – work that now, with the experience of innumerable litter-dashed, liquid-sodden, gunge-roped scenes, would take him about 30 minutes. Job by job, he figured out when to scrape or sand, soak or fog, preserve or dispose. Boilersuited and plastic booted, Giles learned how to eliminate most evidence of spillages, collisions, protests, haemorrhages, severings, explosions, fires and floods, becoming a self-taught stain savant, a walking database of remedies. When you have lifted a layered lasagne of toilet paper and semen from the floor of a submarine yard in Barrow-in-Furness, there’s not much left in the world that can scare you. What exactly was the problem in the West End? Details were explained to one of Giles’s operators at the Cardigan HQ. About 4 o’clock that afternoon in March, a person had defecated in front of the Dominion theatre. Ticket-holders were due to arrive, very soon, for an evening performance of The Devil Wears Prada. When emergencies like this come in, Giles’s staff are meant to log whatever information is available on the office network. “Human waste at the front of the Dominion,” an operator wrote at 4.32pm, then, at 4.53pm: “Someone has splattered it on doors now.” A queue was expected to form any time after 6pm. Giles, a handsome, weather-beaten, wedge-haired man, built up his empire from small beginnings. In his 20s he was a freelance window cleaner, 50p a pane, when one of his clients – a lady in Aberystwyth – asked if he would clear out a vacated property she managed. When Giles got inside he found a bathtub full to the brim wi","The human stain remover: what Britain’s greatest extreme cleaner learned from 25 years on the job. When the entrance to a theatre in London’s West End was discovered to be smeared with blood and faeces one day in March, a distress call went out to the headquarters of Ben Giles, a 49-year-old veteran of the extreme clean, who is based in Cardigan in Wales. Decades earlier, as a young know-nothing, hired by police to clean vehicles, Giles laboured for hours to remove fingerprint dust from the interior of a stolen car – work that now, with the experience of innumerable litter-dashed, liquid-sodden, gunge-roped scenes, would take him about 30 minutes. Job by job, he figured out when to scrape or sand, soak or fog, preserve or dispose. Boilersuited and plastic booted, Giles learned how to eliminate most evidence of spillages, collisions, protests, haemorrhages, severings, explosions, fires and floods, becoming a self-taught stain savant, a walking database of remedies. When you have lifted a layered lasagne of toilet paper and semen from the floor of a submarine yard in Barrow-in-Furness",News,https://www.theguardian.com/news/2025/sep/23/long-read-britain-extreme-cleaner-murder-ben-giles,"""devil wears prada"""
world/2025/sep/23/first-edition-boriswave-online-origins,2025-09-23,"Tuesday briefing: The online origins of ‘Boriswave’, the right’s favourite new phrase","Good morning. In a speech yesterday that would have been considered extreme just a few years ago, Nigel Farage said that a Reform government would not just abolish indefinite leave to remain for new migrants to the UK – but rescind the status of those who have already been granted it, and force them to apply for new visas. He said that the policy was necessary for one reason above all: “to wake everybody up to the Boriswave”. You might have noticed that term in the past few months: it has been used repeatedly in the mainstream media to describe the increase in inward migration from outside the EU after Brexit, when Boris Johnson was prime minister. What you may not know – what even some of those deploying it may not fully understand – is that “Boriswave” is not simply a pithy description of a sociological phenomenon but a term coined and popularised among the online far right, used in unapologetically racist terms to describe new arrivals to the UK, and then rapidly laundered into the mainstream. That is a reflection of the sharp rightward turn in British politics – but it is also the story of some of the submerged factors that brought us here. Today’s newsletter, with Dr Robert Topinka, an expert on reactionary digital politics at Birkbeck, University of London, explains how it happened. Here are the headlines. Five big stories UK news | Multiple charities have severed ties with Sarah, Duchess of York, after it emerged she had described the disgraced financier Jeffrey Epstein as a “supreme friend”. The charities included the Teenage Cancer Trust and the Children’s Literacy Charity. US news | Donald Trump announced that pregnant women should limit their use of acetaminophen, usually branded as Tylenol in the US or paracetamol elsewhere, which he claimed heightens the risk of autism in children when it is used by pregnant women, in an assertion hotly contested by scientists internationally and contradicted by studies. Egypt | The British-Egyptian human rights activis","Tuesday briefing: The online origins of ‘Boriswave’, the right’s favourite new phrase. Good morning. In a speech yesterday that would have been considered extreme just a few years ago, Nigel Farage said that a Reform government would not just abolish indefinite leave to remain for new migrants to the UK – but rescind the status of those who have already been granted it, and force them to apply for new visas. He said that the policy was necessary for one reason above all: “to wake everybody up to the Boriswave”. You might have noticed that term in the past few months: it has been used repeatedly in the mainstream media to describe the increase in inward migration from outside the EU after Brexit, when Boris Johnson was prime minister. What you may not know – what even some of those deploying it may not fully understand – is that “Boriswave” is not simply a pithy description of a sociological phenomenon but a term coined and popularised among the online far right, used in unapologetically racist terms to describe new arrivals to the UK, and then rapidly laundered into the ",World news,https://www.theguardian.com/world/2025/sep/23/first-edition-boriswave-online-origins,"""devil wears prada"""
politics/2025/sep/23/what-does-boriswave-mean-nigel-farage-reform-uk-immigration,2025-09-23,What does ‘Boriswave’ mean and what is its political significance?,"At a policy launch on Monday that would have been considered extreme just a few years ago, Nigel Farage said a Reform UK government would not just abolish indefinite leave to remain for those arriving in the UK, but rescind the status of those who had already been granted it, and force them to apply for new visas. He said the policy was necessary for one reason above all: “to wake everybody up to the Boriswave”. You might have noticed that term in the past few months: it has been used repeatedly in the mainstream media to describe the sharp increase in inward migration from outside the EU after Brexit, when Boris Johnson was prime minister. But “Boriswave” is not simply a pithy description of a sociological phenomenon but a term coined and popularised among the online far right. “There is an empirical reality that’s being referred to,” said Dr Robert Topinka, an expert on reactionary digital politics at Birkbeck, University of London. “But whether you’re aware of it or not, it commits you to a far-right framing that makes it very difficult to talk about in any other way.” Who are the ‘extremely online right’? You may remember a scene in The Devil Wears Prada where Meryl Streep’s terrifying magazine editor Miranda Priestly tells Anne Hathaway’s clueless assistant that she didn’t really choose her own blue top. After rehearsing the particular shade’s journey from an Oscar de la Renta collection to the department store, she concludes: “It’s sort of comical how you think that you’ve made a choice that exempts you from the fashion industry when, in fact, you’re wearing a sweater that was selected for you by the people in this room.” The originators of the “Boriswave” concept, and many others like it, are basically the Miranda Priestlys of contemporary rightwing politics. There are various overlapping designations: they were once known as the alt-right in an American context, and are now sometimes called the new right, or the “post-organisational far right”, but Topinka s","What does ‘Boriswave’ mean and what is its political significance?. At a policy launch on Monday that would have been considered extreme just a few years ago, Nigel Farage said a Reform UK government would not just abolish indefinite leave to remain for those arriving in the UK, but rescind the status of those who had already been granted it, and force them to apply for new visas. He said the policy was necessary for one reason above all: “to wake everybody up to the Boriswave”. You might have noticed that term in the past few months: it has been used repeatedly in the mainstream media to describe the sharp increase in inward migration from outside the EU after Brexit, when Boris Johnson was prime minister. But “Boriswave” is not simply a pithy description of a sociological phenomenon but a term coined and popularised among the online far right. “There is an empirical reality that’s being referred to,” said Dr Robert Topinka, an expert on reactionary digital politics at Birkbeck, University of London. “But whether you’re aware of it or not, it commits ",Politics,https://www.theguardian.com/politics/2025/sep/23/what-does-boriswave-mean-nigel-farage-reform-uk-immigration,"""devil wears prada"""
fashion/2025/sep/24/gentle-definition-at-fendi-in-collection-inspired-by-childrenswear,2025-09-24,Gentle definition at Fendi in collection inspired by childrenswear,"At Fendi, where Silvia Venturini Fendi is leading the house founded by her grandparents through its centenary year, family is as much part of the sales pitch as the Baguette bag. “I have been thinking about childrenswear, because I have a big family, and my daughter is pregnant with twins,” she said backstage. Two grandsons made a cameo appearance on the catwalk earlier this year while her 18-year-old granddaughter is her “fiercest critic”, the 64-year-old creative director says. (“When she calls after my show, I tremble.”) This season, Fendi adapted the adjustable elastics that feature in clothes made for growing bodies, making a feature of elegant grosgrain pull-tapes to add gentle definition at the hem of the jacket or the waist of a dress. The result was unexpectedly sophisticated. The casting, featuring men and women of all ages and sizes, was a triumphant showcase for how beautifully the shapes worked on different bodies. “I feel very proud, not just of what I’ve done but of all the talented people who have done it with me,” said Silvia Fendi backstage. “I could talk for days about all the things I’ve seen, in this life in fashion. I’m very happy.” When the British designer Kim Jones left the house last year, creative control came into her hands while the family celebrated the landmark 100th year, but a long-term plan has not been announced. Maria Grazia Chiuri is rumoured to be in the frame for a possible future role at Fendi, although her sticky departure from Dior, where she was recently replaced as creative director by Jonathan Anderson, may complicate negotiations with LVMH, the luxury giant behind Dior and Fendi. For now, Fendi remains in birthday-party mode, with an opening night for Palazzo Fendi Milano, a splashy new flagship store in the centre of Milan, after the show. Fendi’s century of stability stands out in a month of fashion shows packed with designer debuts. The luxury industry faces a steepening slowdown, and brands are banking on new faces a","Gentle definition at Fendi in collection inspired by childrenswear. At Fendi, where Silvia Venturini Fendi is leading the house founded by her grandparents through its centenary year, family is as much part of the sales pitch as the Baguette bag. “I have been thinking about childrenswear, because I have a big family, and my daughter is pregnant with twins,” she said backstage. Two grandsons made a cameo appearance on the catwalk earlier this year while her 18-year-old granddaughter is her “fiercest critic”, the 64-year-old creative director says. (“When she calls after my show, I tremble.”) This season, Fendi adapted the adjustable elastics that feature in clothes made for growing bodies, making a feature of elegant grosgrain pull-tapes to add gentle definition at the hem of the jacket or the waist of a dress. The result was unexpectedly sophisticated. The casting, featuring men and women of all ages and sizes, was a triumphant showcase for how beautifully the shapes worked on different bodies. “I feel very proud, not just of what I’ve done but of all ",Fashion,https://www.theguardian.com/fashion/2025/sep/24/gentle-definition-at-fendi-in-collection-inspired-by-childrenswear,"""LVMH"" AND ""fashion"""
fashion/2025/sep/25/prada-glamour-utilitarian-collection-uniform-milan-fashion-week,2025-09-25,Prada injects glamour into its collection inspired by uniform,"With wars raging around the world, crackdowns at the US’s borders and military pomp in Beijing, uniform is everywhere – and not in a good way. It is, perhaps, not the obvious choice for a fun fashion trend. But Miuccia Prada has always loved uniform, and she refuses to cede her favourite fashion territory to the dark side. “I am always trying to build a new kind of elegance,” she said after the Prada show in Milan, a collaboration with her co-designer Raf Simons. “In a uniform you are protected, you are neutral, it allows you to think.” For women, uniforms offer “authority and agency”, she said. “A woman can feel amazing and chic and luxurious in a uniform, just as much as in a dress.” The show began with a boxy short sleeve shirt with buttoned pockets – the kind that usually comes with insignia or name badges, instead of Prada’s triangle logo. There were V-neck sweaters, and trousers with ironed-in pleats. But there was a frivolous side to the collection too. The utilitarian was spiked with splashes of glamour: a taffeta puffball skirt worn under a rainmac, satin opera gloves to liven up those sensible shirts. “My dad was a nightwatchman, and I always saw him in uniform,” Simons said backstage. “He was the sweetest man, a caring family man. So for me, uniform has a nice feeling, it is not about war, or the army. The world is so hardcore now, but there is still so much beauty. We have to find a way through.” Perhaps in a sign of our diametrically opposed appetite for escapism, the 18th century is also very hot right now. After pannier-hipped skirts inspired by Marie Antoinette were the curveball trend of London fashion week, Max Mara looked to an earlier Versailles style icon, Madame de Pompadour, and the paintings of Fragonard and Gainsborough, for inspiration. Max Mara makes clothes for professional women who have risen high enough on the career ladder to afford them. Madame de Pompadour is a more appropriate Max Mara muse than Marie Antoinette, designer Ian Griff","Prada injects glamour into its collection inspired by uniform. With wars raging around the world, crackdowns at the US’s borders and military pomp in Beijing, uniform is everywhere – and not in a good way. It is, perhaps, not the obvious choice for a fun fashion trend. But Miuccia Prada has always loved uniform, and she refuses to cede her favourite fashion territory to the dark side. “I am always trying to build a new kind of elegance,” she said after the Prada show in Milan, a collaboration with her co-designer Raf Simons. “In a uniform you are protected, you are neutral, it allows you to think.” For women, uniforms offer “authority and agency”, she said. “A woman can feel amazing and chic and luxurious in a uniform, just as much as in a dress.” The show began with a boxy short sleeve shirt with buttoned pockets – the kind that usually comes with insignia or name badges, instead of Prada’s triangle logo. There were V-neck sweaters, and trousers with ironed-in pleats. But there was a frivolous side to the collection too. The utilitarian was spike",Fashion,https://www.theguardian.com/fashion/2025/sep/25/prada-glamour-utilitarian-collection-uniform-milan-fashion-week,"""prada"" AND (""luxury"" OR ""fashion"" OR ""stock"")"
fashion/2025/sep/29/giorgio-armanis-final-show-a-catwalk-memorial-choreographed-by-himself,2025-09-29,Giorgio Armani’s final show: a catwalk memorial choreographed by himself,"In a fitting twist of fate the legendarily strong-willed Giorgio Armani, who towered over Milanese fashion for half a century and controlled every stitch of his empire right up until his death, got to choreograph his catwalk memorial himself. Armani spent his final months planning a celebration of 50 years of his brand with a show in the romantic cloistered courtyard of the Pinacoteca di Brera gallery in central Milan, where an exhibition dedicated to Armani has just opened. “Save the Date” notices for the night of 28 September had gone out before his death earlier this month. The anniversary became an arrivederci. Armani’s extravaganza went ahead, sadder but also grander and more spectacular than he had intended. Invitations had issued a black tie dress code, along with a T-shirt with a black and white portrait of a young Armani. Several guests wore the T-shirt under a tuxedo. In the front row Lauren Hutton, in a white suit, sat alongside Cate Blanchett and a snowy haired Richard Gere, whose Armani-clad turn in the 1980 film American Gigolo made stars of both actor and designer. “I had to be here for him,” said the designer Paul Smith. “He was a brilliant man, but also down to earth like me. The first time I met him, he was sweeping the street outside his store. If you think about it, he was probably the first person to wear a T-shirt under a suit. Now everybody does that.” After a week of torrential rain the skies were blue above a pearlescent catwalk in the lantern-filled courtyard. The last collection Armani worked on was, appropriately enough, an unusually personal and sentimental affair. The clothes were a love letter to two of Armani’s favourite places: the historic Brera district of the city where he lived and worked and the island of Pantelleria, where he had a holiday home. There was the signature softly assertive tailoring, in a double-breasted jacket with balloon trousers, easy dresses in the piercing blue of the Mediterranean sea in featherlight organza","Giorgio Armani’s final show: a catwalk memorial choreographed by himself. In a fitting twist of fate the legendarily strong-willed Giorgio Armani, who towered over Milanese fashion for half a century and controlled every stitch of his empire right up until his death, got to choreograph his catwalk memorial himself. Armani spent his final months planning a celebration of 50 years of his brand with a show in the romantic cloistered courtyard of the Pinacoteca di Brera gallery in central Milan, where an exhibition dedicated to Armani has just opened. “Save the Date” notices for the night of 28 September had gone out before his death earlier this month. The anniversary became an arrivederci. Armani’s extravaganza went ahead, sadder but also grander and more spectacular than he had intended. Invitations had issued a black tie dress code, along with a T-shirt with a black and white portrait of a young Armani. Several guests wore the T-shirt under a tuxedo. In the front row Lauren Hutton, in a white suit, sat alongside Cate Blanchett and a snowy haired Richard Gere",Fashion,https://www.theguardian.com/fashion/2025/sep/29/giorgio-armanis-final-show-a-catwalk-memorial-choreographed-by-himself,"""LVMH"" AND ""fashion"""
fashion/2025/oct/01/stella-mccartney-pioneers-plant-based-fashion-feathers-fevvers,2025-10-01,No plucking way: Stella McCartney pioneers plant-based fashion feathers,"Stella McCartney is trying to save the world, one feather at a time. Or rather one “fevver”, a new plant-based product that has the look of a feather without the bird, which made its first ever appearance at the designer’s spring/summer show in Paris. “It’s weird to me that feathers being plucked from a bird are seen as delicate in fashion,” said McCartney backstage at the Centre Pompidou in Paris. “I’m trying to show that you can still have the theatre of fashion without the animal compromise.” Made from a plant-based material and naturally dyed, fevvers appeared in the final three looks of her collection including a sweeping off-centre lilac dress worn by the model, Alex Consani, who closed the show. The collection was called Come Together, and began with a thespian reading of the Beatles song by Helen Mirren in the centre’s main hall. Backstage, wearing a grey Stella suit, Mirren described the collection as “utterly gorgeous, particularly the gowns”. McCartney said that “growing up, [Come Together] was always John’s song” but she chose it on Tuesday night, “because there are so many double entendres – I love the slutty sex of the lyrics – but also the idea of the Stella man and the Stella woman coming together”. On the catwalk, that binary played out in a fairly prescriptive manner with big suits and high hemlines. But in reality, the clothes had mass, wearable appeal. Standouts included draped corseted gowns and micro-dresses in teal and beige fevvers “for her”. “For him” there were slouchy denim, outsized jackets sliced at the sides and swooshy wide-leg trousers, which have become a McCartney trademark. Next year, McCartney’s label turns 25 and in all that time she has never used leather, fur or skins. Last year she was able to buy back the minority stake held since 2019 by the biggest fashion conglomerate in the world, LVMH, in order to pursue her eco-crusade independently. Still, the brand has been operating with sizable losses and shrinking revenues, which s","No plucking way: Stella McCartney pioneers plant-based fashion feathers. Stella McCartney is trying to save the world, one feather at a time. Or rather one “fevver”, a new plant-based product that has the look of a feather without the bird, which made its first ever appearance at the designer’s spring/summer show in Paris. “It’s weird to me that feathers being plucked from a bird are seen as delicate in fashion,” said McCartney backstage at the Centre Pompidou in Paris. “I’m trying to show that you can still have the theatre of fashion without the animal compromise.” Made from a plant-based material and naturally dyed, fevvers appeared in the final three looks of her collection including a sweeping off-centre lilac dress worn by the model, Alex Consani, who closed the show. The collection was called Come Together, and began with a thespian reading of the Beatles song by Helen Mirren in the centre’s main hall. Backstage, wearing a grey Stella suit, Mirren described the collection as “utterly gorgeous, particularly the gowns”. McCartney said that “growing up,",Fashion,https://www.theguardian.com/fashion/2025/oct/01/stella-mccartney-pioneers-plant-based-fashion-feathers-fevvers,"""LVMH"" AND ""fashion"""
stage/2025/oct/01/the-best-theatre-to-stream-this-month-chris-o-dowd-conor-mcpherson-wicked,2025-10-01,The best theatre to stream this month: Chris O’Dowd rules the roost in Conor McPherson’s family saga,"The Brightening Air Almost 30 years after The Weir made him the toast of Theatreland, Conor McPherson is the talk of the town again. His consummate West End revival reaffirms that Irish pub drama’s allure, he has adapted The Hunger Games for an adventurous immersive staging in Canary Wharf and his blazing Bob Dylan musical recently returned to the Old Vic. McPherson’s sprawling and mystical farmhouse saga The Brightening Air, set in 1980s County Sligo in Ireland and starring Chris O’Dowd, comes to NT at Home on 14 October. Frankenstein “The idea of a creature made of shreds of other people – well, that’s all of us, isn’t it?” Mark Bruce teases out universal truths from Mary Shelley’s gothic melodrama with his striking dance-theatre version incorporating Greek myths. On Marquee TV. 6.58: Manifesto Dance Umbrella festival is back in venues across London, with a complementary digital programme of discussions and films including this one from Andrea Peña &amp; Artists. It asks “what it means to be human in a post-industrial, hyper-technological world”, with the help of dancers, a DJ and an opera singer. Creditors Forty years after The Jewel in the Crown, Charles Dance, Geraldine James and Nicholas Farrell reunite at Richmond’s intimate Orange Tree theatre for August Strindberg’s three-hander about art and artifice. Available 14-17 October. The Wild Duck Last year, Alan Lucien Øyen staged The Wild Duck at London’s Coronet but the director is also a leading figure in Norwegian dance and he choreographed this version of Ibsen’s family drama at Oslo Opera House. The Norwegian National Ballet production is on Marquee TV. Wicked If your kids are counting the days until the second Wicked movie, a new card of songs from the first film – to be used on the colourful audio player Yoto, designed for little listeners – will help them catch up with the story so far. Feû A childhood memory of being caught amid a swarm of dragonflies in Morocco inspired this entrancing, restless piece ","The best theatre to stream this month: Chris O’Dowd rules the roost in Conor McPherson’s family saga. The Brightening Air Almost 30 years after The Weir made him the toast of Theatreland, Conor McPherson is the talk of the town again. His consummate West End revival reaffirms that Irish pub drama’s allure, he has adapted The Hunger Games for an adventurous immersive staging in Canary Wharf and his blazing Bob Dylan musical recently returned to the Old Vic. McPherson’s sprawling and mystical farmhouse saga The Brightening Air, set in 1980s County Sligo in Ireland and starring Chris O’Dowd, comes to NT at Home on 14 October. Frankenstein “The idea of a creature made of shreds of other people – well, that’s all of us, isn’t it?” Mark Bruce teases out universal truths from Mary Shelley’s gothic melodrama with his striking dance-theatre version incorporating Greek myths. On Marquee TV. 6.58: Manifesto Dance Umbrella festival is back in venues across London, with a complementary digital programme of discussions and films including this one from Andrea Peña &amp; Artists. It asks “what it mea",Stage,https://www.theguardian.com/stage/2025/oct/01/the-best-theatre-to-stream-this-month-chris-o-dowd-conor-mcpherson-wicked,"""devil wears prada"""
tv-and-radio/live/2025/oct/04/strictly-come-dancing-week-two-live,2025-10-05,Strictly Come Dancing: week two results – as it happened,"Thanks for watching along with me, fleckerl fans. Our 14 surviving pro-celebrity pairs now progress to the annual feast of fancy dress that is Movie Week – with guest mentor Cynthia Erivo from off of Wicked joining the filmic fun. The third live show airs at next Saturday at 6.05pm on BBC1. Meet you back here to whoop at the trailers and weep at the endings. In the meantime, you know the drill by now: keeeeeeep dancing! Nighty night. If you’ll indulge me for a moment, just a quick plug for your loyal liveblogger’s debut novel: a canine-themed cosy crime affair called The Dogwalkers’ Detective Agency. It’s published on Thursday 9th October by Penguin Michael Joseph, or available for preorder now. There’s £1 off the RRP via the Guardian bookshop. Any sparkly support gratefully received. This advertisement feature now ends and normal service resumes. Let’s never speak of this again. Bosh? wtrukus says of Thomas Skinner: “It’s rare that ‘too much tongue’ is a comment on a dance. And it was improved from last night.” Finally, Mike Moonlight says: “I’ve got some spare ‘Make Amy Great Again’ red baseball hats if anybody wants one...” paperview says: “Now that he’s failed Reform in a public vote, will Thomas go off and set up his own independent dance competition?” MikeMoonlight says: “BOSH! JD Vance, Lee Anderson, Nadine Dorries, Richard Littlejohn, Jim Davidson, Right Said Fred, can you hear me? Your boy took one hell of a beating.” ReclinedPotato adds: “This leaves Amy wide open for a spot on the Christmas Strictly, so not all bad.” Gardener_Maidhc says: “Not sad to see Tom go. He was a terrible dancer and his casting was a massive clanger from Strictly. The tonal mismatch between his public persona and views and what Strictly has come to stand for and promotes as its ideals was never going to work. Glad he went and the show can begin in earnest now.” YodaKnowsAll says: “Amy deserved a better dancer. She is class inside and out.” shazza2704 adds: “In the spirit of Movie ","Strictly Come Dancing: week two results – as it happened. Thanks for watching along with me, fleckerl fans. Our 14 surviving pro-celebrity pairs now progress to the annual feast of fancy dress that is Movie Week – with guest mentor Cynthia Erivo from off of Wicked joining the filmic fun. The third live show airs at next Saturday at 6.05pm on BBC1. Meet you back here to whoop at the trailers and weep at the endings. In the meantime, you know the drill by now: keeeeeeep dancing! Nighty night. If you’ll indulge me for a moment, just a quick plug for your loyal liveblogger’s debut novel: a canine-themed cosy crime affair called The Dogwalkers’ Detective Agency. It’s published on Thursday 9th October by Penguin Michael Joseph, or available for preorder now. There’s £1 off the RRP via the Guardian bookshop. Any sparkly support gratefully received. This advertisement feature now ends and normal service resumes. Let’s never speak of this again. Bosh? wtrukus says of Thomas Skinner: “It’s rare that ‘too much tongue’ is a comment on a dance. And it was",Television & radio,https://www.theguardian.com/tv-and-radio/live/2025/oct/04/strictly-come-dancing-week-two-live,"""devil wears prada"""
artanddesign/2025/oct/07/epic-impossible-images-andreas-gursky,2025-10-07,"‘Photos don’t go bigger than mine’: the epic, impossible images of the great Andreas Gursky","Andreas Gursky started out shooting mostly black and white landscapes on a handheld camera, but in the 1990s he switched, taking the pictures that he has now become famous for. Out went analogue and in came epic panoramas that were digitally stitched together, capturing in intricate detail and colour stock exchanges, factories, Amazon warehouses, 99 cent stores, Olympic skiers and the crowd at a Madonna concert. “My works,” he recalls, “were selling for more and more.” In fact, his rising status in the art world was reflected in his photographs inside Prada and Gucci stores – the former was taken while he was waiting for his wife, who was shopping there. Then, in 2011, Gursky’s 1999 colour photograph Rhein II, a horizontal vista of the river flowing across flat fields near Dusseldorf, stunned auctioneers when it fetched $4.3m (£2.7m), almost double its estimate, making it the most expensive photograph ever sold. “How do you deal with a thing like that?” he says. Rhein II held that record until 2022, when it was overtaken by Man Ray’s surrealist masterpiece Le Violin d’Ingres, which went for $12.4 million. Gursky’s huge works are incredibly complex, often taking several years to complete. On average, he finishes three a year. He makes them by taking a series of pictures, sometimes at different locations, then suturing the parts he feels fit together into one single, impossible image. Given their ambition, their complexity and their scale, Gursky’s pictures have been likened to paintings. The scale is crucial: “They’re really done as big as I can,” he says. “You can’t get bigger technically.” People may not realise how much effort goes into making them – does that bother him? He shrugs. We are speaking via Zoom but a week later we meet at White Cube Mason’s Yard in London, where he is installing his new exhibition. There is an entourage of technicians and assistants buzzing around. Although the exhibition includes just 16 pieces, Gursky says: “I don’t think I’ve ever ","‘Photos don’t go bigger than mine’: the epic, impossible images of the great Andreas Gursky. Andreas Gursky started out shooting mostly black and white landscapes on a handheld camera, but in the 1990s he switched, taking the pictures that he has now become famous for. Out went analogue and in came epic panoramas that were digitally stitched together, capturing in intricate detail and colour stock exchanges, factories, Amazon warehouses, 99 cent stores, Olympic skiers and the crowd at a Madonna concert. “My works,” he recalls, “were selling for more and more.” In fact, his rising status in the art world was reflected in his photographs inside Prada and Gucci stores – the former was taken while he was waiting for his wife, who was shopping there. Then, in 2011, Gursky’s 1999 colour photograph Rhein II, a horizontal vista of the river flowing across flat fields near Dusseldorf, stunned auctioneers when it fetched $4.3m (£2.7m), almost double its estimate, making it the most expensive photograph ever sold. “How do you deal with a thing like that?” he says. Rhein II held that reco",Art and design,https://www.theguardian.com/artanddesign/2025/oct/07/epic-impossible-images-andreas-gursky,"""prada"" AND (""luxury"" OR ""fashion"" OR ""stock"")"
thefilter/2025/oct/10/mens-autumn-wardrobe-updates-uk,2025-10-10,50 men’s autumn wardrobe updates for under £150 (some are even free),"Autumn is the best season for fashion – so as a huge menswear enthusiast, it’s been a delight to pull together this list of 50 tips and tricks to help you dress better. I’ve included great affordable pieces (and some tips that don’t require any money at all), as well as accessories, shoes, styling ideas, nifty hacks and a few grooming products. I’d recommend sticking as close to the classics as possible. What’s “in” shifts a little from season to season, but there’s a knack to choosing pieces high on the fashion agenda that also have staying power for the next time autumn rolls around. I’m talking rugby jerseys, Chelsea boots, XL overcoats and dress watches – pieces that will make your wardrobe look current but are classic enough to stand the test of time. My rule of thumb with all new purchases: if you see something you like, consider how it will fit with the rest of your wardrobe. *** The best men’s wardrobe updates for autumn and winter 2025 *** Indigo denim Indigo jeans really come into their own in the shoulder season. Not only do they go best with autumnal colours (burgundy, forest green, burnt orange), but they’re usually made of a heavy, rigid denim that feels tough enough to deal with the worst of the weather. The high street always has a strong selection of indigo denim, so there’s no need to spend a fortune on a quality pair. The best place to start is Marks &amp; Spencer, which has seriously upped its menswear game this year. If you want to dial up the fashion stakes, follow the lead of Jeremy Allen White and get a matching jacket. Relaxed straight-fit jeans £35 at M&amp;S For more, read the Filter’s guide to the best men’s jeans for every occasion *** Save with high-street cashmere If there’s one thing I’d recommend for every winter wardrobe, it’s a cashmere jumper. It’s warm, but also naturally breathable, so it regulates your temperature. This means stepping off a hot bus or tube on to a cold street won’t cause you to start pouring with sweat. Special","50 men’s autumn wardrobe updates for under £150 (some are even free). Autumn is the best season for fashion – so as a huge menswear enthusiast, it’s been a delight to pull together this list of 50 tips and tricks to help you dress better. I’ve included great affordable pieces (and some tips that don’t require any money at all), as well as accessories, shoes, styling ideas, nifty hacks and a few grooming products. I’d recommend sticking as close to the classics as possible. What’s “in” shifts a little from season to season, but there’s a knack to choosing pieces high on the fashion agenda that also have staying power for the next time autumn rolls around. I’m talking rugby jerseys, Chelsea boots, XL overcoats and dress watches – pieces that will make your wardrobe look current but are classic enough to stand the test of time. My rule of thumb with all new purchases: if you see something you like, consider how it will fit with the rest of your wardrobe. *** The best men’s wardrobe updates for autumn and winter 2025 *** Indigo denim Indigo jeans really come",The Filter,https://www.theguardian.com/thefilter/2025/oct/10/mens-autumn-wardrobe-updates-uk,"""prada"" AND (""luxury"" OR ""fashion"" OR ""stock"")"
tv-and-radio/live/2025/oct/11/strictly-come-dancing-week-three-live,2025-10-12,Strictly Come Dancing: week three results – as it happened,"Thanks for watching along with me, glitterball gang. Our 13 surviving pro-celebrity pairs – assuming Stefan Dennis is back from the sick bay – now progress to next Saturday’s mercifully un-themed live show. It airs at next Saturday at 6.30pm on BBC1. Meet you back here to rate the fundamentals and slate the fluffed footwork. In the meantime, you already know the deal: keeeeep dancing! Goodnight. Finally, fihema says: “Vito is such an amazing teacher. I know his father is a dance teacher, so perhaps he’s learnt from his family, but whoever is behind his instincts can be incredibly proud. I mean, they’re inevitably proud of him as a dancer, but his teaching ability goes above and beyond. Faces on the feet. Brilliant. What a guy.” Shazza2704 says: “Balvinder is brilliant. She will be safe but I can’t believe she is in the dance-off. She is just so beautiful and elegant.” emilyscatnaps adds: “Right. Balvinder and Jules will be getting some serious vote action next week from me. The nonsense of them being in the dance off is Not Acceptable. Humph.” girlpanic says: “I don’t know what Bruce and Len would have said about that Minecraft dance but I feel they may be spinning in their graves. Let’s never speak of this again.” SnailyWhaley says: “Well, I hope this appeals to someone because that someone isn’t me.” Strictlylounging says: “WTAF is happening in this pro dance? Has someone spiked my low-alcohol lady petrol?!” Pengolina123 adds: “Only Jojo can make wearing a cardboard box on your head look chic.” TheMathDiva says: “I think Ross has been set up to fail, just like Marianne says in her email.” AmorAmor says: “I’m deaf and even I could hear Jowita shouting at Ross there.” Gardener_Maidhc says: “This is still a dreadful dance in dreadful costumes that makes no sense. Thunderbirds Are Go-ing Home.” Lidoswimmer adds: “Ross calling Jowita his carer seems harsh. But possibly fair.” wtrukus says: “I’ve decided I was too harsh in my criticism of Cynthia Erivo last night. She’s","Strictly Come Dancing: week three results – as it happened. Thanks for watching along with me, glitterball gang. Our 13 surviving pro-celebrity pairs – assuming Stefan Dennis is back from the sick bay – now progress to next Saturday’s mercifully un-themed live show. It airs at next Saturday at 6.30pm on BBC1. Meet you back here to rate the fundamentals and slate the fluffed footwork. In the meantime, you already know the deal: keeeeep dancing! Goodnight. Finally, fihema says: “Vito is such an amazing teacher. I know his father is a dance teacher, so perhaps he’s learnt from his family, but whoever is behind his instincts can be incredibly proud. I mean, they’re inevitably proud of him as a dancer, but his teaching ability goes above and beyond. Faces on the feet. Brilliant. What a guy.” Shazza2704 says: “Balvinder is brilliant. She will be safe but I can’t believe she is in the dance-off. She is just so beautiful and elegant.” emilyscatnaps adds: “Right. Balvinder and Jules will be getting some serious vote action next week from me. The nonsens",Television & radio,https://www.theguardian.com/tv-and-radio/live/2025/oct/11/strictly-come-dancing-week-three-live,"""devil wears prada"""
fashion/2025/oct/14/how-to-dress-for-the-office-what-to-wear-spring-australia-fashion,2025-10-13,‘Polished but easy’: how to dress for the office this spring,"A few weeks ago, standing in line at a bakery in inner Sydney, the woman in front of me was wearing such a perfect spring office outfit, I took note. A calf-length black dress with cap sleeves and a cowl neck, made in dense wool. It was architectural, twisted at the waist; fitted without being skintight, and its seams revealed it was cut on the bias. She had accessorised it with an oversized black tote and black ballet flats. We walked out at the same time, so I took the opportunity to compliment her and ask where the dress was from: “Comme des Garçons,” she replied. In the spirit of abandoning heavy coats and covered-up-everything, like no other time of year, spring invites us to play with our outfits. A few weeks ago, during Milan fashion week, Prada sent barely-staying-on pinafores, softly pleated asymmetric pencil skirts and navel-grazing V-neck jumpers down the runway. The late Giorgio Armani’s final show was an ode to layers of soft tailoring: cowl necks under blazers, high-waist pleat-front pants and button-up vests. This spring, the theme is office-wear – but make it cute. Nicholas Cox, founder and director of recruitment agency The People Place, says: “People have lifted their game as offices have filled again.” In an update to the perennial smart-casual office directive, he now advises clients to look “polished but easy”. A good rule of thumb is: “If you would not wear it to a client meeting, skip it.” Some other rules he suggests office workers abide by: “No gym gear. No thongs [flip-flops]. Skip shorts or tiny skirts unless you know it is fine. Avoid see-through fabrics, loud logos and heavy fragrance.” While the death of the office siren – with her pencil skirts and blow waves – may have been decreed by gen Z, tailoring has not yet been abandoned completely. Smart jackets and blazers now feel “lived-in”, says Annie Carroll, co-founder of style newsletter Homeroom. The fit is more relaxed and the materials are textured with a fleck, a faint pinstripe or ","‘Polished but easy’: how to dress for the office this spring. A few weeks ago, standing in line at a bakery in inner Sydney, the woman in front of me was wearing such a perfect spring office outfit, I took note. A calf-length black dress with cap sleeves and a cowl neck, made in dense wool. It was architectural, twisted at the waist; fitted without being skintight, and its seams revealed it was cut on the bias. She had accessorised it with an oversized black tote and black ballet flats. We walked out at the same time, so I took the opportunity to compliment her and ask where the dress was from: “Comme des Garçons,” she replied. In the spirit of abandoning heavy coats and covered-up-everything, like no other time of year, spring invites us to play with our outfits. A few weeks ago, during Milan fashion week, Prada sent barely-staying-on pinafores, softly pleated asymmetric pencil skirts and navel-grazing V-neck jumpers down the runway. The late Giorgio Armani’s final show was an ode to layers of soft tailoring: cowl necks under blazers, high-waist",Fashion,https://www.theguardian.com/fashion/2025/oct/14/how-to-dress-for-the-office-what-to-wear-spring-australia-fashion,"""prada"" AND (""luxury"" OR ""fashion"" OR ""stock"")"
artanddesign/2025/oct/17/a-fashion-and-art-moment-how-mediums-mix-at-frieze-art-fair,2025-10-17,‘A fashion and art moment’: how mediums mix at Frieze art fair,"“When you are at the art fair, you push the fashion to be bold and experiment – no black allowed,” says Belma Gaudio, at the opening of Frieze art fair in London. Gaudio is the founder of fashion boutique Koibird and an art collector, and carries a bright green Hermès bag, and her own knitted co-ords with pictures of insects to make her point. Fashion and art are familiar bedfellows but the relevance of fashion at Frieze, where more than 300 galleries and artists ranging from Lauren Halsey to Gilbert &amp; George display works, has grown over the last decade. Crucially, unlike fashion week where an invite is essential, anyone can go along to Frieze – if they pay about £60 for a ticket. This “real people” factor is catnip for fashion street style. At the fair this October, the crowd mixed neutrals with pops of colour. The art crowd are often well-heeled, so the signs of the super-rich – Birkin bags, discreet cosmetic surgery and even fur coats – were in evidence, alongside a stylish, creative crowd. Attention-grabbing outfits mixed with fashion-literate but more low-key looks. Charlene Prempeh, the founder of creative agency A Vibe Called Tech, is wearing all-black – but the sculptural shapes ensure her outfit fits in. “There’s very few occasions where you can get dressed up for a day event,” she says. “That’s what the fair facilitates.” Too many overt blue-chip symbols turn some of the crowd off. Osman Ahmed, a writer wearing a Prada skirt and Alaïa bag, says he tones his look down at Frieze: “When there’s so much wealth and status signifiers in the room, I don’t want to be associated with that.” Fashion brands, however, perhaps see an opportunity. Dunhill, Stone Island, Loewe and Nanushka are partners, meaning their branding will appear at the fair. Talking to the Financial Times, both Dunhill and department store Dover Street Market said they often saw increased footfall during Frieze week. “[It] is both a fashion and art moment,” says Gaudio. Koibird launched a c","‘A fashion and art moment’: how mediums mix at Frieze art fair. “When you are at the art fair, you push the fashion to be bold and experiment – no black allowed,” says Belma Gaudio, at the opening of Frieze art fair in London. Gaudio is the founder of fashion boutique Koibird and an art collector, and carries a bright green Hermès bag, and her own knitted co-ords with pictures of insects to make her point. Fashion and art are familiar bedfellows but the relevance of fashion at Frieze, where more than 300 galleries and artists ranging from Lauren Halsey to Gilbert &amp; George display works, has grown over the last decade. Crucially, unlike fashion week where an invite is essential, anyone can go along to Frieze – if they pay about £60 for a ticket. This “real people” factor is catnip for fashion street style. At the fair this October, the crowd mixed neutrals with pops of colour. The art crowd are often well-heeled, so the signs of the super-rich – Birkin bags, discreet cosmetic surgery and even fur coats – were in evidence, alongside a stylish, cr",Art and design,https://www.theguardian.com/artanddesign/2025/oct/17/a-fashion-and-art-moment-how-mediums-mix-at-frieze-art-fair,"""prada"" AND (""luxury"" OR ""fashion"" OR ""stock"")"
culture/2025/oct/18/champagne-celebs-and-artefacts-british-museum-hosts-first-lavish-pink-ball-fundraiser,2025-10-18,"Champagne, celebs and artefacts: British Museum hosts first lavish ‘pink ball’ fundraiser","There will be champagne, of course, and dancing, fine Indian food served alongside the Parthenon marbles and cocktails mixed in front of the Renaissance treasures of the Waddesdon bequest. And everywhere – from the lights illuminating the Greek revival architecture, to the carpet on which guests arrive, to the glamorous outfits they are requested to wear – a very particular shade of pink. When the British Museum throws open its doors on Saturday evening for its first “pink ball”, it will not only be hosting an enormous and lavish party, but also inaugurating what its director, Nicholas Cullinan, has called a “flagship national event” that he hopes will become as important to his institution’s finances as it will to the London elite’s social calendar. Eight hundred invited guests have each paid £2,000 to party alongside some of the world’s most sensational artefacts and a roll call of bigwigs from the worlds of fashion, art and culture: Naomi Campbell and Alexa Chung, Miuccia Prada and Manolo Blahnik, Sir Steve McQueen and Sir Grayson Perry and Dame Kristin Scott Thomas. As well as glitz, however, there will be brass. The event is co-chaired by Isha Ambani, a multi-hyphenate Indian “businesswoman, philanthropist and arts patron”, who also happens to be the daughter of Asia’s richest man. Mukesh Ambani’s energy and petrochemicals conglomerate, Reliance Industries, sponsored the museum’s current (pink-hued) exhibition on Ancient India. Ambani and Cullinan, a celebrated networker, have mined their contacts books: also listed as “committee members” for the event are Kumar Mangalam Birla, the billionaire chair of the Indian manufacturing conglomerate Aditya Birla Group, Rajeeb Samdani, a Bangladeshi industrialist and art collector, and the “lifestyle entrepreneur” Eiesha Bharti Pasricha, the daughter of the Indian billionaire industrialist Sunil Bharti Mittal. It is they, alongside a long list of other business people, arts patrons and investors, who organisers hope will ","Champagne, celebs and artefacts: British Museum hosts first lavish ‘pink ball’ fundraiser. There will be champagne, of course, and dancing, fine Indian food served alongside the Parthenon marbles and cocktails mixed in front of the Renaissance treasures of the Waddesdon bequest. And everywhere – from the lights illuminating the Greek revival architecture, to the carpet on which guests arrive, to the glamorous outfits they are requested to wear – a very particular shade of pink. When the British Museum throws open its doors on Saturday evening for its first “pink ball”, it will not only be hosting an enormous and lavish party, but also inaugurating what its director, Nicholas Cullinan, has called a “flagship national event” that he hopes will become as important to his institution’s finances as it will to the London elite’s social calendar. Eight hundred invited guests have each paid £2,000 to party alongside some of the world’s most sensational artefacts and a roll call of bigwigs from the worlds of fashion, art and culture: Naomi Campbell and Alexa Chung, Miuccia Prada and ",Culture,https://www.theguardian.com/culture/2025/oct/18/champagne-celebs-and-artefacts-british-museum-hosts-first-lavish-pink-ball-fundraiser,"""prada"" AND (""luxury"" OR ""fashion"" OR ""stock"")"
business/2025/oct/20/gucci-kering-beauty-division-loreal-luca-de-meo,2025-10-20,Gucci owner Kering to sell beauty division to L’Oréal for €4bn,"The Gucci owner, Kering, is selling its beauty division to L’Oréal for €4bn (£3.5bn), as its new chief executive, Luca de Meo, seeks to turn around the French luxury company. The deal will give the French beauty group L’Oréal Kering’s fragrance line Creed, which was founded in 1760. The deal also includes rights to develop fragrance and beauty products under Kering’s fashion labels Gucci, Bottega Veneta and Balenciaga under a 50-year exclusive licence. In a significant shift in strategy, de Meo is trying to reduce Kering’s debt burden and refocus on its core fashion business. The new 50-year deal with L’Oréal will start once Kering’s current deal with Coty for Gucci fragrances expires in 2028. The sale will help reduce Kering’s net debt, which totalled €9.5bn at the end of June, on top of €6bn of long-term lease liabilities, easing concerns among investors. It is de Meo’s first big move since he took the helm less than two months ago, as he pivots away from the strategy of his predecessor François-Henri Pinault, whose family controls the group. Kering set up its beauty business in 2023 after acquiring the perfume maker Creed for €3.5bn to reduce its reliance on its Gucci brand, which makes up most of its profits. But the luxury group has struggled to ramp up the business, posting a €60m operating loss for the first half of the year. The company has also been battling declining growth at its largest brand, Gucci, as demand from the key Chinese market has slowed sharply in recent years. Gucci’s revenues fell by 25% in the latest quarter. The Italian fashion house underwent a shake-up under new management and creative director, Sabato de Sarno, but he was abruptly let go just two weeks before Milan fashion week in February. He has been replaced by Demna, who left his post at Balenciaga in the summer and last month presented his first Gucci collection, ditching the traditional catwalk format for a film by Spike Jonze. Analysts at Jefferies estimate the beauty division’s","Gucci owner Kering to sell beauty division to L’Oréal for €4bn. The Gucci owner, Kering, is selling its beauty division to L’Oréal for €4bn (£3.5bn), as its new chief executive, Luca de Meo, seeks to turn around the French luxury company. The deal will give the French beauty group L’Oréal Kering’s fragrance line Creed, which was founded in 1760. The deal also includes rights to develop fragrance and beauty products under Kering’s fashion labels Gucci, Bottega Veneta and Balenciaga under a 50-year exclusive licence. In a significant shift in strategy, de Meo is trying to reduce Kering’s debt burden and refocus on its core fashion business. The new 50-year deal with L’Oréal will start once Kering’s current deal with Coty for Gucci fragrances expires in 2028. The sale will help reduce Kering’s net debt, which totalled €9.5bn at the end of June, on top of €6bn of long-term lease liabilities, easing concerns among investors. It is de Meo’s first big move since he took the helm less than two months ago, as he pivots away from the strategy of his predeces",Business,https://www.theguardian.com/business/2025/oct/20/gucci-kering-beauty-division-loreal-luca-de-meo,"""Kering"" AND ""fashion"""
fashion/2025/oct/22/grace-wales-bonner-profile-sambas-hermes-menswear,2025-10-22,Grace Wales Bonner: British designer behind rise of Sambas to lead Hermès menswear,"In 2019, the designer Grace Wales Bonner told an interviewer that it was a dream of hers “to work with a brand like Hermès”. Six years later, the 35-year-old Briton was named creative director of menswear for the French luxury company, becoming the first female black designer to lead a major fashion house. Wales Bonner will succeed the French designer Véronique Nichanian, 71, who has headed the men’s division for 37 years, and her debut collection will be shown in January 2027. Pierre-Alexis Dumas, the general artistic director of Hermès, said Wales Bonner’s “appetite and curiosity for artistic practice strongly resonate with Hermès’ creative mindset and approach”, adding: “We are at the start of an enriching mutual dialogue.” Wales Bonner founded her eponymous brand in 2014 straight after graduating from Central Saint Martins college of art in London. Known for menswear, she introduced a womenswear division in 2018 and is expected to continue to helm both alongside her new role. In fashion circles, her appointment at a storied house comes as no surprise; her name has been mentioned regularly as a frontrunner for previous top job openings, including at Givenchy and Louis Vuitton. Kenya Hunt, the editor-in-chief of Elle UK, said her appointment was “long overdue”, describing her label, “with its intelligent design and attention to craft, as a consistently bright spot in British fashion”. Outside the fashion industry, not everyone will be familiar with Wales Bonner’s name, but they will be aware of her designs. Her collaborations with Adidas Originals are the reason why Samba and Superstar sneakers are now worn by everyone from Rihanna to Rishi Sunak. Reworking and revitalising the styles since 2020, Wales Bonner has reimagined them in everything from silver foil to leopard print. Previous launches have sold out within hours, sell for triple the original prices on resale sites and continue to heavily influence dupe culture. In 2023, the search engine platform Lyst nam","Grace Wales Bonner: British designer behind rise of Sambas to lead Hermès menswear. In 2019, the designer Grace Wales Bonner told an interviewer that it was a dream of hers “to work with a brand like Hermès”. Six years later, the 35-year-old Briton was named creative director of menswear for the French luxury company, becoming the first female black designer to lead a major fashion house. Wales Bonner will succeed the French designer Véronique Nichanian, 71, who has headed the men’s division for 37 years, and her debut collection will be shown in January 2027. Pierre-Alexis Dumas, the general artistic director of Hermès, said Wales Bonner’s “appetite and curiosity for artistic practice strongly resonate with Hermès’ creative mindset and approach”, adding: “We are at the start of an enriching mutual dialogue.” Wales Bonner founded her eponymous brand in 2014 straight after graduating from Central Saint Martins college of art in London. Known for menswear, she introduced a womenswear division in 2018 and is expected to continue to helm both alongside her new role. In fa",Fashion,https://www.theguardian.com/fashion/2025/oct/22/grace-wales-bonner-profile-sambas-hermes-menswear,"""LVMH"" AND ""fashion"""
stage/2025/oct/24/west-end-casting-directors-raise-concerns-trend-big-stars,2025-10-24,What’s in a name? West End casting directors raise concerns about trend for big stars,"From Ncuti Gatwa in Born With Teeth to Alicia Vikander in The Lady From the Sea and Susan Sarandon in Mary Page Marlowe, there is no shortage of starry celebrities being cast for the West End right now. It is a phenomenon happening in subsidised theatre too: Indhu Rubasingham’s inaugural season at the National Theatre features the likes of screen favourites Paul Mescal and Nicola Coughlan. But over the last few years, the propensity to cast film and TV stars for the stage has become a point of contention in an industry still struggling from funding cuts and changing audience habits after the Covid pandemic. While some believe big names can help entice audiences and sell tickets, others say they stop risk-averse theatres from taking a chance on smaller productions with unknown casts. It was a debate freshly renewed this week when Nadine Rennie, a co-chair of the Casting Directors’ Guild, warned the trend was “killing” the industry, and mid-scale theatres would be the first to go – despite being where the household names of the future cut their teeth. Speaking at conference hosted by Spotlight at Rada, Rennie compared the proliferation of celebrity names on stages to “feeding a child too much sugar”. “It’s killing audiences’ intellects. I hear audience members say all the time: ‘I don’t know anybody who’s in this.’ Or they’re not excited about a new play by an emerging writer,” she said. Jill Green, a casting director for shows including The Devil Wears Prada, The Great Gatsby and War Horse, said many casting directors were increasingly being asked to cast big-name actors, with some theatres refusing to commit to booking a show until a recognised name was attached. “This does make it much harder for new writing and productions without headline names to secure a slot against star-led shows,” she said. “However, the real question is: what actually constitutes a ‘big name’ who can sell that many tickets? The pool of talent that genuinely moves the needle at the box offic","What’s in a name? West End casting directors raise concerns about trend for big stars. From Ncuti Gatwa in Born With Teeth to Alicia Vikander in The Lady From the Sea and Susan Sarandon in Mary Page Marlowe, there is no shortage of starry celebrities being cast for the West End right now. It is a phenomenon happening in subsidised theatre too: Indhu Rubasingham’s inaugural season at the National Theatre features the likes of screen favourites Paul Mescal and Nicola Coughlan. But over the last few years, the propensity to cast film and TV stars for the stage has become a point of contention in an industry still struggling from funding cuts and changing audience habits after the Covid pandemic. While some believe big names can help entice audiences and sell tickets, others say they stop risk-averse theatres from taking a chance on smaller productions with unknown casts. It was a debate freshly renewed this week when Nadine Rennie, a co-chair of the Casting Directors’ Guild, warned the trend was “killing” the industry, and mid-scale theatres would be the first to go – despi",Stage,https://www.theguardian.com/stage/2025/oct/24/west-end-casting-directors-raise-concerns-trend-big-stars,"""devil wears prada"""
fashion/2025/oct/31/from-streetwear-to-high-fashion-why-the-puffer-jacket-is-still-a-sign-of-the-times,2025-10-31,From streetwear to high fashion: why the puffer jacket is still a sign of the times,"If West End Girl, Lily Allen’s first album for seven years, which details the breakdown of her relationship has occupied the minds of music critics and marriage counsellors, fashion watchers have spotted something different. The puffer jacket Allen is wearing on the cover is not just a pop of colour in what may become an iconic album cover, it is also a sign of the times – underlining just how ubiquitous this jacket shape has become as winter arrives each year. Uniqlo says a £109 puffer jacket is a bestseller, and the streetwear brand Palace has released a puffer beanie. Puffer jackets can also be found in K Pop Demon Hunters – where dancer Mira wears a puffer homage to André Leon Talley’s famous “sleeping bag” coat to the Met Gala – and on Robert De Niro and Al Pacino in an advert for Moncler. They are on the red carpet, too – worn by Jeff Goldblum recently. If, two years ago, John Lewis attempted to call time on this decade’s love of the puffer – “we are moving away from the puffer to the smart coat”, its fashion director Queralt Ferrer told the Guardian – it remains a cold weather go-to. Allen’s puffer is depicted by the Spanish artist Nieves González. She regularly features the clothing item in her paintings, which use influences from 16th- and 17th-century portraiture updated to now. She says the puffer jacket works because it is “an intensely contemporary object. [When] placed within a compositional structure drawn from traditional painting, [it] creates that productive tension I’m interested in”. Prof Andrew Groves, the director of the Menswear Archive at Westminster University, recently hosted Expedition Club, an exhibition of puffers owned by Shigeru Kaneko, the chief buyer at Japanese department store Beams. He says the puffer “has always signalled protection and privilege”. Its beginnings date back to 1936 and Eddie Bauer’s Skyliner, which he designed after nearly dying from hypothermia. The puffer became a fashion item in the 1990s, when it was adopted b","From streetwear to high fashion: why the puffer jacket is still a sign of the times. If West End Girl, Lily Allen’s first album for seven years, which details the breakdown of her relationship has occupied the minds of music critics and marriage counsellors, fashion watchers have spotted something different. The puffer jacket Allen is wearing on the cover is not just a pop of colour in what may become an iconic album cover, it is also a sign of the times – underlining just how ubiquitous this jacket shape has become as winter arrives each year. Uniqlo says a £109 puffer jacket is a bestseller, and the streetwear brand Palace has released a puffer beanie. Puffer jackets can also be found in K Pop Demon Hunters – where dancer Mira wears a puffer homage to André Leon Talley’s famous “sleeping bag” coat to the Met Gala – and on Robert De Niro and Al Pacino in an advert for Moncler. They are on the red carpet, too – worn by Jeff Goldblum recently. If, two years ago, John Lewis attempted to call time on this decade’s love of the puffer – “we are moving away from the puffer t",Fashion,https://www.theguardian.com/fashion/2025/oct/31/from-streetwear-to-high-fashion-why-the-puffer-jacket-is-still-a-sign-of-the-times,"""prada"" AND (""luxury"" OR ""fashion"" OR ""stock"")"
books/2025/nov/01/margaret-atwood-interview-handmaids-tale-author-new-memoir,2025-11-01,"‘It is the scariest of times’: Margaret Atwood on defying Trump, banned books – and her score-settling memoir","Margaret Atwood is doing her grocery shopping in her local supermarket in Toronto, and it is taking longer than usual. This is not because The Handmaid’s Tale author turns 86 this month, but because she is checking the provenance of every item before it goes in her trolley: California satsumas out; Canada spuds in. Atwood is a passionate environmentalist, but at the moment she is more worried about boycotting anything that comes from over the border in the US than air miles. “Elbows up!” she declares, taking a furious stance in the fruit and veg aisle. Back in her kitchen she shows me a YouTube skit of Canadian prime minister Mark Carney and comedian Mike Myers in the national hockey kit to explain the significance of “Elbows up”, a growing gesture of Canadian resistance. “Oh, they’re angry. They’re furious,” she says of the reaction to President Trump’s proposed plans to make Canada the 51st state of America. “We’ve not got a very big army. If they wanted to invade they could do so. But I don’t think they would. Do they have any idea what it would be like to try to occupy a hostile Canada? It would not be a joke.” Trump would have to deal with Atwood, for starters. “I think they are worried I’m going to drop dead before the book is out,” she says of her publishers, wielding a large tray, laden with two coffee pots (one decaf), a plate of biscuits and a tin of muffins, down the stairs into her back garden, a late-summer wilderness, surrounded by maples, linden trees and silver birches. Her publishers are doing their best to stop her overexerting herself. It is an impossible task: just the week before my visit, Atwood made headlines by writing a short story in response to a proposed ban on books with “explicit sexual content” in Alberta. The plan was withdrawn. “The Albertans are an independent-minded bunch,” she says. She has recently been fitted with a pacemaker (hence the decaf) and is on medication that will make her turn blue if she goes in the sun. Last winter,","‘It is the scariest of times’: Margaret Atwood on defying Trump, banned books – and her score-settling memoir. Margaret Atwood is doing her grocery shopping in her local supermarket in Toronto, and it is taking longer than usual. This is not because The Handmaid’s Tale author turns 86 this month, but because she is checking the provenance of every item before it goes in her trolley: California satsumas out; Canada spuds in. Atwood is a passionate environmentalist, but at the moment she is more worried about boycotting anything that comes from over the border in the US than air miles. “Elbows up!” she declares, taking a furious stance in the fruit and veg aisle. Back in her kitchen she shows me a YouTube skit of Canadian prime minister Mark Carney and comedian Mike Myers in the national hockey kit to explain the significance of “Elbows up”, a growing gesture of Canadian resistance. “Oh, they’re angry. They’re furious,” she says of the reaction to President Trump’s proposed plans to make Canada the 51st state of America. “We’ve not got a very big army. If they wanted to invade they could do so. B",Books,https://www.theguardian.com/books/2025/nov/01/margaret-atwood-interview-handmaids-tale-author-new-memoir,"""devil wears prada"""
fashion/2025/nov/07/melanie-ward-obituary,2025-11-07,Melanie Ward obituary,"Not much challenged the orthodoxy of glamour in fashion and decor through the 1980s. Proliferating glossy magazines celebrated revived couture, promoted luxury goods and displayed them on perfect human specimens in ideal settings. They did not care for, or cater to, the young, poor or inventive. Youthful street daywear was not their business. But there was another magazine world – notably the Face and i-D – which had come out of music and pop culture. By the late 80s, freelancers for these, especially the stylist Melanie Ward, just out of college, were experimenting with emphatically different clothes and the ways to wear them, to create photographs that were more than an alternative to perfection. They proposed a realism that dominated the future presentation of fashion. Ward, who has died aged 64 of cancer, was the creative force behind the Face’s revolutionary “3rd Summer of Love” cover and sequence in July 1990. The then-current concept of a carefree beach pic was Peter Lindbergh’s shot of six tanned, strapping supermodels in sun and surf at Santa Monica, wearing big white shirts, mostly linen. (Think of the ironing, a task for a stylist.) Ward and the photographer Corinne Day took the recently discovered Kate Moss, aged 16, to scrubby Camber Sands on the English south coast, where they dressed Moss up in Ward’s choice mix of unironed clothes, which she recalled as “some mine, some vintage, customised, even some designer” plus unchic Birkenstock sandals and a feather head-dress. Moss contributed her grin and skin, occasionally goosebumped with chill. The resultant pictures were no less professional than a couture studio-shot for Vogue, but in showing a cheeky woman having a cheap good time in what seemed her own wardrobe, they were what we would now call relatable. Ward said her choices were “character-driven” – which is how movie costume designers work, rather than fashion editors then – and that they were about “a democratic freedom to express yourself, be dif","Melanie Ward obituary. Not much challenged the orthodoxy of glamour in fashion and decor through the 1980s. Proliferating glossy magazines celebrated revived couture, promoted luxury goods and displayed them on perfect human specimens in ideal settings. They did not care for, or cater to, the young, poor or inventive. Youthful street daywear was not their business. But there was another magazine world – notably the Face and i-D – which had come out of music and pop culture. By the late 80s, freelancers for these, especially the stylist Melanie Ward, just out of college, were experimenting with emphatically different clothes and the ways to wear them, to create photographs that were more than an alternative to perfection. They proposed a realism that dominated the future presentation of fashion. Ward, who has died aged 64 of cancer, was the creative force behind the Face’s revolutionary “3rd Summer of Love” cover and sequence in July 1990. The then-current concept of a carefree beach pic was Peter Lindbergh’s",Fashion,https://www.theguardian.com/fashion/2025/nov/07/melanie-ward-obituary,"""prada"" AND (""luxury"" OR ""fashion"" OR ""stock"")"
fashion/2025/nov/07/party-dressing-cocktail-t-shirt-cashmere-wool,2025-11-07,Party dressing’s most unexpected upgrade: the cocktail T-shirt,"When it comes to dressing for a party, a T-shirt is usually something you change out of rather than put on. But this party season, the casual tee is experiencing a metamorphosis. Enter: the cocktail T-shirt. Made of wool rather than cotton, it typically features a roomy rather than a clingy cut and sleeves that hit just above the elbow. Sometimes it comes with glistening embellishment around the neckline or it is plain, giving the wearer the option to add their own level of glitz with a sparkly necklace or brooch. “They have that sort of understated look that a T-shirt tends to give the wearer, but unlike the way a cotton T-shirt sort of unravels by midday, the knit has a more polished effect,” says Buffy Reid, the founder of the British knitwear brand &amp;Daughter. She describes the item as having “the same ease as a T-shirt but the elegance of a knit”. The cocktail T-shirt is an emerging category in evening knitwear. As a natural fibre, wool has thermodynamic properties, meaning it will keep you warm in cool weather and cool in hot conditions – a quality ideal for the festive season where one person’s central heating level is another person’s sauna. &amp;Daughter’s evening knitwear offerings include a slouchy cashmere T-shirt made from cashmere spun in Hawick in Scotland that comes in eight colours, including – a holiday ready red, and a bestselling pickle green lambswool iteration with slightly voluminous sleeves. Miuccia Prada, known as Mrs Prada in the fashion industry, is one of the main catalysts behind the humble T-shirt’s glow-up. She consistently wears a simple cashmere jumper with the sleeves pushed up and a gem-set necklace for her post-show bow. This season she and her co-designer, Raf Simons, toyed with the idea of femininity and beauty on the catwalk, declaring it “is not a time for decadence” as they unveiled knitted T-shirts featuring chains and pearls dangling from the neckline, worthy of Mrs Prada’s own wardrobe. While the Prada T-shirts sell for","Party dressing’s most unexpected upgrade: the cocktail T-shirt. When it comes to dressing for a party, a T-shirt is usually something you change out of rather than put on. But this party season, the casual tee is experiencing a metamorphosis. Enter: the cocktail T-shirt. Made of wool rather than cotton, it typically features a roomy rather than a clingy cut and sleeves that hit just above the elbow. Sometimes it comes with glistening embellishment around the neckline or it is plain, giving the wearer the option to add their own level of glitz with a sparkly necklace or brooch. “They have that sort of understated look that a T-shirt tends to give the wearer, but unlike the way a cotton T-shirt sort of unravels by midday, the knit has a more polished effect,” says Buffy Reid, the founder of the British knitwear brand &amp;Daughter. She describes the item as having “the same ease as a T-shirt but the elegance of a knit”. The cocktail T-shirt is an emerging category in evening knitwear. As a natural fibre, wool has thermodynamic properties, meaning it ",Fashion,https://www.theguardian.com/fashion/2025/nov/07/party-dressing-cocktail-t-shirt-cashmere-wool,"""prada"" AND (""luxury"" OR ""fashion"" OR ""stock"")"
us-news/2025/nov/09/ingrid-newkirk-peta-interview-animal-rights,2025-11-09,‘Too far? I don’t think we’ve gone far enough!’ The founder of Peta on gruesome stunts and her bloody fight for animal rights,"Ingrid Newkirk was 54 when she thought she was going to die in a plane crash. It was late summer and the founder of People for the Ethical Treatment of Animals (Peta) was flying from Minneapolis in the US to the company HQ in Norfolk, Virginia when her plane encountered strong wind shear. The pilot attempted an emergency landing, but failed; back up they went. On the third attempt, with “a teaspoon of fuel” in the tank, he finally got the plane down safely. During those moments, Newkirk, now 76, scribbled a will on a napkin. She has tweaked it over the years, but it still reads like a horror movie prop list: her liver is to be sent to France to be made into foie gras, her skin to Hermès to create a handbag and her lips to whichever US president is in power, to shame them for granting a “patronising” pardon to a turkey each Thanksgiving. As wills go, it’s straight out of the Peta playbook: an audacious stunt of the kind that has made them the world’s most well-known, successful and in some quarters reviled animal rights organisation. “I know I’ll never be made a dame,” Newkirk says, laughing. “I’m too controversial.” Forty-five years into Peta’s existence, she can claim to have won many battles. Animal testing is marginally down, with multinational companies having to at least pay lip service to ideas around animal cruelty and environmentalism. And according to YouGov, more than 25 million people worldwide have at least dipped a toe into veganism. Peta has certainly played some part in this, with its celebrity endorsements and theatrical stunts now par for the course in mainstream activism. If they didn’t invent direct action, they normalised it. But when it comes to fashion, in an era defined by waste in which our wardrobes are directly linked to global economic, humanitarian and climate crises, do we simply have more pressing concerns than whether or not to wear cashmere? In short: is Peta still relevant? * * * We meet in the Peta headquarters, a relatively humdrum","‘Too far? I don’t think we’ve gone far enough!’ The founder of Peta on gruesome stunts and her bloody fight for animal rights. Ingrid Newkirk was 54 when she thought she was going to die in a plane crash. It was late summer and the founder of People for the Ethical Treatment of Animals (Peta) was flying from Minneapolis in the US to the company HQ in Norfolk, Virginia when her plane encountered strong wind shear. The pilot attempted an emergency landing, but failed; back up they went. On the third attempt, with “a teaspoon of fuel” in the tank, he finally got the plane down safely. During those moments, Newkirk, now 76, scribbled a will on a napkin. She has tweaked it over the years, but it still reads like a horror movie prop list: her liver is to be sent to France to be made into foie gras, her skin to Hermès to create a handbag and her lips to whichever US president is in power, to shame them for granting a “patronising” pardon to a turkey each Thanksgiving. As wills go, it’s straight out of the Peta playbook: an audacious stunt of the kind that has made them the world’s most well-known, successful and in s",US news,https://www.theguardian.com/us-news/2025/nov/09/ingrid-newkirk-peta-interview-animal-rights,"""prada"" AND (""luxury"" OR ""fashion"" OR ""stock"")"
film/2025/nov/11/toy-story-5-teaser-trailer,2025-11-11,‘The age of toys is over’: first Toy Story 5 teaser trailer introduces a new tech foe,"The first trailer for Toy Story 5 has provided a brief glimpse at the highly anticipated animated sequel out next summer. The teaser introduces a new arrival and “all-new threat to playtime” with the tagline “the age of toys is over”. The latest character is a smart tablet called Lilypad, voiced by Past Lives and Tron: Ares star Greta Lee, bringing new tech to the old toys. Co-directors Andrew Stanton and McKenna Harris have promised a “playfully antagonistic tone”. Stanton’s credits as director include Finding Nemo and Wall-E, while the film will mark Harris’s directorial debut after having worked on Pixar projects in the past in other roles. “It’s been a hilarious and poignant journey exploring how our favorite team of legacy toys might respond to today’s world of technology, and we’re thrilled to share this first glimpse with audiences,” they said in a statement. Tom Hanks, Tim Allen and Joan Cusack are among the returning voice cast while Conan O’Brien will also join as a toilet training tech assistant called Smarty Pants. After the death of Carl Weathers last year, Ernie Hudson will also take over the role of Combat Carl. The fifth film was confirmed in early 2023, continuing on a franchise that has so far made $3.3bn worldwide. Toy Story 5 will be the first of the series to not involve John Lasseter, who left Pixar in 2018 after allegations of sexual misconduct. The release next summer comes after a disappointing year for Pixar with its most recent release, sci-fi adventure Elio, suffering the worst box office opening in the company’s history. That film was also plagued by reports of reshoots and the alleged removal of any queer themes. Toy Story 5 also follows on from spin-off attempt Lightyear, which was a box office disappointment in the summer of 2022, losing Disney a reported $106m. Toy Story 5 will be released next summer in a season that will also see the premieres of other sequels such as The Devil Wears Prada 2, Mortal Kombat II, Scary Movie 6, Minion","‘The age of toys is over’: first Toy Story 5 teaser trailer introduces a new tech foe. The first trailer for Toy Story 5 has provided a brief glimpse at the highly anticipated animated sequel out next summer. The teaser introduces a new arrival and “all-new threat to playtime” with the tagline “the age of toys is over”. The latest character is a smart tablet called Lilypad, voiced by Past Lives and Tron: Ares star Greta Lee, bringing new tech to the old toys. Co-directors Andrew Stanton and McKenna Harris have promised a “playfully antagonistic tone”. Stanton’s credits as director include Finding Nemo and Wall-E, while the film will mark Harris’s directorial debut after having worked on Pixar projects in the past in other roles. “It’s been a hilarious and poignant journey exploring how our favorite team of legacy toys might respond to today’s world of technology, and we’re thrilled to share this first glimpse with audiences,” they said in a statement. Tom Hanks, Tim Allen and Joan Cusack are among the returning voice cast while Conan O’Brien will also join as a toilet tr",Film,https://www.theguardian.com/film/2025/nov/11/toy-story-5-teaser-trailer,"""devil wears prada"""
lifeandstyle/2025/nov/11/the-perplexing-rise-of-protein-shakes-how-a-meaty-sludge-became-a-billion-dollar-industry,2025-11-11,The perplexing rise of protein shakes: how a ‘meaty sludge’ became a billion-dollar industry,"I always thought my first foray into Michelin-starred culinary territory would involve sitting in a fancy restaurant feasting on some perfectly seared scallops or a magnificent rack of lamb doused in a rich jus. Instead, I’m in a fitness studio – with Doja Cat blaring through the speakers – watching my “Michelin-starred” shake come together in a blender. Inside is a scoop of vanilla protein powder, the flesh of a guanabana (a tropical fruit with a spiky exterior that tastes like a cross between a mango and a banana) and some almond milk. Saffron foam is sprayed into a plastic cup and sprinkled with some blue spirulina before the pale protein mixture is poured on top. The resulting shake, which was developed by the Michelin-starred chef Miller Prada for Hermosa, a luxury protein powder brand sold in Barry’s, a chain of fitness studios, is like a drinkable lava lamp, with white, blue and yellow swirling softly in the cup. According to Erika Tamayo, the founder of Hermosa, it has only one comparison. “Everyone says that it looks like Vincent van Gogh’s Starry Night,” she says. Before I’m allowed to taste it, she spritzes a coffee-scented liquid on the lid and then tells me how to drink it to get the “full Michelin experience”. Place the straw about midway in the cup and suck (it should taste like an ice-cream), before shoving it down full-throttle to get a hit of the “mood-enhancing” saffron. So, pomp aside, how does it taste? Pretty good. The texture is smooth and creamy (unlike the many gravel-textured protein shakes I’ve downed before) and the guanabana provides a subtle sweetness. Would I get it again? Maybe. The main thing holding me back is the hefty £11 price tag – though this seems to be the going rate for a fancy shake. “We made this shake as a statement. People are now understanding that health is luxury, and everyone is investing in it,” says Tamayo. She is not the only one creating “statement” protein shakes in the UK. Elevate, which calls itself a “nutriti","The perplexing rise of protein shakes: how a ‘meaty sludge’ became a billion-dollar industry. I always thought my first foray into Michelin-starred culinary territory would involve sitting in a fancy restaurant feasting on some perfectly seared scallops or a magnificent rack of lamb doused in a rich jus. Instead, I’m in a fitness studio – with Doja Cat blaring through the speakers – watching my “Michelin-starred” shake come together in a blender. Inside is a scoop of vanilla protein powder, the flesh of a guanabana (a tropical fruit with a spiky exterior that tastes like a cross between a mango and a banana) and some almond milk. Saffron foam is sprayed into a plastic cup and sprinkled with some blue spirulina before the pale protein mixture is poured on top. The resulting shake, which was developed by the Michelin-starred chef Miller Prada for Hermosa, a luxury protein powder brand sold in Barry’s, a chain of fitness studios, is like a drinkable lava lamp, with white, blue and yellow swirling softly in the cup. According to Erika Tamayo, the founder of Hermosa, it has only one",Life and style,https://www.theguardian.com/lifeandstyle/2025/nov/11/the-perplexing-rise-of-protein-shakes-how-a-meaty-sludge-became-a-billion-dollar-industry,"""prada"" AND (""luxury"" OR ""fashion"" OR ""stock"")"
film/2025/nov/12/devil-wears-prada-2-trailer,2025-11-12,The Devil Wears Prada 2: first teaser trailer for hotly anticipated sequel,"Meryl Streep and Anne Hathaway have reunited in the first teaser trailer for the much-anticipated follow-up to The Devil Wears Prada. The Oscar-winning actors are reprising their antagonistic roles for The Devil Wears Prada 2 which is set for release next summer. Streep, who was Oscar-nominated for her role of tyrannical magazine editor Miranda Priestly in the original, has not appeared in a film since 2021’s Don’t Look Up. She also recently signed on to star next to Sigourney Weaver in thriller Useful Idiots. The pair will be joined by returning cast members Emily Blunt and Stanley Tucci with Kenneth Branagh joining the cast as Priestly’s new husband. The film will also feature Simone Ashley, Rachel Bloom and Lucy Liu and reported cameos from Lady Gaga and Sydney Sweeney. The sequel, again directed by David Frankel, will see Priestly dealing with the collapse of the magazine industry, now forced to build bridges with her one-time assistant Emily (Blunt) who is the head of a luxury brand and its advertising spend. The original 2006 comedy, based on the novel by Lauren Weisberger, made over $326m at the global box office. It later spawned a West End musical. “When we made the first movie, none of us expected the meteoric life that it would have and the impact it would have on people,” Blunt said back in September. She added that it also “has deep emotional roots” for her and Tucci who later became her brother-in-law. Priestly has been widely perceived to be inspired by Anna Wintour, the former editor-in-chief of Vogue. Wintour recently spoke about the original film and Streep’s performance, saying it “had a lot of humour to it. It had a lot of wit. It had Meryl Streep. I mean, it was Emily Blunt, [and] they were all amazing. In the end, I thought it was a fair shot”. The shoot has attracted the attention of photographers and fans across the globe with locations ranging from Brooklyn to Milan. The film also marks a major year for Hathaway who will also appear opposite","The Devil Wears Prada 2: first teaser trailer for hotly anticipated sequel. Meryl Streep and Anne Hathaway have reunited in the first teaser trailer for the much-anticipated follow-up to The Devil Wears Prada. The Oscar-winning actors are reprising their antagonistic roles for The Devil Wears Prada 2 which is set for release next summer. Streep, who was Oscar-nominated for her role of tyrannical magazine editor Miranda Priestly in the original, has not appeared in a film since 2021’s Don’t Look Up. She also recently signed on to star next to Sigourney Weaver in thriller Useful Idiots. The pair will be joined by returning cast members Emily Blunt and Stanley Tucci with Kenneth Branagh joining the cast as Priestly’s new husband. The film will also feature Simone Ashley, Rachel Bloom and Lucy Liu and reported cameos from Lady Gaga and Sydney Sweeney. The sequel, again directed by David Frankel, will see Priestly dealing with the collapse of the magazine industry, now forced to build bridges with her one-time assistant Emily (Blunt) who is the head of a luxury bra",Film,https://www.theguardian.com/film/2025/nov/12/devil-wears-prada-2-trailer,"""devil wears prada"""
film/2025/nov/13/letterboxd-four-favourites-rules-kristen-stewart-willem-dafoe,2025-11-13,"Swear, self-promote and pretend you’re on a first date: a celebrities’ guide to Letterboxd’s Four Favourites","Once a humble app feature, Letterboxd’s Four Favourites has mutated into our era’s cinematic confession booth. Users choose (and can endlessly reshuffle) their top four films on their profile, while clips of celebrities and civilians alike performing the same ritual play out to Letterboxd’s 2.4 million Instagram followers. It’s now a social-media genre of its own: the red carpet backdrop, the jaunty music, the snappy edits, the cheerful pings as posters slide into place. Each clip is a perfect little slice of fame, fandom and carefully choreographed spontaneity. And yet, beneath the surface chaos, there are rules. Unwritten (until now), but as binding as an Oscars embargo. So if you ever find yourself ambushed by the Letterboxd camera, here’s how to put in a convincing performance. 1. Act surprised In the words of Miranda Priestly in The Devil Wears Prada: “Why is no one ready?” Picks performances are usually preceded by flustered professions of unpreparedness that give them an aura of authenticity (“Oh shit,” exclaims Michelle Williams; Jenna Ortega wails that she “should’ve read the email”). Writer, director and museum curator Zoë DeLeon (should you ask: Memoir of a Snail, Mulholland Drive, Amélie, Me and You and Everyone We Know) tells me that her unrehearsed response was genuine, as she was not informed in advance before being grilled on camera. “They asked me very quickly with no time to prepare an answer,” she says. And be sure to say “Just four?”, outraged at such a horrifying prospect. Everyone does that. 2. Plug your movie. And yourself This is Hollywood, after all. Or if you’re a civilian picked on at a film festival, it is at the very least a bump to your Letterboxd followers. So we all need to sell ourselves a bit. Perhaps in a bid to ensure conjugal harmony, half of Monica Bellucci’s all-time list were made by her then paramour Tim Burton. She then linked those choices to his latest, in which she also coincidentally featured. Meanwhile, Halle Berry’s no","Swear, self-promote and pretend you’re on a first date: a celebrities’ guide to Letterboxd’s Four Favourites. Once a humble app feature, Letterboxd’s Four Favourites has mutated into our era’s cinematic confession booth. Users choose (and can endlessly reshuffle) their top four films on their profile, while clips of celebrities and civilians alike performing the same ritual play out to Letterboxd’s 2.4 million Instagram followers. It’s now a social-media genre of its own: the red carpet backdrop, the jaunty music, the snappy edits, the cheerful pings as posters slide into place. Each clip is a perfect little slice of fame, fandom and carefully choreographed spontaneity. And yet, beneath the surface chaos, there are rules. Unwritten (until now), but as binding as an Oscars embargo. So if you ever find yourself ambushed by the Letterboxd camera, here’s how to put in a convincing performance. 1. Act surprised In the words of Miranda Priestly in The Devil Wears Prada: “Why is no one ready?” Picks performances are usually preceded by flustered professions of unpreparedness that give them an aura of",Film,https://www.theguardian.com/film/2025/nov/13/letterboxd-four-favourites-rules-kristen-stewart-willem-dafoe,"""devil wears prada"""
film/2025/nov/13/miranda-priestly-red-shoes-instagram-devil-wears-prada-2,2025-11-13,‘Diabolical move’: Miranda Priestly’s red shoes get Instagram fashion no-no,"Posting the first trailer for The Devil Wears Prada 2 on Instagram on her birthday this week, the film’s star Anne Hathaway captioned the video with “it’s everybody’s birthday”, prompting copious comments featuring emojis of flames, hearts and – of course – the red shoe now associated with the film’s poster. But with the trailer circulating on social media, it’s the shoes that have become the focus of fashion debate – and not in a good way. The trailer starts with the feet of the film’s fearsome fashion editor, Miranda Priestly, wearing red-studded Rockstud stilettos made by Valentino in 2010, a shoe that became popular with fashion editors of the decade. It’s this that has caused offence – the idea that someone so plugged into fashion would be wearing what is considered passe. On the Who What Wear Instagram account, in comments below Hathaway’s post, followers made their feelings known. “Giving rockstuds that much airtime was a … choice,” wrote one, while another simply said “no to shoes”. On TikTok, the creator NewsWithLils wrote: “I’m no fashion expert but even I know Miranda Priestly wearing Valentino rockstud shoes in 2025 is a diabolical move and not in a good way.” The reaction is in line with a wider trend for online debate after the release of trailers or on-set images from films and TV that have a fashion angle. In June, images from the forthcoming biopic series of Carolyn Bessette Kennedy were released, with the actor Sarah Pidgeon as Kennedy. They were quickly trashed by fans, with one describing the images as “fashion murder”, with everything from the shade of blond of Pidgeon’s hair to the “wrong” handbag becoming a source of outrage. Strong reactions around costumes demonstrate the love of fashion in film and TV, which is something those making the shows are no doubt conscious of – so much so a preview of “wrongness” in the costumes could be deliberate and designed to get the internet talking and create more buzz before release. With the Rockstud, the","‘Diabolical move’: Miranda Priestly’s red shoes get Instagram fashion no-no. Posting the first trailer for The Devil Wears Prada 2 on Instagram on her birthday this week, the film’s star Anne Hathaway captioned the video with “it’s everybody’s birthday”, prompting copious comments featuring emojis of flames, hearts and – of course – the red shoe now associated with the film’s poster. But with the trailer circulating on social media, it’s the shoes that have become the focus of fashion debate – and not in a good way. The trailer starts with the feet of the film’s fearsome fashion editor, Miranda Priestly, wearing red-studded Rockstud stilettos made by Valentino in 2010, a shoe that became popular with fashion editors of the decade. It’s this that has caused offence – the idea that someone so plugged into fashion would be wearing what is considered passe. On the Who What Wear Instagram account, in comments below Hathaway’s post, followers made their feelings known. “Giving rockstuds that much airtime was a … choice,” wrote one, while another simply said “no to sh",Fashion,https://www.theguardian.com/film/2025/nov/13/miranda-priestly-red-shoes-instagram-devil-wears-prada-2,"""devil wears prada"""
fashion/2025/nov/13/fashion-has-the-power-to-create-jobs-preserve-culture-and-transform-lives-is-lagos-the-worlds-most-exciting-fashion-week,2025-11-13,"‘Fashion has the power to create jobs, preserve culture and transform lives’: is Lagos the world’s most exciting fashion week?","Inside a marquee in the grounds of Lagos’s five-star Federal Palace hotel and casino, models wearing sharply tailored suits and flowing woven pieces in earthy tones walk down the catwalk to the beats of Yoruba talking drums, an ancestral instrument that can mimic the sound of speech. The show, presenting the latest collection from the brand Emmy Kasbit – known for transforming handwoven Akwete fabric into modern silhouettes – marked the official start of 2025’s Lagos fashion week, which took place in the former Nigerian capital last month. From a dedicated catwalk space featuring more than 70 designers, to the American singer Ciara closing one of the shows wearing a gele – a traditional Nigerian head wrap – the showcase, which takes place every October, has come a long way from its early days of power cuts and a lack of interest from industry gatekeepers. While the big four fashion weeks – New York, London, Milan and Paris – remain the industry’s undisputed powerhouses, Lagos has quietly carved out its own space on the global calendar. Founded in 2011 by lawyer-turned-fashion-editor Omoyemi Akerele, Lagos fashion week continues to shape what fashion in Nigeria, and the wider African continent, is and could be. The event has grown into a five-day showcase and is attended by more than 15,000 people. Acting as a talent-spotlighting platform, many of the designers who have shown at Lagos have gone on to achieve success on an international scale. Size-inclusive womenswear designer Onalaja’s designs have been worn by stars including Lizzo, Jennifer Hudson and Chloe Bailey. Lisa Folawiyo’s work has been celebrated for modernising Ankara textiles into bold, embellished luxury fashion. Kenneth Ize, who reimagines Nigerian aso-oke weaving, has shown in Milan, Paris and New York. While the schedule includes pan-African designers, the focus remains largely on Nigerian talent. From Sevon Dejana’s couture-style glamour to Hertunba, a brand that riffs on traditional aso-oke weavin","‘Fashion has the power to create jobs, preserve culture and transform lives’: is Lagos the world’s most exciting fashion week?. Inside a marquee in the grounds of Lagos’s five-star Federal Palace hotel and casino, models wearing sharply tailored suits and flowing woven pieces in earthy tones walk down the catwalk to the beats of Yoruba talking drums, an ancestral instrument that can mimic the sound of speech. The show, presenting the latest collection from the brand Emmy Kasbit – known for transforming handwoven Akwete fabric into modern silhouettes – marked the official start of 2025’s Lagos fashion week, which took place in the former Nigerian capital last month. From a dedicated catwalk space featuring more than 70 designers, to the American singer Ciara closing one of the shows wearing a gele – a traditional Nigerian head wrap – the showcase, which takes place every October, has come a long way from its early days of power cuts and a lack of interest from industry gatekeepers. While the big four fashion weeks – New York, London, Milan and Paris – remain the industry’s undisputed powerhouses, Lagos has quiet",Fashion,https://www.theguardian.com/fashion/2025/nov/13/fashion-has-the-power-to-create-jobs-preserve-culture-and-transform-lives-is-lagos-the-worlds-most-exciting-fashion-week,"""LVMH"" AND ""fashion"""
fashion/2025/nov/18/big-bows-style-trend-feminine-ironic-strangely-subversive,2025-11-18,"Untie me! Why big bows are everywhere – feminine, ironic and strangely subversive","Wuthering Heights is a story about pain, revenge and the Yorkshire moors as a metaphor for bad life choices. But if Emerald Fennell’s forthcoming adaptation is anything to go by, it’s also about bows. In the two-minute trailer for the film, Cathy wears red bows and black bows, navy bows and pink bows. There are bows around garden pots, and bows around “baddy” Edgar Linton’s throat. Some bows flutter in the fell wind, others are unlaced at speed. In one memorable shot straight from the Jilly Cooper precoital playbook, a pretty white bow is cut from Cathy’s bodice using a labourer’s knife, a moment of unforgivable hamminess were it not incredibly hot. Never mind that Emily Brontë rarely mentions bows in the book; that one is an entire plot device. Bows are, of course, not new. Victorian children wore them, Marie Antoinette wore them. So did Jojo Siwa, and Minnie Mouse. But today’s versions sometimes carry more weight. Take the Welsh rugby player Georgia Evans, who was attacked by trolls earlier this year for wearing pink hair bows during a game, leading to a volunteer-led “ribbon station” and more than 1,000 bows being worn in solidarity at a game against Fiji. “When we sign up to this as a professional athlete, you sign up for the scrutiny of your performance,” Evans told the BBC. “But … it’s bigger than a bow, it’s bigger than the game and it’s bigger than myself.” In 2025, bows are big, garish and ostentatious. They are the centrepiece of a look, not the accessory – see the gold Marc Jacobs dress Lily Allen wore to her album launch party, with a giant bow at the bust. The modern bow has range, too. They can be pretty and demure (see Amanda Seyfried at the Venice film festival wrapped up like a gift in Prada), but also dark and gothy (Cynthia Erivo’s huge green velvet one at the Oscars). And it is not just celebrities: on the UK high street, Next is selling nine (nine!) different bow-covered cardigans, while M&amp;S has two bow-festooned little black dresses for Chr","Untie me! Why big bows are everywhere – feminine, ironic and strangely subversive. Wuthering Heights is a story about pain, revenge and the Yorkshire moors as a metaphor for bad life choices. But if Emerald Fennell’s forthcoming adaptation is anything to go by, it’s also about bows. In the two-minute trailer for the film, Cathy wears red bows and black bows, navy bows and pink bows. There are bows around garden pots, and bows around “baddy” Edgar Linton’s throat. Some bows flutter in the fell wind, others are unlaced at speed. In one memorable shot straight from the Jilly Cooper precoital playbook, a pretty white bow is cut from Cathy’s bodice using a labourer’s knife, a moment of unforgivable hamminess were it not incredibly hot. Never mind that Emily Brontë rarely mentions bows in the book; that one is an entire plot device. Bows are, of course, not new. Victorian children wore them, Marie Antoinette wore them. So did Jojo Siwa, and Minnie Mouse. But today’s versions sometimes carry more weight. Take the Welsh rugby player Georgia Evans, who was attacked by trolls ",Fashion,https://www.theguardian.com/fashion/2025/nov/18/big-bows-style-trend-feminine-ironic-strangely-subversive,"""prada"" AND (""luxury"" OR ""fashion"" OR ""stock"")"
fashion/2025/nov/21/paddington-bear-duffel-coat-fashion-moment,2025-11-21,Not just for Paddington: is the humble duffel coat having a fashion moment?,"It’s the coat most associated with a beloved children’s character, so it makes sense that the duffel is a familiar sight in playgrounds across the country. But this year it is also – once again – quietly enjoying a moment on grownups. In the Christmas advert for Waitrose, comedian Joe Wilkinson wears a duffel coat while in the supermarket with Keira Knightley. Footballer Cole Palmer wore one in 2024’s Burberry campaign, subtitled “It’s Always Burberry Weather”, and Tyler, the Creator wears a short one in the recent video for Darling, I. Meanwhile, Paddington Bear is sporting his on stage in the West End at the moment. Duffel coats are on the high street too, from a £279 cream design in Labrum’s range for John Lewis to a £64 checked design at Marks &amp; Spencer, a fashion favourite. John Lewis reports that duffel sales are up 75% compared with last month, while searches on resale app Depop are up 159% in the last four months. The coat might seem genderless, but its newfound popularity is largely with men. Andrew Groves, director of the menswear archive at the University of Westminster, says this is part of a wider trend. “Menswear is shifting back to garments with clear origins and unambiguous functionality,” he argues. “[It] offers weight, insulation and a straightforwardness, which is what a lot of men want right now.” Although the coat is sometimes viewed as quintessentially British, the name actually derives from Duffel, a town in Belgium where the thick fabric originally used came from, while part of the design may derive from Polish frock coats. Duffels first became popularised when they were worn by the Royal Navy. The coat was a symbol of heroism in the second world war, as worn by Field Marshal Bernard Law Montgomery. The officer became so associated with the coat that it also became known as the Monty. In postwar years, it was sold at army surplus stores and became a favourite of creative and progressive types, worn by Jean Cocteau, young people marching a","Not just for Paddington: is the humble duffel coat having a fashion moment?. It’s the coat most associated with a beloved children’s character, so it makes sense that the duffel is a familiar sight in playgrounds across the country. But this year it is also – once again – quietly enjoying a moment on grownups. In the Christmas advert for Waitrose, comedian Joe Wilkinson wears a duffel coat while in the supermarket with Keira Knightley. Footballer Cole Palmer wore one in 2024’s Burberry campaign, subtitled “It’s Always Burberry Weather”, and Tyler, the Creator wears a short one in the recent video for Darling, I. Meanwhile, Paddington Bear is sporting his on stage in the West End at the moment. Duffel coats are on the high street too, from a £279 cream design in Labrum’s range for John Lewis to a £64 checked design at Marks &amp; Spencer, a fashion favourite. John Lewis reports that duffel sales are up 75% compared with last month, while searches on resale app Depop are up 159% in the last four months. The coat might seem genderless, but its newfound popularity ",Fashion,https://www.theguardian.com/fashion/2025/nov/21/paddington-bear-duffel-coat-fashion-moment,"""prada"" AND (""luxury"" OR ""fashion"" OR ""stock"")"
film/2025/nov/25/sex-cardigans-can-the-wicked-sequel-make-bulky-knits-strangely-alluring,2025-11-25,Sex cardigans: can the Wicked sequel make bulky knits strangely alluring?,"Name: Elphaba’s sex cardigan. Age: Elphaba is a character in Wicked: For Good – Jon M Chu’s fantasy film, the sequel to last year’s mega hit Wicked Part 1, which was adapted from the 2003 stage musical, and has just been released. That was loosely based on Gregory Maguire’s 1995 novel, which was a reimagining of L Frank Baum’s 1900 novel The Wonderful Wizard of Oz and its 1939 film adaptation starring Judy Garland. I noticed – it’s hard not to. No spoilers, please, I might see it. It’s certain to be massive. And reviews, including the Guardian’s, have largely been positive. But we’re less concerned with its artistic merit, more with the wardrobe department, and one item in particular … Go on. Elphaba’s “sex cardigan”. Who’s calling it that? The internet. Isn’t sex cardigan, like, an oxymoron? And why am I suddenly thinking about my grandparents? Ew … Old people can – and do – have sex too. But again, we’re not concerned about them here. Who’s Elphaba then? The Wicked Witch of the West, played by Cynthia Erivo, who has a massive crush on Fiyero (Jonathan Bailey), as has Elphaba’s former-bestie-now-arch-enemy Glinda the Good Witch (Ariana Grande). And Elphaba gets her man? [Warning: bit of a spoiler alert]. She gets him, takes him up to her treehouse hideaway, and … you know … Sexy time? Afraid so, while singing a song called As Long As You’re Mine. And wearing a cardie? [Close your eyes, kids], there is some black lingerie involved, but the cardigan goes on top. Almost as if to say: you can open your eyes again, children? Well, there has been some speculation that that was what Chu was thinking, and a PG rating means more bums on cinema seats and so more money at the box office. Or just tapping into the trend for winter knitwear? Elphaba’s doesn’t have a lot in common with any of Vogue’s seasonal choices (primary-coloured jumpers, stripes and argyle). It’s kind of pinky grey, chunky, holey, straggly. Put it this way: I don’t think Tom Daley would be proud if he’d kni","Sex cardigans: can the Wicked sequel make bulky knits strangely alluring?. Name: Elphaba’s sex cardigan. Age: Elphaba is a character in Wicked: For Good – Jon M Chu’s fantasy film, the sequel to last year’s mega hit Wicked Part 1, which was adapted from the 2003 stage musical, and has just been released. That was loosely based on Gregory Maguire’s 1995 novel, which was a reimagining of L Frank Baum’s 1900 novel The Wonderful Wizard of Oz and its 1939 film adaptation starring Judy Garland. I noticed – it’s hard not to. No spoilers, please, I might see it. It’s certain to be massive. And reviews, including the Guardian’s, have largely been positive. But we’re less concerned with its artistic merit, more with the wardrobe department, and one item in particular … Go on. Elphaba’s “sex cardigan”. Who’s calling it that? The internet. Isn’t sex cardigan, like, an oxymoron? And why am I suddenly thinking about my grandparents? Ew … Old people can – and do – have sex too. But again, we’re not concerned about them here. Who’s Elphaba then? The Wicked Witch of the West,",Film,https://www.theguardian.com/film/2025/nov/25/sex-cardigans-can-the-wicked-sequel-make-bulky-knits-strangely-alluring,"""devil wears prada"""
culture/2025/dec/01/traitors-britpop-trumps-swearbox-culture-christmas-gift-guide-south-park-marina-abramovich,2025-12-01,"A Traitors cloak, Britpop Trumps and a very arty swearbox: it’s the 2025 Culture Christmas gift guide!","Is there an overly sweary person in your life? Do you have a friend who’s utterly bereft without The Traitors? Would anyone you know like to shake up their cocktail-making? And do you ever wish your neighbours’ doormat was, well, a bit more kinky? Well, look no further! Our bumper Christmas gift guide has arty present suggestions galore for all these people – and many more. Dig in before the jingle bells rush! *** Star Wars terrarium Ever wished your succulents screamed: “Evil space footsoldier”? Now they can, thanks to this glass stormtrooper head. Also doubles as a biscuit barrel. £27.99 at Thumbs Up £34.80 at Amazon *** Marie Antoinette shoe postcard Part of the V&amp;A’s Marie Antoinette range, this features the shoe designed by Manolo Blahnik for Sofia Coppola’s film about the classy, sassy, misunderstood queen. C’est magnifique! £1.50 at V&amp;A Shop *** Ratatouille shoulder plush pal Join the latest kidult craze with this magnetically attached Remy, the lovable rat in Ratatouille who dreams of being a great chef. £40 at My World of Treasures *** Frida Kahlo recycled tote bag The great artist makes the perfect shopping companion, providing food for thought as she looks out of this bag adorned with a self-portrait that juxtaposes ancient Mexican symbols with the US military industrial complex. €15 (about £13.13) at Loqi £14.75 at Amazon *** Paddington the Musical luggage tag Please look after this suitcase! Never again will luggage go missing, thanks to this tag. Perfect for trips to Peru. £16.99 at Paddington the Musical *** The Devil Wears Prada cap This tribute to style icon Miranda Priestly’s withering ode to cerulean is a great way to prepare for next year’s sequel. Remember: “That blue represents millions of dollars!” £25 at West End Merchandise Shop *** Zounds! necklace Bling worthy of the Bard! Taking jewellery to Shakespearean heights, this chain bears the playwright’s beloved exclamation, derived from “God’s wounds”. £24 at Shakespeare’s Globe *** Bar","A Traitors cloak, Britpop Trumps and a very arty swearbox: it’s the 2025 Culture Christmas gift guide!. Is there an overly sweary person in your life? Do you have a friend who’s utterly bereft without The Traitors? Would anyone you know like to shake up their cocktail-making? And do you ever wish your neighbours’ doormat was, well, a bit more kinky? Well, look no further! Our bumper Christmas gift guide has arty present suggestions galore for all these people – and many more. Dig in before the jingle bells rush! *** Star Wars terrarium Ever wished your succulents screamed: “Evil space footsoldier”? Now they can, thanks to this glass stormtrooper head. Also doubles as a biscuit barrel. £27.99 at Thumbs Up £34.80 at Amazon *** Marie Antoinette shoe postcard Part of the V&amp;A’s Marie Antoinette range, this features the shoe designed by Manolo Blahnik for Sofia Coppola’s film about the classy, sassy, misunderstood queen. C’est magnifique! £1.50 at V&amp;A Shop *** Ratatouille shoulder plush pal Join the latest kidult craze with this magnetically attached Remy, the lovable rat in Ratatouill",Culture,https://www.theguardian.com/culture/2025/dec/01/traitors-britpop-trumps-swearbox-culture-christmas-gift-guide-south-park-marina-abramovich,"""devil wears prada"""
film/2025/dec/02/mother-mary-movie-anne-hathaway-michaela-coel,2025-12-02,Anne Hathaway and Michaela Coel face off in first trailer for pop star epic Mother Mary,"Anne Hathaway plays a pop star and Michaela Coel her estranged fashion designer in the first trailer for the highly anticipated drama Mother Mary. The film comes from David Lowery, whose previous films range from The Green Knight to A Ghost Story to Pete’s Dragon. His last film was the Disney+ original Peter Pan &amp; Wendy starring Jude Law. It has been described as a “psychosexual pop thriller” about the strained relationship between the pair as they reunite to create a dress. A recent interview with Hathaway in Vogue describes her character as “a sort of Gaga-Taylor Swift hybrid”. Production started on the film in Germany in May 2023 and the film will be released in April 2026. The original music has been written and produced by Charli xcx, Jack Antonoff and FKA twigs with Hathaway providing her own vocals. Lowery has called it a “weird, weird film” that is partly inspired by Francis Ford Coppola’s Bram Stoker’s Dracula. He has also likened it to shooting Apocalypse Now. “It is a movie I am sure will provoke a lot of strong feelings, in every possible direction,” Lowery said last year. “It feels very true to who I am, and very close to me, but it is also consistently surprising me in ways that I did not anticipate.” Next year promises to be a big one for both Hathaway and Coel. Hathaway will also appear in the comedy sequel The Devil Wears Prada 2, action-adventure Flowervale Street, Colleen Hoover adaptation Verity and Christopher Nolan’s star-studded epic The Odyssey. Coel, whose last acting credits were smaller roles in Black Panther: Wakanda Forever and TV’s Mr and Mrs Smith, stars alongside Ian McKellen in comedy drama The Christophers, which premiered at this year’s Toronto film festival and will be released next year. She is also working on First Day on Earth, her much-anticipated small-screen follow-up to I May Destroy You. Charli xcx is also providing the music for Emerald Fennell’s new take on Wuthering Heights, which is out in February. She will play a","Anne Hathaway and Michaela Coel face off in first trailer for pop star epic Mother Mary. Anne Hathaway plays a pop star and Michaela Coel her estranged fashion designer in the first trailer for the highly anticipated drama Mother Mary. The film comes from David Lowery, whose previous films range from The Green Knight to A Ghost Story to Pete’s Dragon. His last film was the Disney+ original Peter Pan &amp; Wendy starring Jude Law. It has been described as a “psychosexual pop thriller” about the strained relationship between the pair as they reunite to create a dress. A recent interview with Hathaway in Vogue describes her character as “a sort of Gaga-Taylor Swift hybrid”. Production started on the film in Germany in May 2023 and the film will be released in April 2026. The original music has been written and produced by Charli xcx, Jack Antonoff and FKA twigs with Hathaway providing her own vocals. Lowery has called it a “weird, weird film” that is partly inspired by Francis Ford Coppola’s Bram Stoker’s Dracula. He has also likened it to shooting Apocalypse Now. “It is a mo",Film,https://www.theguardian.com/film/2025/dec/02/mother-mary-movie-anne-hathaway-michaela-coel,"""devil wears prada"""
business/live/2025/dec/03/thames-water-profits-surge-higher-bills-prada-buys-versace-for-14bn-business-live-news,2025-12-03,Thames Water profits surge on higher bills; Prada buys Versace for $1.4bn – as it happened,"Time to wrap up… Thames Water reported its first half earnings this morning, warning that crisis talks to secure its future with lenders are taking “longer than expected” and will drag into 2026 as it faces the prospect of a collapse into government control. Britain’s biggest water company on Wednesday said it had swung to a profit of £414m for the six months to September helped by bills rising by nearly a third, after losing £149m in the same period in 2024. Despite the jump in reported profits, the company said there was “material uncertainty which may cast significant doubt” on its status as a going concern. A collapse into government control under a special administration regime (SAR) – a form of temporary nationalisation – “could occur in the very near term” if it is unable to agree the terms of a formal takeover by its controlling lenders. HSBC has appointed the former KPMG partner Brendan Nelson as its chair after a prolonged search process that left one of the world’s biggest banks without a permanent executive in the top role for months. The decision to appoint Nelson, who has been serving as interim chair, came as a surprise, after a protracted hunt for a permanent successor for Mark Tucker which involved courting external candidates including the former chancellor George Osborne and the head of Goldman Sachs’ Asia-Pacific division, Kevin Sneader. HSBC failed to find a permanent chair before Tucker departed at the end of September, raising questions about the succession plans and the board’s effectiveness, having first announced his decision to leave in May. Elsewhere, the Jaguar Land Rover design boss behind the Range Rover and the polarising Jaguar relaunch has abruptly departed the business just four months after its new chief executive took charge. Gerry McGovern left the role of chief creative officer on Monday after 20 years at the business in which he oversaw the design of some of the company’s most successful cars as well as the launch of a new-loo","Thames Water profits surge on higher bills; Prada buys Versace for $1.4bn – as it happened. Time to wrap up… Thames Water reported its first half earnings this morning, warning that crisis talks to secure its future with lenders are taking “longer than expected” and will drag into 2026 as it faces the prospect of a collapse into government control. Britain’s biggest water company on Wednesday said it had swung to a profit of £414m for the six months to September helped by bills rising by nearly a third, after losing £149m in the same period in 2024. Despite the jump in reported profits, the company said there was “material uncertainty which may cast significant doubt” on its status as a going concern. A collapse into government control under a special administration regime (SAR) – a form of temporary nationalisation – “could occur in the very near term” if it is unable to agree the terms of a formal takeover by its controlling lenders. HSBC has appointed the former KPMG partner Brendan Nelson as its chair after a prolonged search process that left one of the world’s biggest b",Business,https://www.theguardian.com/business/live/2025/dec/03/thames-water-profits-surge-higher-bills-prada-buys-versace-for-14bn-business-live-news,"""prada"" AND (""luxury"" OR ""fashion"" OR ""stock"")"
fashion/2025/dec/04/versace-creative-director-leaves-shortly-after-fashion-houses-14bn-sale-to-prada,2025-12-04,Versace creative director leaves shortly after fashion house’s $1.4bn sale to Prada,"Versace has announced its creative director is leaving, less than nine months after taking on the role and two days after the deal to sell the brand to rival Italian fashion house Prada. Dario Vitale exits after just one season, having taken the helm from Donatella Versace. Prada said it would announce a replacement “in due course”. The company said it and Vitale “have mutually agreed to part ways effective from 12 December”, adding in a statement provided to Vogue Business: “We would like to sincerely thank Dario for his outstanding contribution to the development of the brand’s creative strategy during this transition period, and we wish him all the very best in his future endeavors.” Vitale is yet to respond – his last Instagram post, from Wednesday, is a Versace ad campaign. The decision comes shortly after Prada completed its $1.4bn (£1bn) purchase of Versace from the US fashion group Capri Holdings, whose other brands include Michael Kors and Jimmy Choo. The Business of Fashion website argued that Vitale, a hire under Capri’s tenure, was not felt to be a good fit to lead Versace by its new owners. Prada’s chief executive, Andrea Guerra, had avoided questions about him on investor calls. “Prada’s leadership seemed unconvinced that he could jump from a behind-the-scenes role to a highly visible creative directorship, or that his taste was a match,” Business of Fashion reported. The designer and Prada have a history: Vitale left the group’s hit brand Miu Miu this year to take the helm at Versace in March, a switch Business of Fashion described as “an unwelcome hiccup”. Miu Miu is a rare success story in designer fashion. This year it overtook Loewe to become the hottest fashion brand in the world, according to the Lyst Index. In October the Prada group reported a 9% uplift in sales for the first nine months of year, driven by a 41% rise in sales at the cult brand. During the same period, the Prada label reported a 1.6% decline in sales. In the last three months o","Versace creative director leaves shortly after fashion house’s $1.4bn sale to Prada. Versace has announced its creative director is leaving, less than nine months after taking on the role and two days after the deal to sell the brand to rival Italian fashion house Prada. Dario Vitale exits after just one season, having taken the helm from Donatella Versace. Prada said it would announce a replacement “in due course”. The company said it and Vitale “have mutually agreed to part ways effective from 12 December”, adding in a statement provided to Vogue Business: “We would like to sincerely thank Dario for his outstanding contribution to the development of the brand’s creative strategy during this transition period, and we wish him all the very best in his future endeavors.” Vitale is yet to respond – his last Instagram post, from Wednesday, is a Versace ad campaign. The decision comes shortly after Prada completed its $1.4bn (£1bn) purchase of Versace from the US fashion group Capri Holdings, whose other brands include Michael Kors and Jimmy Choo. The Business of Fashion w",Fashion,https://www.theguardian.com/fashion/2025/dec/04/versace-creative-director-leaves-shortly-after-fashion-houses-14bn-sale-to-prada,"""prada"" AND (""luxury"" OR ""fashion"" OR ""stock"")"
fashion/2025/dec/07/you-have-to-stay-curious-michael-kors-on-his-inclusive-brands-global-rise,2025-12-07,‘You have to stay curious’: Michael Kors on his inclusive brand’s global rise,"The sale of Versace to Prada this week in a $1.4bn deal marked a new chapter for two storied Italian fashion houses. It also left Versace’s former parent company, Capri Holdings, with an even greater focus on Michael Kors, the 44-year-old brand know as America’s Armani that made up about 70% of sales in its last financial year. Speaking to the Guardian before the launch of his new flagship store on Regent Street in London, Kors said he was concerned that the fashion industry is becoming “more about entertainment and spectacle” and less about customer needs. “When fashion people hear ‘wearable’, they think it’s such a dirty word. And God forbid anyone says ‘commercial’. To them, it’s the worst thing in the world.” Kors doesn’t just sell clothing but a glamorous aspirational lifestyle that he and his brand embody. His designs have been worn by everyone from first ladies to Gwyneth Paltrow and Megan Thee Stallion. But while his Instagram feed is peppered with A-lister dinner parties, summers sailing around the Saronic islands and glossy catwalk shots, it’s the brand’s more mainstream off-shoot MICHAEL Michael Kors that is its economic moat. Stroll down any high street and you’ll spot the shiny MK logo swinging from bags slung over the shoulders of finance graduates or hanging from the elbows of women who wanted a designer bag for less than four figures. Alongside Ralph Lauren and Tommy Hilfiger, Michael Kors remains just one of the last three big heritage designers to still be designing at their American namesake brands. Matthieu Blazy at Chanel may be the industry’s new hot topic but in a pub quiz its Kors’ name that is going to resonate. A 10-season stint as a judge on the TV show Project Runway means he is now recognised on the street. He has honed his look too, including aviator sunglasses and a year-round caramel tan. In the context of a noticeable return to extreme thinness in the industry – after the latest round of shows in September, industry experts expressed","‘You have to stay curious’: Michael Kors on his inclusive brand’s global rise. The sale of Versace to Prada this week in a $1.4bn deal marked a new chapter for two storied Italian fashion houses. It also left Versace’s former parent company, Capri Holdings, with an even greater focus on Michael Kors, the 44-year-old brand know as America’s Armani that made up about 70% of sales in its last financial year. Speaking to the Guardian before the launch of his new flagship store on Regent Street in London, Kors said he was concerned that the fashion industry is becoming “more about entertainment and spectacle” and less about customer needs. “When fashion people hear ‘wearable’, they think it’s such a dirty word. And God forbid anyone says ‘commercial’. To them, it’s the worst thing in the world.” Kors doesn’t just sell clothing but a glamorous aspirational lifestyle that he and his brand embody. His designs have been worn by everyone from first ladies to Gwyneth Paltrow and Megan Thee Stallion. But while his Instagram feed is peppered with A-lister dinner parties, summ",Fashion,https://www.theguardian.com/fashion/2025/dec/07/you-have-to-stay-curious-michael-kors-on-his-inclusive-brands-global-rise,"""prada"" AND (""luxury"" OR ""fashion"" OR ""stock"")"
thefilter/2025/dec/07/jess-cartner-morleys-christmas-gift-guide,2025-12-07,"Jess Cartner-Morley’s Christmas gift guide: 31 ideas, chosen by our fashion expert","Angelina Jolie once bought Brad Pitt a California waterfall for Christmas. Another time, she got him a 200-year-old olive tree for their estate in Provence as a Valentine’s gift. I guess she set the bar pretty high when she bought him Ernest Hemingway’s actual typewriter as a wedding gift. Anecdotally, this does not suggest that gift-giving is a guarantee of a happy marriage, so maybe don’t sweat your beloved’s pressie too much. However, I do love the treasure hunt of Christmas shopping, and a wrapping session with a good podcast or two. Here’s what I’ve got my sights on this year … *** Jess Cartner-Morley’s favourite Christmas presents for 2025 *** Miraculous makeup Miracle Blur £28 at Trinny London £28 at John Lewis Pass on a beauty secret for Christmas. This little pop of Miracle Blur from Trinny London fills in lines to smooth skin under makeup. *** On the button Embellished V-neck cardigan £46 at M&amp;S I’ve had my eye on this for a while. Glam, useful and could pass for Very Posh Indeed. *** Making it personal Personalised notecards, set of 10 £17.85 at Papier A set of notecards with your friend’s name and address on is a gift that says: you are a classy person. This simple wavy trim works for any kind of message. *** Ear and now Egg ear cuffs £42 at Helena Rohner I happen to know that the Guardian’s fashion editor Morwenna Ferrier has these on her wishlist. Chic, minimal ear cuffs are hard to find. *** Take a bow Embroidered napkins £12.99 at H&amp;M Unless you are certain they’ll love it, don’t give a home gift they need to rearrange their mantelpiece around. Napkins are a classy gift and can be tucked in a drawer. *** Tree’s company Croissant Christmas tree bauble £16 at Ustudio I love a gift that can go from under the tree to on it. A personal bauble is sweet: maybe a croissant from Vondels for the friend you holidayed in France with? For more, read our guide to this year’s best Christmas baubles *** Heart to heart Marbled resin earrings £65 at Octobre Ed","Jess Cartner-Morley’s Christmas gift guide: 31 ideas, chosen by our fashion expert. Angelina Jolie once bought Brad Pitt a California waterfall for Christmas. Another time, she got him a 200-year-old olive tree for their estate in Provence as a Valentine’s gift. I guess she set the bar pretty high when she bought him Ernest Hemingway’s actual typewriter as a wedding gift. Anecdotally, this does not suggest that gift-giving is a guarantee of a happy marriage, so maybe don’t sweat your beloved’s pressie too much. However, I do love the treasure hunt of Christmas shopping, and a wrapping session with a good podcast or two. Here’s what I’ve got my sights on this year … *** Jess Cartner-Morley’s favourite Christmas presents for 2025 *** Miraculous makeup Miracle Blur £28 at Trinny London £28 at John Lewis Pass on a beauty secret for Christmas. This little pop of Miracle Blur from Trinny London fills in lines to smooth skin under makeup. *** On the button Embellished V-neck cardigan £46 at M&amp;S I’ve had my eye on this for a while. Glam, useful and could pass for Very Pos",The Filter,https://www.theguardian.com/thefilter/2025/dec/07/jess-cartner-morleys-christmas-gift-guide,"""prada"" AND (""luxury"" OR ""fashion"" OR ""stock"")"
fashion/2025/dec/10/1-granary-the-influential-platform-holding-the-fashion-establishment-to-account,2025-12-10,1 Granary: the influential platform holding the fashion establishment to account,"At the Fashion awards – a lavish event at the Royal Albert Hall this month – Jonathan Anderson was named designer of the year for a third time for his work at his own namesake brand and Dior, Anok Yai was named model of the year and Delphine Arnault, the CEO of Dior and scion of fashion’s wealthiest family, gained a special recognition award for her work supporting new talent through the LVMH prize. Think of it as fashion paying tribute to its biggest stars. Since the night, there has been praise for the British Fashion Council’s new CEO Laura Weir but also criticism. The anonymous Instagram account boringnotcom, which often shares strong opinions on the industry, wrote: “As predicted, the same names got rotated and won the fashion awards … how utterly boring.” A week or so later, a new awards is being introduced – one where all the winners’ names might not be so well-known. Overseen by 1 Granary, a platform that focuses on helping emerging and existing fashion talent beyond those who are figureheads at brands, the Design awards aim to give credit to those behind the scenes. For every winner, 1 Granary will list the entire team involved – from junior designer to creative director. “Instead of repeating the industry’s habit of celebrating one figure at the top, we wanted awards that reflect how fashion really operates: collectively, collaboratively, and through thousands of decisions made by teams who never get to walk a red carpet,” reads the press release. As Anderson said in his acceptance speech at the Fashion awards: “I am only the show girl up here. There’s an entire team … I can’t do it without them.” There are 20 categories in the 1 Granary Design awards and winners have been voted for by other designers, including heads of brands such as Veronica Leoni at Calvin Klein and Julian Klausner at Dries Van Noten, along with people who work in the brands’ studios, with about 1,000 voting overall. Big names such as Alaïa, Phoebe Philo and Chanel have still won big, ","1 Granary: the influential platform holding the fashion establishment to account. At the Fashion awards – a lavish event at the Royal Albert Hall this month – Jonathan Anderson was named designer of the year for a third time for his work at his own namesake brand and Dior, Anok Yai was named model of the year and Delphine Arnault, the CEO of Dior and scion of fashion’s wealthiest family, gained a special recognition award for her work supporting new talent through the LVMH prize. Think of it as fashion paying tribute to its biggest stars. Since the night, there has been praise for the British Fashion Council’s new CEO Laura Weir but also criticism. The anonymous Instagram account boringnotcom, which often shares strong opinions on the industry, wrote: “As predicted, the same names got rotated and won the fashion awards … how utterly boring.” A week or so later, a new awards is being introduced – one where all the winners’ names might not be so well-known. Overseen by 1 Granary, a platform that focuses on helping emerging and existing fashion talent beyond those who ",Fashion,https://www.theguardian.com/fashion/2025/dec/10/1-granary-the-influential-platform-holding-the-fashion-establishment-to-account,"""prada"" AND (""luxury"" OR ""fashion"" OR ""stock"")"
fashion/2025/dec/13/veja-ethical-paris-trainer-worn-a-listers-and-royalty,2025-12-13,"Dior, Chanel and … Veja? The ethical Paris trainer worn by A-listers and royalty","In the grand hierarchy of Paris fashion, it’s tricky for a brand to stand out. Especially one whose coup de maître is a goes-with-everything white sneaker. Yet 20 years after Veja first began selling sustainable footwear, it has become the ultimate affordable It brand for scooter-wielding mums, sustainably minded millennials and A-list bigwigs who want to wear their values on their ethical leather-clad feet. Veja’s co-founder Sébastien Kopp says he doesn’t know if people buy his trainers because of how they are made or because of how they look. The company is fastidious about social and fairtrade practices, “but because we don’t do surveys, we don’t do marketing, we simply don’t know this information”, he says, speaking from Veja’s Paris headquarters. It also doesn’t do freebies. When the actor Emma Watson wanted a pair, she did what no celebrity has ever done, “and she bought”. So did Meghan, the Duchess of Sussex. “I received an email from the [palace] asking about them, but I thought it was fake so I didn’t reply.” The actor Marion Cotillard once listedit as a favourite brand alongside Valentino and Alexander McQueen, and it’s been reported that the company even received a request from the maximalist costume department of Emily in Paris (on this, Veja prefers not to comment). What Veja does know is that it has sold almost 15m pairs worldwide. Its success hinges on several factors. Like a Daunts tote bag, or even a Labubu, branded accessories have become material signals of taste or interest, a way of wearing your values. “The Veja V tells the world this trainer is responsibly designed and produced, and that you care about that,” says Ima Shah, the director at the trend forecasting site Stylus. Fashion helped, too. Oversized clothing is popular right now, but inherently casual. “Big trousers and big shoes don’t work. A sharper shoe formalises that look – it smartens it,” she says. Veja makes sports shoes, but the earlier models, which are most popular, are in effe","Dior, Chanel and … Veja? The ethical Paris trainer worn by A-listers and royalty. In the grand hierarchy of Paris fashion, it’s tricky for a brand to stand out. Especially one whose coup de maître is a goes-with-everything white sneaker. Yet 20 years after Veja first began selling sustainable footwear, it has become the ultimate affordable It brand for scooter-wielding mums, sustainably minded millennials and A-list bigwigs who want to wear their values on their ethical leather-clad feet. Veja’s co-founder Sébastien Kopp says he doesn’t know if people buy his trainers because of how they are made or because of how they look. The company is fastidious about social and fairtrade practices, “but because we don’t do surveys, we don’t do marketing, we simply don’t know this information”, he says, speaking from Veja’s Paris headquarters. It also doesn’t do freebies. When the actor Emma Watson wanted a pair, she did what no celebrity has ever done, “and she bought”. So did Meghan, the Duchess of Sussex. “I received an email from the [palace] asking about them, but I though",Fashion,https://www.theguardian.com/fashion/2025/dec/13/veja-ethical-paris-trainer-worn-a-listers-and-royalty,"""prada"" AND (""luxury"" OR ""fashion"" OR ""stock"")"
fashion/2025/dec/17/falling-sales-stella-mccartney-fashion-designer,2025-12-17,Falling sales at Stella McCartney fuel fears over fashion label’s future,"Sales at Stella McCartney’s fashion label sank by more than a quarter last year tipping it further into the red and adding to fears it could run out of money by 2028. Pre-tax losses at the British brand led by the daughter of former Beatle Sir Paul McCartney widened to £33.6m in 2024 from £25m the year before, while sales fell 27% to £16m, according to accounts filed at Companies House. The latest loss comes after the brand’s directors warned it could run out of cash by 2028 even if its parent company, Anin Star Holding, which is controlled by the designer, did not call in its loans. The label has not made a pre-tax profit since 2017 and has warned for several years about a need for additional funding to keep going. Directors said the company, which is known for its ethical stance and not using leather or fur, had identified contingency measures to spin out cash reserves for longer but admitted they “may consider alternative sources of funding to secure the long-term viability of the business”. The Stella McCartney brand, whose vegan handbags sell for nearly £1,000, said sales rose in the UK and in its stores last year but that was offset by a decline in royalty and wholesale income, which dragged down sales overall. The directors, who include the designer, blamed “challenging market conditions” for the fall in sales. Luxury labels struggled last year with even their well-heeled clientele forced to economise amid the rising cost of living and Chinese shoppers reining in spending. British labels such as Burberry have also blamed slower UK sales on the previous government’s decision to end tax breaks for tourists. McCartney bought back a 49% stake in her eponymous brand in January this year that had been controlled by luxury conglomerate LVMH. The deal reflected “her desire to write a new page in her story independently”, according to a joint statement from LVMH and McCartney at the time. Before that deal, the label was independent for just over a year after McCartney","Falling sales at Stella McCartney fuel fears over fashion label’s future. Sales at Stella McCartney’s fashion label sank by more than a quarter last year tipping it further into the red and adding to fears it could run out of money by 2028. Pre-tax losses at the British brand led by the daughter of former Beatle Sir Paul McCartney widened to £33.6m in 2024 from £25m the year before, while sales fell 27% to £16m, according to accounts filed at Companies House. The latest loss comes after the brand’s directors warned it could run out of cash by 2028 even if its parent company, Anin Star Holding, which is controlled by the designer, did not call in its loans. The label has not made a pre-tax profit since 2017 and has warned for several years about a need for additional funding to keep going. Directors said the company, which is known for its ethical stance and not using leather or fur, had identified contingency measures to spin out cash reserves for longer but admitted they “may consider alternative sources of funding to secure the long-term viability of the b",Fashion,https://www.theguardian.com/fashion/2025/dec/17/falling-sales-stella-mccartney-fashion-designer,"""LVMH"" AND ""fashion"""
film/2026/jan/01/wuthering-heights-devil-wears-prada-odyssey-films-to-get-excited-about-in-2026,2026-01-01,"Doomed lovers, high heels and The Odyssey: films to get excited about in 2026","Hamnet Jessie Buckley may need to hire a carpenter for the silverware-cabinet she is expected to need for her hugely admired performance in the film based on the Maggie O’Farrell novel. She plays Anne (or Agnes) Hathaway, wife of William Shakespeare, grieving the terrible loss of their 11-year-old son, Hamnet, in 1596, which the story imagines to be a spur to the creation of Shakespeare’s play Hamlet. Paul Mescal plays Shakespeare and Emily Watson his mother, Mary. • 9 January. The Voice of Hind Rajab A docufictional account of the last hours in the life of five-year-old Palestinian girl Hind Rajab, killed in 2024 by the IDF in Gaza in her uncle’s car, along with six family members and two paramedics, after sole survivor Rajab herself had stayed on the phone for hours to the Palestinian Red Crescent, desperately begging for help. The film uses the real audio recording of Rajab’s voice and fictionally reconstructs the drama in the call-centre office; real people played by actors, responding to the actual voice. • 16 January H Is for Hawk Can training a goshawk cure grief? Will keeping it indoors – hooded so that it remains calm – and then taking it out hunting allow you to reconnect radically with nature in a way that prissy townies will never understand? Philippa Lowthorpe’s intriguing film, based on Helen Macdonald’s bestselling nature memoir from 2014, stars Claire Foy – who is doing this for real. Foy learned to handle a goshawk and her scenes have a tremendous authenticity. • 23 January No Other Choice Korean director Park Chan-wook brings us a fascinating, complex movie based on Donald Westlake’s satirical horror-thriller The Ax from 1997. It is a story about a salaryman faced with the humiliation of unemployment who decides that he has no other choice but to commit mass murder. It starts out like an Ealing comedy-type caper then somehow morphs into something else: a portrait of family dysfunction, fragile masculinity and the breadwinner crisis, the state of th","Doomed lovers, high heels and The Odyssey: films to get excited about in 2026. Hamnet Jessie Buckley may need to hire a carpenter for the silverware-cabinet she is expected to need for her hugely admired performance in the film based on the Maggie O’Farrell novel. She plays Anne (or Agnes) Hathaway, wife of William Shakespeare, grieving the terrible loss of their 11-year-old son, Hamnet, in 1596, which the story imagines to be a spur to the creation of Shakespeare’s play Hamlet. Paul Mescal plays Shakespeare and Emily Watson his mother, Mary. • 9 January. The Voice of Hind Rajab A docufictional account of the last hours in the life of five-year-old Palestinian girl Hind Rajab, killed in 2024 by the IDF in Gaza in her uncle’s car, along with six family members and two paramedics, after sole survivor Rajab herself had stayed on the phone for hours to the Palestinian Red Crescent, desperately begging for help. The film uses the real audio recording of Rajab’s voice and fictionally reconstructs the drama in the call-centre office; real people played by actors, respon",Film,https://www.theguardian.com/film/2026/jan/01/wuthering-heights-devil-wears-prada-odyssey-films-to-get-excited-about-in-2026,"""devil wears prada"""
film/2026/jan/01/wuthering-heights-michael-jackson-trump-effect-will-2026-see-the-end-of-the-woke-blockbuster,2026-01-01,"Wuthering Heights, Michael Jackson and the ‘Trump effect’ – will 2026 see the end of the ‘woke’ blockbuster? ","It’s fair to say that Hollywood is in crisis, or at least in transition. Studios getting taken over, culture wars all over the place, and gen AI rearing its head. The last thing they need is an interventionist president determined to wage war on the entertainment industry, as well as no doubt extracting what value he can. Donald Trump, as we know, is very interested in the movie business: in his pre-politics days, he made dozens of appearances in films, as well as on TV. It seems very likely that he’s eyeing a place at Hollywood’s top table after he leaves office (presuming he does). Perhaps that’s what is behind his most spectacular recent intervention: demanding, and getting, a fourth Rush Hour movie from the new owners of Paramount Pictures, the studio that was recently taken over by David Ellison, son of Larry, one of Trump’s key allies. Coincidentally, Trump’s son-in-law Jared Kushner is one of the funders of Paramount’s subsequent bid to derail Netflix’s takeover of Warner Bros, with Trump himself suggesting he might influence US corporate regulators to prevent the Netflix deal from going ahead. And of course, in the background, is Trump’s threat of non-specific “tariffs” on the film industry, ostensibly aimed at keeping movie production inside the US. But, arguably, this could also be a way of keeping Hollywood’s top executives nervous and pliable. So how far has it gone? Can we trace any actual Trump effect on the movies we might be watching in 2026? Is the “woke” blockbuster in retreat? Unless it’s put on a bullet-train travelator, we’re not likely to see Rush Hour 4 this year (but it’s been in the works since 2009 so you never know). Entirely typically in Trumpworld, if it does go ahead, it will be the Hollywood comeback for the controversial director Brett Ratner, who hasn’t directed a feature since a series of complaints of sexual assault and harassment were made against him in 2017. (Ratner denied all allegations and settled a case with one of his accus","Wuthering Heights, Michael Jackson and the ‘Trump effect’ – will 2026 see the end of the ‘woke’ blockbuster? . It’s fair to say that Hollywood is in crisis, or at least in transition. Studios getting taken over, culture wars all over the place, and gen AI rearing its head. The last thing they need is an interventionist president determined to wage war on the entertainment industry, as well as no doubt extracting what value he can. Donald Trump, as we know, is very interested in the movie business: in his pre-politics days, he made dozens of appearances in films, as well as on TV. It seems very likely that he’s eyeing a place at Hollywood’s top table after he leaves office (presuming he does). Perhaps that’s what is behind his most spectacular recent intervention: demanding, and getting, a fourth Rush Hour movie from the new owners of Paramount Pictures, the studio that was recently taken over by David Ellison, son of Larry, one of Trump’s key allies. Coincidentally, Trump’s son-in-law Jared Kushner is one of the funders of Paramount’s subsequent bid to derail Netflix’s takeover of Warner Bros, ",Film,https://www.theguardian.com/film/2026/jan/01/wuthering-heights-michael-jackson-trump-effect-will-2026-see-the-end-of-the-woke-blockbuster,"""devil wears prada"""
culture/2026/jan/06/new-film-releases-2026,2026-01-06,Narnia! Dune! Charli xcx! The 2026 films Guardian writers are most excited about,"Narnia: The Magician’s Nephew I doubt very much that 2026 will see anything in the Marty Supreme league, but here’s hoping one of the most bizarre side-steps of the decade turns out as interesting as it hopes. Short of Christopher Nolan signing on to the new Mr Men movie, I didn’t think much would throw the industry a loop as when Greta Gerwig decided to follow up bubblegum blockbuster Barbie with …… a Narnia movie. More specifically, Gerwig – previously a skilled purveyor of achingly hip alt-indie comedy with Lady Bird, Frances Ha and Damsels in Distress – is restarting the Narnia series, which had got through three of CS Lewis’s series before Netflix took over the rights. To my mind, though, The Magician’s Nephew, Lewis’s origins/prequel to the Wardrobe/Caspian/Dawn Treader narrative, is the most interesting of the entire Narnia canon, with its Edenic fall, “deplorable word” and mystical apple. We know some of the cast: Emma Mackey is the future White Witch, Carey Mulligan the terminally ill mother of one of the main kids, and Daniel Craig might be Aslan or mad inventor Uncle Andrew – or both, or neither. All eyes will be naturally be on Gerwig, but I have confidence she will pull it off in style. Andrew Pulver Dune: Messiah After claiming that he was going to focus on other projects and maybe even abandon Dune after two laborious half-book adaptations, Denis Villeneuve, inspired by how Part Two was “received by cinephiles around the world” (LOL), fast-tracked Dune: Messiah. The final chapter in the epic sci-fi trilogy is now due this December (though given that it’s slated to compete against the newest Avengers, that is likely subject to change.) And thank God for that – as the Guardian’s resident Dunehead, I must report that I have been counting down the days to Messiah since Zendaya’s heartbroken Chani fled the scene of her boyfriend’s genocidal freak metamorphosis via sandworm. It does not matter that Frank Herbert’s far weirder sequel may actually be, as some","Narnia! Dune! Charli xcx! The 2026 films Guardian writers are most excited about. Narnia: The Magician’s Nephew I doubt very much that 2026 will see anything in the Marty Supreme league, but here’s hoping one of the most bizarre side-steps of the decade turns out as interesting as it hopes. Short of Christopher Nolan signing on to the new Mr Men movie, I didn’t think much would throw the industry a loop as when Greta Gerwig decided to follow up bubblegum blockbuster Barbie with …… a Narnia movie. More specifically, Gerwig – previously a skilled purveyor of achingly hip alt-indie comedy with Lady Bird, Frances Ha and Damsels in Distress – is restarting the Narnia series, which had got through three of CS Lewis’s series before Netflix took over the rights. To my mind, though, The Magician’s Nephew, Lewis’s origins/prequel to the Wardrobe/Caspian/Dawn Treader narrative, is the most interesting of the entire Narnia canon, with its Edenic fall, “deplorable word” and mystical apple. We know some of the cast: Emma Mackey is the future White Witch, Carey Mulligan the termin",Film,https://www.theguardian.com/culture/2026/jan/06/new-film-releases-2026,"""devil wears prada"""
film/2026/jan/12/march-of-the-penguins-the-golden-globes-red-carpet-marks-the-return-of-the-staid-black-suit,2026-01-12,March of the penguins: the Golden Globes red carpet marks the return of the staid black suit,"Timothée Chalamet was the final clue. As he arrived in good time on the Golden Globes red carpet, the star of Marty Supreme put pay to speculation as to whether the chromatic marketing of the film’s ping pong balls would have him wearing orange. Instead, he wore a black T-shirt; vest, jacket and Timberland boots with silver buttons by Chrome Hearts, souped up with a five-figure Cartier necklace. Kylie Jenner, his partner and sartorial foil, was nowhere to be seen. Styled by Taylor McNeill, who was also responsible for Chalamet’s wildly amusing if chaotic red carpet campaign for the film, the look was bad boy Bond. It also set the tone for an evening of subdued tones. If we thought the penguin suit had gone extinct, we were wrong. The performative male is over – welcome to the return of the staid suit. The Globes are about the movies and winners, but its red carpet is a dry run for the Oscars, and traditionally an opportunity for celebrities and their all powerful stylists to choreograph something inventive. There were exceptions, but they were not among the men. Bella Ramsey wore a Prada suit tied with a pink bow that was positively shocking. At her very first Golden Globes, Chalamet’s co-star Odessa A’zion went for a monochromatic trouser suit of sorts with a froufrou vintage Dolce &amp; Gabbana jacket and satin gloves. A nice bit of era-dressing came from Sinners star Miles Caton’s chestnut pinstripe suit by Amiri. Still, the usual flies in the ointment – Jacob Elordi, Colman Domingo and Jeremy Allen White – towed the line in contemporary twists on ye olde tux by Bottega Veneta, Valentino and Louis Vuitton respectively. Between them, Globes newbie Dwayne Johnson and red carpet veteran Leonardo DiCaprio did little to temper the black tie stuffiness. Perhaps colour was the problem as black reigned supreme among women, too. Aimee Lou Wood in demure Vivienne Westwood looked straight from the Gilded Age. Best supporting actor winner Teyana Taylor opted for a cut out Sc","March of the penguins: the Golden Globes red carpet marks the return of the staid black suit. Timothée Chalamet was the final clue. As he arrived in good time on the Golden Globes red carpet, the star of Marty Supreme put pay to speculation as to whether the chromatic marketing of the film’s ping pong balls would have him wearing orange. Instead, he wore a black T-shirt; vest, jacket and Timberland boots with silver buttons by Chrome Hearts, souped up with a five-figure Cartier necklace. Kylie Jenner, his partner and sartorial foil, was nowhere to be seen. Styled by Taylor McNeill, who was also responsible for Chalamet’s wildly amusing if chaotic red carpet campaign for the film, the look was bad boy Bond. It also set the tone for an evening of subdued tones. If we thought the penguin suit had gone extinct, we were wrong. The performative male is over – welcome to the return of the staid suit. The Globes are about the movies and winners, but its red carpet is a dry run for the Oscars, and traditionally an opportunity for celebrities and their all powerful stylists to choreograp",Film,https://www.theguardian.com/film/2026/jan/12/march-of-the-penguins-the-golden-globes-red-carpet-marks-the-return-of-the-staid-black-suit,"""prada"" AND (""luxury"" OR ""fashion"" OR ""stock"")"
business/2026/jan/14/saks-global-files-for-bankruptcy,2026-01-14,Saks Global files for bankruptcy after takeover leads to financial collapse,"Beleaguered high-end department store conglomerate Saks Global filed for bankruptcy protection on Tuesday, a month after missing the deadline on a $100m interest payment, in one of the largest retail collapses since the pandemic. Barely a year after a deal brought the chains Saks Fifth Avenue, Bergdorf Goodman and Neiman Marcus together, Saks Global said it had filed for chapter 11 bankruptcy “to facilitate its ongoing transformation”. Such a move can provide a company with more time to restructure its finances without having to shut down. Saks Global said early on Wednesday its stores would remain open for now after it finalised a $1.75bn financing package and appointed a new CEO. Geoffroy van Raemdonck, the former Neiman Marcus CEO, will replace Richard Baker, who was the architect of the acquisition strategy that left Saks Global saddled with debt. Saks Fifth Avenue, the retail arm of Saks Global, listed $1bn to $10bn in assets and liabilities, according to documents filed in US bankruptcy court in Houston, Texas. In the year after Saks and Neiman Marcus combined to form Saks Global, the company became addled with issues, including overdue payments to vendors, who started to withhold inventory. The company’s revenue fell 13% in the second quarter of last year. The company has been showing signs of struggle over the last few weeks. In late December, the company sold its Neiman Marcus Beverly Hills flagship property. Less than two weeks later, longtime Saks executive and CEO Marc Metrick abruptly announced his resignation. A retailer long loved by the rich and famous, from Gary Cooper to Grace Kelly, Saks fell on hard times after the Covid pandemic, as competition from online outlets rose, and brands started more frequently selling items through their own stores. “This is a defining moment for Saks Global, and the path ahead presents a meaningful opportunity to strengthen the foundation of our business and position it for the future,” said van Raemdonck. “In close ","Saks Global files for bankruptcy after takeover leads to financial collapse. Beleaguered high-end department store conglomerate Saks Global filed for bankruptcy protection on Tuesday, a month after missing the deadline on a $100m interest payment, in one of the largest retail collapses since the pandemic. Barely a year after a deal brought the chains Saks Fifth Avenue, Bergdorf Goodman and Neiman Marcus together, Saks Global said it had filed for chapter 11 bankruptcy “to facilitate its ongoing transformation”. Such a move can provide a company with more time to restructure its finances without having to shut down. Saks Global said early on Wednesday its stores would remain open for now after it finalised a $1.75bn financing package and appointed a new CEO. Geoffroy van Raemdonck, the former Neiman Marcus CEO, will replace Richard Baker, who was the architect of the acquisition strategy that left Saks Global saddled with debt. Saks Fifth Avenue, the retail arm of Saks Global, listed $1bn to $10bn in assets and liabilities, according to documents filed in US ban",Business,https://www.theguardian.com/business/2026/jan/14/saks-global-files-for-bankruptcy,"""LVMH"" AND ""fashion"""
business/2026/jan/15/saks-global-bankruptcy,2026-01-15,‘The consumers are still out there’: why a bankruptcy for Saks Global may not spell the end ,"Every year, the stores down Manhattan’s Fifth Avenue dress up their windows at Christmastime. Tourists from all over the world come to gawk at all the glitter, lace, ruffles and bows. Saks’s Fifth Avenue location, so iconic that it’s embedded in the brand’s name, is usually dressed top to bottom during the holidays. In 2023, the store partnered with Christian Dior to display a giant zodiac calendar. As part of the light show, fireworks were released from the top of the store to the oohs and aahs of spectators. But in 2024, the show went dark. Saks Fifth Avenue was without its extravagant lights throughout the holiday season, for the first time since the show debuted in 2004. Money was tight that year. The company had just announced a $2.7bn deal to acquire competitor Neiman Marcus. To fund the deal, Saks borrowed $2.2bn. It was a “challenging year for luxury”, Saks told the New York Post at the time, but the company voiced optimism for the new year. After the acquisition, the newly created Saks Global company would oversee three luxury department store brands: Neiman Marcus, Bergdorf Goodman and Saks Fifth Avenue. But just over a year after this new luxury behemoth was formed, Saks Global on Wednesday announced that it had filed for chapter 11 bankruptcy, amid problems paying off its debts. While filing for chapter 11 bankruptcy doesn’t force a company into liquidation, it’s a major hit to a brand that was once among the most prestigious in retail. The bankruptcy appears to mark the latest in a string of once-quintessential American retail giants now struggling to pay their bills. Many companies that rely on bricks-and-mortar stores have struggled to compete with online retailers. Saks is no exception. But that’s just part of the story. The changing retail environment has shaken many companies, but some – even department stores – are learning to survive. Saks competitors Bloomingdale’s and Nordstrom both reported revenue growth last year. So what happened to Saks? T","‘The consumers are still out there’: why a bankruptcy for Saks Global may not spell the end . Every year, the stores down Manhattan’s Fifth Avenue dress up their windows at Christmastime. Tourists from all over the world come to gawk at all the glitter, lace, ruffles and bows. Saks’s Fifth Avenue location, so iconic that it’s embedded in the brand’s name, is usually dressed top to bottom during the holidays. In 2023, the store partnered with Christian Dior to display a giant zodiac calendar. As part of the light show, fireworks were released from the top of the store to the oohs and aahs of spectators. But in 2024, the show went dark. Saks Fifth Avenue was without its extravagant lights throughout the holiday season, for the first time since the show debuted in 2004. Money was tight that year. The company had just announced a $2.7bn deal to acquire competitor Neiman Marcus. To fund the deal, Saks borrowed $2.2bn. It was a “challenging year for luxury”, Saks told the New York Post at the time, but the company voiced optimism for the new year. After the acquisition, the newly cre",Business,https://www.theguardian.com/business/2026/jan/15/saks-global-bankruptcy,"""Kering"" AND ""fashion"""
fashion/2026/jan/18/prada-political-dolce-gabbana-makes-racial-misstep-milan-mens-fashion-show,2026-01-18,"Prada show rejects political elite, as Dolce & Gabbana criticised for ‘50 shades of white’","Miuccia Prada and Raf Simons, the two designers behind Prada, are well aware that fashion is about more than clothes. However, backstage after their menswear show in Milan on Sunday, the duo said the volatile present moment was a difficult one to translate to a collection. “You talk about the world now,” said Prada “or you talk about fashion … The two things together, in this moment, are difficult.” The collection was, therefore, “uncomfortable”. Rather than meaning the clothes were not pleasant to wear – this is luxury fashion, after all – there were disparate elements put together in the same outfit: the top of a red sou’wester over a trenchcoat, for example, or a yellow scoop-neck jumper with cuffs of a shirt falling out the sleeve. (There were also some useful unexpected styling tips, such as wallets stuffed in a back pocket, or brightly coloured shoe laces). Asked about the role of the designer now, Simons responded: “We ask ourselves that question every day. [We might not answer it but] the fact that we [ask the] question is important. You cannot be in an ivory tower and not look around.” Simons said the connections between fashion and politics had changed: “In the past, people did react to world situations with the way they dressed, if you go to the 60s or 70s and further back. Now, it’s not directly a reaction [but] we feel like we should not sit still, we want to try.” He pointed to the deconstructed tailoring, as with those shirt cuffs, as one way to reject the image of the political elite. “We don’t want the American corporate kind of masculine power,” said Simons. “No, make it youthful.” “Now is a moment of big changes,” said Prada. “Who knows the future? [But] what do you want to keep? What can you transform? How can you learn from this?” Based on this collection, having more questions than answers has rarely looked so good. Dolce &amp; Gabbana’s show on Saturday has also become a talking point during the menswear shows, thanks to what looks like an ent","Prada show rejects political elite, as Dolce & Gabbana criticised for ‘50 shades of white’. Miuccia Prada and Raf Simons, the two designers behind Prada, are well aware that fashion is about more than clothes. However, backstage after their menswear show in Milan on Sunday, the duo said the volatile present moment was a difficult one to translate to a collection. “You talk about the world now,” said Prada “or you talk about fashion … The two things together, in this moment, are difficult.” The collection was, therefore, “uncomfortable”. Rather than meaning the clothes were not pleasant to wear – this is luxury fashion, after all – there were disparate elements put together in the same outfit: the top of a red sou’wester over a trenchcoat, for example, or a yellow scoop-neck jumper with cuffs of a shirt falling out the sleeve. (There were also some useful unexpected styling tips, such as wallets stuffed in a back pocket, or brightly coloured shoe laces). Asked about the role of the designer now, Simons responded: “We ask ourselves that question every day. [We might not answer ",Fashion,https://www.theguardian.com/fashion/2026/jan/18/prada-political-dolce-gabbana-makes-racial-misstep-milan-mens-fashion-show,"""prada"" AND (""luxury"" OR ""fashion"" OR ""stock"")"
fashion/2026/jan/19/fashion-first-glimpse-armani-post-giorgio-direction,2026-01-19,Fashion world gets first glimpse of Armani’s post-Giorgio direction,"What exactly Giorgio Armani looks like without its eponymous founder at the helm has been the burning question in the fashion industry since the designer’s death in September. In Milan on Monday afternoon, it got its answer as the designer’s collaborator and right-hand man of four decades, Leo Dell’Orco, made his debut at the Italian fashion house where he will oversee menswear for the foreseeable future. It was the first Armani collection in which the late designer had no involvement. If Armani under Armani was known for its relaxed, deconstructed suiting and fluid folds in silk, velvet and cashmere, all in his signature shade of “greige”, Dell’Orco kept all but the colour palette, shifting focus away from the famous portmanteau towards jewel-like tones. Here, the everyday Armani uniform of relaxed velvet coordinates, brushed cashmere shackets and velvet polo shirts came in amethyst, sapphire and lapis blue hues Elsewhere, a 1980s sensibility came to the fore, with leather bomber and aviator-inspired jackets, jacquard knitwear and rakish suiting that was one-part Withnail, one part member of A-ha. The latter is a savvy move in many ways, tapping into the increased appetite for vintage Armani. In the days after Giorgio’s death, eBay reported a 192% spike in searches for the brand, while searches on Vinted were three times higher than normal. The general consensus from the menswear press in response to the show, which took place in the same basement room at Armani HQ that it has done in recent history, with many of the same models walking the runway, was positive. “It definitely felt like the brand wasn’t trying to reinvent itself after the passing of Mr Armani,” says Zak Maoui, the style director at Gentleman’s Journal. “Dell’Orco left his mark without distorting the lasting memory we have of, ultimately, the iconic brand that Armani built. That said, there was a mood shift and the music was more upbeat … it felt like a celebration of Armani.” Paul Toner, the deputy","Fashion world gets first glimpse of Armani’s post-Giorgio direction. What exactly Giorgio Armani looks like without its eponymous founder at the helm has been the burning question in the fashion industry since the designer’s death in September. In Milan on Monday afternoon, it got its answer as the designer’s collaborator and right-hand man of four decades, Leo Dell’Orco, made his debut at the Italian fashion house where he will oversee menswear for the foreseeable future. It was the first Armani collection in which the late designer had no involvement. If Armani under Armani was known for its relaxed, deconstructed suiting and fluid folds in silk, velvet and cashmere, all in his signature shade of “greige”, Dell’Orco kept all but the colour palette, shifting focus away from the famous portmanteau towards jewel-like tones. Here, the everyday Armani uniform of relaxed velvet coordinates, brushed cashmere shackets and velvet polo shirts came in amethyst, sapphire and lapis blue hues Elsewhere, a 1980s sensibility came to the fore, with leather bomber and ",Fashion,https://www.theguardian.com/fashion/2026/jan/19/fashion-first-glimpse-armani-post-giorgio-direction,"""LVMH"" AND ""fashion"""
business/live/2026/jan/19/global-stock-markets-trump-tariff-threats-rachel-reeves-city-business-live-news,2026-01-19,"European stock markets fall as Trump renews tariff threats; trade war would be a ‘wrecking ball’ for UK manufacturing, union says","Time to wrap up… Markets have been digesting news of Trump’s latest tariff threats, this time targeting eight European countries that are not supporting his controversial push to annex Greenland. While the US stock market was shut for the public holiday, European stocks dipped, as investors bet that European companies could suffer if exports to the US were curbed as a result. The FTSE 100 closed down 0.39% at 10,195.35 points, while the French Cac 40 ended the day down 1.78%, Germany’s Dax fell 1.33% and Spain’s IBEX dropped 0.26%. But while US stocks were not trading, the US dollar index took a hit, falling 0.35% against a basket of global currencies. Brent crude prices, which started the day down 0.73%, stabilised to trade flat at $64.14 on Monday afternoon. Safe haven assets benefited amid the jitters, with spot gold prices up 1.7% at $4,673 per ounce. That was not far behind fresh records set this morning, when it rose as much as $4,689.39 per ounce. All eyes will turn state-side tomorrow, for US reaction to the American president’s latest geopolitical pressures. We’ll be back then. Thanks for reading -KM The FTSE 100 has closed down 0.39% at 10,195.35 points, while the French Cac 40 ended the day down 1.78%, Germany’s Dax fell 1.33% and Spain’s IBEX was down 0.26%. But with US markets closed today, we’re not yet seeing the full fallout of Trump’s Greenland-retaliation tariff threats, with all eyes turning to Tuesday’s trading session. AJ Bell’s head of financial analysis Danni Hewson says: The fact US markets are closed for a public holiday means we’re only seeing half the picture today. London’s blue-chip FTSE 100 was cushioned from the full impact of investor nerves over Donald Trump’s tariff threats, after shares in insurer Beazley hit a record high on news that Swiss rival Zurich had tabled an offer to snap up the company. But fears that a hard-fought trade deal between Europe and the US might now be off the cards contributed to significant falls across Eur","European stock markets fall as Trump renews tariff threats; trade war would be a ‘wrecking ball’ for UK manufacturing, union says. Time to wrap up… Markets have been digesting news of Trump’s latest tariff threats, this time targeting eight European countries that are not supporting his controversial push to annex Greenland. While the US stock market was shut for the public holiday, European stocks dipped, as investors bet that European companies could suffer if exports to the US were curbed as a result. The FTSE 100 closed down 0.39% at 10,195.35 points, while the French Cac 40 ended the day down 1.78%, Germany’s Dax fell 1.33% and Spain’s IBEX dropped 0.26%. But while US stocks were not trading, the US dollar index took a hit, falling 0.35% against a basket of global currencies. Brent crude prices, which started the day down 0.73%, stabilised to trade flat at $64.14 on Monday afternoon. Safe haven assets benefited amid the jitters, with spot gold prices up 1.7% at $4,673 per ounce. That was not far behind fresh records set this morning, when it rose as much as $4,689.39 per ounce. All eyes will turn state-side t",Business,https://www.theguardian.com/business/live/2026/jan/19/global-stock-markets-trump-tariff-threats-rachel-reeves-city-business-live-news,"""LVMH"" AND ""fashion"""
fashion/2026/jan/19/valentino-italian-fashion-designer-dies,2026-01-19,Italian fashion designer Valentino dies aged 93,"Valentino Garavani, the designer central to pioneering Italian glamour with his eponymous fashion house, has died aged 93. “Valentino Garavani passed away today at his Roman residence, surrounded by his loved ones,” his foundation said on Instagram on Monday. “Valentino Garavani was not only a constant guide and inspiration for all of us, but a true source of light, creativity and vision,” it added. The designer’s body will lie in state at the foundation’s headquarters in Rome on Wednesday and Thursday, with his funeral due to take place in the Italian capital on Friday. Italy’s prime minister, Giorgia Meloni, paid tribute, posting on X: “Valentino, undisputed master of style and elegance and eternal symbol of Italian high fashion. Today Italy loses a legend, but his legacy will continue to inspire generations. Thank you for everything.” Known simply as Valentino, the designer was renowned for his opulent and elegant take on fashion that attracted famous fans. He founded his house in 1959 and could soon count Sophia Loren and Elizabeth Taylor among his devotees. He designed the clothes worn by Monica Vitti in Michelangelo Antonioni’s film La Notte in 1961, while Jackie Kennedy wore his clothes for several years in the 1960s. In 1966, she urged him to “live 100 years!” She went on to marry Aristotle Onassis in 1968, wearing a Valentino wedding dress. The red dress was Valentino’s signature item, part of his aesthetic from the very start. His first collection featured a red tulle dress called the Fiesta. The shade of red that he has used – halfway between crimson and poppy – is now so well known that it is officially recognised by the colour authority Pantone. Valentino was at the top of the fashion game for more than 45 years – retiring in 2007, after a final haute couture show where every model wore a red dress. During his career he was on speed dial to an increasingly A-list coterie of women: models including Naomi Campbell and Claudia Schiffer were often seen wear","Italian fashion designer Valentino dies aged 93. Valentino Garavani, the designer central to pioneering Italian glamour with his eponymous fashion house, has died aged 93. “Valentino Garavani passed away today at his Roman residence, surrounded by his loved ones,” his foundation said on Instagram on Monday. “Valentino Garavani was not only a constant guide and inspiration for all of us, but a true source of light, creativity and vision,” it added. The designer’s body will lie in state at the foundation’s headquarters in Rome on Wednesday and Thursday, with his funeral due to take place in the Italian capital on Friday. Italy’s prime minister, Giorgia Meloni, paid tribute, posting on X: “Valentino, undisputed master of style and elegance and eternal symbol of Italian high fashion. Today Italy loses a legend, but his legacy will continue to inspire generations. Thank you for everything.” Known simply as Valentino, the designer was renowned for his opulent and elegant take on fashion that attracted famous fans. He founded his house in 1",Fashion,https://www.theguardian.com/fashion/2026/jan/19/valentino-italian-fashion-designer-dies,"""Kering"" AND ""fashion"""
lifeandstyle/2026/jan/15/whats-in-our-analog-bags,2026-01-20,What’s in your ‘analog bag’? Unpacking the viral trend – in a stuffed tote,"Each week we cut through the noise to bring you smart, practical recommendations on how to live better – from what is worth buying to the tools, habits and ideas that actually last. Since I was a tween, I’ve spent hours looking down at a screen. Ten years later, I’m hungry for phone-free alternatives that’ll let me spend more time connecting with others and less on social media. Luckily for me, other people are on the same page. 2026’s analog resurgence has brought about many creative hacks for staying offline. Content creator Sierra Campbell is the mastermind behind one of them: the analog bag, a travel-friendly tote filled with screen-free activities. Our colleagues in the UK recently interviewed Campbell, detailing how she dreamed up the idea and the bag’s rising popularity among younger generations. I asked Campbell how I could put together a bag of my own. She shared her best tips, helping me curate a kit that encompasses her essentials for what a great analog activity should provide you: convenience, creativity and community. At a glance: what’s in my analog bag Papier planner $28.80 at Papier Olympus Muji II film camera Varied prices at eBay Winsor &amp; Newton Watercolor Kit $18.45 at Amazon Wuthering Heights Book $18.45 at Amazon *** Make it portable Your analog bag should be travel-friendly. “The same way that my phone is in my back pocket, my bag is on my person because that’s the habit replacement,” Campbell said. She uses the cult favorite Trader Joe’s mini tote to hold her tech-free items. What’s in my bag: I got Campbell’s pick from my local Trader Joe’s, but you can also find them secondhand on Depop or use a tote bag you have on hand. *** Pack physical replacements for phone apps Phones are capable of more than revealing that your friends all hung out without you or plunging you into TikTok’s addictive algorithm – we’ve been known to use them for taking pictures or listening to music. Campbell recommended putting items in your analog bag that will r","What’s in your ‘analog bag’? Unpacking the viral trend – in a stuffed tote. Each week we cut through the noise to bring you smart, practical recommendations on how to live better – from what is worth buying to the tools, habits and ideas that actually last. Since I was a tween, I’ve spent hours looking down at a screen. Ten years later, I’m hungry for phone-free alternatives that’ll let me spend more time connecting with others and less on social media. Luckily for me, other people are on the same page. 2026’s analog resurgence has brought about many creative hacks for staying offline. Content creator Sierra Campbell is the mastermind behind one of them: the analog bag, a travel-friendly tote filled with screen-free activities. Our colleagues in the UK recently interviewed Campbell, detailing how she dreamed up the idea and the bag’s rising popularity among younger generations. I asked Campbell how I could put together a bag of my own. She shared her best tips, helping me curate a kit that encompasses her essentials for what a great analog activity should prov",The Filter US,https://www.theguardian.com/lifeandstyle/2026/jan/15/whats-in-our-analog-bags,"""prada"" AND (""luxury"" OR ""fashion"" OR ""stock"")"
books/2026/jan/22/workhorse-by-caroline-palmer-review-a-devil-wears-prada-style-tale-of-ambition,2026-01-22,Workhorse by Caroline Palmer review – a Devil Wears Prada-style tale of ambition,"Last year the New York Times ran a quiz entitled “Could You Have Landed a Job at Vogue in the 90s?” It was based on the fabled four-page exam Anna Wintour had would-be assistants sit – a cultural literacy test containing questions about 178 notable people, places, books and films. I’m afraid that this former (British) Vogue intern did not pass muster: wrong era, wrong country. A woman who almost certainly would pass with flying colours is the former Vogue staffer Caroline Palmer, now the author of a novel, Workhorse, set at “the magazine” during the dying days of a golden age of women’s glossies, when the lunches were boozy, the couture was free and almost anything could be expensed. In this first decade of the new millennium, we meet Clodagh, or Clo, a suburban twentysomething “workhorse” trying to make it in a world of rich, beautiful, well-connected “show horses”, and willing to do almost anything to get there. The women’s magazine has an established literary history, from The Bell Jar to The Devil Wears Prada. So too does the genre we’ll call “young woman comes of age in New York City” – I’m thinking of books such as The Girls’ Guide to Hunting and Fishing, Rules of Civility and My Salinger Year. Then there’s the grifter narrative (The Talented Mr Ripley, Emma Cline’s The Guest, Gatsby, even Breakfast at Tiffany’s). The grifter isn’t solely an American phenomenon, but it makes the most sense there; a new country without an aristocracy, where reinvention always feels possible. Workhorse is a novel that ticks so many boxes it’s unsurprising that it provoked a bidding war. It even has that most fashionable of protagonists: a highly dislikable heroine. Clo is a liar, a thief and an alcoholic who brims with class envy and internalised misogyny. The way she describes other women is often vile, though sometimes hilarious: “she looks particularly haggard tonight in the harsh kitchen lighting, like when you spot a famous actress buying bananas at a Midtown bodega”. It fe","Workhorse by Caroline Palmer review – a Devil Wears Prada-style tale of ambition. Last year the New York Times ran a quiz entitled “Could You Have Landed a Job at Vogue in the 90s?” It was based on the fabled four-page exam Anna Wintour had would-be assistants sit – a cultural literacy test containing questions about 178 notable people, places, books and films. I’m afraid that this former (British) Vogue intern did not pass muster: wrong era, wrong country. A woman who almost certainly would pass with flying colours is the former Vogue staffer Caroline Palmer, now the author of a novel, Workhorse, set at “the magazine” during the dying days of a golden age of women’s glossies, when the lunches were boozy, the couture was free and almost anything could be expensed. In this first decade of the new millennium, we meet Clodagh, or Clo, a suburban twentysomething “workhorse” trying to make it in a world of rich, beautiful, well-connected “show horses”, and willing to do almost anything to get there. The women’s magazine has an established literary history, from The Bell ",Books,https://www.theguardian.com/books/2026/jan/22/workhorse-by-caroline-palmer-review-a-devil-wears-prada-style-tale-of-ambition,"""devil wears prada"""
fashion/2026/jan/23/stars-valentino-funeral-tributes-red,2026-01-23,"As stars wear black at Valentino’s funeral, tributes are dressed in red","“The red dress,” said Valentino Garavani in 1992, “is always magnificent”. This week, after the announcement of his death at the age of 93, the red dress – and the distinctive shade of red long associated with the designer known simply as Valentino – is back in the spotlight. In tribute, the cover of Vogue Italia’s February issue – out this month – will be a take on Valentino red, while Donatella Versace wore a bright red suit when she went to pay tribute to her fellow designer, as he lay in state in Rome on Thursday. While most of the mourners at his funeral on Friday – including the actor Anne Hathaway, and fashion’s Anna Wintour, Donatella Versace and Tom Ford – were dressed in black, Damian Hurley, the son of the actor Elizabeth Hurley, accessorised with a bright red scarf. Valentino produced his first red dress in his debut collection in 1959. Called Fiesta, it was a strapless gown decorated with roses across a full skirt. He was famously inspired by the sight of an older woman at the opera wearing a red dress, and how she stood out from the crowd. It was this impact that arguably made the designer continue to use the colour throughout his career, says Alistair O’Neill, the curator of Somerset House’s Valentino: Master of Couture exhibition in 2012. But, as images of women wearing Valentino’s dresses attest, the specific shade mattered: scarlet, with a hint of blue. “It’s a tone that works across a range of skin colours and it makes nearly all women look great,” says O’Neill. “I think that’s because it’s a very pure and clean colour but it has a luminosity about it.” Charlie Porter, a fashion writer who worked on Valentino Rosso, a 2022 coffee table book about the colour, notes that Valentino developed his colour before Pantone began systemising colours in the early 60s. “[Now] if you say the number on the Pantone chart, a graphic designer in Tokyo can design with the same colour as someone in Los Angeles,” he says. “[Valentino’s] red is a red with real sensiti","As stars wear black at Valentino’s funeral, tributes are dressed in red. “The red dress,” said Valentino Garavani in 1992, “is always magnificent”. This week, after the announcement of his death at the age of 93, the red dress – and the distinctive shade of red long associated with the designer known simply as Valentino – is back in the spotlight. In tribute, the cover of Vogue Italia’s February issue – out this month – will be a take on Valentino red, while Donatella Versace wore a bright red suit when she went to pay tribute to her fellow designer, as he lay in state in Rome on Thursday. While most of the mourners at his funeral on Friday – including the actor Anne Hathaway, and fashion’s Anna Wintour, Donatella Versace and Tom Ford – were dressed in black, Damian Hurley, the son of the actor Elizabeth Hurley, accessorised with a bright red scarf. Valentino produced his first red dress in his debut collection in 1959. Called Fiesta, it was a strapless gown decorated with roses across a full skirt. He was famously inspired by the sight of an older woman at",Fashion,https://www.theguardian.com/fashion/2026/jan/23/stars-valentino-funeral-tributes-red,"""devil wears prada"""
business/live/2026/jan/27/eu-car-sales-electric-tesla-elon-musk-gold-rises-business-live-latest-news-updates,2026-01-27,Treasury announces business rate support package worth more than £80m a year – as it happened,"The Treasury has unveiled a support package worth more than £80m a year for pubs and live music venues in England and Wales, in a climbdown that follows a fierce backlash against plans to overhaul business rates. Trade bodies had warned that Rachel Reeves’s changes to business rates, announced at the chancellor’s November budget, would trigger widespread closures and job losses in the hospitality sector, particularly in pubs. On Tuesday, the government announced financial support to mitigate the effect of the rates shake-up, after officials admitted that they had not foreseen its total financial impact. The package, final details of which were still being hammered out on Monday night, is expected to be worth more than £80m a year, over three years, for pubs and gig venues. Dan Tomlinson, the exchequer secretary to the Treasury, said every pub in England and Wales would get 15% off its new business rates bill from 1 April, worth an average of £1,650 for each. Bills will then be frozen in real terms, factoring in inflation, for a further two years. Tomlinson said: This support is worth £1,650 for the average pub just next year, and will mean that around three-quarters of pubs will see their bills either fall or stay the same next year. Tomlinson said three-quarters of pubs would see their rates bill fall or stay the same next year and rates across the sector as a whole would be lower in 2028-29 than they are now. Our other main stories: Thank you for reading. We’ll be back tomorrow. Bye! – JK Rachel Kelly, associate policy director of the British Property Federation, said: We welcome any additional support for pubs but the fact that emergency measures are needed just weeks after Government introduced its new two-tier system for business rates shows the changes have not been properly considered. The withdrawal of business rates relief for high street businesses has only been partially offset by the new split system, whereby smaller retail and hospitality premises pay a","Treasury announces business rate support package worth more than £80m a year – as it happened. The Treasury has unveiled a support package worth more than £80m a year for pubs and live music venues in England and Wales, in a climbdown that follows a fierce backlash against plans to overhaul business rates. Trade bodies had warned that Rachel Reeves’s changes to business rates, announced at the chancellor’s November budget, would trigger widespread closures and job losses in the hospitality sector, particularly in pubs. On Tuesday, the government announced financial support to mitigate the effect of the rates shake-up, after officials admitted that they had not foreseen its total financial impact. The package, final details of which were still being hammered out on Monday night, is expected to be worth more than £80m a year, over three years, for pubs and gig venues. Dan Tomlinson, the exchequer secretary to the Treasury, said every pub in England and Wales would get 15% off its new business rates bill from 1 April, worth an average of £1,650 for each. Bills will then be frozen i",Business,https://www.theguardian.com/business/live/2026/jan/27/eu-car-sales-electric-tesla-elon-musk-gold-rises-business-live-latest-news-updates,"""Kering"" AND ""fashion"""
business/live/2026/jan/28/ai-boom-produce-dollar-federal-reserve-interest-rates-business-live-latest-news-updates,2026-01-28,"Wall Street index rises above 7,000 for the first time; SpaceX mulls $1.5tn IPO in June – business live","Wall Street stocks are higher, with the S&amp;P 500 crossing through the 7,000 mark for the first time. Over here, the FTSE 100 index has slipped 0.35% to 10,172 while the French and Spanish stock markets have tumbled more than 1%. The US dollar has stabilised somewhat, but is hovering at a four-year low against a basket of major currencies. Yesterday Donald Trump brushed off concerns over the currency’s fall, sending investors fleeing to traditional havens including gold and the Swiss franc. Spot gold broke through $5,300 an ounce at one stage, and is now 1.7% higher at $5,275 an ounce. Our other main stories: Thank you for reading. We’ll be back tomorrow. Take care! – JK On Wall Street, the S&amp;P 500 index has gone through the 7,000 mark for the first time, driven by optimism around artificial intelligence and expectations of strong results from big technology companies. The index is now up 29 points just below the 7,000 level. The tech-heavy Nasdaq rose 150 points, or 0.6%, to 23,967 at the open. It took about three years for the S&amp;P 500 to rise to 5,000 points from 4,000, but only about nine months to jump from 5,000 to 6,000, in November 2024. Technology stocks account for nearly half of the S&amp;P 500. Facebook and Instagram owner Meta, Microsoft and Tesla are due to report earnings later today. The Federal Reserve is expected to hold interest rates steady at it the end of its two-day meeting, at 7pm GMT. Luca Bindelli, head of investment strategy, and Kiran Kowshik, currency strategist at the Swiss private bank Lombard Odier, have looked at the recent dollar weakness. Purported coordinated intervention signals from the Federal Reserve and the Bank of Japan to counter previous excessive Japanese yen weakness have reinforced market perceptions that US authorities may be increasingly willing to tolerate a softer dollar. Against a backdrop of heightened geopolitical uncertainty, US trade policy, and the upcoming Federal Reserve chair nomination, where conc","Wall Street index rises above 7,000 for the first time; SpaceX mulls $1.5tn IPO in June – business live. Wall Street stocks are higher, with the S&amp;P 500 crossing through the 7,000 mark for the first time. Over here, the FTSE 100 index has slipped 0.35% to 10,172 while the French and Spanish stock markets have tumbled more than 1%. The US dollar has stabilised somewhat, but is hovering at a four-year low against a basket of major currencies. Yesterday Donald Trump brushed off concerns over the currency’s fall, sending investors fleeing to traditional havens including gold and the Swiss franc. Spot gold broke through $5,300 an ounce at one stage, and is now 1.7% higher at $5,275 an ounce. Our other main stories: Thank you for reading. We’ll be back tomorrow. Take care! – JK On Wall Street, the S&amp;P 500 index has gone through the 7,000 mark for the first time, driven by optimism around artificial intelligence and expectations of strong results from big technology companies. The index is now up 29 points just below the 7,000 level. The tech-heavy Nasdaq rose 150 points, or 0.6%, to 23,",Business,https://www.theguardian.com/business/live/2026/jan/28/ai-boom-produce-dollar-federal-reserve-interest-rates-business-live-latest-news-updates,"""LVMH"" AND ""fashion"""
culture/2026/feb/02/meryl-streep-is-as-withering-as-ever-in-first-full-length-trailer-for-devil-wears-prada-2,2026-02-02,Meryl Streep is as withering as ever in first full-length trailer for Devil Wears Prada 2,"The first full-length trailer for The Devil Wears Prada 2 has been released, and given more details on David Frankel’s hotly anticipated follow-up. In the promo, Meryl Streep’s Miranda Priestly and her right-hand man Nigel, played by Stanley Tucci, are seen reuniting with Anne Hathaway’s Andy and, later, Emily Blunt’s Emily. Priestly remembers neither, nor even her habit of referring to all her fashion magazine assistants as Emily – presumably on account of her withering alpha-editor status rather than, say, dementia. The film’s teaser trailer, which was released in November, was reportedly the most-viewed comedy trailer in 15 years, with 181.5m views on YouTube in its first 24 hours. The new full-length trailer hit 2.8m views on YouTube in its first nine hours. The sequel to the 2006 hit will be released in Australia on 30 April, and the UK and US on 1 May. Joining the cast are Kenneth Branagh, as Priestly’s new boyfriend, as well as Sydney Sweeney, Lucy Liu, Justin Theroux, BJ Novak and Pauline Chalamet. Lady Gaga will make a cameo appearance.","Meryl Streep is as withering as ever in first full-length trailer for Devil Wears Prada 2. The first full-length trailer for The Devil Wears Prada 2 has been released, and given more details on David Frankel’s hotly anticipated follow-up. In the promo, Meryl Streep’s Miranda Priestly and her right-hand man Nigel, played by Stanley Tucci, are seen reuniting with Anne Hathaway’s Andy and, later, Emily Blunt’s Emily. Priestly remembers neither, nor even her habit of referring to all her fashion magazine assistants as Emily – presumably on account of her withering alpha-editor status rather than, say, dementia. The film’s teaser trailer, which was released in November, was reportedly the most-viewed comedy trailer in 15 years, with 181.5m views on YouTube in its first 24 hours. The new full-length trailer hit 2.8m views on YouTube in its first nine hours. The sequel to the 2006 hit will be released in Australia on 30 April, and the UK and US on 1 May. Joining the cast are Kenneth Branagh, as Priestly’s new boyfriend, as well as Sydney Sweeney, Lucy Liu, Justin Theroux, BJ Novak ",Culture,https://www.theguardian.com/culture/2026/feb/02/meryl-streep-is-as-withering-as-ever-in-first-full-length-trailer-for-devil-wears-prada-2,"""devil wears prada"""
film/2026/feb/05/amazon-pulls-melania-from-cinema-after-owners-criticism-as-rumours-mount-over-fake-ticket-sales,2026-02-05,Amazon pulls Melania from Oregon cinema after owner’s criticism as rumours mount over ‘fake ticket sales’,"An independent cinema in Oregon has claimed Amazon pulled screenings of their documentary about Melania Trump in protest at the cinema’s marketing strategy. As reported by local newspaper the Lake Oswego Review, the general manager of the Lake Theater &amp; Cafe has claimed the corporation cancelled future screenings of Brett Ratner’s authorised study of the first lady after being alerted to promotional pushes such as: “To defeat your enemy. You must know them. Melania” and “Does Melania wear Prada? Find out on Friday!” Writing on the cinema’s Instagram, Jordan Perry said: “Got a call that the higher ups (ie, at Amazon) were upset with how our marquee marketed their movie (ie, Melania), that, per them, Sunday would be its last day here.” Perry added that he hoped Amazon wouldn’t cancel his Prime membership and directed devoted Amazon fans to “show your support at Whole Foods instead”. The cinema owner also addressed those who had criticised his decision to show the film in the first place. In a post titled Why I, Jordan, Got Melania Here,” Perry wrote that his overriding instinct was that the programming “would be funny”. There was also a financial imperative, he added: “The film marketplace this week and next were a desert … So, to fill a screen, why not get this inexplicable vanity piece from the current president’s wife? I mean, it just seems so weird that it even exists (who wants a movie about Melania lol?), and wouldn’t it then be exponentially weirder, to the point of being funny, to show it here, at your obviously anti-establishment, occasionally troublemaking, neighbourhood cinema?” Amazon’s cancellation of the film in the Oregon cinema comes as some in the US have flagged the incongruity of healthy ticket sales and apparently empty cinemas. The film took $7m (£5.1m) over its opening weekend domestically and opened at No 3 in the US box office charts. The Daily Beast reports that there have been accusations of “fake tickets sales” to boost the box office to","Amazon pulls Melania from Oregon cinema after owner’s criticism as rumours mount over ‘fake ticket sales’. An independent cinema in Oregon has claimed Amazon pulled screenings of their documentary about Melania Trump in protest at the cinema’s marketing strategy. As reported by local newspaper the Lake Oswego Review, the general manager of the Lake Theater &amp; Cafe has claimed the corporation cancelled future screenings of Brett Ratner’s authorised study of the first lady after being alerted to promotional pushes such as: “To defeat your enemy. You must know them. Melania” and “Does Melania wear Prada? Find out on Friday!” Writing on the cinema’s Instagram, Jordan Perry said: “Got a call that the higher ups (ie, at Amazon) were upset with how our marquee marketed their movie (ie, Melania), that, per them, Sunday would be its last day here.” Perry added that he hoped Amazon wouldn’t cancel his Prime membership and directed devoted Amazon fans to “show your support at Whole Foods instead”. The cinema owner also addressed those who had criticised his decision to show the film in the first pl",Film,https://www.theguardian.com/film/2026/feb/05/amazon-pulls-melania-from-cinema-after-owners-criticism-as-rumours-mount-over-fake-ticket-sales,"""prada"" AND (""luxury"" OR ""fashion"" OR ""stock"")"
fashion/2026/feb/11/ralph-lauren-opens-new-york-fashion-week-us-poet-laureate-of-style,2026-02-11,US poet laureate of style Ralph Lauren opens New York fashion week ,"Ralph Lauren is the US’s poet laureate of style. His brand came of age in a gilded era of American charm, when Bill Clinton was president, the economy was booming and the twin towers glittered on the Manhattan skyline. His clothes speak to an America of sportsmanship and vigour, where everyone has a firm handshake and perfect teeth. The US could use some poetry right now, and Lauren is still the man. In fact, at 86, he is the hottest designer at New York fashion week. The king of American fashion in the 1990s, Lauren presided over a solid commercial business in the two decades that followed. Decline seemed inevitable – between 2016 and 2018 sales fell by $1.3bn, or 18% – but with a personal fortune estimated by Bloomberg at $16.4bn, he looked on course to enjoy an extremely comfortable retirement. Generation Z turned the trajectory around. Now entering adulthood, they are moving away from the ultra-casual, street-coded sportswear of oversized hoodies and bulky trainers and rediscovering the neater, more refined codes of preppy fashion that Lauren brought into the mainstream. Knits are replacing splashy sweatshirts, ironed and collared rugby shirts replacing shiny football kit, and loafers are back on the streets. The unabashed optimism of the Ralph Lauren worldview, in which carefully diverse groups of beautiful young people sell a wholesome dream of American chutzpah delivered with grace and manners has hit a nerve with a generation looking for reassurance and harmony in a fractious cultural landscape. The Ralph Lauren renaissance has been steered by CEO Patrice Louvet, who has harnessed the emotional intelligence of the founder into a marketing strategy that has brought the brand to life on social media platforms. Shoppers who spend their time scrolling TikTok and Instagram instead of strolling malls have discovered the brand for themselves. A consistent aesthetic keeps sales steady – roughly 70% of product remains similar year after year, minimising expensive mis","US poet laureate of style Ralph Lauren opens New York fashion week . Ralph Lauren is the US’s poet laureate of style. His brand came of age in a gilded era of American charm, when Bill Clinton was president, the economy was booming and the twin towers glittered on the Manhattan skyline. His clothes speak to an America of sportsmanship and vigour, where everyone has a firm handshake and perfect teeth. The US could use some poetry right now, and Lauren is still the man. In fact, at 86, he is the hottest designer at New York fashion week. The king of American fashion in the 1990s, Lauren presided over a solid commercial business in the two decades that followed. Decline seemed inevitable – between 2016 and 2018 sales fell by $1.3bn, or 18% – but with a personal fortune estimated by Bloomberg at $16.4bn, he looked on course to enjoy an extremely comfortable retirement. Generation Z turned the trajectory around. Now entering adulthood, they are moving away from the ultra-casual, street-coded sportswear of oversized hoodies and bulky trainers and rediscoverin",Fashion,https://www.theguardian.com/fashion/2026/feb/11/ralph-lauren-opens-new-york-fashion-week-us-poet-laureate-of-style,"""devil wears prada"""
fashion/2026/feb/11/method-dressing-nine-actors-who-stayed-in-character-red-carpet,2026-02-11,Method dressing: nine actors who stayed wildly in character on the red carpet,"‘Have you ever heard of a female actor that was method?” Kristen Stewart said last year, the implication being that method acting is the exclusive preserve of a particular type of man, unburdened by caring responsibilities or needing to be agreeable. But what is available to all actors (without getting their teeth pulled, taking magic mushrooms or demanding to be spoon-fed on set) is method dressing: that is, promoting a film in an outfit inspired by their character. Everyone seems to be doing it, particularly in the past few months as Wicked: For Good and now Wuthering Heights have hit the red carpet. Why? It’s a low-stakes way to offer an extra endorsement for the film the actor is promoting (they liked it so much they’re willing to stay in character) and to drum up column inches and excitable TikTok commentary. It can also be a knowing wink – a gift, even – to fans. Some actors (or their stylists) include subtler sartorial semiotics and Easter egg accessories in their outfits that only the hardcore fandom and fashion nerds can appreciate. Either way, there’s a lot of it about. But who are the Daniel Day-Lewises and Robert De Niros of promo tour dressing? Margot Robbie – Wuthering Heights The undisputed queen of method and her stylist Andrew Mukamal have outdone themselves in the past week, with a high gothic Wuthering Heights “tour-drobe” that requires a close line reading of the 1847 classic to decode. Her outfits feature lots of red (a leitmotif in the film; Kate Bush may approve), a snakeskin motif referencing Heathcliff’s line “I’d rather be hugged by a snake” and Elizabeth Taylor’s heart-shaped Taj Mahal necklace (more Heathcliff; this time: “I have not broken your heart - you have broken it”). Perhaps its most floridly OTT expression came with last week’s London premiere, at which Robbie wore a Dilara Findikoglu dress crafted from (fake) hair, accessorised with a replica of Charlotte Brontë’s amethyst mourning bracelet, which incorporated (real) hair from h","Method dressing: nine actors who stayed wildly in character on the red carpet. ‘Have you ever heard of a female actor that was method?” Kristen Stewart said last year, the implication being that method acting is the exclusive preserve of a particular type of man, unburdened by caring responsibilities or needing to be agreeable. But what is available to all actors (without getting their teeth pulled, taking magic mushrooms or demanding to be spoon-fed on set) is method dressing: that is, promoting a film in an outfit inspired by their character. Everyone seems to be doing it, particularly in the past few months as Wicked: For Good and now Wuthering Heights have hit the red carpet. Why? It’s a low-stakes way to offer an extra endorsement for the film the actor is promoting (they liked it so much they’re willing to stay in character) and to drum up column inches and excitable TikTok commentary. It can also be a knowing wink – a gift, even – to fans. Some actors (or their stylists) include subtler sartorial semiotics and Easter egg accessories in their outfits that o",Fashion,https://www.theguardian.com/fashion/2026/feb/11/method-dressing-nine-actors-who-stayed-in-character-red-carpet,"""prada"" AND (""luxury"" OR ""fashion"" OR ""stock"")"
fashion/costume-and-culture/2026/feb/13/its-not-a-documentary-costume-designers-on-ditching-accuracy-for-spectacle,2026-02-13,‘It’s not a documentary’: costume designers on ditching accuracy for spectacle,"Emerald Fennell’s retelling of Emily Brontë’s 1847 novel Wuthering Heights finally hits cinema screens this weekend. Ever since the first set of photos were released, the anachronisms of the costumes have been central to the conversation. As fashion industry watchdog Diet Prada put it: “The costume design for Emerald Fennell’s Wuthering Heights scandalised audiences with its freaky mix of Oktoberfest corseting meets 1950’s ballgowns meets futuristic liquid organza meets … Barbie?” Viewers will soon be able to see Oscar-winning costume designer Jacqueline Durran’s artistic vision. The film plays fast and loose with period costume. Durran told Vogue: “We’re not representing a moment in time at all.” The mood board for Cathy’s costumes included Thierry Mugler, Alexander McQueen, a German milkmaid-style, and Elizabethan, Georgian, Victorian and contemporary fashion. “The challenge was to distill that into looks that told the story that Emerald wanted to tell,” Durran says. Storytelling – and spectacle – rather than a quest for historical accuracy lead Cathy to wear a dress in a material resembling cellophane on her wedding night, as if she’s a gift wrapped for her husband. Wuthering Heights is part of a movement of costume design disobedient to historical accuracy in favour of creative freedom – and, arguably, fun. Costume designer Kate Hawley acknowledges her Oscar-nominated work on Guillermo del Toro’s Frankenstein is also far from historically accurate. In Yorgos Lanthimos’ 2023 film Poor Things, set in the late Victorian era, Bafta-winning costume designer Holly Waddington used modern fabrics such as plastic and latex. She was, she told the Guardian, “playing with the period, not being slavish to it and playing with material qualities and pushing the boundaries of colours and textures”. While there are forebears – in 2006, Sofia Coppola’s Marie Antoinette, costume designer Milena Canonero placed a pair of Converse in the young queen’s wardrobe – Keith Lodwick, a the","‘It’s not a documentary’: costume designers on ditching accuracy for spectacle. Emerald Fennell’s retelling of Emily Brontë’s 1847 novel Wuthering Heights finally hits cinema screens this weekend. Ever since the first set of photos were released, the anachronisms of the costumes have been central to the conversation. As fashion industry watchdog Diet Prada put it: “The costume design for Emerald Fennell’s Wuthering Heights scandalised audiences with its freaky mix of Oktoberfest corseting meets 1950’s ballgowns meets futuristic liquid organza meets … Barbie?” Viewers will soon be able to see Oscar-winning costume designer Jacqueline Durran’s artistic vision. The film plays fast and loose with period costume. Durran told Vogue: “We’re not representing a moment in time at all.” The mood board for Cathy’s costumes included Thierry Mugler, Alexander McQueen, a German milkmaid-style, and Elizabethan, Georgian, Victorian and contemporary fashion. “The challenge was to distill that into looks that told the story that Emerald wanted to tell,” Durran says. Storytelling – a",Fashion,https://www.theguardian.com/fashion/costume-and-culture/2026/feb/13/its-not-a-documentary-costume-designers-on-ditching-accuracy-for-spectacle,"""prada"" AND (""luxury"" OR ""fashion"" OR ""stock"")"
fashion/2026/feb/13/michael-kors-45-years-celebrating-chic-women-new-york-fashion-week,2026-02-13,Michael Kors celebrates 45-year career by toasting chic women of New York,"Five years ago, Covid prevented Michael Kors celebrating 40 years as a fashion designer, so nothing was going to stop him partying when that figure reached 45. “It’s crazy, I’ve been in fashion 45 years, but I’m only 32,” said Kors, 66. The sweeping double staircase of the Metropolitan Opera House in New York became the catwalk for a fashion week show dedicated to the chic women of the city. On Kors’ best dressed list is the “amazing, remarkable” Rama Duwaji, the city’s first lady as wife of the mayor, Zohran Mamdani. “The way she dresses takes me back to the first term of the Obamas, so smart and so chic,” Kors said before the show. “Before that time, a first lady portrait meant a suit with puff sleeves and a bow and some pearls, and then all of a sudden there was Mrs Obama, wearing a simple jersey dress with her arms bare. It was modern.” Another “magical New York woman” on Kors’ list was Christy Turlington, who starred in the designer’s first advertisements as a teenage supermodel and, at 57, closed this show in caped, floor-length inky sequins. Carolyn Bessette Kennedy, back in the spotlight as the subject of a new Ryan Murphy drama, was on the mood board, along with Maria Callas – “the girl from Queens who became the greatest diva in the world”. One man made Kors’ list of muses: “A$AP Rocky, because he is just the most glamorous New Yorker right now.” Uma Thurman, Leslie Bibb, Mary J Blige and Dakota Fanning were on the front row. Backstage, Kors added another reason to celebrate. The Pride flag at the Stonewall Monument in Greenwich Village, which commemorates the 1969 Stonewall riot and the birth of the LGBTQ+ movement in the city, was taken down earlier this month under Trump administration orders. “That is criminal,” said Kors. Hours before his show, city officials raised the flag again. “In New York, we get back up and we push forward. That’s what we do. I am a born and bred New Yorker and proud. So let’s have a cheeseburger and a martini and listen to som","Michael Kors celebrates 45-year career by toasting chic women of New York. Five years ago, Covid prevented Michael Kors celebrating 40 years as a fashion designer, so nothing was going to stop him partying when that figure reached 45. “It’s crazy, I’ve been in fashion 45 years, but I’m only 32,” said Kors, 66. The sweeping double staircase of the Metropolitan Opera House in New York became the catwalk for a fashion week show dedicated to the chic women of the city. On Kors’ best dressed list is the “amazing, remarkable” Rama Duwaji, the city’s first lady as wife of the mayor, Zohran Mamdani. “The way she dresses takes me back to the first term of the Obamas, so smart and so chic,” Kors said before the show. “Before that time, a first lady portrait meant a suit with puff sleeves and a bow and some pearls, and then all of a sudden there was Mrs Obama, wearing a simple jersey dress with her arms bare. It was modern.” Another “magical New York woman” on Kors’ list was Christy Turlington, who starred in the designer’s first advertisements as a teenage supermodel a",Fashion,https://www.theguardian.com/fashion/2026/feb/13/michael-kors-45-years-celebrating-chic-women-new-york-fashion-week,"""prada"" AND (""luxury"" OR ""fashion"" OR ""stock"")"
film/live/2026/feb/22/baftas-2026-the-red-carpet-the-ceremony-the-winners-follow-live,2026-02-22,Baftas 2026: One Battle After Another wins best film – as it happened,"A final couple more pieces for you: the best quotes of the night and some photos of the winners. And as things start to wrap up, it’s time to wish you good night. But if you consider yourself a fan of hot Bafta content, then don’t be disheartened. More is to come on the next few hours, including Sarah Lee’s always wonderful backstage gallery. For now, though, let’s make like Paddington Bear and stand around gesticulating like some sort of hideous waking nightmare. Goodnight. The evening is over and awed reaction is arriving. Here’s Peter Bradshaw’s take on the night, for a start. Well, what a weird evening that was. The biggest surprise winner in recent memory, and one of the worst monologues. The bits that went long went so long that most of the ceremony came in the form of a montage. And I’m pretty sure that a man with Tourette syndrome shouted a swearword at Paddington Bear. God, I wish they’d aired all of this unedited. Weird that the Best British Film category was a stronger one than this, but it’s hard to argue with the winner. The best film won best film, and Sara Murphy accepts it with another tribute to Adam Somner, who seems absolutely beloved by his entire team. Anderson speaks, and tells everyone who says that films aren’t good to ‘piss off’. He begs to go to a bar. And that’s the end. The final award is for best film, and Glenn Close is here to hand it out. And that’s reminded me how good she was in Knives Out, and that’s made me feel bad about saying that it was forgettable. ANYWAY. For Hamnet. Not the electrifying surprise of the best actor result, but a very popular winner nonetheless. She describes her first time in London, during which she wore “nuclear” fake tan. It’s going on a bit, though, not going to lie. Cillian Murphy is here to present best actress. And the crowd are still so jazzed by the Aramayo news that they even whoop with excitement at the announcement of a Peaky Blinders film. Just 12 minutes to go and the Baftas have finally caught ","Baftas 2026: One Battle After Another wins best film – as it happened. A final couple more pieces for you: the best quotes of the night and some photos of the winners. And as things start to wrap up, it’s time to wish you good night. But if you consider yourself a fan of hot Bafta content, then don’t be disheartened. More is to come on the next few hours, including Sarah Lee’s always wonderful backstage gallery. For now, though, let’s make like Paddington Bear and stand around gesticulating like some sort of hideous waking nightmare. Goodnight. The evening is over and awed reaction is arriving. Here’s Peter Bradshaw’s take on the night, for a start. Well, what a weird evening that was. The biggest surprise winner in recent memory, and one of the worst monologues. The bits that went long went so long that most of the ceremony came in the form of a montage. And I’m pretty sure that a man with Tourette syndrome shouted a swearword at Paddington Bear. God, I wish they’d aired all of this unedited. Weird that the Best British Film category was a stronger one t",Film,https://www.theguardian.com/film/live/2026/feb/22/baftas-2026-the-red-carpet-the-ceremony-the-winners-follow-live,"""prada"" AND (""luxury"" OR ""fashion"" OR ""stock"")"
film/2026/feb/22/the-baftas-biggest-drama-is-the-red-carpet-fashion-battle,2026-02-22,The Baftas’ biggest drama is the red carpet fashion battle,"Paddington in his duffel coat, and a prince and princess putting on a brave face and black tie in the white heat of royal disgrace. Move over, movie stars: who can compete with red carpet drama like this? Paul Mescal stepped up early with a big swing, hard-launching his relationship with Gracie Abrams with a red-carpet kiss. The frayed rolled cuffs and Henley collar of his Prada shirt gave him the air of having walked to the red carpet straight from the boards of Shakespeare’s Globe theatre. Method dressing is the new power dressing, and this could be the season of Hamnet-core: see, also, Archie Madekwe’s doublet-shaped Dior jacket and Elizabeth-adjacent sparkly ruff. After King Charles’s surprise appearance at London fashion week on Thursday, the Prince and Princess of Wales, wine velvet tuxedo coordinating with berry-toned chiffon, stubble contrasting with silky waves, wore matching determined smiles. What constitutional crisis? The Baftas do not take themselves quite so seriously as the Oscars. (To be fair, little takes itself quite so seriously as the Oscars.) But this is an event that can transform an actor’s career – and bank balance – and much of the action happens on the red carpet. Awards season dressing is now largely a pay-to-play branch of the entertainment industry, with actors well remunerated for moonlighting as models. It has become modish to use fashion as part of the storytelling strategy on a press tour, as done recently to great effect by Barbie and Marty Supreme. A cast who look compelling on the red carpet is now seen as an important factor in a film’s award season momentum. In other words, borrowing a sparkly dress (or tuxedo) and holding your tummy in no longer cuts it: this is an age of political peacocking. Just as who goes home with a gong is seen as a crucial tea-leaf reading on the road to the Academy Awards, scoring a win on this red carpet matters. Best dressed of the night was Renate Reinsve, who looked alluring and unconventional, in","The Baftas’ biggest drama is the red carpet fashion battle. Paddington in his duffel coat, and a prince and princess putting on a brave face and black tie in the white heat of royal disgrace. Move over, movie stars: who can compete with red carpet drama like this? Paul Mescal stepped up early with a big swing, hard-launching his relationship with Gracie Abrams with a red-carpet kiss. The frayed rolled cuffs and Henley collar of his Prada shirt gave him the air of having walked to the red carpet straight from the boards of Shakespeare’s Globe theatre. Method dressing is the new power dressing, and this could be the season of Hamnet-core: see, also, Archie Madekwe’s doublet-shaped Dior jacket and Elizabeth-adjacent sparkly ruff. After King Charles’s surprise appearance at London fashion week on Thursday, the Prince and Princess of Wales, wine velvet tuxedo coordinating with berry-toned chiffon, stubble contrasting with silky waves, wore matching determined smiles. What constitutional crisis? The Baftas do not take themselves quite so seriously as",Film,https://www.theguardian.com/film/2026/feb/22/the-baftas-biggest-drama-is-the-red-carpet-fashion-battle,"""prada"" AND (""luxury"" OR ""fashion"" OR ""stock"")"
film/2026/feb/25/people-feel-like-theyre-in-on-the-joke-the-new-wave-of-pseudo-biopics,2026-02-25,‘People feel like they’re in on the joke’: the new wave of pseudo-biopics,"Any self-respecting cinemagoer will know the phrase by heart: “The characters and events portrayed in this film are fictitious.” It’s cinema’s ritual boilerplate disclaimer. “Any similarity to actual persons, living or dead, or to actual events is purely coincidental and unintentional.” Lately, however, film-makers have been treating the fine print like a challenge. A clutch of recent releases has taken up a curious middle ground: not quite biography, not quite fiction, but something more slippery in between. Marty Supreme, for instance, spins 1950s table tennis wildcard Marty Reisman into Marty Mauser, borrowing Reisman’s forename and forehand while rewriting the rest. Bradley Cooper’s Is This Thing On? mines the early career of standup comic John Bishop, only to rebrand him as New Yorker Alex Novak. And later this year The Prince, directed by Cameron Van Hoy and written by David Mamet, will refract aspects of Hunter Biden’s life through proxy Parker Scott. So what’s with this rise in “pseudo-biopics? Is it a defensive response to legal risk and/or online backlash? Could it just be a creative strategy, allowing film-makers to bend the truth without the burden of accuracy? Or is it something more cynical, a way of exploring the cultural cachet of real people while maintaining ironic distance? In 2023, Brit McAdams wrote and directed a film called Paint, starring Owen Wilson as a ginger-permed painter with a soothing manner and a popular television show. At first glance, it might seem to be a biopic of cult art instructor Bob Ross – but it isn’t. McAdams’ protagonist is called Carl Nargle who just shares Ross’s hair, brushes and mannerisms. “The truth is,” says McAdams, “that movies are very hard to make. You need to find a script, star and millions of dollars in a world where a lot of films don’t make money. Playing off of a character or world that people know makes things a bit easier. Primary Colors isn’t about Bill Clinton, The Devil Wears Prada isn’t about Anna ","‘People feel like they’re in on the joke’: the new wave of pseudo-biopics. Any self-respecting cinemagoer will know the phrase by heart: “The characters and events portrayed in this film are fictitious.” It’s cinema’s ritual boilerplate disclaimer. “Any similarity to actual persons, living or dead, or to actual events is purely coincidental and unintentional.” Lately, however, film-makers have been treating the fine print like a challenge. A clutch of recent releases has taken up a curious middle ground: not quite biography, not quite fiction, but something more slippery in between. Marty Supreme, for instance, spins 1950s table tennis wildcard Marty Reisman into Marty Mauser, borrowing Reisman’s forename and forehand while rewriting the rest. Bradley Cooper’s Is This Thing On? mines the early career of standup comic John Bishop, only to rebrand him as New Yorker Alex Novak. And later this year The Prince, directed by Cameron Van Hoy and written by David Mamet, will refract aspects of Hunter Biden’s life through proxy Parker Scott. So what’s with this rise in",Film,https://www.theguardian.com/film/2026/feb/25/people-feel-like-theyre-in-on-the-joke-the-new-wave-of-pseudo-biopics,"""devil wears prada"""
fashion/2026/feb/27/demna-brings-sexy-back-reinvigorate-gucci,2026-02-27,Demna brings sexy back in effort to reinvigorate Gucci,"Demna is fashion’s dark lord of apocalyptic streetwear. Gucci is the glossy sex kitten of Milan. Put the two together, and what do you get? Sex appeal that flirts with bad taste. At Demna’s first Gucci catwalk show, staged in Milan on Friday afternoon in front of an audience including Donatella Versace and Paris and Nicky Hilton, dresses were so short and tight that Emily Ratajkowski periodically yanked down a handful of disco-ball sequins to cover her bottom as she walked. There were lapdance-bar tinsel hair extensions, and Kate Moss in a diamante G-string. A certain sketchiness in the roll of the hips, a model who pulled his phone out of his bumbag and scrolled his way down the catwalk. “Everybody thought I would make oversized bomber jackets with monograms,” said the mononymous king-of-the-hoodie designer after the show. “That’s what ChatGPT said, apparently. But that’s not why I came to Gucci.” Instead, he said, his Gucci will be “energy, passion, fun and sex”. The walk-of-shame vibe was a surprise, considering that the night before the show Demna had released a statement citing Botticelli’s early Renaissance paintings as an inspiration. Backstage, he explained the connection as wanting “to put Gucci back into cultural relevance. Gucci is part of Italian culture – like Botticelli, like Michelangelo. But cultural relevance always starts with underground culture, not with the mainstream, even with a big brand. Gucci has to be fearless.” Fashion history is on his side. Gucci’s best eras have been its boldest. When compellingly slutty-yet-aloof under Tom Ford, or ambitiously gender-fluid and vintage-curious under Alessandro Michele, Gucci has plugged fashion into pop culture. The recent brief reign of Sabato De Sarno was widely regarded as playing disastrously safe. And, having grabbed the audience’s attention, Demna added easier-to-wear elements: high-waisted jeans, leather tailoring, a navy peacoat, pointy boots. Invitations had been delivered in plush black velve","Demna brings sexy back in effort to reinvigorate Gucci. Demna is fashion’s dark lord of apocalyptic streetwear. Gucci is the glossy sex kitten of Milan. Put the two together, and what do you get? Sex appeal that flirts with bad taste. At Demna’s first Gucci catwalk show, staged in Milan on Friday afternoon in front of an audience including Donatella Versace and Paris and Nicky Hilton, dresses were so short and tight that Emily Ratajkowski periodically yanked down a handful of disco-ball sequins to cover her bottom as she walked. There were lapdance-bar tinsel hair extensions, and Kate Moss in a diamante G-string. A certain sketchiness in the roll of the hips, a model who pulled his phone out of his bumbag and scrolled his way down the catwalk. “Everybody thought I would make oversized bomber jackets with monograms,” said the mononymous king-of-the-hoodie designer after the show. “That’s what ChatGPT said, apparently. But that’s not why I came to Gucci.” Instead, he said, his Gucci will be “energy, passion, fun and sex”. The walk-of-shame vi",Fashion,https://www.theguardian.com/fashion/2026/feb/27/demna-brings-sexy-back-reinvigorate-gucci,"""Kering"" AND ""fashion"""
fashion/2026/feb/27/fashions-greatest-challenges-inequality-and-ai-say-prada-designers,2026-02-27,"Fashion’s greatest challenges ‘inequality and AI’, say Prada designers","Miuccia Prada and Raf Simons, the co-designers of Prada, said backstage at Milan fashion week that fashion’s greatest challenges were inequality and artificial intelligence. An interesting perspective, since Mark Zuckerberg, the billionaire owner of Meta, and his wife, Priscilla Chan, sat next to Lorenzo Bertelli, Prada’s husband, in the front row. There are reports that Meta is collaborating with Prada on “smart glasses” with integrated camera, processing and voice assistant functions. Prada said of the diplomatic demands of her job: “We are a company that makes expensive clothes for rich people. So I try to be political, but I can’t be obvious.” Simons, meanwhile, said the colourful scarf worn by the first model was a reference to the Pride flag, under attack as conservatism returns to politics, but mostly the design duo confined themselves after the show to expansive but inoffensive remarks about democratic dressing, and clothes without hierarchy. Instead of 60 outfits on 60 models, 15 women each walked four times in a slightly different version of the same outfit – changing a jacket, stripping off a layer, re-wrapping a scarf. The vibe was Prada boiled down to concentrate – boxy jackets, knee-length skirts, socks with kitten heels, grey with jewel colours – but relatable. “It’s about life, and how you dress each day with the clothes you have,” said Simons. “About real, human people.” Milan is currently in the unusual position of being a beacon of female leadership in fashion. Miuccia Prada’s taste has set the style weather for decades, and she looms larger than ever. Prada recently bought the house of Versace for $1.4bn (£1bn), and Miuccia Prada is known to be taking a keen interest in its future. She is close to Donatella Versace, who has departed the design studio to become chief brand ambassador, and is said to have personally phoned Versace’s incoming designer, Pieter Mulier, to offer him the role. Along with debuts by Maria Grazia Chiuri at Fendi and Meryll","Fashion’s greatest challenges ‘inequality and AI’, say Prada designers. Miuccia Prada and Raf Simons, the co-designers of Prada, said backstage at Milan fashion week that fashion’s greatest challenges were inequality and artificial intelligence. An interesting perspective, since Mark Zuckerberg, the billionaire owner of Meta, and his wife, Priscilla Chan, sat next to Lorenzo Bertelli, Prada’s husband, in the front row. There are reports that Meta is collaborating with Prada on “smart glasses” with integrated camera, processing and voice assistant functions. Prada said of the diplomatic demands of her job: “We are a company that makes expensive clothes for rich people. So I try to be political, but I can’t be obvious.” Simons, meanwhile, said the colourful scarf worn by the first model was a reference to the Pride flag, under attack as conservatism returns to politics, but mostly the design duo confined themselves after the show to expansive but inoffensive remarks about democratic dressing, and clothes without hierarchy. Instead of 60 outfits on 60 models,",Fashion,https://www.theguardian.com/fashion/2026/feb/27/fashions-greatest-challenges-inequality-and-ai-say-prada-designers,"""prada"" AND (""luxury"" OR ""fashion"" OR ""stock"")"
us-news/2026/feb/28/trump-tariffs-refunds-law-firms,2026-02-28,"The real winners of Trump’s global tariff war: law firms, hedge funds and AI","At 8am, two hours before the US supreme court officially slapped down Donald Trump’s “liberation day” tariffs on 20 February, Joseph Spraragen’s phone was already ringing off the hook. The seasoned New York-based attorney and his 40-strong specialised trade team at Grunfeld, Desiderio, Lebowitz, Silverman &amp; Klestadt (GDLSK) had spent months filing hundreds of lawsuits for heavy-hitter clients, including luxury brands Prada and Dolce &amp; Gabbana, in protest of the US president’s decision to impose sweeping import taxes last April. But that Friday’s ruling – deeming Trump’s tariffs illegal – opened the floodgates, sending hundreds of thousands of businesses across the US scrambling for advice on how to secure their share of an estimated $175bn (£129bn) tariff refund pot. Already, FedEx, L’Oreal, Dyson and others have sued for refunds. Now clients are looking for trade lawyers at a rate unseen throughout Spraragen’s 30-year career. “It’s unprecedented,” he said. And that wave, some experts say, will result in a mini-gold rush for a usually unglamorous corner of the US legal sector: delivering fees for trade lawyers, paydays for hedge funds buying up rights to businesses’ refunds and a cut for AI firms that are – inevitably – trying to get in on the action. How any of that money ultimately filters through to American consumers, who shouldered tariff costs through widespread price hikes, remains to be seen. “To me, the only winners from this trade war that Trump has launched, have been the lawyers,” said Jennifer Hillman, a law professor at Georgetown University, and former general counsel for the US trade representative office. Even before last week’s supreme court ruling, the complications of Trump’s tariffs – which resulted in different rates being charged based on where certain parts of a purse or toy might have been manufactured – were putting trade lawyers into overdrive. “All of a sudden everybody had to understand these incredibly complicated rules, or else","The real winners of Trump’s global tariff war: law firms, hedge funds and AI. At 8am, two hours before the US supreme court officially slapped down Donald Trump’s “liberation day” tariffs on 20 February, Joseph Spraragen’s phone was already ringing off the hook. The seasoned New York-based attorney and his 40-strong specialised trade team at Grunfeld, Desiderio, Lebowitz, Silverman &amp; Klestadt (GDLSK) had spent months filing hundreds of lawsuits for heavy-hitter clients, including luxury brands Prada and Dolce &amp; Gabbana, in protest of the US president’s decision to impose sweeping import taxes last April. But that Friday’s ruling – deeming Trump’s tariffs illegal – opened the floodgates, sending hundreds of thousands of businesses across the US scrambling for advice on how to secure their share of an estimated $175bn (£129bn) tariff refund pot. Already, FedEx, L’Oreal, Dyson and others have sued for refunds. Now clients are looking for trade lawyers at a rate unseen throughout Spraragen’s 30-year career. “It’s unprecedented,” he said. And that wave, some ",US news,https://www.theguardian.com/us-news/2026/feb/28/trump-tariffs-refunds-law-firms,"""prada"" AND (""luxury"" OR ""fashion"" OR ""stock"")"
fashion/2026/mar/01/silvana-armani-solo-debut-bottega-veneta-milan-fashion-week,2026-03-01,Silvana Armani emphasises softness and wearability in Milan solo debut,"Does it matter who designs women’s clothes? Silvana Armani – niece of the late Giorgio, creative director of womenswear and one of the few women in charge of a fashion house – thinks so. “The way women and men relate to their bodies is different, which affects the design process. Dressing a woman is more complex than dressing a man,” she said before her first solo show on the last day of Milan fashion week. “Yet, as a woman, you know your body. You try things on and notice if a jacket’s length is off, adjusting it as necessary.” Chioma Nnadi, the head of editorial content for British Vogue, agreed: “I’ve heard anecdotally from retailers that women designers actually sell more on the shop floor. It makes total sense to me: they’re designing for their own bodies,” she said. “I think sometimes that wearability can get lost in the fitting process with male designers”. The clothes on the Armani catwalk on Sunday were the sort of thing you’d find in Silvana’s wardrobe, the designer said. “I only wear trousers, soft jackets and shirts. I don’t like frills or excessive jewellery.” Loose blazers came with dropped shoulders, wide-legged trousers and floor-sweeping coats in navy, white, khaki and greige. It wasn’t a world away from what Giorgio started, but there were noticeably more pockets, no hats (Giorgio was a fan) and only a few skirts. Six months after Giorgio Armani’s death, the world’s biggest private luxury fashion brand is still for sale. It is thought the fashion house will be sold within a year. According to his will, the mega-conglomerates LVMH, Luxottica and L’Oréal are the frontrunners, which could well shake up the infrastructure. Silvana, who worked for the company every day for 40 years, is unfazed. “He called it the ‘gym’ and it has trained me,” she said. “He knew my point of view. There was no need to talk about what would happen afterwards; it would have happened naturally.” Giorgio Armani was famous for removing the internal structure from tailoring both","Silvana Armani emphasises softness and wearability in Milan solo debut. Does it matter who designs women’s clothes? Silvana Armani – niece of the late Giorgio, creative director of womenswear and one of the few women in charge of a fashion house – thinks so. “The way women and men relate to their bodies is different, which affects the design process. Dressing a woman is more complex than dressing a man,” she said before her first solo show on the last day of Milan fashion week. “Yet, as a woman, you know your body. You try things on and notice if a jacket’s length is off, adjusting it as necessary.” Chioma Nnadi, the head of editorial content for British Vogue, agreed: “I’ve heard anecdotally from retailers that women designers actually sell more on the shop floor. It makes total sense to me: they’re designing for their own bodies,” she said. “I think sometimes that wearability can get lost in the fitting process with male designers”. The clothes on the Armani catwalk on Sunday were the sort of thing you’d find in Silvana’s wardrobe, the designer said. “I ",Fashion,https://www.theguardian.com/fashion/2026/mar/01/silvana-armani-solo-debut-bottega-veneta-milan-fashion-week,"""LVMH"" AND ""fashion"""
fashion/2026/mar/04/paris-fashion-week-yves-saint-laurent-show-le-smoking-suit,2026-03-04,YSL lights up Paris fashion week show with return of Le Smoking suit,"The most famous suit in the world, Yves Saint Laurent’s Le Smoking, has returned to the Paris catwalk 60 years after its invention. Designed by the late couturier to be worn by men in smoking rooms to protect clothing from the smell of cigars, he adapted it for women, slimming the trousers and lapels. It wasn’t a runaway success – only one sold from his 1966 collection – but it became a global symbol of power dressing and gender dismantling, and would appear in every collection until Saint Laurent retired in 2002. Worn on the opening night of Paris fashion week by 14 models, each with one hand stuffed nonchalantly into a pocket, the 2026 version had been adapted further still by Saint Laurent’s current designer, Anthony Vaccarello, who was marking a decade in the job. It wasn’t the slinky tailoring synonymous with Saint Laurent but more of an 1980s Wall Street look, worn with maximal jewellery and a makeup palette ripped from Robert Palmer’s Addicted to Love video. Hot on the heels of Harry Styles’s black-and-white boucle pinstripe Chanel suit at the Brits, some even came in barely-there pinstripe, though they were more reminiscent of the dollar-saturated world of Wall Street than Nigel Farage. As if to hammer home the power-dressing theme, the coat section featured enormous jackets in knitted shearling and sky-high heels. Despite the distractions that come with a show staged in a modernist glass “apartment” in front of the Eiffel Tower lit up by 20,000 twinkling bulbs, Kate Moss and Michelle Pfeiffer on the front row and an oversized replica of a bust which Saint Laurent kept in his own home, current events had touched the mood. Wildly materialistic displays of power and wealth are not a great look, particularly now. But Paris fashion week, the biggest of the big four, is a huge financial and cultural moment for the French capital. On Monday, Pascal Morand, the executive president of the Federation of Haute Couture and Fashion, told reporters that there would be “n","YSL lights up Paris fashion week show with return of Le Smoking suit. The most famous suit in the world, Yves Saint Laurent’s Le Smoking, has returned to the Paris catwalk 60 years after its invention. Designed by the late couturier to be worn by men in smoking rooms to protect clothing from the smell of cigars, he adapted it for women, slimming the trousers and lapels. It wasn’t a runaway success – only one sold from his 1966 collection – but it became a global symbol of power dressing and gender dismantling, and would appear in every collection until Saint Laurent retired in 2002. Worn on the opening night of Paris fashion week by 14 models, each with one hand stuffed nonchalantly into a pocket, the 2026 version had been adapted further still by Saint Laurent’s current designer, Anthony Vaccarello, who was marking a decade in the job. It wasn’t the slinky tailoring synonymous with Saint Laurent but more of an 1980s Wall Street look, worn with maximal jewellery and a makeup palette ripped from Robert Palmer’s Addicted to Love video. Hot on the heels of ",Fashion,https://www.theguardian.com/fashion/2026/mar/04/paris-fashion-week-yves-saint-laurent-show-le-smoking-suit,"""Kering"" AND ""fashion"""
fashion/2026/mar/05/stella-mccartney-paris-fashion-week-show,2026-03-05,Stella McCartney Paris show is a whistle-stop tour of her life,"Speaking after her show at Paris fashion week, the British designer Stella McCartney marked 25 years in the industry by letting slip that she was to receive the most prestigious French accolade, the Légion d’honneur, on Thursday – and making a jumper using yeast. Never mind that she has not turned a profit since 2017. The fashion designer knows how to turn a show into a moment, opening with “some equine therapy” in the form of a dozen dancing horses to mark the Chinese year of the horse, and closing it with a vest that said “My dad’s a rock star” in front of a grinning Paul McCartney who sat front row next to Oprah Winfrey. The collection was a whistle-stop tour of McCartney’s life. Fishermen knits were a nod to a childhood spent on the Mull of Kintyre; loose low-rise denim (recycled, of course) to being a teenager in west London; and jewel-coloured stirrup leggings to interning at Christian Lacroix. The finale vest was a nod to the 1999 “rock royalty” one she wore to the Met Gala. “I was trying to think who I could get to wear [it] but I think I’m one of the very few, quite frankly,” she said. In a flat luxury market, there are fears her brand could run out of money by 2028. But McCartney was more keen to press that she was one of the few women designing for women, and that her label has never used leather, feathers, fur or animal skins. In fairness, while almost every show nods in some way towards “sustainability” these days, only McCartney has turned brewed protein into knitwear. In another industry milestone, Pieter Mulier took his final bow at Alaïa on Wednesday night, a quiet moment that carried some weight coming shortly before he steps into one of fashion’s most scrutinised jobs: replacing Donatella at Versace. Asked if he was ready for the job, the softly spoken Belgian who, before joining Alaïa in 2021 had never run a fashion house, said “not yet”, before describing his final show as emotional for his team “because the news [of my departure] went out quite","Stella McCartney Paris show is a whistle-stop tour of her life. Speaking after her show at Paris fashion week, the British designer Stella McCartney marked 25 years in the industry by letting slip that she was to receive the most prestigious French accolade, the Légion d’honneur, on Thursday – and making a jumper using yeast. Never mind that she has not turned a profit since 2017. The fashion designer knows how to turn a show into a moment, opening with “some equine therapy” in the form of a dozen dancing horses to mark the Chinese year of the horse, and closing it with a vest that said “My dad’s a rock star” in front of a grinning Paul McCartney who sat front row next to Oprah Winfrey. The collection was a whistle-stop tour of McCartney’s life. Fishermen knits were a nod to a childhood spent on the Mull of Kintyre; loose low-rise denim (recycled, of course) to being a teenager in west London; and jewel-coloured stirrup leggings to interning at Christian Lacroix. The finale vest was a nod to the 1999 “rock royalty” one she wore to the Met Gala. “I ",Fashion,https://www.theguardian.com/fashion/2026/mar/05/stella-mccartney-paris-fashion-week-show,"""prada"" AND (""luxury"" OR ""fashion"" OR ""stock"")"
thefilter/2026/mar/05/womens-spring-wardrobe-updates-uk,2026-03-05,50 women’s spring wardrobe updates for under £100 (some are even free),"Think of your spring wardrobe as a dry run for summer. There are the occasional warm days – when you regret leaving the house with a coat – and, of course, no end of showers. There are even the odd times when you can almost get away without wearing tights, which opens you up to all manner of skirts and shoes. Spring is blouson jacket season, and a good time to wear denim beyond jeans (how about a dress?). Now’s also the time to try a short(ish) skirt with socks and loafers, which is strangely wearable for something with its roots in Prada. How about a corset top that isn’t a corset, or wearing a Lanvin-style headscarf if you’re having a difficult hair day? And why not add a bag charm while you’re there? Think 2026 colours – difficult green, pops of cornflower instead of red, universally wearable lilac. Most of all, it’s about adding to what you already own, or styling it in a new way. Welcome to spring. *** The best women’s wardrobe updates for spring *** Pop your colour Swap last year’s pop of red styling trick for something blue. A cornflower sock paired with a chestnut- or charcoal-coloured loafer is deliciously unexpected. Ribbed socks £3.90 a pair at Uniqlo *** Peek a you On the Fendi catwalk, models wore crimson bras under sheer shirts. Full transparency here: you can always opt for a less gauzy alternative. A red bra strap peeking out from under a blue shirt is just as alluring. Skims triangle bralette £35 at Net-a-Porter *** Go bold or stay home Big is better when it comes to sunglasses this spring. This grey-greenish version is a softer alternative to your classic black. Oversize sunnies £42 at &amp; Other Stories £42 at H&amp;M *** Swap into slim trainers It’s early days but a slimline jazz trainer is gearing up to be the style of the summer. The suede v silky texture on these from Cos makes them look much more high end. Slimline jazz trainer £95 at H&amp;M £95 at Cos *** Feeling fruity? Everyone needs a pair of conversation-starting earrings, and these hu","50 women’s spring wardrobe updates for under £100 (some are even free). Think of your spring wardrobe as a dry run for summer. There are the occasional warm days – when you regret leaving the house with a coat – and, of course, no end of showers. There are even the odd times when you can almost get away without wearing tights, which opens you up to all manner of skirts and shoes. Spring is blouson jacket season, and a good time to wear denim beyond jeans (how about a dress?). Now’s also the time to try a short(ish) skirt with socks and loafers, which is strangely wearable for something with its roots in Prada. How about a corset top that isn’t a corset, or wearing a Lanvin-style headscarf if you’re having a difficult hair day? And why not add a bag charm while you’re there? Think 2026 colours – difficult green, pops of cornflower instead of red, universally wearable lilac. Most of all, it’s about adding to what you already own, or styling it in a new way. Welcome to spring. *** The best women’s wardrobe updates for spring *** Pop your colour Swap last year",The Filter,https://www.theguardian.com/thefilter/2026/mar/05/womens-spring-wardrobe-updates-uk,"""prada"" AND (""luxury"" OR ""fashion"" OR ""stock"")"
thefilter-us/2026/mar/08/carolyn-bessette-kennedy-style-tips-90s-wardrobe,2026-03-08,"Carolyn Bessette Kennedy’s style, decoded: a stylist shares the secrets of the 90s minimalist wardrobe","“Everyone is trying to copy her outfits after seeing Love Story,” Liz Teich, a stylist, said. She’s referring to the internet’s ongoing frenzy around Carolyn Bessette Kennedy’s minimalist 90s style, made popular by the new TV series about her romance with John F Kennedy Jr. Since its release, Instagram and TikTok have been flooded with recreations of Bessette’s outfits – think white button-up shirts, tan pencil skirts and small-framed black sunglasses. (Many set to the tune of Frank Ocean’s American Wedding, the unofficial soundtrack for Bessette Kennedy content.) As a high-powered publicist at Calvin Klein, it’s no wonder Bessette always knew how to dress for the office. “But what made her style so appealing was how she curated her wardrobe as a whole,” Teich continues. Like Bessette, Teich worked in the fashion industry in the 90s. She started her career at the lifestyle brand Chaiken’s Manhattan office, which designed clothes worn by Bessette herself. “I wish I could say I showed up as stylish as Bessette to the office, but I was an 18-year-old intern. On my lunch breaks, I’d scour the sales racks at Scoop and Intermix for deals,” Teich says. As a sustainable fashion advocate, Teich says it’s possible to learn from Bessette’s style without resorting to designer binges or terrible knockoffs. In the 90s, she became an expert at curating outfits that punched above their weight: “I had a hodge podge of finds in those sales racks, as well as a mix of trends, vintage and some pieces I upcycled or sewed myself.” Teich shows how you can bring Bessette’s knack for styling into your spring wardrobe without buying a heap of pieces destined to end up in a landfill. *** Our stylist’s picks for 90s-inspired spring staples A classic white button-up shirt: Sold Out NYC The Everything Shirt $195 at Sold Out NYC A pair of bootcut jeans: Levi’s Wedgie Bootcut Jeans $98 at Zappos A quality Cartier watch dupe: Heaven Mayhem The Icon Watch $280 at Heaven Mayhem Minimalist black cigare","Carolyn Bessette Kennedy’s style, decoded: a stylist shares the secrets of the 90s minimalist wardrobe. “Everyone is trying to copy her outfits after seeing Love Story,” Liz Teich, a stylist, said. She’s referring to the internet’s ongoing frenzy around Carolyn Bessette Kennedy’s minimalist 90s style, made popular by the new TV series about her romance with John F Kennedy Jr. Since its release, Instagram and TikTok have been flooded with recreations of Bessette’s outfits – think white button-up shirts, tan pencil skirts and small-framed black sunglasses. (Many set to the tune of Frank Ocean’s American Wedding, the unofficial soundtrack for Bessette Kennedy content.) As a high-powered publicist at Calvin Klein, it’s no wonder Bessette always knew how to dress for the office. “But what made her style so appealing was how she curated her wardrobe as a whole,” Teich continues. Like Bessette, Teich worked in the fashion industry in the 90s. She started her career at the lifestyle brand Chaiken’s Manhattan office, which designed clothes worn by Bessette herself. “I wish I could say I showed up",The Filter US,https://www.theguardian.com/thefilter-us/2026/mar/08/carolyn-bessette-kennedy-style-tips-90s-wardrobe,"""prada"" AND (""luxury"" OR ""fashion"" OR ""stock"")"
fashion/2026/mar/08/love-story-fervor-carolyn-bessette-style,2026-03-08,‘The antithesis of what Gen Z grew up with’: Love Story inspires fervor for Carolyn Bessette’s style ,"While US pop culture has a long-held fascination with the Kennedys, much of the recent fervor around FX’s newest hit show, Love Story, has been aimed at the style of Carolyn Bessette, who worked as a publicist at Calvin Klein before marrying into America’s most storied political family. Open up TikTok and you’ll see influencers doing their best to recreate her looks and makeup routines. Brands are invoking Bessette to promote their products; hair care brand Schwarzkopf posted about a highlighting technique the brand called “foiled cashmere, inspired by Carolyn Bessette-Kennedy”. And the fervor makes sense – Love Story, which chronicles the dramatic and ultimately tragic romance between John F Kennedy Jr. and Bessette, has become FX’s most-watched limited series ever on streaming, with more than 25m hours viewed across the first five episodes on Disney+ and Hulu, the network recently announced. Given that Bessette was both incredibly private and fashionable, those seeking to emulate her have previously relied on paparazzi photos or red carpet shots; now, they’re being influenced by Love Story. Sunita Kumar Nair, creative director and author of CBK: Carolyn Bessette Kennedy: A Life in Fashion, argues that fashion was the primary medium through which Carolyn chose to communicate with the world around her. “I think that was the reason why she didn’t really give that many interviews, and why she felt that maybe the fashion just speaks for itself when she’s public,” she said in an interview with the Guardian. Bessette’s style is defined by many as 90’s minimalism – with a specific focus on designers like Calvin Klein, Jil Sander, Yohji Yamamoto and Prada. While many viewers see the chic, no-frills looks of the 1990s as a larger trend, Nair says Bessette’s style stands out because of her disregard of what was en vogue. “I think she just knew who she was and dressed the way that she felt represented her,” Nair, who also consulted on Love Story, said. “She was incredibly pri","‘The antithesis of what Gen Z grew up with’: Love Story inspires fervor for Carolyn Bessette’s style . While US pop culture has a long-held fascination with the Kennedys, much of the recent fervor around FX’s newest hit show, Love Story, has been aimed at the style of Carolyn Bessette, who worked as a publicist at Calvin Klein before marrying into America’s most storied political family. Open up TikTok and you’ll see influencers doing their best to recreate her looks and makeup routines. Brands are invoking Bessette to promote their products; hair care brand Schwarzkopf posted about a highlighting technique the brand called “foiled cashmere, inspired by Carolyn Bessette-Kennedy”. And the fervor makes sense – Love Story, which chronicles the dramatic and ultimately tragic romance between John F Kennedy Jr. and Bessette, has become FX’s most-watched limited series ever on streaming, with more than 25m hours viewed across the first five episodes on Disney+ and Hulu, the network recently announced. Given that Bessette was both incredibly private and fashionable, those seeking to emulate her",Fashion,https://www.theguardian.com/fashion/2026/mar/08/love-story-fervor-carolyn-bessette-style,"""prada"" AND (""luxury"" OR ""fashion"" OR ""stock"")"
tv-and-radio/2026/mar/13/the-claudia-winkleman-show-review-bbc,2026-03-13,"The Claudia Winkleman Show review – yes we love her, but this chatshow is a mess","Now look. Let’s make a few things clear before we begin. We love Claudia Winkleman, absolutely, yes. We loved her on the radio, we loved her on Strictly Come Dancing, we revere her on The Traitors, we wish to be her when we grow up or at least sport a modicum of her Traitors wardrobe. We love her hair, we love her warmth and wit and, we’re pretty sure, the wisdom that would pour forth were the universe ever to do right by us and make her our best friend. This is obvious. This is a given. And all of this remains true despite the unholy mess of the opening instalment of the long-and-loudly-heralded Claudia Winkleman Show. For a start there are four unrelated guests, which is too many. And to have them all come out at once is just stupidity. Marshalling that into a semblance of order would make even Graham Norton quail, and he is the world’s most experienced celebrity cat herder. The problems are multiplied because one of the guests is Jeff Goldblum, whose idiosyncratic approach to life and performance requires special handling both to get the best out of him and to let others have their turn in the spotlight without hampering the off-the-cuff contributions he, unlike some actors, is good for. Tom Allen works hard, especially at the beginning to get some energy flowing in the room. Vanessa Williams, in London appearing in the stage version of The Devil Wears Prada, is all grace and charm while clearly baffled, verging on horrified, by the nonsense unfolding around her – and more or less wordless until it is her official turn to speak. And Jennifer Saunders delivers a few decent lines while equally clearly wishing to have been in bed four hours ago. Discussions open bizarrely – and poorly – with each of the guests being required to comment on the set. “It’s giving ‘hotel lounge you wouldn’t go into for the free nuts’” is what no one had the courage to say. What colour do they think the sofa is? Hunter green, Goldblum puts forth valiantly. Maybe emerald. “Dark teal,” say","The Claudia Winkleman Show review – yes we love her, but this chatshow is a mess. Now look. Let’s make a few things clear before we begin. We love Claudia Winkleman, absolutely, yes. We loved her on the radio, we loved her on Strictly Come Dancing, we revere her on The Traitors, we wish to be her when we grow up or at least sport a modicum of her Traitors wardrobe. We love her hair, we love her warmth and wit and, we’re pretty sure, the wisdom that would pour forth were the universe ever to do right by us and make her our best friend. This is obvious. This is a given. And all of this remains true despite the unholy mess of the opening instalment of the long-and-loudly-heralded Claudia Winkleman Show. For a start there are four unrelated guests, which is too many. And to have them all come out at once is just stupidity. Marshalling that into a semblance of order would make even Graham Norton quail, and he is the world’s most experienced celebrity cat herder. The problems are multiplied because one of the guests is Jeff Goldblum, whose idiosyncratic approach to life a",Television & radio,https://www.theguardian.com/tv-and-radio/2026/mar/13/the-claudia-winkleman-show-review-bbc,"""devil wears prada"""
fashion/2026/mar/13/valentino-alessandro-michele-tribute-beauty-mother-rome,2026-03-13,‘Beauty is always changing’: Alessandro Michele’s Roman tribute to Valentino,"Valentino Garavani wanted to make beautiful clothes for the women who could afford them. The perpetually tanned designer, whose vision of jet set glamour was matched only by his own yacht-and-pug lifestyle, died in January. So there was an obvious logic in taking the first proper catwalk show since his death off the fashion week schedule and back to Rome, where he lived, worked, and died. Milan and Paris may be the capitals of European style, but Rome looks better. Garavani left his own brand almost 20 years ago. But his singular approach to beauty has not been without its obstacles for his most recent successor, Alessandro Michele, who took over the fashion house in 2024. “It’s a complicated DNA because beauty is always changing,” he said after the show, which took place in the 17th-century Palazzo Barberini. “This collection is about Valentino. It’s about beauty. But it’s [also] about the tension between me and the brand, a beauty I’m trying to translate.” As a designer known for putting Harry Styles in pearls at Gucci, and using the Pasolinian leitmotif of fireflies to represent anti-fascism in his first show for Valentino, Michele’s idea of beautiful clothes is less straightforward than Garavani’s was. The Valentino founder did not use fashion to incite gender equality, stir up political change or even set trends. As he once told the New York Times: “It is very, very simple. I try to make my girls look sensational.” So Michele did what any good Italian boy would, and instead made his autumn/winter show partly about his mother. Set in the 1980s, which Michele describes as a “time of positivity and shiny things”, when women were suddenly “in control of their presence and their body”, it was a collection defined by clashing jewel tones, big shoulders and draped tunics cinched in with satin sash belts. Jeans were spray-on tight with lace-dipped hems, and the tights were sheer and lilac. Michele studied at the Academy of Costume and Fashion in Rome, known for produci","‘Beauty is always changing’: Alessandro Michele’s Roman tribute to Valentino. Valentino Garavani wanted to make beautiful clothes for the women who could afford them. The perpetually tanned designer, whose vision of jet set glamour was matched only by his own yacht-and-pug lifestyle, died in January. So there was an obvious logic in taking the first proper catwalk show since his death off the fashion week schedule and back to Rome, where he lived, worked, and died. Milan and Paris may be the capitals of European style, but Rome looks better. Garavani left his own brand almost 20 years ago. But his singular approach to beauty has not been without its obstacles for his most recent successor, Alessandro Michele, who took over the fashion house in 2024. “It’s a complicated DNA because beauty is always changing,” he said after the show, which took place in the 17th-century Palazzo Barberini. “This collection is about Valentino. It’s about beauty. But it’s [also] about the tension between me and the brand, a beauty I’m trying to translate.” As a designer known for put",Fashion,https://www.theguardian.com/fashion/2026/mar/13/valentino-alessandro-michele-tribute-beauty-mother-rome,"""Kering"" AND ""fashion"""
business/2026/mar/15/ai-future-of-work,2026-03-15,AI could give us our lives back – if we don’t blow it,"The other day I pulled into the parking lot of a client’s offices and in the spot next to me was a woman sitting in her car blasting music. She caught me looking and rolled down her window and said, “I’ll be inside in a minute … Just enjoying my last few moments of freedom!” Is this way we want to live? No, it’s not. Elon Musk recently predicted work will be optional. “It’ll be like playing sports or a video game or something like that,” he said. Sounds nice. We may well be at the beginning of a change never before seen by humans, mainly because it will be so fast. In just a few short years, it’s clear that AI will be replacing millions, maybe hundreds of millions, of jobs. According to Musk, “Anything digital, anyone sitting at a computer producing files, that’s what goes first.” People are terrified about losing their jobs. But should we be? Let’s assume that AI does have the effect that some like Musk are predicting. Millions of jobs are replaced by agents. Countless office workers are upended by bots placing orders, reconciling accounts, sending out emails, replying to messages, applying cash receipts, writing proposals, creating invoices and doing all the other things that office workers have been doing for more than century. Let’s also assume that Musk’s other prediction comes true: because of the abundance created by AI, there will be some type of universal income. According to Musk, and others, companies will be so productive and so profitable, governments will simply tax a greater share of corporate earnings and then redistribute those taxes back to the people. Putting aside the very real human ability to screw up such a concept and turn any fair system into an unfair one, the assumption is that most people will have enough income to afford both necessities and luxuries without having to work. Let me repeat: without having to work. No getting up early and commuting on public transit. No sitting in front of a monitor for 10 hours a day or dealing with co-wor","AI could give us our lives back – if we don’t blow it. The other day I pulled into the parking lot of a client’s offices and in the spot next to me was a woman sitting in her car blasting music. She caught me looking and rolled down her window and said, “I’ll be inside in a minute … Just enjoying my last few moments of freedom!” Is this way we want to live? No, it’s not. Elon Musk recently predicted work will be optional. “It’ll be like playing sports or a video game or something like that,” he said. Sounds nice. We may well be at the beginning of a change never before seen by humans, mainly because it will be so fast. In just a few short years, it’s clear that AI will be replacing millions, maybe hundreds of millions, of jobs. According to Musk, “Anything digital, anyone sitting at a computer producing files, that’s what goes first.” People are terrified about losing their jobs. But should we be? Let’s assume that AI does have the effect that some like Musk are predicting. Millions of jobs are replaced by agents. Countless office workers ",Business,https://www.theguardian.com/business/2026/mar/15/ai-future-of-work,"""devil wears prada"""
film/live/2026/mar/15/oscars-2026-live-updates-red-carpet-ceremony-winners,2026-03-16,Oscars 2026: One Battle After Another wins best picture – as it happened,"If you’re still here, congratulations. Please enjoy this rundown of key takeaways from the night. And here we have the quotes of the night. Please read and enjoy and do not fact check them against what I wrote in this liveblog. The reactions are now coming in thick and fast. We’ve a piece about the (surprisingly large amount of) snubs to be found within this year’s jumbo-sized In Memoriam. Plus some analysis from Owen Myers about the political undercurrent of the show this year. And, simply because it’s been the best one for a while, here’s a video of Conan O’Brien’s monologue Of course, if we’re looking for viral moments from the Oscars, Instagram has just delivered this. Peter Bradshaw, we don’t deserve you. Viral moments of the ceremony. I have to confess I missed some of these in the murk of the liveblogging mines. Jack O’Connell’s teeth in particular show tremendous dedication to the bit. Poor Diane Warren. Her loss in the best song category was actually her 17th, making her officially the person with the most nominations without a win. What must be especially galling is that this year she was nominated for a song from a film about her own life. This is much more prestigious than the last few films she wrote songs for, which included 2023’s effort, for a biopic about the man who invented Flamin’ Hot Cheetos. Honestly, waiting to see which film Warren has written a song for is the most exciting part of Oscar season. Long may it continue. Although politics remained a peripheral subject during this year’s ceremony, backstage it’s a slightly different story. Deadline is reporting that David Borenstein, director of best documentary winner Mr Nobody Against Putin, said the following about Donald Trump after his win: “One interesting thing about working with a team of Russians throughout this process has been my desire as an American to constantly compare the situation in America to Russia. But a lot of my Russian colleagues and friends always said, ‘No, no, it’s not ","Oscars 2026: One Battle After Another wins best picture – as it happened. If you’re still here, congratulations. Please enjoy this rundown of key takeaways from the night. And here we have the quotes of the night. Please read and enjoy and do not fact check them against what I wrote in this liveblog. The reactions are now coming in thick and fast. We’ve a piece about the (surprisingly large amount of) snubs to be found within this year’s jumbo-sized In Memoriam. Plus some analysis from Owen Myers about the political undercurrent of the show this year. And, simply because it’s been the best one for a while, here’s a video of Conan O’Brien’s monologue Of course, if we’re looking for viral moments from the Oscars, Instagram has just delivered this. Peter Bradshaw, we don’t deserve you. Viral moments of the ceremony. I have to confess I missed some of these in the murk of the liveblogging mines. Jack O’Connell’s teeth in particular show tremendous dedication to the bit. Poor Diane Warren. Her loss in the best song category was actually her 17th, making her offic",Film,https://www.theguardian.com/film/live/2026/mar/15/oscars-2026-live-updates-red-carpet-ceremony-winners,"""prada"" AND (""luxury"" OR ""fashion"" OR ""stock"")"
tv-and-radio/2026/mar/17/love-story-jfk-jr-carolyn-bessette,2026-03-17,Why we fell in love with Love Story: JFK Jr and Carolyn Bessette,"On a recent sunny Sunday in New York, Love Story seemed to be everywhere. Fans lined up around the block for tables at Panna II, the twinkly string-lit Indian restaurant where Ryan Murphy’s megahit charmingly – and if we’re being picky, inaccurately – sets John F Kennedy Jr and Carolyn Bessette’s first date. Across town was a JFK Jr lookalike contest, which was rudely organized in Washington Square Park and not in my bedroom. Young women downtown wore hip-hugging pants and clean-girl makeup, and outside a repertory cinema everyone was smoking as though Parliaments were still $2 a pack. Ryan Murphy’s swoony reimagining of JFK Jr and Bessette’s romance has been a sensation, with Love Story: John F Kennedy Jr and Carolyn Bessette racking up 40m viewing hours to become FX’s most-watched limited series on Hulu/Disney+ to date. But it has struck a deeper chord in culture too, with legions of fans eating up the couple’s fashion and insouciant swagger, often wanting to try it on for size. Nearly 300,000 TikTok and Instagram posts are tagged #CBK, mainly videos focusing on Bessette’s sleek style, while brands jostle to cash in on what Puck calls the Bessette “halo effect”. While working on this piece, I received a J Crew newsletter titled “A 90s minimalism love story” with links to Bessette wardrobe dupes like a “Carolyn crewneck” and tortoiseshell headband. Love Story cannily lifts the lid on a couple who were so ingrained in the American public imagination that, after their death in 1999, the New Yorker’s cover showed the Statue of Liberty wearing a black mourning veil. We know from the show’s first frames showing the couple boarding a light aircraft that this love story will not end well, but early episodes hit the frisky beats of a vintage romcom. Bessette (Sarah Pidgeon) is edgy and droll: the type who can roll out of bed hungover, tousle her hair and still show up to her publicity job at Calvin Klein looking like she stepped out of a magazine. Next to her, JFK Jr (Paul","Why we fell in love with Love Story: JFK Jr and Carolyn Bessette. On a recent sunny Sunday in New York, Love Story seemed to be everywhere. Fans lined up around the block for tables at Panna II, the twinkly string-lit Indian restaurant where Ryan Murphy’s megahit charmingly – and if we’re being picky, inaccurately – sets John F Kennedy Jr and Carolyn Bessette’s first date. Across town was a JFK Jr lookalike contest, which was rudely organized in Washington Square Park and not in my bedroom. Young women downtown wore hip-hugging pants and clean-girl makeup, and outside a repertory cinema everyone was smoking as though Parliaments were still $2 a pack. Ryan Murphy’s swoony reimagining of JFK Jr and Bessette’s romance has been a sensation, with Love Story: John F Kennedy Jr and Carolyn Bessette racking up 40m viewing hours to become FX’s most-watched limited series on Hulu/Disney+ to date. But it has struck a deeper chord in culture too, with legions of fans eating up the couple’s fashion and insouciant swagger, often wanting to try it on for size. Near",Television & radio,https://www.theguardian.com/tv-and-radio/2026/mar/17/love-story-jfk-jr-carolyn-bessette,"""prada"" AND (""luxury"" OR ""fashion"" OR ""stock"")"
fashion/2026/mar/18/jess-cartner-morley-on-fashion-primary-colours,2026-03-18,"Jess Cartner-Morley on fashion: primary colours are back, but styling them isn’t child’s play","You would think primary shades would be the easiest colours to wear. Red, yellow, blue: we can name these before we can tie our shoelaces. They are not sophisticated colours, such as Armani greige or Pantone favourite Mocha Mousse. They are not challenging-to-wear colours, like chartreuse or mustard. They are Mr Men colours. So wearing them must be child’s play, surely. And yet they are weirdly tricky to wear. They can feel shouty and basic: the getting dressed equivalent of speaking loudly without saying anything particularly interesting, which is – to paint it in primary colours – not what any of us are aiming for. Muted colours have dominated fashion for a decade. Navy, grey, black and denim have been the backbone, with highlights of butter, olive green and soft pink the shade of a freshly plastered wall. But over the past year, uncomplicated shades have made a return to the catwalk. At fashion week, I had got used to trying to figure out the best way to capture an unusual shade in words – is that skirt bramble, or mulberry, or perhaps diluted Ribena? – but I’m now seeing colours that need no introduction. This jumper here is just red, no fancy qualifiers. At the Celine show at Paris fashion week, there was a rugby shirt in blue and red with a white collar; also, a blue shirt tucked into a yellow miniskirt. At Alaïa – the home of chic, inky black – there was a red skirt-and-top two-piece and a yellow trench. At Prada, there were practical boxy jackets in cheerful yellow and green, the sort of coat shades that would look more at home hanging on animal-themed pegs outside a nursery classroom than on the Milan catwalk. At Loewe, moulded dresses came in pop art splashes of blue, yellow and red. What works on the runway does not necessarily translate into the real world, but here are some tricks that do. Take another look at the red knit in the picture above. If all the other elements of the outfit were monochrome, the red would look harsher. Adding an in-between colo","Jess Cartner-Morley on fashion: primary colours are back, but styling them isn’t child’s play. You would think primary shades would be the easiest colours to wear. Red, yellow, blue: we can name these before we can tie our shoelaces. They are not sophisticated colours, such as Armani greige or Pantone favourite Mocha Mousse. They are not challenging-to-wear colours, like chartreuse or mustard. They are Mr Men colours. So wearing them must be child’s play, surely. And yet they are weirdly tricky to wear. They can feel shouty and basic: the getting dressed equivalent of speaking loudly without saying anything particularly interesting, which is – to paint it in primary colours – not what any of us are aiming for. Muted colours have dominated fashion for a decade. Navy, grey, black and denim have been the backbone, with highlights of butter, olive green and soft pink the shade of a freshly plastered wall. But over the past year, uncomplicated shades have made a return to the catwalk. At fashion week, I had got used to trying to figure out the best way to capture an unusual shade in ",Fashion,https://www.theguardian.com/fashion/2026/mar/18/jess-cartner-morley-on-fashion-primary-colours,"""prada"" AND (""luxury"" OR ""fashion"" OR ""stock"")"
fashion/2026/mar/22/living-period-political-anti-intellectualism-pop-culture-clever-new-cool,2026-03-22,"We are living in a period of political anti-intellectualism. But in pop culture, clever is the new cool","Put down your negroni, hang up your Prada handbag and pick up a paperback. Next time someone whips out their phone to take your picture, grab your reading specs, not your lipstick. Smart is the new hot. Pop stars are launching book clubs – the 1970s had Studio 54, this decade has Dua Lipa’s online literary salon Service95 – or joining Substack, where Charli xcx recently published a 1,800-word essay interrogating why it is that as a pop star “you cannot avoid the fact that some people are simply determined to prove that you are stupid”. The supermodel Kaia Gerber (who is fashion royalty – her mum is Cindy Crawford) passes the time backstage at fashion week reading Didion, Duras and Camus, not Vogue. Three years ago, we dressed in pink to go to the cinema to watch Barbie; in 2026, the mind-bendingly structured, early-Victorian masterpiece Wuthering Heights is the talk of Hollywood, and Netflix is betting big on Emma Corrin as Elizabeth Bennet in Dolly Alderton’s forthcoming adaptation of Pride and Prejudice. Intellect and glamour – which have always sat at separate tables in the high-school canteen of pop culture (you can’t sit with the cool kids if you are a teacher’s pet, everyone knows that) – are flirting hard. “This is real,” says trend forecaster Lucie Greene. “There is a backlash against visually focused lifestyle content, which has become so co-opted by brands. Gen Z want more. They want knowledge. They want to go deep down the rabbit hole, on podcasts and on Reddit as well as on TikTok and YouTube.” Meet you behind the bike sheds to discuss Walter Benjamin over a cigarette, babe. “Reading is so sexy,” Gerber said in 2024 when she launched her book club, Library Science. (First pick: Martyr!, the poet Kaveh Akbar’s anarchic debut novel about grief, martyrdom and addiction – hardly an easy read.) She’s right, obviously, but this is bigger than books. It is thinking, as well as reading, that is cool again. The novel under the arm is just the lapel pin of the bra","We are living in a period of political anti-intellectualism. But in pop culture, clever is the new cool. Put down your negroni, hang up your Prada handbag and pick up a paperback. Next time someone whips out their phone to take your picture, grab your reading specs, not your lipstick. Smart is the new hot. Pop stars are launching book clubs – the 1970s had Studio 54, this decade has Dua Lipa’s online literary salon Service95 – or joining Substack, where Charli xcx recently published a 1,800-word essay interrogating why it is that as a pop star “you cannot avoid the fact that some people are simply determined to prove that you are stupid”. The supermodel Kaia Gerber (who is fashion royalty – her mum is Cindy Crawford) passes the time backstage at fashion week reading Didion, Duras and Camus, not Vogue. Three years ago, we dressed in pink to go to the cinema to watch Barbie; in 2026, the mind-bendingly structured, early-Victorian masterpiece Wuthering Heights is the talk of Hollywood, and Netflix is betting big on Emma Corrin as Elizabeth Bennet in Dolly Alderton’s forthcoming adaptation of",Fashion,https://www.theguardian.com/fashion/2026/mar/22/living-period-political-anti-intellectualism-pop-culture-clever-new-cool,"""prada"" AND (""luxury"" OR ""fashion"" OR ""stock"")"
thefilter/2026/mar/24/how-i-shop-with-henry-holland,2026-03-24,How I Shop with Henry Holland: ‘I have a bit of a shoe problem’,"Henry Holland rose to prominence in 2006 with his collection of “fashion groupie” T-shirts, displaying rhyming slogans referencing fashion icons (such as “I’ll Show You Who’s Boss Kate Moss”), and founded his own brand, House of Holland, in 2008. He discovered a passion for ceramics during the pandemic, and in 2021 launched the lifestyle brand Henry Holland Studio, selling handmade ceramics and homeware. *** What’s the last treat you bought for yourself? Probably a new collar and lead from Hay for our new puppy, Larry. I would have said Larry himself, but we rescued him from Battersea, so we didn’t actually “buy” him. Hay stripe flat dog collar £25 at Selfridges £25 at Heal’s *** Where do you buy your food from? Ocado, or from the Tesco around the corner when we need something in the moment. Shop Ocado *** What’s the best present you’ve given? I recently gave my niece a full set of Labubus. I have no idea what the fascination is, but for a nine-year-old, it was life-changing. I was panicking that they may not be real, so I made sure to buy them from a resale site, StockX, that authenticates everything – the same one I usually buy trainers from. She was so happy when she opened them that she nearly burst into tears, so it was definitely worth it. Labubu, the Monsters collection Prices vary, from £14 at Pop Mart *** … and the best present you received? A vintage watch from my husband for our engagement. We discussed it beforehand, and both got Rolexes from the year we were born instead of traditional rings. *** What’s your favourite online store? I shop a lot at End Clothing. It has a big selection of menswear and a great range of brands. I dress almost like two different people: one for when I’m in the studio and need casual workwear, and one for when I’m not. I can cover both bases there. Shop End Clothing *** What’s your favourite bricks-and-mortar shop? I love Liberty for fragrance and jewellery, and to see what people are doing in homeware too. I love the buildin","How I Shop with Henry Holland: ‘I have a bit of a shoe problem’. Henry Holland rose to prominence in 2006 with his collection of “fashion groupie” T-shirts, displaying rhyming slogans referencing fashion icons (such as “I’ll Show You Who’s Boss Kate Moss”), and founded his own brand, House of Holland, in 2008. He discovered a passion for ceramics during the pandemic, and in 2021 launched the lifestyle brand Henry Holland Studio, selling handmade ceramics and homeware. *** What’s the last treat you bought for yourself? Probably a new collar and lead from Hay for our new puppy, Larry. I would have said Larry himself, but we rescued him from Battersea, so we didn’t actually “buy” him. Hay stripe flat dog collar £25 at Selfridges £25 at Heal’s *** Where do you buy your food from? Ocado, or from the Tesco around the corner when we need something in the moment. Shop Ocado *** What’s the best present you’ve given? I recently gave my niece a full set of Labubus. I have no idea what the fascination is, but for a nine-year-old, it was life-changing. I was pan",The Filter,https://www.theguardian.com/thefilter/2026/mar/24/how-i-shop-with-henry-holland,"""prada"" AND (""luxury"" OR ""fashion"" OR ""stock"")"
thefilter/2026/mar/25/mens-spring-wardrobe-updates-uk,2026-03-25, 51 men’s spring wardrobe updates for under £100 (some are even free),"Over the past couple of years, the runways have felt hushed: classic colours, minimal silhouettes, understated accessories. This season feels like a gear change: the mood has lifted, and designers are getting playful again. We’re talking colour, stripes, brooches, bandanas, resort wear, jewellery, denim jackets, even pyjamas … Personality and feelgood dressing are back on the agenda. I’ve put together a list of 50 tips and tricks to get you on top of your fashion game for the upcoming season. For spring, your best investments will be transitional layers that wake up your wardrobe – think denim jackets, long-sleeve bretons and argyle knits. Of course, I’m not saying you should ditch the timeless wardrobe you’ve built during the “quiet luxury” era or splash out on loads of new pieces. In fact, I’ve included some subtle styling tweaks to give the staples you already own 2026 attitude, such as wearing an oxford shirt a little undone or even just popping your collar. There’s plenty of inspiration around to give you a steer, from the runway to buzzy award-season movies (Marty Supreme and Sinners). And, of course, we can’t forget fashion pros such as Jacob Elordi (below), who are setting the standard for what menswear should look like this year. *** The best men’s wardrobe updates for spring *** Earn your stripes Where better to start than the trend that was all over the spring/summer 2026 shows: stripes. Hermès. Louis Vuitton. Wales Bonner. Vivienne Westwood. Dior. Junya Watanabe. All the big houses were doubling down on the motif – and they came in all sizes, from candy, breton and block stripes to pencil and boating stripes. This long-sleeve option from Cos is a 2026 layering hero. Cos relaxed jersey interlock long-sleeved T-shirt £39 at H&amp;M £40 at Cos *** Nightwear as daywear At Amiri, there were house robe-PJ co-ords, while Dries van Noten showed bold, colourful sets, and Dolce &amp; Gabbana doubled down on the classic pyjama-style piped shirt. Even Hollywood’s on"," 51 men’s spring wardrobe updates for under £100 (some are even free). Over the past couple of years, the runways have felt hushed: classic colours, minimal silhouettes, understated accessories. This season feels like a gear change: the mood has lifted, and designers are getting playful again. We’re talking colour, stripes, brooches, bandanas, resort wear, jewellery, denim jackets, even pyjamas … Personality and feelgood dressing are back on the agenda. I’ve put together a list of 50 tips and tricks to get you on top of your fashion game for the upcoming season. For spring, your best investments will be transitional layers that wake up your wardrobe – think denim jackets, long-sleeve bretons and argyle knits. Of course, I’m not saying you should ditch the timeless wardrobe you’ve built during the “quiet luxury” era or splash out on loads of new pieces. In fact, I’ve included some subtle styling tweaks to give the staples you already own 2026 attitude, such as wearing an oxford shirt a little undone or even just popping your collar. There’s plenty of inspi",The Filter,https://www.theguardian.com/thefilter/2026/mar/25/mens-spring-wardrobe-updates-uk,"""prada"" AND (""luxury"" OR ""fashion"" OR ""stock"")"
fashion/2026/mar/26/british-designer-christopher-kane-creative-director-mulberry,2026-03-26,British designer Christopher Kane to take over as creative director at Mulberry,"The British fashion designer Christopher Kane has been named as the new creative director of Mulberry. The Glaswegian-born designer will relaunch the English heritage brand’s women’s ready-to-wear collection, with his debut reportedly to be launched in September at London fashion week, before landing in stores and online from January 2027. Response within the British fashion industry has been jubilant. According to Vogue, “the shout of glee at the news that Christopher Kane is the new creative director at Mulberry was practically audible across London this morning”. It will be Mulberry’s first catwalk show since February 2017 and a welcome return to the schedule for Kane, who counts Michelle Obama, Rihanna, Alexa Chung, Kendrick Lamar and FKA twigs among his fans. Mulberry would be the biggest name on the London fashion week schedule after Burberry, providing a heartening jolt for the event, which has recently lacked big-brand recognition. Seen as a generational talent, the designs Kane put out under his eponymous own label, which he founded alongside his sister, Tammy, in 2006 after graduating from Central Saint Martins, were much beloved. His sense of fun and hedonism, eye for a good party dress and smart reference have made him a favourite on red carpets and beyond. In 2013, the luxury conglomerate Kering acquired a 51% stake of the business. Then in 2018, Kane bought his label back, before being forced to shut it during the pandemic in 2020. The post-Covid closures of other British brands, such as Susie Cave’s The Vampire’s Wife and Cefinn, are further evidence of the challenges faced by independent designers in Britain. Kane is widely known for his “More Joy” slogan, which first appeared at his autumn/winter 2018 show and was borrowed from the 1972 erotic manual The Joy of Sex. A dress from the collection featuring the word “Rubberist”, with a picture of rubber gloves on it, was worn by Lena Dunham at the 2019 Met Gala. The Scottish designer draws inspiration f","British designer Christopher Kane to take over as creative director at Mulberry. The British fashion designer Christopher Kane has been named as the new creative director of Mulberry. The Glaswegian-born designer will relaunch the English heritage brand’s women’s ready-to-wear collection, with his debut reportedly to be launched in September at London fashion week, before landing in stores and online from January 2027. Response within the British fashion industry has been jubilant. According to Vogue, “the shout of glee at the news that Christopher Kane is the new creative director at Mulberry was practically audible across London this morning”. It will be Mulberry’s first catwalk show since February 2017 and a welcome return to the schedule for Kane, who counts Michelle Obama, Rihanna, Alexa Chung, Kendrick Lamar and FKA twigs among his fans. Mulberry would be the biggest name on the London fashion week schedule after Burberry, providing a heartening jolt for the event, which has recently lacked big-brand recognition. Seen as a generational talent, the designs Kan",Fashion,https://www.theguardian.com/fashion/2026/mar/26/british-designer-christopher-kane-creative-director-mulberry,"""Kering"" AND ""fashion"""
commentisfree/2026/mar/27/the-guardian-view-on-new-musicals-sex-drugs-and-song-n-dance,2026-03-27,"The Guardian view on new musicals: sex, drugs and song ‘n’ dance","Singin’ in the Rain it will never be, but Trainspotting the Musical is not as improbable as it seems. The yellow-brick road from cult novel to film to blockbuster musical is so well trodden that it was only a matter of time before an all-singing, all-dancing adaptation of Irvine Welsh’s gritty 1993 novel about a bunch of heroin addicts in Edinburgh hit London’s West End. Danny Boyle’s 1996 film, which celebrated its 30th anniversary last month, had already established Trainspotting as a story with a soundtrack. The musical will have specially written songs too. From Oliver! and Les Misérables to Matilda, Wicked and The Devil Wears Prada, many of the biggest hitters in the West End today started out as books. Even the global hit Hamilton was inspired by a hefty 800-page biography of the 18th-century American founding father Alexander Hamilton. Last autumn, Paddington the Musical joined their ranks. A musical version of another hit novel about the 1990s (although published in 2009) – David Nicholls’s One Day – opened in Edinburgh this month. The romance between Emma and Dexter might be more typical musical fare than the drug-fuelled antics of Trainspotting’s Renton, Sick Boy and Spud, but that doesn’t mean that the latter don’t belong in a musical. Welsh has revealed that this latest incarnation will “broaden” to include contemporary addictions to mobile phones and the internet. An opera about the opioid crisis might seem equally unlikely, but this is the subject of The Galloping Cure from John Berry, former artistic director of English National Opera, premiering at this year’s Edinburgh international festival. “If opera wants to own the zeitgeist in the performing arts then it needs to commission stories that have bigger impact,” Berry said recently, in remarks slightly less widely reported than Timothée Chalamet’s opera snub. A form sometimes disdained as elitist actually has more recently chosen some surprising themes – including the life of Anna Nicole Smith or th","The Guardian view on new musicals: sex, drugs and song ‘n’ dance. Singin’ in the Rain it will never be, but Trainspotting the Musical is not as improbable as it seems. The yellow-brick road from cult novel to film to blockbuster musical is so well trodden that it was only a matter of time before an all-singing, all-dancing adaptation of Irvine Welsh’s gritty 1993 novel about a bunch of heroin addicts in Edinburgh hit London’s West End. Danny Boyle’s 1996 film, which celebrated its 30th anniversary last month, had already established Trainspotting as a story with a soundtrack. The musical will have specially written songs too. From Oliver! and Les Misérables to Matilda, Wicked and The Devil Wears Prada, many of the biggest hitters in the West End today started out as books. Even the global hit Hamilton was inspired by a hefty 800-page biography of the 18th-century American founding father Alexander Hamilton. Last autumn, Paddington the Musical joined their ranks. A musical version of another hit novel about the 1990s (although published in 2009) – Dav",Opinion,https://www.theguardian.com/commentisfree/2026/mar/27/the-guardian-view-on-new-musicals-sex-drugs-and-song-n-dance,"""devil wears prada"""
us-news/ng-interactive/2026/mar/27/faith-kates-models-dear-friend-jeffrey-epstein,2026-03-27,Faith Kates: the woman who introduced models to ‘dear friend’ Jeffrey Epstein,"A female executive at the top of the modelling industry had a close friendship with Jeffrey Epstein and introduced him to women on the agency’s books, a Guardian investigation has found. Until last November, Faith Kates ran Next Management modelling and talent agency, which has represented the likes of Alexa Chung, Milla Jovovich and Billie Eilish, a position she held for decades as the founder of the business. She stepped down quietly just weeks before the first major Epstein files were released, saying she intended to focus on charity work. Links between Kates and the late sex offender have previously been reported, but analysis of documents published by the US Department of Justice reveals a much deeper relationship than previously known, with emails showing Kates secretly took business advice from Epstein and discussed multimillion-dollar loans. Kates appears to have met Epstein regularly, including on one occasion with the then Prince Andrew at a New York department store in December 2010, the week of Andrew Mountbatten-Windsor’s now infamous visit to the city to supposedly call off his friendship with the financier. Kates, 68, offered her support and “unconditional” friendship after Epstein was first convicted for soliciting a child for prostitution in 2009. She was still sending friendly emails weeks before he was arrested again in 2019. More troubling is that across their nearly 40-year relationship it seems Kates connected a number of her models with Epstein, raising serious questions for the woman who has been responsible for the careers – and ultimately the welfare – of thousands of young women. There is no evidence to suggest Kates was aware of Epstein’s offending prior to his 2009 conviction. The revelations prompted Next, which until now has not commented on its founder’s relationship with the sex offender, to thoroughly distance itself from her. In a statement to the Guardian, a spokesperson said the company was working to end all legal ties with Kate","Faith Kates: the woman who introduced models to ‘dear friend’ Jeffrey Epstein. A female executive at the top of the modelling industry had a close friendship with Jeffrey Epstein and introduced him to women on the agency’s books, a Guardian investigation has found. Until last November, Faith Kates ran Next Management modelling and talent agency, which has represented the likes of Alexa Chung, Milla Jovovich and Billie Eilish, a position she held for decades as the founder of the business. She stepped down quietly just weeks before the first major Epstein files were released, saying she intended to focus on charity work. Links between Kates and the late sex offender have previously been reported, but analysis of documents published by the US Department of Justice reveals a much deeper relationship than previously known, with emails showing Kates secretly took business advice from Epstein and discussed multimillion-dollar loans. Kates appears to have met Epstein regularly, including on one occasion with the then Prince Andrew at a New York department store in Decem",US news,https://www.theguardian.com/us-news/ng-interactive/2026/mar/27/faith-kates-models-dear-friend-jeffrey-epstein,"""prada"" AND (""luxury"" OR ""fashion"" OR ""stock"")"
news/2026/mar/28/six-great-reads-clever-is-the-new-cool-hbo-uk-and-the-plot-to-erase-imran-khan,2026-03-28,"Six great reads: clever is the new cool, HBO UK and the plot to erase Imran Khan","Prisoner number 804: the plot to erase Imran Khan No Pakistani has straddled as many spheres, or for as long. Imran was the country’s biggest cricket star when the USSR invaded Afghanistan. When the Berlin Wall fell, he was wearing tuxes and surrounded by women – like a Pakistani James Bond, without the spying and killing. By 9/11 he was a politician. When Covid hit, he was prime minister. Now, Imran Khan is the sole occupant of a cell in Pakistan’s most notorious jail. Osman Samiuddin explored how the most powerful forces in Pakistan have conspired to try and erase their most famous citizen from public life. Read more Marriage over, €100,000 down the drain: the AI users whose lives were wrecked by delusion One minute, Dennis Biesma was playing with a chatbot; the next, he was convinced his new “friend” was sentient and would make him a fortune. As Anna Moore reported, he’s just one of many people who have lost control after an AI encounter. Read more The ‘self-deportee’ hounded out of the US to Mexico: ‘There are days when I feel literally insane’ Abel Ortiz quit the US on 4 August 2025. By then he had grown unnerved by the pervasive presence in Los Angeles of national guard troops, helicopters whirring overhead, and ICE agents ready to pounce in unmarked Fords and Chevys. Ortiz had lived in LA since he was a newborn. Ed Pilkington and the Guardian’s video team caught up with him in Mexico City, where they found him fired up and grieving in his new life. Read more We are living in a period of political anti-intellectualism. But in pop culture, clever is the new cool Put down your negroni, hang up your Prada handbag and pick up a paperback. Next time someone whips out their phone to take your picture, grab your reading specs, not your lipstick. Smart is the new hot. So wrote Jess Cartner-Morley as she examined why, at the very moment Trump’s rambling speeches and meme–fied inanity threaten to overwhelm us, fashion, music and film are moving in the opposite direction","Six great reads: clever is the new cool, HBO UK and the plot to erase Imran Khan. Prisoner number 804: the plot to erase Imran Khan No Pakistani has straddled as many spheres, or for as long. Imran was the country’s biggest cricket star when the USSR invaded Afghanistan. When the Berlin Wall fell, he was wearing tuxes and surrounded by women – like a Pakistani James Bond, without the spying and killing. By 9/11 he was a politician. When Covid hit, he was prime minister. Now, Imran Khan is the sole occupant of a cell in Pakistan’s most notorious jail. Osman Samiuddin explored how the most powerful forces in Pakistan have conspired to try and erase their most famous citizen from public life. Read more Marriage over, €100,000 down the drain: the AI users whose lives were wrecked by delusion One minute, Dennis Biesma was playing with a chatbot; the next, he was convinced his new “friend” was sentient and would make him a fortune. As Anna Moore reported, he’s just one of many people who have lost control after an AI encounter. Read more The ‘self-deportee’ hounded out of",News,https://www.theguardian.com/news/2026/mar/28/six-great-reads-clever-is-the-new-cool-hbo-uk-and-the-plot-to-erase-imran-khan,"""prada"" AND (""luxury"" OR ""fashion"" OR ""stock"")"
fashion/2026/apr/01/jess-cartner-morley-on-fashion-spring-dressing,2026-04-01,"Jess Cartner-Morley on fashion: spring has sprung, so put away your coat and banish the black tights","It all came to a head, as matters of getting dressed so often do, over black tights. I had wanted to wear my silver skirt, you see. It was a rare blue-sky day and the sunshine was making me crave reflective surfaces to maximise the light. Anyway, you know how it is when you just get a yen to wear something. So I pulled out said silver skirt and then realised I didn’t want to wear the black opaque tights I wear with it in winter, but it wasn’t anywhere near warm enough to wear it with bare legs as I do in summer. I was completely stumped. And it made me realise: I need a refresher course in what to wear at this time of year. Spring has sprung, but I have forgotten how to hop to it. So here we have it: your pocket primer on how to dress for spring. I’m talking about the spring that happens every year, an actual real-world meteorological phenomenon, not about the fashion trends of this particular moment. The lengthening days, daylight commuting, the juicy greens and yellows of the landscape, the maverick unpredictability of rain. Whether zebra stripes are the new leopard does not concern us today. We don’t need fashion to provide the newness when newness is in abundance in the world. So we can flick back through the pages to remind ourselves of spring’s fashion classics. Shall we begin? As I was saying: tights. There comes a moment when you have to pack away the black opaques. I am quite strict about this, I think wearing tights once the weather has turned is like keeping your Christmas decorations up too long. This does narrow down your dress and skirt choices for a while, because it’s too chilly to really have your legs out, but that in itself is a good prompt to shake things up. Also, and I admit I have zero scientific evidence for this, but I’m convinced it is true: while thighs get cold and break into goosebumps really fast, I don’t think calves feel the cold so much. A handy outfit formula is to wear a knee-length skirt with ankle boots and a pair of ribbed socks","Jess Cartner-Morley on fashion: spring has sprung, so put away your coat and banish the black tights. It all came to a head, as matters of getting dressed so often do, over black tights. I had wanted to wear my silver skirt, you see. It was a rare blue-sky day and the sunshine was making me crave reflective surfaces to maximise the light. Anyway, you know how it is when you just get a yen to wear something. So I pulled out said silver skirt and then realised I didn’t want to wear the black opaque tights I wear with it in winter, but it wasn’t anywhere near warm enough to wear it with bare legs as I do in summer. I was completely stumped. And it made me realise: I need a refresher course in what to wear at this time of year. Spring has sprung, but I have forgotten how to hop to it. So here we have it: your pocket primer on how to dress for spring. I’m talking about the spring that happens every year, an actual real-world meteorological phenomenon, not about the fashion trends of this particular moment. The lengthening days, daylight commuting, the juicy greens and yellows of the landsca",Fashion,https://www.theguardian.com/fashion/2026/apr/01/jess-cartner-morley-on-fashion-spring-dressing,"""devil wears prada"""
world/2026/apr/05/british-father-son-dubai-fortune-wanted-men-prison-beaten-tortured,2026-04-05,‘I was beaten and tortured’: how a British father and son made a fortune in Dubai then became wanted men,"A four-metre barbed-wire fence runs through the desert at the UAE‑Omani border. In the early hours of 17 February 2021, Albert Douglas, 58, a British businessman, was creeping along it, looking for a way through. Douglas, who cuts a slight figure, wears spectacles and has a broad, earnest smile, never expected things to come to this. He’d been forced to abandon his home on Dubai’s Palm Jumeirah, the tree-shaped archipelago lined with upmarket residences, and go into hiding. Usually he’d be driving around in a Rolls-Royce, now he was in a pickup truck, being chauffeured by people smugglers. They’d transported him to the edge of the Al Ain border, which neighbours Oman, in the dead of the night. It was incredible, really, how fast the life he once led could evaporate. All that mattered now was getting to the other side of that fence. A few weeks earlier, Douglas had been sitting at home, watching his supreme court appeal via video link. He was being hounded by the Dubai authorities over debts incurred by his son Wolfgang Douglas’s company and, while Wolfgang was in the UK, Albert had been arrested. Albert was facing a £2.5m fine and a three-year prison sentence – this was his final chance for a reprieve. He had always believed the truth would prevail, but as he watched the hearing play out, his faith in the system deserted him. He decided to lie low in a friend’s apartment while he weighed his options. It soon became clear that he didn’t have any. “That’s when I decided to leave,” he says. “I left it not to the last minute, but the last second.” The escape plan was activated. Soon, Albert was making his way to the border, switching cars along the way. They pitched up in a nearby village to await nightfall. As he approached the fence, trying to locate a hole that had been cut in advance, all seemed to be going smoothly. Then the calm of the desert was broken by shouts and gunshots. Red dots peppered Albert’s body – laser sights from the weapons of UAE soldiers closing ","‘I was beaten and tortured’: how a British father and son made a fortune in Dubai then became wanted men. A four-metre barbed-wire fence runs through the desert at the UAE‑Omani border. In the early hours of 17 February 2021, Albert Douglas, 58, a British businessman, was creeping along it, looking for a way through. Douglas, who cuts a slight figure, wears spectacles and has a broad, earnest smile, never expected things to come to this. He’d been forced to abandon his home on Dubai’s Palm Jumeirah, the tree-shaped archipelago lined with upmarket residences, and go into hiding. Usually he’d be driving around in a Rolls-Royce, now he was in a pickup truck, being chauffeured by people smugglers. They’d transported him to the edge of the Al Ain border, which neighbours Oman, in the dead of the night. It was incredible, really, how fast the life he once led could evaporate. All that mattered now was getting to the other side of that fence. A few weeks earlier, Douglas had been sitting at home, watching his supreme court appeal via video link. He was being hounded by the Dubai authorities over ",World news,https://www.theguardian.com/world/2026/apr/05/british-father-son-dubai-fortune-wanted-men-prison-beaten-tortured,"""prada"" AND (""luxury"" OR ""fashion"" OR ""stock"")"
thefilter/2026/apr/07/best-spring-jackets-for-women,2026-04-07,The best spring jackets for women: 12 favourites for every forecast,"Spring is the most confusing season when it comes to fashion. Mornings can be grey and drizzly, but come the afternoon, the sun may be shining like it’s August. A trusty spring jacket will help you navigate the forecast and the transition into the warmer months. The perfect spring jacket is lighter in weight and often softer in colour than a winter one. Taking inspiration from the flowers, greenery and lush landscapes these months bring is a great way to add joy to your everyday. A pastel-coloured jacket can instantly make your outfit feel more seasonally appropriate, too. Leaving behind the warm embrace of your puffer isn’t easy, and I love a classic black coat, but neither seems fitting on a bright April morning. With that in mind, we’ve rounded up the best spring jackets to add sunshine to your wardrobe – whatever the weather decides to do. *** The best spring jackets for women *** £165 at Mint Velvet £165 at John Lewis A quilted jacket is ideal for spring: warm enough to shield you from a lingering chill, but not so heavy that it drowns you. The decorative stitching creates tiny pockets of insulation to trap heat without adding bulk. This Mint Velvet jacket has a spring-appropriate floral motif, in a soft cream shade, while the lace trim adds extra interest. Perfect for those in-between days. Best quilted jacket: Mint Velvet cream floral jacquard quilted jacket *** £75 at Community Clothing You can never go wrong with a classic trucker denim jacket, a style first created by Levi’s in the 1960s. Denim is durable, but it’s notoriously water-intensive to produce, so shopping smart is essential. This trucker-style jacket from Community Clothing is made from organic cotton and is cut and sewn in Blackburn. Dark-wash denim is easier to dress up or down, unlike lighter washes that tend to read more casual. However, this style’s enduring popularity means there’s lots of great jackets available secondhand at places such as Depop. When shopping vintage, always check condi","The best spring jackets for women: 12 favourites for every forecast. Spring is the most confusing season when it comes to fashion. Mornings can be grey and drizzly, but come the afternoon, the sun may be shining like it’s August. A trusty spring jacket will help you navigate the forecast and the transition into the warmer months. The perfect spring jacket is lighter in weight and often softer in colour than a winter one. Taking inspiration from the flowers, greenery and lush landscapes these months bring is a great way to add joy to your everyday. A pastel-coloured jacket can instantly make your outfit feel more seasonally appropriate, too. Leaving behind the warm embrace of your puffer isn’t easy, and I love a classic black coat, but neither seems fitting on a bright April morning. With that in mind, we’ve rounded up the best spring jackets to add sunshine to your wardrobe – whatever the weather decides to do. *** The best spring jackets for women *** £165 at Mint Velvet £165 at John Lewis A quilted jacket is ideal for spring: warm enough to shield you",The Filter,https://www.theguardian.com/thefilter/2026/apr/07/best-spring-jackets-for-women,"""prada"" AND (""luxury"" OR ""fashion"" OR ""stock"")"
fashion/2026/apr/07/former-vogue-editor-anna-wintour-cover-meryl-streep,2026-04-07,Anna Wintour shares Vogue cover with Hollywood doppelganger Meryl Streep,"After more than 30 years helming Vogue, and becoming a pop icon in the process, Anna Wintour has graced the cover of the fashion magazine alongside her Hollywood doppelganger, Meryl Streep. The global editorial director of Vogue is photographed by Annie Leibovitz alongside Streep, who plays Miranda Priestly in The Devil Wears Prada, a brash, ruthless editor of a fashion magazine thought to be based on Wintour. In an interview by the Barbie director, Greta Gerwig, Wintour said it was “such an honour to be played by Meryl” but suggested the character of Priestly was “distant” from the real Wintour. She called the character an “extraordinary gift”. She said: “I like my age. I feel as alive, excited and aware as ever, and I like to learn from my children and from all my teams around the world. It’s always exciting. “And I think with experience, you have a sense of balance and proportion, and you know that life is not perfect and that things will go wrong and you’re just going to give it your best shot. But if it doesn’t work, you have to move on. I feel age is actually an advantage.” Asked how she would feel about swapping jobs with Streep, Wintour said: “There’s no way. I have no gifts. I have absolutely no gifts at all. I can’t sing, I can’t dance, I can’t act, I’m useless with my hands, I can’t cook, I certainly can’t sew.” The Devil Wears Prada is based on the novel of the same name by Lauren Weisberger, who had been Wintour’s assistant at Vogue. The film starred Anne Hathaway as an aspiring reporter who secures a post as a lackey to the ice-cold editor of the fictional publication Runway. The Devil Wears Prada 2, a sequel to the 2006 original, is out in cinemas next month. Wintour has previously given a more mixed reaction to the character. Speaking to the New Yorker editor, David Remnick, on a podcast, she said: “I went to the premiere wearing Prada, completely having no idea what the film was going to be about.” Remnick suggested it was “cartoonish”, to which Win","Anna Wintour shares Vogue cover with Hollywood doppelganger Meryl Streep. After more than 30 years helming Vogue, and becoming a pop icon in the process, Anna Wintour has graced the cover of the fashion magazine alongside her Hollywood doppelganger, Meryl Streep. The global editorial director of Vogue is photographed by Annie Leibovitz alongside Streep, who plays Miranda Priestly in The Devil Wears Prada, a brash, ruthless editor of a fashion magazine thought to be based on Wintour. In an interview by the Barbie director, Greta Gerwig, Wintour said it was “such an honour to be played by Meryl” but suggested the character of Priestly was “distant” from the real Wintour. She called the character an “extraordinary gift”. She said: “I like my age. I feel as alive, excited and aware as ever, and I like to learn from my children and from all my teams around the world. It’s always exciting. “And I think with experience, you have a sense of balance and proportion, and you know that life is not perfect and that things will go wrong and you’re just going to give it yo",Fashion,https://www.theguardian.com/fashion/2026/apr/07/former-vogue-editor-anna-wintour-cover-meryl-streep,"""devil wears prada"""
us-news/2026/apr/08/first-thing-us-iran-ceasefire-tehran-reopen-strait-of-hormuz,2026-04-08,First Thing: US and Iran agree ceasefire as Tehran says it will reopen strait of Hormuz,"Good morning. The US and Iran agreed to a two-week conditional ceasefire deal on Tuesday evening, which includes a temporary reopening of the strait of Hormuz. The truce was agreed after a last-minute diplomatic intervention led by Pakistan, canceling Donald Trump’s ultimatum for Iran to surrender or face annihilation. The deal came less than two hours before the deadline Trump had set for bombing Iran’s power plants and bridges – which legal experts had said could constitute war crimes. The ceasefire process was clouded in uncertainty after Iran released two different versions of the 10-point plan intended as the basis for negotiations. The Farsi version including the phrase “acceptance of enrichment” for its nuclear program, which was absent from the English translation shared with journalists. How does the ceasefire affect Israel and Lebanon? The Israel prime minister, Benjamin Netanyahu, said Israel backed the US ceasefire with Iran – but that the deal did not cover fighting against Hezbollah in Lebanon. Israeli attacks have killed more than 1,500 in Lebanon. What has Trump said about the Iranian 10-point plan? He has called it a “workable basis on which to negotiate”. Here’s what’s in it. Follow our liveblog for the latest developments. Republican wins Georgia runoff election to replace Marjorie Taylor Greene The Republican candidate Clay Fuller has won a runoff election in Marjorie Taylor Greene’s former district in north-west Georgia. Despite Fuller backing the war in Iran, and the Democratic candidate, Shawn Harris, opposing it, Republicans succeeded in holding on to the seat in the conservative-leaning House on Tuesday night. How much of a margin do Republicans have in Georgia? The GOP currently holds the state House with a three-vote margin. JD Vance accuses EU of ‘interference’ as he visits Hungary to help Orbán win election JD Vance has accused the EU of interfering in Hungary’s forthcoming elections, even as the US vice-president made no effort to conce","First Thing: US and Iran agree ceasefire as Tehran says it will reopen strait of Hormuz. Good morning. The US and Iran agreed to a two-week conditional ceasefire deal on Tuesday evening, which includes a temporary reopening of the strait of Hormuz. The truce was agreed after a last-minute diplomatic intervention led by Pakistan, canceling Donald Trump’s ultimatum for Iran to surrender or face annihilation. The deal came less than two hours before the deadline Trump had set for bombing Iran’s power plants and bridges – which legal experts had said could constitute war crimes. The ceasefire process was clouded in uncertainty after Iran released two different versions of the 10-point plan intended as the basis for negotiations. The Farsi version including the phrase “acceptance of enrichment” for its nuclear program, which was absent from the English translation shared with journalists. How does the ceasefire affect Israel and Lebanon? The Israel prime minister, Benjamin Netanyahu, said Israel backed the US ceasefire with Iran – but that the deal did not cover fighting agains",US news,https://www.theguardian.com/us-news/2026/apr/08/first-thing-us-iran-ceasefire-tehran-reopen-strait-of-hormuz,"""devil wears prada"""
fashion/2026/apr/09/anna-wintours-vogue-cover-is-more-than-a-cameo-its-a-power-play,2026-04-09,Anna Wintour’s Vogue cover is more than a cameo – it’s a power play,"In the world of magazines, when someone announces they’re leaving a job, their colleagues will traditionally present them with their own personalised mock-up of the magazine’s front cover. Perhaps their face is superimposed on the body of a previous celebrity cover star. There are probably some witty cover lines referencing memorable office moments or their favourite snacks. It’s a rite of passage – and this week, Anna Wintour was bestowed with her very own cover. But instead of a jokey imitation bidding her adieu, it was the real, glossy deal, coming to a newsstand near you on 28 April. In a somewhat surprising effort to promote the forthcoming The Devil Wears Prada 2, Vogue’s May issue sees Wintour share the cover with Meryl Streep, whose steely Miranda Priestly, editor-in-chief of the fictional title Runway, is said to have been inspired by Wintour. “Seeing Double. When Miranda met Anna” reads the cover line. While Wintour has fronted various industry titles, including Interview in 1993 and Ad Week in 2017, it’s the first time an editor has placed themselves as the subject. In another fun twist, both Wintour and Streep are wearing Prada. First teased via Vogue’s Instagram on Tuesday, within seconds the image had gone viral, amassing, at the time of writing, more than 1.2m likes. “Maaj” commented the model Gigi Hadid. “Just so good” added the actor Mindy Kaling, while the 10k-plus other comments from the general public span everything from “Actually groundbreaking”, in reference to Priestly’s immortal florals line from the original film, to “Getting this framed”. Rather than just plugging the highly anticipated sequel, though, Wintour’s newsstand appearance serves as something more significant (of course it does, this is Wintour we’re talking about): it’s her own personal power move, and a klaxon for the next phase of Anna Wintour. The cover comes just 10 months after she announced she was “stepping back” as editor-in-chief of Vogue and six months after she promot","Anna Wintour’s Vogue cover is more than a cameo – it’s a power play. In the world of magazines, when someone announces they’re leaving a job, their colleagues will traditionally present them with their own personalised mock-up of the magazine’s front cover. Perhaps their face is superimposed on the body of a previous celebrity cover star. There are probably some witty cover lines referencing memorable office moments or their favourite snacks. It’s a rite of passage – and this week, Anna Wintour was bestowed with her very own cover. But instead of a jokey imitation bidding her adieu, it was the real, glossy deal, coming to a newsstand near you on 28 April. In a somewhat surprising effort to promote the forthcoming The Devil Wears Prada 2, Vogue’s May issue sees Wintour share the cover with Meryl Streep, whose steely Miranda Priestly, editor-in-chief of the fictional title Runway, is said to have been inspired by Wintour. “Seeing Double. When Miranda met Anna” reads the cover line. While Wintour has fronted various industry titles, including Interview in ",Fashion,https://www.theguardian.com/fashion/2026/apr/09/anna-wintours-vogue-cover-is-more-than-a-cameo-its-a-power-play,"""devil wears prada"""
uk-news/2026/apr/10/digested-week-needohs-knox-far-side-of-the-moon,2026-04-10,"Digested week: NeeDohs, Knox and news from the far side of the moon","Monday Easter Monday and we’re out in Camden, observing the tween girls’ stations of the cross: namely, Pop Mart and Miniso, Chinese retailers selling toys, collectibles and “blind boxes”, for which the devotional parent is invited to pay 15 quid for their child to unwrap a surprise. (The surprise – can you guess? – is that it’s not worth 15 quid.) Other purchasing options include the “Action Figure Squid Game Set”, which retails for – adjusts glasses – £250. A range of DC Comics collectible figures starting at £32 a pop. And something called a “Cinnamoroll figurine”, which is, inexplicably, £95. We come to look not to buy, which seems to be the general position of everyone in the shop and may be why Pop Mart’s share price has lately been tanking. Until this year, almost 40% of the company’s revenue was generated by sales of the Labubu, the “ugly doll” spiritual heir to the Cabbage Patch that sold for up to £70 a unit and that tweens briefly went crazy for last summer. Since then, enthusiasm for Labubus has cooled and Pop Mart’s share price has plunged 22%. As we speak, its top scientists are, presumably, working on the next hideous thing to replace it. One thing we don’t find on Monday: any NeeDohs, the small, hard squishy that feels like a defective implant and, as the world’s top fidget, is so popular there’s a global shortage. (NeeDohs are favoured by parents, too, mainly because if you drop a NeeDoh on the carpet, it doesn’t stick to the fibres like slime.) Anyway, thanks to the influencers, you can’t lay your hands on a NeeDoh for love nor money and might have to default to “squishy dumplings” which come in a variety of colours, including the “viral glitter dumpling” which is “secret” and – I could go on in this vein forever until we run out of money, or sanity, or both. Tuesday There’s been a lot of pre-press about The Devil Wears Prada 2, which suggests to me its makers are nervous. The trailers look … thin? On Tuesday there’s a release of photos featuring A","Digested week: NeeDohs, Knox and news from the far side of the moon. Monday Easter Monday and we’re out in Camden, observing the tween girls’ stations of the cross: namely, Pop Mart and Miniso, Chinese retailers selling toys, collectibles and “blind boxes”, for which the devotional parent is invited to pay 15 quid for their child to unwrap a surprise. (The surprise – can you guess? – is that it’s not worth 15 quid.) Other purchasing options include the “Action Figure Squid Game Set”, which retails for – adjusts glasses – £250. A range of DC Comics collectible figures starting at £32 a pop. And something called a “Cinnamoroll figurine”, which is, inexplicably, £95. We come to look not to buy, which seems to be the general position of everyone in the shop and may be why Pop Mart’s share price has lately been tanking. Until this year, almost 40% of the company’s revenue was generated by sales of the Labubu, the “ugly doll” spiritual heir to the Cabbage Patch that sold for up to £70 a unit and that tweens briefly went crazy for last summer. Since then, enth",UK news,https://www.theguardian.com/uk-news/2026/apr/10/digested-week-needohs-knox-far-side-of-the-moon,"""devil wears prada"""
fashion/2026/apr/10/popcorn-plastic-bag-devil-wears-prada,2026-04-10,‘Butter Birkin’: popcorn plastic It bag in demand by Devil Wears Prada fans ,"In a recent trailer for the highly anticipated The Devil Wears Prada sequel, the cast are seen parading through the streets of New York City carrying an array of designer handbags, including clutches and satchels from Chanel and Valentino. But among fans of the film there is a very different type of It bag in demand: a popcorn bucket shaped to resemble a structured tote bag is quickly becoming a coveted accessory. Cinema chains, including the Odeon in the UK, are to sell the red plastic bag, which comes filled with popcorn as part of a special ticket deal. Nicknamed the Butter Birkin – a reference to the Hermès Birkin, fashion’s high status and highest valued bag, where prices start at £7k – prices for the big screen version are expected to start from £20. Despite not yet being officially available in the UK, the bag is already being touted on resale sites. One listing on eBay has a starting price of £130. The bag joins a recent list of commemorative popcorn buckets that have captivated cinemagoers. In 2023, Barbie released one that resembled a pink corvette; the following year Dune unveiled a sandworm inspired bucket, while in March, Ryan Gosling’s Project Hail Mary launched one that mirrored an astronaut’s helmet. While film memorabilia is not new, Finola Kerrigan, a professor of marketing at the University of Birmingham, says the lack of analogue videotapes and DVDs is popularising a new wave and attracting a wider audience. “Nowadays, there is a real distinction between physical objects and digital consumption,” she says. “Film is an experience, so unless you have something physical to show it can be hard to demonstrate your fandom. These types of popcorn buckets allow the buyer to show they belong to a certain group.” The bag went on sale in the US at chains, including AMC, in March. A £40 “Runway ready” offer from the US site Fandango that includes the bag alongside a ticket and limited edition Runway magazine – a mockup of the fictional magazine helmed by Mir","‘Butter Birkin’: popcorn plastic It bag in demand by Devil Wears Prada fans . In a recent trailer for the highly anticipated The Devil Wears Prada sequel, the cast are seen parading through the streets of New York City carrying an array of designer handbags, including clutches and satchels from Chanel and Valentino. But among fans of the film there is a very different type of It bag in demand: a popcorn bucket shaped to resemble a structured tote bag is quickly becoming a coveted accessory. Cinema chains, including the Odeon in the UK, are to sell the red plastic bag, which comes filled with popcorn as part of a special ticket deal. Nicknamed the Butter Birkin – a reference to the Hermès Birkin, fashion’s high status and highest valued bag, where prices start at £7k – prices for the big screen version are expected to start from £20. Despite not yet being officially available in the UK, the bag is already being touted on resale sites. One listing on eBay has a starting price of £130. The bag joins a recent list of commemorative popcorn buckets that have captivate",Fashion,https://www.theguardian.com/fashion/2026/apr/10/popcorn-plastic-bag-devil-wears-prada,"""devil wears prada"""
culture/2026/apr/11/celebrity-peer-interviews,2026-04-11,Celebrity on celebrity: are we losing the art of the big star interview?,"We live in a time where ultra-rich businesspeople have accrued more wealth and power than ever, creating a growing sentiment that they ought to be held to account, no doubt exacerbated by the fact that a wealthy businessman is in his second self-enriching term in the US presidency. So naturally, CNN, Donald Trump’s supposed nemesis, has figured out the best way to use their resources to better interrogate this elevated class: by letting them interview each other about their businesses. The 1 on 1 is named not for an actual journalist going up against a major business leader; they would probably never agree to that. So instead, CEOs can “grill” each other about whatever they mutually agree are the correct things to ask fellow elites. A spokesperson says these conversations will be “refreshingly direct”. Refreshing to who, exactly, is not specified, but you can take a guess. This is disappointing but also inevitable. Interviews, especially on-camera interviews with people not directly involved with politics, have increasingly become all-subject, no-perspective affairs, starting from the ground zero of the entertainment industry – a leader in content-light mutual admiration. For a splashy new Vogue piece, for example, the journalist whose byline is affixed to a conversation featuring Meryl Streep and Anna Wintour, tied to the release of The Devil Wears Prada 2, takes the fly-on-the-wall version of journalism to an extreme: the “moderator” of this conversation is Greta Gerwig, Streep and Wintour’s fellow celeb. Chloe Malle, the writer and Wintour’s successor as Vogue editor, meanwhile, compares herself to a “court stenographer” without mentioning that in courts, typically the lawyers and judge aren’t all on the same team. There’s no byline at all on the introduction to another recent piece where Marc Jacobs – finally, a leg up for this underappreciated figure! – interviews Sabrina Carpenter. Presumably someone else was actually in the room with them – unless Jacobs brou","Celebrity on celebrity: are we losing the art of the big star interview?. We live in a time where ultra-rich businesspeople have accrued more wealth and power than ever, creating a growing sentiment that they ought to be held to account, no doubt exacerbated by the fact that a wealthy businessman is in his second self-enriching term in the US presidency. So naturally, CNN, Donald Trump’s supposed nemesis, has figured out the best way to use their resources to better interrogate this elevated class: by letting them interview each other about their businesses. The 1 on 1 is named not for an actual journalist going up against a major business leader; they would probably never agree to that. So instead, CEOs can “grill” each other about whatever they mutually agree are the correct things to ask fellow elites. A spokesperson says these conversations will be “refreshingly direct”. Refreshing to who, exactly, is not specified, but you can take a guess. This is disappointing but also inevitable. Interviews, especially on-camera interviews with people not directly in",Culture,https://www.theguardian.com/culture/2026/apr/11/celebrity-peer-interviews,"""devil wears prada"""
lifeandstyle/2026/apr/12/lifestyle-blogger-devil-wears-prada-anna-wintour-assistant-pay-interns,2026-04-12,Lifestyle blogger said to have inspired Devil Wears Prada character uses unpaid student interns,"She is said to have been the inspiration for a character in The Devil Wears Prada and was a personal assistant of Anna Wintour, so Plum Sykes knows a thing or two about the arduous and often unglamorous life of being a fashion industry intern. But that recognition does not, it appears, extend to paying her own interns a fair wage. Or, indeed, any wage at all. Sykes, an editor at Vogue, has launched her own Substack, where she has more than 20,000 followers – some of whom pay £65 for her musings. To help her run her new business, the writer, who lives in the Cotswolds, has students helping her for free. She has faced criticism for not paying them anything at all for their work. The blog features personal missives in posts such as one that ranks her favourite house guests based on how much they have spent on a gift when turning up at her home. Not only does Sykes not pay the students who assist in this enterprise, one has bought her lavish gifts. Sykes recently boasted that one of them bought her Hermès gloves, which retail for between £500 and £1,000. Pandora Sykes (who is no relation), a former editor at magazines and newspapers, commented under an online blog post about unpaid interns: “I remember the days of working for expenses only. There is no place – NONE – in 2026 for not paying your contributors, in whatever capacity they contribute”. Plum is related to a baronet and whose family has a sprawling ancestral estate in Yorkshire, admitted she did not pay the student workers at the moment but “hopefully that can change”. Her great-grandfather was Mark Sykes, who drafted the Sykes-Picot agreement in 1916 that set out an agreement between France and the UK over how they would partition Arab lands in the Middle East. She is married to the tycoon Toby Rowland, the multimillionaire son of the famed businessman Tiny Rowland. Sykes is said to be the inspiration behind Emily Blunt’s stylish and aloof character in the Devil Wears Prada; the book the film is based on was w","Lifestyle blogger said to have inspired Devil Wears Prada character uses unpaid student interns. She is said to have been the inspiration for a character in The Devil Wears Prada and was a personal assistant of Anna Wintour, so Plum Sykes knows a thing or two about the arduous and often unglamorous life of being a fashion industry intern. But that recognition does not, it appears, extend to paying her own interns a fair wage. Or, indeed, any wage at all. Sykes, an editor at Vogue, has launched her own Substack, where she has more than 20,000 followers – some of whom pay £65 for her musings. To help her run her new business, the writer, who lives in the Cotswolds, has students helping her for free. She has faced criticism for not paying them anything at all for their work. The blog features personal missives in posts such as one that ranks her favourite house guests based on how much they have spent on a gift when turning up at her home. Not only does Sykes not pay the students who assist in this enterprise, one has bought her lavish gifts. Sykes recently boasted that one of them b",Life and style,https://www.theguardian.com/lifeandstyle/2026/apr/12/lifestyle-blogger-devil-wears-prada-anna-wintour-assistant-pay-interns,"""devil wears prada"""
world/2026/apr/17/first-edition-friday-briefing-theatre-industry-west-end-ticket-prices,2026-04-17,"Friday briefing: Is theatre in a Misérables state, or is the industry just adapting to tough times?","Good morning. We all enjoy a great night out at the theatre. Last year, 37 million people visited theatres in the UK. And while London may sometimes feel like New York City’s less cool cousin, the West End welcomed 3 million more fans than Broadway in 2025. When you look at the star-studded lineup at last weekend’s Olivier awards, with Rosamund Pike, Adjoa Andoh, Elaine Paige and David Harewood among those lighting up the red carpet at London’s Royal Albert Hall – you can see why audiences jump at the chance to witness live performances. But behind the headline numbers of bums on seats and money splashed at the bar, there are growing concerns about the future of the industry – not least the impact of the cost of living on the affordability of a night out, and the escalating cost of staging shows. For today’s newsletter I spoke to the Guardian’s chief theatre critic, Arifa Akbar, about the state of British theatre in 2026 – where it is thriving, where it is struggling, and why it still matters. First, the headlines. Five big stories Middle East crisis | Donald Trump has announced a 10-day ceasefire in Lebanon to be followed by a meeting between Israeli and Lebanese leaders next week, in a deal that it is hoped will bring progress toward a parallel peace agreement between the US and Iran. UK politics | Peter Mandelson failed his security vetting clearance but the decision was overruled by the Foreign Office to ensure he could take up his post as ambassador to the US. Russia-Ukraine war | Russia has carried out its deadliest attack against Ukraine this year, killing at least 17 people and injuring more than 100 in a wave of drone and missile strikes across the country. UK news | A teenager and two men have been arrested after an attempted arson attack at the offices of a Persian media organisation in north-west London, the Metropolitan police said. UK news | A church warden who was jailed for life for the murder of a university lecturer has had his conviction quashed a","Friday briefing: Is theatre in a Misérables state, or is the industry just adapting to tough times?. Good morning. We all enjoy a great night out at the theatre. Last year, 37 million people visited theatres in the UK. And while London may sometimes feel like New York City’s less cool cousin, the West End welcomed 3 million more fans than Broadway in 2025. When you look at the star-studded lineup at last weekend’s Olivier awards, with Rosamund Pike, Adjoa Andoh, Elaine Paige and David Harewood among those lighting up the red carpet at London’s Royal Albert Hall – you can see why audiences jump at the chance to witness live performances. But behind the headline numbers of bums on seats and money splashed at the bar, there are growing concerns about the future of the industry – not least the impact of the cost of living on the affordability of a night out, and the escalating cost of staging shows. For today’s newsletter I spoke to the Guardian’s chief theatre critic, Arifa Akbar, about the state of British theatre in 2026 – where it is thriving, where it is struggling, and why it still ",World news,https://www.theguardian.com/world/2026/apr/17/first-edition-friday-briefing-theatre-industry-west-end-ticket-prices,"""devil wears prada"""
film/2026/apr/21/the-devil-wears-prada-2-starbucks-collaboration,2026-04-21,Java script error: why The Devil Wears Prada 2’s Starbucks tie-in leaves a strange taste,"It might, of course, turn out to be a masterpiece. Yet there has been something intangibly depressing about The Devil Wears Prada 2 ever since it was first announced. Somehow, the timing of the film and its subject matter have combined in such a way that you can’t help but feel bummed out to the point of exhaustion just to think of it. The Devil Wears Prada 2 is, of course, a theatrically released movie about glossy magazines, released at a time when nobody goes to see theatrically released movies or buys glossy magazines. And just to really sell the point that the film exists in a vacuum of unrealistic nostalgia, it has just announced a brand partnership with Starbucks. As of yesterday, Starbucks customers are able to order from a secret menu of drinks inspired by characters from The Devil Wears Prada. These run the gamut from Miranda’s Signature Order (“a no foam, extra shot, extra hot caffe latte with non-fat milk,”) to Andy’s Cappuccino (“an oatmilk cappuccino with caramel and cinnamon: simple, elevated, and ready to walk the line between who she was and who she’s becoming.”) There are others, but I won’t bore you with those because I’m fairly certain you don’t often visit Starbucks voluntarily any more. Because, in a franchise full of outdated throwbacks, the Starbucks tie-in has to be the most awkward. Yes, the film industry is so unstable that nobody is able to predict which films will flop any more. Yes, the magazine industry is in the toilet, thanks to the internet and the collapse in the advertising market and the sense that glossy magazines might have been slightly too pleased with themselves in the glory days. But trying to convince people that there is anything even remotely aspirational about Starbucks in the year of our lord 2026? That’s a step too far. Again, you might be able to frame this as a cute throwback to 20 years ago, back when Starbucks carried some prestige. To drink a Starbucks coffee meant that you not only cared about the quality of you","Java script error: why The Devil Wears Prada 2’s Starbucks tie-in leaves a strange taste. It might, of course, turn out to be a masterpiece. Yet there has been something intangibly depressing about The Devil Wears Prada 2 ever since it was first announced. Somehow, the timing of the film and its subject matter have combined in such a way that you can’t help but feel bummed out to the point of exhaustion just to think of it. The Devil Wears Prada 2 is, of course, a theatrically released movie about glossy magazines, released at a time when nobody goes to see theatrically released movies or buys glossy magazines. And just to really sell the point that the film exists in a vacuum of unrealistic nostalgia, it has just announced a brand partnership with Starbucks. As of yesterday, Starbucks customers are able to order from a secret menu of drinks inspired by characters from The Devil Wears Prada. These run the gamut from Miranda’s Signature Order (“a no foam, extra shot, extra hot caffe latte with non-fat milk,”) to Andy’s Cappuccino (“an oatmilk cappuccino with caramel and cinn",Film,https://www.theguardian.com/film/2026/apr/21/the-devil-wears-prada-2-starbucks-collaboration,"""devil wears prada"""
film/2026/apr/22/agon-movie-review-giulio-bertelli-alice-bellandi-sofija-zobina-yile-yara-vianello,2026-04-22,"Agon review – ice-cold, machine-tooled inspection of the dark side of athletic perfection","Here is a fascinatingly experimental debut feature from Italian film-maker Giulio Bertelli, son of fashion designer Miuccia Prada; a machine-tooled movie, intensely designed and controlled. It’s a kind of Martian’s-eye-view documentary about something that doesn’t actually exist; it is ice-cold and detached, almost without dialogue in the conventionally dramatic sense, other than the subdued exchanges which we, as audience, overhear rather than listen to. It accumulates its own kind of desolate force. Bertelli’s film intuits the military roots of three Olympic sports: judo, fencing and shooting. These originally were considered the accomplishments of a soldier in a preindustrial age and shows how the lineaments and forms of violence still exist in these activities. (In fact the film is inspired by the grisly accidental death of the Soviet fencer Vladimir Smirnov in 1982.) Three female Italian athletes are shown taking part in a (fictional) competition called Ludoj 2024. Alice’s event is judo; she is played by the real-life Italian judo gold-medallist Alice Bellandi. Alex, played by Sofija Zobina, is a target-shooter, and Yile Yara Vianello plays fencer Gio. We see the technocratically exact way in which these women’s bodies are measured, enhanced, inspected and stress-tested by a white-collar male scientific labour force, a process which the movie periodically juxtaposes with the manufacture of fencers’ metal grille masks. Each of these women has a problem. Alice suffers from an excruciating knee injury (we see the unbearable surgery) and weight-class worries; Alex, despite getting glamorous fashion-mag cover shoots and sponsorship, is in deep trouble when a viral video surfaces showing her out hunting wolves with her rifle (though it is technically called a “sports tool”) with a party of guys who have reportedly paid her 50,000 euros for coming along on this illicit thrill-ride. Most grim of all is Gio’s fencing contest, which ends in a tragic and horrendous mishap","Agon review – ice-cold, machine-tooled inspection of the dark side of athletic perfection. Here is a fascinatingly experimental debut feature from Italian film-maker Giulio Bertelli, son of fashion designer Miuccia Prada; a machine-tooled movie, intensely designed and controlled. It’s a kind of Martian’s-eye-view documentary about something that doesn’t actually exist; it is ice-cold and detached, almost without dialogue in the conventionally dramatic sense, other than the subdued exchanges which we, as audience, overhear rather than listen to. It accumulates its own kind of desolate force. Bertelli’s film intuits the military roots of three Olympic sports: judo, fencing and shooting. These originally were considered the accomplishments of a soldier in a preindustrial age and shows how the lineaments and forms of violence still exist in these activities. (In fact the film is inspired by the grisly accidental death of the Soviet fencer Vladimir Smirnov in 1982.) Three female Italian athletes are shown taking part in a (fictional) competition called Ludoj 2024. Alice’s event i",Film,https://www.theguardian.com/film/2026/apr/22/agon-movie-review-giulio-bertelli-alice-bellandi-sofija-zobina-yile-yara-vianello,"""prada"" AND (""luxury"" OR ""fashion"" OR ""stock"")"
film/2026/apr/24/backlash-asian-stereotype-the-devil-wears-prada-2-jin-chao,2026-04-24,Backlash against ‘blatant’ Asian stereotype in The Devil Wears Prada 2,"A minor character in fashion-magazine comedy The Devil Wears Prada 2 has sparked a major backlash online, before the film has even reached cinemas. A 38-second clip released on social media by 20th Century Studios on 16 April was designed to showcase “the former assistant’s new assistant” Jin Chao, played by Helen J Shen; she is shown introducing herself and speaking to Anne Hathaway’s Andy Sachs, who is newly returned to work at the fictional Runway magazine. However the clip has been greeted with furious reactions on social media, with posts containing accusations that the character is “blatant anti-Asian racism” being viewed millions of times. The criticism appears to centre on a number of different elements. The character is wearing dowdy clothes and glasses, in contrast to other characters visible in the clip, leading to claims that the film-makers are using an outdated stereotype. Her recital of her academic achievements – “I did go to Yale, 3.86 GPA, lead soprano of the Whiffenpoofs, and my ACT score was 36” – also triggered claims the character played into the Asian stereotype of the “nerdy bookworm”. Other social media posts have also taken aim at the character’s name, saying it sounds uncomfortably close to a racist slur. The Guardian has contacted the film’s representatives for comment. The hotly anticipated sequel is due for release on 30 April in China and 1 May in the US and UK, and has previously been criticised for a brand partnership with coffee chain Starbucks.","Backlash against ‘blatant’ Asian stereotype in The Devil Wears Prada 2. A minor character in fashion-magazine comedy The Devil Wears Prada 2 has sparked a major backlash online, before the film has even reached cinemas. A 38-second clip released on social media by 20th Century Studios on 16 April was designed to showcase “the former assistant’s new assistant” Jin Chao, played by Helen J Shen; she is shown introducing herself and speaking to Anne Hathaway’s Andy Sachs, who is newly returned to work at the fictional Runway magazine. However the clip has been greeted with furious reactions on social media, with posts containing accusations that the character is “blatant anti-Asian racism” being viewed millions of times. The criticism appears to centre on a number of different elements. The character is wearing dowdy clothes and glasses, in contrast to other characters visible in the clip, leading to claims that the film-makers are using an outdated stereotype. Her recital of her academic achievements – “I did go to Yale, 3.86 GPA, lead soprano of the Whiffenp",Film,https://www.theguardian.com/film/2026/apr/24/backlash-asian-stereotype-the-devil-wears-prada-2-jin-chao,"""devil wears prada"""
world/2026/apr/24/friday-briefing-how-the-boom-in-running-culture-is-reflected-in-the-london-marathon,2026-04-24,Friday briefing: ​​How the boom in running culture is reflected in the London Marathon,"Good morning. Britain is experiencing a running boom – and it is being driven by gen Z women. More than a million people applied to be on the London Marathon start line this Sunday, including about 850,000 British runners. A third of those were aged between 18 and 29, and the majority in this category were female, according to event organisers. For a sport stereotypically dominated by spindly men in tight shorts, it is a remarkable transformation. For today’s First Edition, I speak with the Guardian’s chief sports reporter Sean Ingle about the London Marathon’s remarkable popularity – and why it could even become a two-day event. But first, the headlines. Five big stories UK politics | Cat Little, the lead official in the Cabinet Office, had to get a summary of Peter Mandelson’s file directly from UK security vetting (UKSV) after Olly Robbins, the subsequently sacked Foreign Office head, refused to provide it, Little has told a Commons committee. Middle East | Britain is prepared to deploy a squadron of RAF Typhoons based in Qatar to patrol over the strait of Hormuz as part of a multinational mission to keep open the strategic waterway once the Iran war comes to an end. Ukraine | EU leaders have welcomed the end of diplomatic deadlock over a long-awaited €90bn (£78bn) loan for Ukraine, after the bloc finalised the agreement along with a package of sanctions against Russia. Economics | Confidence in the UK economy has fallen sharply amid the mounting fallout from the Iran war, as businesses prepare to raise their prices and consumers brace for a fresh cost of living shock. UK news | Russell Brand said he had “exploitative” consensual sex with a 16-year-old girl at the height of his fame. In depth: ‘A celebration of what’s good in humanity’ For anyone who has watched the London Marathon, it is obvious that it is more than just a running race. Each of the 59,000 participants has their own story about why they are there. Many have endured cold, wet training sessions thr","Friday briefing: ​​How the boom in running culture is reflected in the London Marathon. Good morning. Britain is experiencing a running boom – and it is being driven by gen Z women. More than a million people applied to be on the London Marathon start line this Sunday, including about 850,000 British runners. A third of those were aged between 18 and 29, and the majority in this category were female, according to event organisers. For a sport stereotypically dominated by spindly men in tight shorts, it is a remarkable transformation. For today’s First Edition, I speak with the Guardian’s chief sports reporter Sean Ingle about the London Marathon’s remarkable popularity – and why it could even become a two-day event. But first, the headlines. Five big stories UK politics | Cat Little, the lead official in the Cabinet Office, had to get a summary of Peter Mandelson’s file directly from UK security vetting (UKSV) after Olly Robbins, the subsequently sacked Foreign Office head, refused to provide it, Little has told a Commons committee. Middle East | Britain is prepared to de",World news,https://www.theguardian.com/world/2026/apr/24/friday-briefing-how-the-boom-in-running-culture-is-reflected-in-the-london-marathon,"""prada"" AND (""luxury"" OR ""fashion"" OR ""stock"")"
fashion/2026/apr/24/the-devil-wears-prada-2-shines-a-spotlight-on-a-revolution-in-the-fashion-world,2026-04-24,Death of the gatekeeper: Devil Wears Prada 2 depicts a revolution in the fashion world ,"The National Gallery was the grand setting for the party that followed The Devil Wears Prada 2’s London premiere this week. Donatella Versace held court in a roped-off area beneath Paul Delaroche’s The Execution of Lady Jane Grey. Meryl Streep, reprising her role as Miranda Priestly – Anna Wintour’s fictional alter ego – wore a red satin Prada coat as a nod to the film’s title and black sunglasses as a wink to Wintour. Glossy magazine editors from Spain, Germany and the Netherlands, flown in for the night, nibbled on fried chicken served with caviar and dishes of mac and cheese presented theatrically under silver cloches. It is ironic that the most glamorous and high-profile moment the fashion industry has known in years is the release of a film that ruthlessly satirises its demise. “It has kind of blown our minds how much we have been embraced by businesses that we poked fun at in the first movie and continue to poke fun at in the second movie,” said the film’s screenwriter, Aline Brosh McKenna, speaking from her home in Los Angeles. The plotline of the sequel revolves around Priestly’s attempts to steer Runway magazine through the decline of print publishing. Details of the film are still under embargo, but glossy magazine staffers who attended the film’s premiere described the plot, off the record, as “close to the bone”. A sequel 20 years in the making shines a spotlight on an industry that has been turned upside down by the collapse of legacy publishing. But the razzmatazz around the film’s release confirms that fashion is as compelling as ever. “What is amazing about fashion is that it never loses its appeal,” said the film’s director, David Frankel. “Humans are drawn to beauty and to glamour and to remaking our identities using clothing.” The novel from which the franchise grew, written by Lauren Weisberger, a former assistant to Wintour, was denounced as high treason by fashion insiders when it was published in 2003, and designer brands refused to lend cloth","Death of the gatekeeper: Devil Wears Prada 2 depicts a revolution in the fashion world . The National Gallery was the grand setting for the party that followed The Devil Wears Prada 2’s London premiere this week. Donatella Versace held court in a roped-off area beneath Paul Delaroche’s The Execution of Lady Jane Grey. Meryl Streep, reprising her role as Miranda Priestly – Anna Wintour’s fictional alter ego – wore a red satin Prada coat as a nod to the film’s title and black sunglasses as a wink to Wintour. Glossy magazine editors from Spain, Germany and the Netherlands, flown in for the night, nibbled on fried chicken served with caviar and dishes of mac and cheese presented theatrically under silver cloches. It is ironic that the most glamorous and high-profile moment the fashion industry has known in years is the release of a film that ruthlessly satirises its demise. “It has kind of blown our minds how much we have been embraced by businesses that we poked fun at in the first movie and continue to poke fun at in the second movie,” said the film’s screenwriter, Aline Bro",Fashion,https://www.theguardian.com/fashion/2026/apr/24/the-devil-wears-prada-2-shines-a-spotlight-on-a-revolution-in-the-fashion-world,"""devil wears prada"""
film/2026/apr/29/the-devil-wears-prada-2-review-meryl-streep,2026-04-29,The Devil Wears Prada 2 review – a sequel? For spring? Groundbreaking,"Twenty years have gone by; the fashion and publishing worlds have changed but Satan’s clothing and accessory choices are pretty much what they were. It’s time for a sprightly and amiable sequel to the adored mid-00s Manhattan romcom that followed the adventures of would-be serious writer and saucer-eyed ingenue Andrea “Andy” Sachs, played by Anne Hathaway. Straight out of college in one of the flyover states, she fluked a job at iconic New York fashion magazine Runway, edited by the terrifying and amusingly surnamed Miranda Priestly, played of course by Meryl Streep. Miranda doesn’t look a day older in the sequel, and nor does Nigel, played by Stanley Tucci, still in post as her loyal, worldly, privately melancholy second-in-command. So Andy has come back, having been laid off by some Jeff Bezos-type meanie from the upmarket broadsheet where she’d been winning awards for super-serious but boring articles. She can’t afford to turn down a mephistophelean offer to be features editor for Runway, where she finds things are very different. The magazine now has nothing like the colossal budgets of old; embarrassingly, it has to distance itself from the sweatshop economy, and is ground down by chasing clicks and eyeballs in a fickle digital world ruled by a teen customer base with no class and no taste. Miranda has to pay pursed lip-service to body positivity and rejecting heteronormativity in the workplace, and gets schooled in correct language by her new assistant Amari (Simone Ashley). She even has to fly coach. This follow-up is fun, though let down by Andy’s bafflingly dreary and chemistry-free romance with a dull Australian real estate magnate (a tepid role for Patrick Brammall from TV’s Colin from Accounts). Miranda’s latest submissive prince-consort boyfriend is played by Kenneth Branagh, bizarrely the lead violinist in a string quartet. The film also gives us a lot of star-fan cameos – this is usually a bad sign, but managed well enough here. Not the big cameo thou","The Devil Wears Prada 2 review – a sequel? For spring? Groundbreaking. Twenty years have gone by; the fashion and publishing worlds have changed but Satan’s clothing and accessory choices are pretty much what they were. It’s time for a sprightly and amiable sequel to the adored mid-00s Manhattan romcom that followed the adventures of would-be serious writer and saucer-eyed ingenue Andrea “Andy” Sachs, played by Anne Hathaway. Straight out of college in one of the flyover states, she fluked a job at iconic New York fashion magazine Runway, edited by the terrifying and amusingly surnamed Miranda Priestly, played of course by Meryl Streep. Miranda doesn’t look a day older in the sequel, and nor does Nigel, played by Stanley Tucci, still in post as her loyal, worldly, privately melancholy second-in-command. So Andy has come back, having been laid off by some Jeff Bezos-type meanie from the upmarket broadsheet where she’d been winning awards for super-serious but boring articles. She can’t afford to turn down a mephistophelean offer to be features editor for R",Film,https://www.theguardian.com/film/2026/apr/29/the-devil-wears-prada-2-review-meryl-streep,"""devil wears prada"""
film/2026/apr/29/anne-hathaway-meryl-streep-size-zero-models-devil-wears-prada-2,2026-04-29,Anne Hathaway says she didn’t get any size-zero models fired from The Devil Wears Prada 2,"Anne Hathaway has refuted suggestions that she had size-zero models fired from the forthcoming sequel to The Devil Wears Prada in a drive for inclusivity. Speaking to Good Morning America, the actor sought to clarify comments made by her co-star, Meryl Streep, to Harper’s Bazaar in March. Streep told the magazine she had been surprised how thin the models on set were, and that “Annie clocked it too, and she made a beeline to the producers about it, securing promises that the models in the show that we were putting together for our film would not be so skeletal! She’s a standup girl.” Speaking to Variety at the film’s New York premiere last week, Hathaway appeared to double down on the claim, saying she “thought the scene would be so much more enjoyable for the audience if we had just a wider range of bodies on display. “I just went to the producers and I asked that question: ‘Don’t you think the scene would be stronger if we had a more inclusive approach to sizing? They looked up and were so sad that they hadn’t thought about it. I think they were so locked in, just kind of going with the flow. But as soon as they saw it, they were the ones who made it happen in like an hour.” Appearing on Good Morning America, Hathaway said, “There’s a little misinformation getting out there right now that people were fired because of the size inclusivity and that just didn’t happen”. She added: “Nobody lost their jobs, in fact, it created more jobs.” The Devil Wears Prada 2 is released in cinemas this weekend, 20 years after the original film, and looks set to ride a wave of renewed business at the box office, after healthy takings for films such as Project Hail Mary, The Super Mario Galaxy Movie and the Michael Jackson biopic, Michael.","Anne Hathaway says she didn’t get any size-zero models fired from The Devil Wears Prada 2. Anne Hathaway has refuted suggestions that she had size-zero models fired from the forthcoming sequel to The Devil Wears Prada in a drive for inclusivity. Speaking to Good Morning America, the actor sought to clarify comments made by her co-star, Meryl Streep, to Harper’s Bazaar in March. Streep told the magazine she had been surprised how thin the models on set were, and that “Annie clocked it too, and she made a beeline to the producers about it, securing promises that the models in the show that we were putting together for our film would not be so skeletal! She’s a standup girl.” Speaking to Variety at the film’s New York premiere last week, Hathaway appeared to double down on the claim, saying she “thought the scene would be so much more enjoyable for the audience if we had just a wider range of bodies on display. “I just went to the producers and I asked that question: ‘Don’t you think the scene would be stronger if we had a more inclusive approach to sizing? They looked up and w",Film,https://www.theguardian.com/film/2026/apr/29/anne-hathaway-meryl-streep-size-zero-models-devil-wears-prada-2,"""devil wears prada"""
fashion/2026/apr/29/frock-hard-place-why-the-furore-over-black-tie-dress,2026-04-29,Why the outrage over this dress worn to the White House correspondents’ dinner?,"Although far less important than the political violence at the White House correspondent’s dinner in Washington over the weekend, the sartorial choices of the Maga administration are now getting airtime – and one dress is causing a particular furore. It is being reported that Jennifer Rauchet, wife of the US secretary of defence, Pete Hegseth, wore what appeared to resemble a gown listed on Shein for $42 (and similar to another on Temu for half the price). Naturally, some backlash has been inevitable. Shein is a gargantuan Chinese fast-fashion marketplace, and Temu is the country’s answer to Amazon – while Hegseth champions nationalism and “America first”. The US also continues to engage in a trade war with China, and Rauchet’s husband has been outspoken on the threat he sees the nation posing to the world. While we should never tar a woman with the same brush as her husband, there’s reason to believe that Rauchet, a former Fox News executive producer, may have beliefs that aren’t too dissimilar. But the onion-like layers that have unpeeled – the backlash, and then the backlash to the backlash – have been more circuitous than you might expect from a one-shouldered gown with a smattering of rhinestone appliqué, another near-identical version of which costs £77.39 on AliExpress at the time of writing. On the one hand, influencer Ella Devi, a self-described “socialist socialite”, posted on X: “peter hegeseth’s [sic] wife wore a dress from temu to the white house correspondents dinner (I’m not joking).” The tweet has since been viewed more than 6m times. More forensically, fashion industry watchdog Diet Prada posted to their 3.4 million followers: “Pete Hegseth’s wife wore fast fashion from overseas … despite her party’s nationalist ideologies.” Some then took umbrage at the umbrage over what appeared, from their perspectives, to be Rauchet’s salt-of-the-earth sartorial choice. In response to Devi’s post, far-right political activist Laura Loomer came to Rauchet’s aid: ","Why the outrage over this dress worn to the White House correspondents’ dinner?. Although far less important than the political violence at the White House correspondent’s dinner in Washington over the weekend, the sartorial choices of the Maga administration are now getting airtime – and one dress is causing a particular furore. It is being reported that Jennifer Rauchet, wife of the US secretary of defence, Pete Hegseth, wore what appeared to resemble a gown listed on Shein for $42 (and similar to another on Temu for half the price). Naturally, some backlash has been inevitable. Shein is a gargantuan Chinese fast-fashion marketplace, and Temu is the country’s answer to Amazon – while Hegseth champions nationalism and “America first”. The US also continues to engage in a trade war with China, and Rauchet’s husband has been outspoken on the threat he sees the nation posing to the world. While we should never tar a woman with the same brush as her husband, there’s reason to believe that Rauchet, a former Fox News executive producer, may have beliefs that aren’t too ",Fashion,https://www.theguardian.com/fashion/2026/apr/29/frock-hard-place-why-the-furore-over-black-tie-dress,"""prada"" AND (""luxury"" OR ""fashion"" OR ""stock"")"
commentisfree/2026/apr/30/creaky-knees-charlize-theron-50-apex-female-action-hero,2026-04-30,Creaky knees be damned – Charlize Theron is showing us what’s possible at 50,"If you are in your 50s, 40s or even late 30s and feel as though things are rapidly heading south, might I point you in the direction of Apex, the 95-minute action movie that launched last week on Netflix and is currently parked at No 1 on both sides of the Atlantic. You may think Apex, which has almost no dialogue, a paper-thin script and plot holes the size of the Australian outback in which it was filmed, is not for you, but you would be wrong. Next time you make a noise when you get up from the sofa, you can visualise Charlize Theron free-climbing a cliff face in peak middle age and remind yourself these things are still possible. What’s startling about this is that Theron, at 50, appears to have successfully outrun the Hollywood dead end that greets women on their 34th birthday. She could be unrecognisable from surgery while clinging to the reboot of some earlier role. She could be trapped in Yorgos Lanthimos-style whimsy, because what could be more whimsical and grotesque than an ageing female actor? She could be playing someone’s mother – specifically, the mother of a male actor some five years her junior. Instead, Theron has been everywhere in the past fortnight, dominating the social-media feeds, crowding out the increasingly desperate-looking publicity push from the cast of The Devil Wears Prada 2, and shinning up a wall in Times Square in New York to promote a film that is basically an instructional climbing video with a serial killer subplot. I mean, it works for me. And, while it probably doesn’t need saying that Apex isn’t Citizen Kane, it is a thoroughly enjoyable hour and a half (the length that, by law, all films should be) and an antidote to the current news cycle. Theron plays Sasha, a serious climber who, after a tragic accident on a mountain in Norway, goes on a solo camping trip to Australia where she enjoys the typical backpacker experience: being chased through the bush by a psychotic killer (Taron Egerton) brandishing a crossbow, from whom sh","Creaky knees be damned – Charlize Theron is showing us what’s possible at 50. If you are in your 50s, 40s or even late 30s and feel as though things are rapidly heading south, might I point you in the direction of Apex, the 95-minute action movie that launched last week on Netflix and is currently parked at No 1 on both sides of the Atlantic. You may think Apex, which has almost no dialogue, a paper-thin script and plot holes the size of the Australian outback in which it was filmed, is not for you, but you would be wrong. Next time you make a noise when you get up from the sofa, you can visualise Charlize Theron free-climbing a cliff face in peak middle age and remind yourself these things are still possible. What’s startling about this is that Theron, at 50, appears to have successfully outrun the Hollywood dead end that greets women on their 34th birthday. She could be unrecognisable from surgery while clinging to the reboot of some earlier role. She could be trapped in Yorgos Lanthimos-style whimsy, because what could be more whimsical and grotesque than an ",Opinion,https://www.theguardian.com/commentisfree/2026/apr/30/creaky-knees-charlize-theron-50-apex-female-action-hero,"""devil wears prada"""
commentisfree/2026/apr/30/rebecca-shaw-australian-tv-comedy,2026-04-30,"If you’re a fan of laughing, you should invest in Australian comedy – take my (and Nick Offerman’s) word for it","Last week, Parks and Recreation star, and most importantly Megan Mullally’s husband, Nick Offerman, was asked on Amy Poehler’s podcast what he’s been laughing at recently. He revealed he has been loving the Australian comedy Colin from Accounts. A few days later, during promo for The Devil Wears Prada 2, award-winning actor and the Princess of Genovia herself, Anne Hathaway, also said she loves Colin from Accounts (maybe less surprising given it features her DWP2 co-star). In both those instances, I felt an unfamiliar sense of national pride. I’m genuinely excited to see an Australian TV comedy getting its flowers like this. Not because it means it will get more American viewers, but because it’s external validation that the comedy we make in this country can be excellent. We can be world class – if we are given the chance. We are currently in Australia’s comedy season, with major comedy festivals around the country – not just Melbourne and Sydney but also Perth, Canberra and Brisbane. It’s like a season of sport, except with less physical contact. I have never done standup, but I do work in comedy writing and have many comedian friends, so it’s also the time of year that my Instagram feed is taken over by friends spruiking their shows. I don’t hold this against them – it’s my fault for knowing so many talented people. I clearly need to befriend some boring losers. But the fact our comedians deserve our support is very much front of mind. It may look simple from the outside, but I know the tenacity comedians have. The work they put in over years, the hours spent travelling and writing and gigging and promoting, often around other jobs that can provide a modicum of financial security. So when an original funny show such as Colin from Accounts is made in Australia, it’s important to yell about it. Sign up for the fun stuff with our rundown of must-reads, pop culture and tips for the weekend, every Saturday morning Kate McCartney and Kate McLennan’s very Australianly h","If you’re a fan of laughing, you should invest in Australian comedy – take my (and Nick Offerman’s) word for it. Last week, Parks and Recreation star, and most importantly Megan Mullally’s husband, Nick Offerman, was asked on Amy Poehler’s podcast what he’s been laughing at recently. He revealed he has been loving the Australian comedy Colin from Accounts. A few days later, during promo for The Devil Wears Prada 2, award-winning actor and the Princess of Genovia herself, Anne Hathaway, also said she loves Colin from Accounts (maybe less surprising given it features her DWP2 co-star). In both those instances, I felt an unfamiliar sense of national pride. I’m genuinely excited to see an Australian TV comedy getting its flowers like this. Not because it means it will get more American viewers, but because it’s external validation that the comedy we make in this country can be excellent. We can be world class – if we are given the chance. We are currently in Australia’s comedy season, with major comedy festivals around the country – not just Melbourne and Sydney but also Perth, Canberra and Brisbane.",Opinion,https://www.theguardian.com/commentisfree/2026/apr/30/rebecca-shaw-australian-tv-comedy,"""devil wears prada"""
business/live/2026/apr/30/bank-of-england-expected-hold-interest-rates-noon-assesses-fallout-iran-war-live-updates,2026-04-30,Bank of England leaves interest rates on hold with committee split 8-1; ECB also keeps rates steady – as it happened,"The Bank of England has left interest rates unchanged at 3.75% but warned that the UK may need to brace for hikes later this year, as “higher inflation is unavoidable” as a result of the war in the Middle East. The Bank’s rate-setting monetary policy committee (MPC) voted to leave borrowing costs on hold on Thursday, with its nine-member committee split 8-1 in their decision. Andrew Bailey, the governor of the Bank of England, said: “The war in the Middle East is causing inflation to rise again this year.” He added that the policymakers were monitoring the global situation and its impact on the UK economy “very closely”, but that the decision to hold rates at 3.75% for now is a “reasonable place given the situation of the economy and the unpredictability of events in the Middle East”. Financial markets are expecting a rate rise by the end of July, and another one by the end of the year. Investec economist Sandra Horsfield explained: The market reaction has been considerable: the market has scaled back its expectations of BoE rate hikes, now pricing in 62 basis points of rate increases by the end of this year, whereas shortly before the decision, it had priced in over 70bps of hikes. This reflects less the policy decision today and more the message the monetary policy committee sent about how it sees policy evolving from here: the MPC did not send as strong a warning about potential future rate hikes as markets had priced in. The European Central Bank also left interest rates unchanged as expected but discussed a rate hike “at length”. The bank, which sets interest rates for the 21 countries that are in the eurozone, signalled mounting concerns over soaring inflation, leading to market epectations of several rate hikes this year, with the first move expected in June. Oil prices have retreated after a 7% jump earlier. Brent crude is down 2.9% at $114.65 a barrel, after rising as high as $126.41 a barrel this morning. Our other stories: Thank you for reading. We’ll be ","Bank of England leaves interest rates on hold with committee split 8-1; ECB also keeps rates steady – as it happened. The Bank of England has left interest rates unchanged at 3.75% but warned that the UK may need to brace for hikes later this year, as “higher inflation is unavoidable” as a result of the war in the Middle East. The Bank’s rate-setting monetary policy committee (MPC) voted to leave borrowing costs on hold on Thursday, with its nine-member committee split 8-1 in their decision. Andrew Bailey, the governor of the Bank of England, said: “The war in the Middle East is causing inflation to rise again this year.” He added that the policymakers were monitoring the global situation and its impact on the UK economy “very closely”, but that the decision to hold rates at 3.75% for now is a “reasonable place given the situation of the economy and the unpredictability of events in the Middle East”. Financial markets are expecting a rate rise by the end of July, and another one by the end of the year. Investec economist Sandra Horsfield explained: The market reaction has been considerable: the market",Business,https://www.theguardian.com/business/live/2026/apr/30/bank-of-england-expected-hold-interest-rates-noon-assesses-fallout-iran-war-live-updates,"""prada"" AND (""luxury"" OR ""fashion"" OR ""stock"")"
film/2026/may/01/the-woman-who-loves-luxury-goods-2-why-the-devil-wears-prada-title-goes-back-to-basics-in-vietnam,2026-05-01,The Woman Who Loves Luxury Goods 2: why the Devil Wears Prada title goes back to basics in Vietnam,"Since it is the sequel to a modern classic – an iconic film that managed to introduce no end of quotes and terms to the cultural lexicon – you could assume that The Devil Wears Prada 2 wouldn’t have to work much to attract an audience. But this is where you would be wrong. For example, someone unfamiliar with the first film might wonder if, since the title invokes Satan, it might actually be a horror. Or maybe the name scans as an angry indie documentary about the role of designer clothing within this period of late-stage capitalism. And so it makes much more sense to do what the Vietnamese have done and simply call the film The Woman Who Loves Luxury Goods 2. Isn’t that perfect? The Woman Who Loves Luxury Goods 2 is an almost perfect name, because it instantly lets the viewer know that a) there is a woman in this film, b) the woman loves luxury goods and c) this is a sequel. True, you might be able to argue that the film isn’t specific enough about which woman loves luxury goods (the statement is equally true of many women in the film), and maybe that it isn’t quite specific enough. After all, the title could work just as well for Breakfast at Tiffany’s or Confessions of a Shopaholic or Sex and the City or The Bling Ring or Marie Antoinette. But this is merely a quibble. In fact, The Woman Who Loves Luxury Goods 2 deserves to be added to the canon of Films That Had a Better Title in a Different Language. Luckily for us, it is a huge canon. There are a wealth of films that, for whatever reason, have had their names altered for different markets. For the most part, the new titles have always improved on them. For instance, the title Bad Santa manages to sell about 80% of what the film sets out to achieve, but there is still a lingering vagueness. Is the Santa of Bad Santa morally untrustworthy, or merely inept? Luckily the Czech Republic managed to fix this, by giving it a title that translates to Santa Is a Pervert. Instantly, you know exactly what sort of film you’","The Woman Who Loves Luxury Goods 2: why the Devil Wears Prada title goes back to basics in Vietnam. Since it is the sequel to a modern classic – an iconic film that managed to introduce no end of quotes and terms to the cultural lexicon – you could assume that The Devil Wears Prada 2 wouldn’t have to work much to attract an audience. But this is where you would be wrong. For example, someone unfamiliar with the first film might wonder if, since the title invokes Satan, it might actually be a horror. Or maybe the name scans as an angry indie documentary about the role of designer clothing within this period of late-stage capitalism. And so it makes much more sense to do what the Vietnamese have done and simply call the film The Woman Who Loves Luxury Goods 2. Isn’t that perfect? The Woman Who Loves Luxury Goods 2 is an almost perfect name, because it instantly lets the viewer know that a) there is a woman in this film, b) the woman loves luxury goods and c) this is a sequel. True, you might be able to argue that the film isn’t specific enough about which woman loves luxury goods (the ",Film,https://www.theguardian.com/film/2026/may/01/the-woman-who-loves-luxury-goods-2-why-the-devil-wears-prada-title-goes-back-to-basics-in-vietnam,"""devil wears prada"""
culture/2026/may/01/the-art-of-the-right-and-the-wrong-movie-cameo,2026-05-01,The Guide #241: Wintour isn’t coming … and her Devil Wears Prada absence is for the best,"The Devil Wears Prada 2 has a cameo list more stuffed than the fashion cupboard at the film’s fictional Runway magazine. It runs the gamut from eye-poppingly famous (Lady Gaga, Donatella Versace, Naomi Campbell) to if-you-know-you-know industry famous (Tina Brown, say, or a host of supermodels familiar to anyone on the Paris front row) to “huh, how did they get there?” (Late Show bandleader Jon Batiste, or Chicken Shop Date’s Amelia Dimoldenberg, already on her second cameo of the year after a super-quick turn in an episode of Industry). Missing, though, is the one cameo everyone hoped for, the white – or should that be cerulean? – whale herself: Anna Wintour, Vogue top dog and heavy inspiration in the film for Meryl Streep’s formidable sadist-in-chief, Miranda Priestly. Wintour, though absent from the original Devil Wears Prada, always hovered over proceedings – it’s said that a number of designers steered clear of cameo appearances in the first film for fear of offending her – and Wintour herself, though present at its premiere, always studiously avoided discussing the film. But in recent months there seems to have been a sudden thawing – fond words from Wintour about the film on the New Yorker podcast, then a shock appearance alongside Streep on a Vogue cover – prompting speculation that the be-fringed one might deign to appear in the sequel. It wasn’t to be: Wintour did film a scene, but according to director David Frankel it was left out of the film after she “jumped her cue”, and Frankel didn’t dare ask her to do a second take. That’s probably for the best. Wintour’s greatest superpower is her unknowability, her unapproachability, swanning around in elevated circles we no-marks can only gawp up at. To have her rocking up at Milan fashion week and lowering her large Chanel sunglasses to deliver a knowing look towards Miranda would chip away at her glassy aura, while at the same time turning the film’s long knowing wink of a homage to her into heavily signposted","The Guide #241: Wintour isn’t coming … and her Devil Wears Prada absence is for the best. The Devil Wears Prada 2 has a cameo list more stuffed than the fashion cupboard at the film’s fictional Runway magazine. It runs the gamut from eye-poppingly famous (Lady Gaga, Donatella Versace, Naomi Campbell) to if-you-know-you-know industry famous (Tina Brown, say, or a host of supermodels familiar to anyone on the Paris front row) to “huh, how did they get there?” (Late Show bandleader Jon Batiste, or Chicken Shop Date’s Amelia Dimoldenberg, already on her second cameo of the year after a super-quick turn in an episode of Industry). Missing, though, is the one cameo everyone hoped for, the white – or should that be cerulean? – whale herself: Anna Wintour, Vogue top dog and heavy inspiration in the film for Meryl Streep’s formidable sadist-in-chief, Miranda Priestly. Wintour, though absent from the original Devil Wears Prada, always hovered over proceedings – it’s said that a number of designers steered clear of cameo appearances in the first film for fear of offending her – and Wi",Culture,https://www.theguardian.com/culture/2026/may/01/the-art-of-the-right-and-the-wrong-movie-cameo,"""devil wears prada"""
film/2026/may/01/the-devil-wears-prada-2-romcom-reporter-heroine,2026-05-01,The devil wears Primark: is the romcom reporter about to get the sack?,"Runway magazine is collapsing. Miranda is eating in the cafeteria and flying economy. Andy is the new features editor. Emily is dating a billionaire. Somebody dies. Amelia Dimoldenberg makes a cameo. But the one unexpected detail in The Devil Wears Prada 2 that I can’t stop thinking about is this: Andy worries that she’ll never be in a position to unfreeze her eggs. “Left New York for 15 years, not married – never found the right person, and my kids are at a doctor’s office on 85th,” she breezily reports to Emily when they reunite after 20 years. “They’re eggs,” she clarifies, adding that she is excited to have children. And in that moment, I couldn’t help but wonder: was the woman who once had the job “a million girls would kill for” always this relatable? Along with 99% of the other thirty- and forty-something journalists at the sequel’s London premiere last week, I was once a wide-eyed teenager watching the first film and dreaming of Andy’s life. “Everybody wants to be us,” Miranda smirked, and she was right. The impossible boss. The coffee runs. The Chanel makeover. The free trips to Paris. The work pal with the charisma of Stanley Tucci. Hell, even the selfish boyfriend who at least makes great grilled cheese. We wanted all the highs and lows, if it meant becoming a success. After all, we are a generation obsessed with status, the hustle and grinding hard until burnout hits. If an outlier like Andy could break into such an exclusive industry – with those bushy eyebrows and onion bagels – through hard work and talent, maybe our own career dreams could come true. That industry is now on its knees. “Do you remember when magazines were a thing?” snarls gamekeeper turned poacher Emily, who has since moved to Dior – the company whose ads are propping up Runway. Last year, more than 3,000 journalism job losses were recorded across the UK and US. There are only a handful of editorial positions left. Promotions are scarce. Budgets are constantly being slashed. AI and in","The devil wears Primark: is the romcom reporter about to get the sack?. Runway magazine is collapsing. Miranda is eating in the cafeteria and flying economy. Andy is the new features editor. Emily is dating a billionaire. Somebody dies. Amelia Dimoldenberg makes a cameo. But the one unexpected detail in The Devil Wears Prada 2 that I can’t stop thinking about is this: Andy worries that she’ll never be in a position to unfreeze her eggs. “Left New York for 15 years, not married – never found the right person, and my kids are at a doctor’s office on 85th,” she breezily reports to Emily when they reunite after 20 years. “They’re eggs,” she clarifies, adding that she is excited to have children. And in that moment, I couldn’t help but wonder: was the woman who once had the job “a million girls would kill for” always this relatable? Along with 99% of the other thirty- and forty-something journalists at the sequel’s London premiere last week, I was once a wide-eyed teenager watching the first film and dreaming of Andy’s life. “Everybody wants to be us,” Miranda ",Film,https://www.theguardian.com/film/2026/may/01/the-devil-wears-prada-2-romcom-reporter-heroine,"""devil wears prada"""
us-news/2026/may/01/first-thing-trump-rift-germany-italy-spain-iran-war,2026-05-01,"First Thing: Trump doubles down on rift with Germany, Italy and Spain amid war on Iran","Good morning. Donald Trump has threatened to withdraw US troops from Italy and Spain a day after he saying was looking at curtailing the number deployed in Germany. The US president’s threat to Germany came after the country’s chancellor, Friedrich Merz, said America was being “humiliated” by Iran. Trump has severely criticised Nato allies for not sending their navies to help open the strait of Hormuz, a crucial commercial shipping corridor. At an Oval Office event on Thursday, Trump was asked if he would consider withdrawing troops from bases in Spain and Italy over their unwillingness to get involved in his war on Iran. “Yeah, probably,” the president replied. “Why shouldn’t I? Italy has not been of any help to us and Spain has been horrible, absolutely horrible.” What has Congress been saying about the war? A senior Democrat in the Senate grilled the US secretary of defense, Pete Hegseth, on Thursday, accusing him of failing to give Trump an accurate picture of the war on Iran while resorting to “dangerously exaggerated” statements to create an inaccurate picture of a US military triumph. Video shows moment shooter tried to storm White House dinner Federal prosecutors released footage on Thursday of the moment officials say Cole Tomas Allen tried to storm last week’s White House Correspondents’ Association dinner in an alleged attempt to kill Donald Trump. Amid questions about whether or not Allen fired his weapon before being subdued, Jeanine Pirro, the top federal prosecutor in Washington DC, released edited security camera footage of the incident in a social media post. In a caption, Pirro claimed the video showed Allen casing the hotel location the night before Saturday’s dinner, and then shooting a Secret Service agent as he rushed through a metal detector at a checkpoint while officers were in the process of removing at least one of the two magnetometers used for screening guests. What’s the latest on the suspect? The man accused of attempting to assassinat","First Thing: Trump doubles down on rift with Germany, Italy and Spain amid war on Iran. Good morning. Donald Trump has threatened to withdraw US troops from Italy and Spain a day after he saying was looking at curtailing the number deployed in Germany. The US president’s threat to Germany came after the country’s chancellor, Friedrich Merz, said America was being “humiliated” by Iran. Trump has severely criticised Nato allies for not sending their navies to help open the strait of Hormuz, a crucial commercial shipping corridor. At an Oval Office event on Thursday, Trump was asked if he would consider withdrawing troops from bases in Spain and Italy over their unwillingness to get involved in his war on Iran. “Yeah, probably,” the president replied. “Why shouldn’t I? Italy has not been of any help to us and Spain has been horrible, absolutely horrible.” What has Congress been saying about the war? A senior Democrat in the Senate grilled the US secretary of defense, Pete Hegseth, on Thursday, accusing him of failing to give Trump an accurate picture of the war on Iran while",US news,https://www.theguardian.com/us-news/2026/may/01/first-thing-trump-rift-germany-italy-spain-iran-war,"""devil wears prada"""
film/2026/may/02/the-devil-wears-prada-2-meryl-streep-finances-emily-blunt-anne-hathaway-stanley-tucci,2026-05-02,"Gaga, Dior and $24 tweezers: how The Devil Wears Prada 2 turns rags to riches","For a film that serves as a commentary on the perilous economics of today’s media landscape, it’s fitting that promotion for The Devil Wears Prada 2 has been so frank about its finances. Speaking ahead of the New York premiere, Meryl Streep revealed she initially turned down the role of withering fashion magazine editor Miranda Priestly in the 2006 original in a bid to extract more money from its producers. “They called me up and they made an offer,” she told US TV show Today, “and I said, no, not going to do it. I knew it was going to be a hit, and I wanted to see [what would happen] if I doubled my ask. They went right away and said: ‘Sure!’ I thought, I’m 56 and it took me this long to understand that I could do that.” Streep’s hardball bartering paid off all round. The film made more than nine times its $35m budget at the box office, enjoyed a strong streaming afterlife and became a cultural touchstone. Asked earlier this week about the 20-year wait for a sequel, Emily Blunt and Anne Hathaway jokingly noted that Stanley Tucci was the last of the four stars to sign on the second time round – holding out, they said, for the big bucks. Estimates suggest that cast salaries alone account for around half the sequel’s $100m price tag, once the leads, supporting cast and costly cameos are totted up. Lady Gaga’s brief appearance as herself in the film – including a bespoke body-positive song – came in at a reported $2.5m alone. She is one of about 30 assorted big names from music, fashion, sport and the media to parade briefly on screen, in a bid to lend the project credibility as well as cross-pollinate its promotion. Projections estimate that the new film will take around double its budget over its opening weekend, meaning the original’s overall $326m take should be surpassed within a fortnight. The sequel is riding a wave of renewed enthusiasm for cinema attendance, following box office over-performances for Project Hail Mary, The Super Mario Galaxy Movie and the Mich","Gaga, Dior and $24 tweezers: how The Devil Wears Prada 2 turns rags to riches. For a film that serves as a commentary on the perilous economics of today’s media landscape, it’s fitting that promotion for The Devil Wears Prada 2 has been so frank about its finances. Speaking ahead of the New York premiere, Meryl Streep revealed she initially turned down the role of withering fashion magazine editor Miranda Priestly in the 2006 original in a bid to extract more money from its producers. “They called me up and they made an offer,” she told US TV show Today, “and I said, no, not going to do it. I knew it was going to be a hit, and I wanted to see [what would happen] if I doubled my ask. They went right away and said: ‘Sure!’ I thought, I’m 56 and it took me this long to understand that I could do that.” Streep’s hardball bartering paid off all round. The film made more than nine times its $35m budget at the box office, enjoyed a strong streaming afterlife and became a cultural touchstone. Asked earlier this week about the 20-year wait for a sequel, Emily Blunt and An",Film,https://www.theguardian.com/film/2026/may/02/the-devil-wears-prada-2-meryl-streep-finances-emily-blunt-anne-hathaway-stanley-tucci,"""devil wears prada"""
commentisfree/2026/may/02/devil-wears-prada-2-fat-jokes-body-diversity,2026-05-02,"The Devil Wears Prada is back – and oh, those fat jokes are wearing thin","During the two-month endurance test that was The Devil Wears Prada 2’s global press tour, Meryl Streep and Anne Hathaway hinted that the long-awaited sequel to the 2006 hit would champion body diversity. In interviews, both actors explained that while attending Milan fashion week they were surprised by how “alarmingly thin the models were”. As a result, Hathaway made “a beeline to the producers”, Streep said, to ensure that “skeletal” models wouldn’t feature in the film. At one premiere, Hathaway said she “thought the scene would be so much more enjoyable for the audience if we had just a wider range of bodies on display”. Spoiler alert: only 15 minutes into the sequel the first weight gag lands, and it becomes clear that all the chatter around size inclusivity was, in fact, just simple size-washing. That means there’s just enough for the producers to tick the inclusivity box – mainly in the casting of the comedian Caleb Hearon as Miranda Priestly’s second assistant, and a quick glimpse of a couple of plus-size models including Ashley Graham in a catwalk montage – but not enough for any actual credibility. Then there are several wisecracks about weight, although remarkably only one reference to the weight-loss drug Ozempic. Now, that is groundbreaking! The first film arrived at the height of noughties diet culture, when body-shaming was the norm. This was an era when celebrities’ bodies were scrutinised on the front of magazines, their cellulite circled and saggy knees mocked, while visible folds of flesh led to a frenzy akin to a national emergency. Runway, the film’s fictional luxury fashion magazine, didn’t stoop this low, but The Devil Wears Prada leaned heavily into the idea that everyone in fashion is obsessed with being thin. If the one-liners about fashion (“Florals? For spring? Groundbreaking”) were unforgettable, so too were the quips geared around weight. Who hasn’t thought of Emily Charlton (Emily Blunt) and her line “I’m just one stomach flu away from m","The Devil Wears Prada is back – and oh, those fat jokes are wearing thin. During the two-month endurance test that was The Devil Wears Prada 2’s global press tour, Meryl Streep and Anne Hathaway hinted that the long-awaited sequel to the 2006 hit would champion body diversity. In interviews, both actors explained that while attending Milan fashion week they were surprised by how “alarmingly thin the models were”. As a result, Hathaway made “a beeline to the producers”, Streep said, to ensure that “skeletal” models wouldn’t feature in the film. At one premiere, Hathaway said she “thought the scene would be so much more enjoyable for the audience if we had just a wider range of bodies on display”. Spoiler alert: only 15 minutes into the sequel the first weight gag lands, and it becomes clear that all the chatter around size inclusivity was, in fact, just simple size-washing. That means there’s just enough for the producers to tick the inclusivity box – mainly in the casting of the comedian Caleb Hearon as Miranda Priestly’s second assistant, and a quick glimps",Opinion,https://www.theguardian.com/commentisfree/2026/may/02/devil-wears-prada-2-fat-jokes-body-diversity,"""devil wears prada"""
culture/2026/may/02/entertainment-guide-week-ahead-devil-wears-prada-2-meryl-lenny-henry-legends-netflix,2026-05-02,The Devil Wears Prada 2 to Lenny Henry: your complete entertainment guide to the week ahead,"* * * Going out: Cinema The Devil Wears Prada 2 Out now Sequels, for spring? Groundbreaking. OK, but this just happens to be one of the most anticipated sequels of the last decade, with Meryl Streep, Anne Hathaway and Emily Blunt returning to their respective roles of high-fashion supervillain Miranda Priestly, journalist Andy Sachs and type-A nightmare Emily Charlton. Hokum Out now Adam Scott (Severance) stars in this Irish-set haunted-house horror about a man whose journey to spread his parents’ ashes involves some unexpectedly spooky twists and turns. Irish former electrician Damian McCarthy writes and directs his first Hollywood feature after a couple of lower-budget homegrown hits. Wild Foxes Out now Valéry Carnoy directs this French coming-of-age drama which premiered at Cannes last year to prize-winning effect. Set at a sport-focused boarding school, it concerns the aftermath of a near fatal accident for young boxer Camille (Samuel Kircher) who is rescued by his best friend, Matteo, (Faycal Anaflous). That Time I Got Reincarnated As a Slime: Tears of the Azure Sea Out now A beach vacation at a private resort is disrupted by Yura, an underseas priestess who is after some help in dealing with the potential awakening of a dormant Aqua Dragon. This adventure bridges the gap between the third and fourth series of the popular animated Japanese TV show. Catherine Bray * * * Going out: Gigs Tsatsamis Manchester, 2 May; London, 8 May London-based artist and producer Tsatsamis released his mixtape Tsycophant last month and showcases its lithe electropop on this mini tour. Keep an ear out for the pensive, George Michael-esque Secret Boyfriend and the sweaty strut of Angelina, which sounds like Hurts wrestling with Years &amp; Years. Michael Cragg Tame Impala 7 to 13 May; tour starts London Kevin Parker tours his psych-pop outfit around arenas in support of last year’s Deadbeat album. Perfect timing, given that the album’s third single, Dracula, has gone viral on TikTok ","The Devil Wears Prada 2 to Lenny Henry: your complete entertainment guide to the week ahead. * * * Going out: Cinema The Devil Wears Prada 2 Out now Sequels, for spring? Groundbreaking. OK, but this just happens to be one of the most anticipated sequels of the last decade, with Meryl Streep, Anne Hathaway and Emily Blunt returning to their respective roles of high-fashion supervillain Miranda Priestly, journalist Andy Sachs and type-A nightmare Emily Charlton. Hokum Out now Adam Scott (Severance) stars in this Irish-set haunted-house horror about a man whose journey to spread his parents’ ashes involves some unexpectedly spooky twists and turns. Irish former electrician Damian McCarthy writes and directs his first Hollywood feature after a couple of lower-budget homegrown hits. Wild Foxes Out now Valéry Carnoy directs this French coming-of-age drama which premiered at Cannes last year to prize-winning effect. Set at a sport-focused boarding school, it concerns the aftermath of a near fatal accident for young boxer Camille (Samuel Kircher) who is rescued by his best friend, Mat",Culture,https://www.theguardian.com/culture/2026/may/02/entertainment-guide-week-ahead-devil-wears-prada-2-meryl-lenny-henry-legends-netflix,"""devil wears prada"""
