id,subreddit,title,text,score,num_comments,created_utc,query,event,date,combined_text,vader,finbert
1g5keie,fashion,Do you think this in inappropriate? ,"I’m curious to know what people think of this shirt? I’m 31 and have a daughter. I bought this shirt and was wearing when my partner got home from work with high waisted wide legs jeans, he said oh that’s a very scandalous shirt and I said how? And it ended. Later my daughter and I were about to head out and he said with that shirt on. I said again what about this shirt is inappropriate and he said everything, I asked him to specify and he said I’ve told you the whole thing is. I said I think it looks nice and is very flattering, he said maybe if you are 18 and about to go out clubbing it might be acceptable. Later on he messaged saying sorry I feel very strongly about this and I’m sorry if it upsets you. I’m not really sure how I feel. I see absolutely nothing wrong with this shirt. I think it’s incredibly flattering and pretty. He’s commented on my clothes in the past and I feel whenever I try to dress nicer he always comments, with this being the worst time. ",2,6,1729145793.0,devil wears prada west end,musical_previews,2024-10-17,"Do you think this in inappropriate?  I’m curious to know what people think of this shirt? I’m 31 and have a daughter. I bought this shirt and was wearing when my partner got home from work with high waisted wide legs jeans, he said oh that’s a very scandalous shirt and I said how? And it ended. Later my daughter and I were about to head out and he said with that shirt on. I said again what about this shirt is inappropriate and he said everything, I asked him to specify and he said I’ve told you the whole thing is. I said I think it looks nice and is very flattering, he said maybe if you are 18 and about to go out clubbing it might be acceptable. Later on he messaged saying sorry I feel very strongly about this and I’m sorry if it upsets you. I’m not really sure how I feel. I see absolutely nothing wrong with this shirt. I think it’s incredibly flattering and pretty. He’s commented on my clothes in the past and I feel whenever I try to dress nicer he always comments, with this being the worst time.",0.8639,
1gbxb5y,malefashionadvice,How do you keep track of all the different brands and figure out which are higher quality and/or trendy? I find it overwhelming.,"Like many posting here, I'm interested in looking good and not falling behind the big fashion trends, but at the same time fashion isn't really a hobby or passion of mine and I'm not really interested in being on the bleeding edge of fashion or wearing more statement pieces. My goal is to be more fashionable and put together than 75%-80% of men on the street.

Yet even with these more modest goals I find shopping for clothes overwhelming. There are so many brands to keep track of, and I'm constantly discovering new ones I had never heard of before. When I try googling this topic, most of what I find is either out of date, focused more on artsy cutting edge fashion, or thinly disguised advertising. At this point due to the overwhelm I usually resort to a handful of brands I already know or take a chance on something from Amazon with good reviews (mixed results on that). But I know this isn't the best way to go about it.

Is there some sort of independent, high quality reviewer or aggregator that can help me sort through all of this? For other categories of products there are resources to help me sort through the flood of options. For movies and tv there's Rotten Tomatoes. For video games there's Metacritic and Steam reviews. For music there's Rate My Music and Album of the Year. For many consumer goods there's Consumer Reports and Wirecutter. I'm hoping there's an equivalent for men's clothing that I'm just unaware of. And if there isn't, then what do people do instead to get a lay of the land?

It's not that I want to blindly follow a guide, but when there's literally hundreds of brands out there it would be nice to have some starting point to narrow down my options.",16,13,1729871019.0,devil wears prada musical,musical_previews,2024-10-25,"How do you keep track of all the different brands and figure out which are higher quality and/or trendy? I find it overwhelming. Like many posting here, I'm interested in looking good and not falling behind the big fashion trends, but at the same time fashion isn't really a hobby or passion of mine and I'm not really interested in being on the bleeding edge of fashion or wearing more statement pieces. My goal is to be more fashionable and put together than 75%-80% of men on the street.

Yet even with these more modest goals I find shopping for clothes overwhelming. There are so many brands to keep track of, and I'm constantly discovering new ones I had never heard of before. When I try googling this topic, most of what I find is either out of date, focused more on artsy cutting edge fashion, or thinly disguised advertising. At this point due to the overwhelm I usually resort to a handful of brands I already know or take a chance on something from Amazon with good reviews (mixed results on that). But I know this isn't the best way to go about it.

Is there some sort of independent, high quality reviewer or aggregator that can help me sort through all of this? For other categories of products there are resources to help me sort through the flood of options. For movies and tv there's Rotten Tomatoes. For video games there's Metacritic and Steam reviews. For music there's Rate My Music and Album of the Year. For many consumer goods there's Consumer Reports and Wirecutter. I'm hoping there's an equivalent for men's clothing that I'm just unaware of. And if there isn't, then what do people do instead to get a lay of the land?

It's not that I want to blindly follow a guide, but when there's literally hundreds of brands out there it would be nice to have some starting point to narrow down my options.",0.9327,
1gfi005,movies,"In the Devil Wears Prada, Miranda Priestly's entrance is just classical. What character entrance is etched in your memory?","There are some pretty cool superhero entrances in movies so I will leave that up to other posters but the one I like to mention as memorable comes from the kind of movie I don't usually watch. But glad I did. In The Devil Wears Prada, the director makes sure to build up a lot of anticipation before Miranda Priestly's entrance. 

Here is it, Miranda Priestly (played by Meryl Streep) arriving at her office.

[https://www.youtube.com/watch?v=2PjZAeiU7uM](https://www.youtube.com/watch?v=2PjZAeiU7uM)

I think it's such a suitable entrance because it's only in how people at work react to her that we can see her influence. I mean it's not like she walks in riding a dragon. She looks fashionable and that's about it. But by how her employees respond to her, we as viewers (along with Anne Hathaway's character), get a glimpse of her dictatorial power.

Which entrances have been etched in your memory?",223,357,1730278190.0,miranda priestly musical,musical_previews,2024-10-30,"In the Devil Wears Prada, Miranda Priestly's entrance is just classical. What character entrance is etched in your memory? There are some pretty cool superhero entrances in movies so I will leave that up to other posters but the one I like to mention as memorable comes from the kind of movie I don't usually watch. But glad I did. In The Devil Wears Prada, the director makes sure to build up a lot of anticipation before Miranda Priestly's entrance. 

Here is it, Miranda Priestly (played by Meryl Streep) arriving at her office.

[https://www.youtube.com/watch?v=2PjZAeiU7uM](https://www.youtube.com/watch?v=2PjZAeiU7uM)

I think it's such a suitable entrance because it's only in how people at work react to her that we can see her influence. I mean it's not like she walks in riding a dragon. She looks fashionable and that's about it. But by how her employees respond to her, we as viewers (along with Anne Hathaway's character), get a glimpse of her dictatorial power.

Which entrances have been etched in your memory?",0.7107,
1gfp713,boxoffice,r/BoxOffice Long Range Forecast: 'Moana 2' and 'Queer',"Welcome to the newest edition of r/BoxOffice Long Range Forecast.

We're making long range predictions for films, 4 weeks out from their premieres. You will predict the opening weekend, domestic total and worldwide gross of these films. These predictions will be open for 48 hours and the results will be polled to form a consensus and posted the next week.

So let's meet the two films for the week and analyze each film's pros and cons.

#**Moana**

The film is directed by David Derrick Jr., Jason Hand, and Dana Ledoux Miller (in their feature directorial debuts) and written by Jared Bush and Miller. The sequel to *Moana*, it stars Auliʻi Cravalho, Dwayne Johnson, Temuera Morrison, Nicole Scherzinger, Rachel House, and Alan Tudyk, Khaleesi Lambert-Tsuda, Rose Matafeo, David Fane, Hualālai Chung, Awhimai Fraser, and Gerald Ramsey. Three years after the events of the first film, Moana receives an unexpected call from her wayfinding ancestors and forms her own crew, reuniting with her friend, the demigod Maui. As they journey to the far seas of Oceania to break the god Nalo's curse on the hidden island of Motufetu, which once connected the people of the ocean, they confront old and new foes, including the Kakamora and underworld goddess Matangi.

#**PROS**

- *Moana* was a colossal success back in 2016, earning almost $700 million worldwide and becoming an instant favorite of so many people.

- And that popularity has translated into the streaming era. If you check the weekly Nielsen ratings chart on streaming, *Moana* has been constantly in the top 10 most watched movies, easily the most watched on Disney+. It was also reported that it was the most streamed movie across all platforms in 2023. Needless to say, the audience LOVES the film and will definitely be interested in a sequel.

- The trailer earned over 178 million views in its first 24 hours across all platforms, breaking a new record as the most watched trailer of all time for a Disney animated film.

- The trailers have done a great job in reminding people why they loved the original and why they should come back for a new adventure. In this case, seeing Moana and Maui back on a new quest, while keeping the stakes and comedy of the original is essential.

- It arrives in a much needed market for animation. There hasn't been an animated film since *The Wild Robot*, and the audience would definitely want something new.

- The pre-sales are just starting and they're already breaking records. [According to Fandango](https://www.hollywoodreporter.com/movies/movie-news/moana-2-record-advance-ticket-sales-1236047981/), the film's first day was the fourth biggest seller of 2024, just behind *Deadpool &amp; Wolverine*, *Wicked*, and *Dune: Part Two*. Yes, believe the hype.

#**CONS**

- When the project was announced back in 2020, it was reported that it would actually be a Disney+ original series. Then in February 2024, Bob Iger surprised the world by telling that the project was now a movie and it would hit theaters on Thanksgiving. While many have said that the project was retooled for quite some time to accomodate the theatrical release, there's still questions over whether the film's quality will live up to Disney's high animation standards.

- *Wicked* is gonna make for some fierce competition, as it releases the week prior.

- Lin-Manuel Miranda, who composed the original songs, is not returning to the film. It remains to be seen if the new team can create more great songs. Remember, at the end of the day, *Moana* is a musical and the music is incredibly important.

#**Queer**

The film is directed by Luca Guadagnino (*Call Me By Your Name*, *Challengers* and *Suspiria*) from a screenplay by Justin Kuritzkes (*Challengers*), based on the novella of the same name by William S. Burroughs. It stars Daniel Craig, Drew Starkey, Lesley Manville, Jason Schwartzman, Henry Zaga, and Omar Apollo. Set in 1950s Mexico City, the film follows an outcast American expat who becomes infatuated with a younger man.

#**PROS**

- Guadagnino is coming off the biggest success of his career in *Challengers*. His popularity has become more popular with the cinephile crowd.

- Daniel Craig's presence is a bonus, given his popularity as James Bond. And he has translated that popularity to successes like *The Girl with the Dragon Tattoo* and *Knives Out*.

- Fans of adult dramas cannot be underestimated.

#**CONS**

- The film is poised to be an awards contender, but early reviews don't point to that. It's currently at 78% on RT and 74 on Metacritic. These are good scores, but not as great as other fall contenders or even Guadagnino's *Call Me By Your Name*.

- *Challengers* had a star with a huge social media presence in Zendaya, and a big push by Amazon MGM. It doesn't look like A24 is pushing hard on this film; the first trailer arrived just yesterday. Looks like A24 is choosing to prioritize Brady Corbet's *The Brutalist*.

- Outside *Challengers*, Guadagnino is not known for big numbers at the box office. Excluding *Challengers*, his highest grossing film is *Call Me By Your Name* at $41 million, with the next one *I Am Love* at $15.1 million. Looks like *Queer* is heading for numbers closer to *I Am Love* than the other two titles.

And here's the past results.

Movie | Release Date | Distributor | Domestic Debut | Domestic Total | Worldwide Total
:-------:|:--------:|:--------:|:--------:|:--------:|:--------:|
*Here* | November 1 | Sony | $12,300,000 | $44,855,555 | $76,333,333
*Juror No. 2* | November 1 | Warner Bros. | $5,914,285 | $18,257,142 | $32,428,571
*A Real Pain* | November 1 | Searchlight | $3,214,285 | $11,342,857 | $25,728,571
*Paddington in Peru* | November 8 | StudioCanal | $19,590,000 | $63,570,000 | $260,060,000
*Heretic* | November 8 | A24 | $5,695,000 | $18,110,000 | $30,340,000
*The Best Christmas Pageant Ever* | November 8 | Lionsgate | $5,000,000 | $15,450,000 | $20,510,000
*Red One* | November 15 | Amazon MGM / Warner Bros. | $32,907,142 | $102,459,259 | $275,751,515
*Wicked* | November 22 | Universal | $138,188,235 | $457,066,666 | $958,508,571
*Gladiator* | November 22 | Paramount | $68,254,545 | $226,193,750 | $575,297,058

Next week, we're predicting *Nightbitch* and *Y2K*.

#**REMINDER: This is the Thanksgiving weekend, so you have to specify if you mean the 3-day debut or 5-day debut.**

#**ANOTHER REMINDER: Queer is debuting on limited release this weekend so you will predict its first wide weekend. So there's no need for the 5-day debut, as it will be on limited release. We want the wide opening weekend.** 

Before you comment, read these two rules:

#**1. Please provide specific numbers for your predictions. Don't do like ""It'll make less than this or that"" or ""double this movie or half this movie"". We want a real prediction.**

#**2. Given that a lot of parent comments do not even bother to give predictions, we are establishing a new rule. The parent comment must provide a prediction with specific numbers. The rest of the replies to the comment do not have to make a prediction, but the parent comment absolutely has to. Any parent comment without a prediction will be eliminated.**

So what are your predictions for these films?",24,41,1730301930.0,miranda priestly musical,musical_previews,2024-10-30,"r/BoxOffice Long Range Forecast: 'Moana 2' and 'Queer' Welcome to the newest edition of r/BoxOffice Long Range Forecast.

We're making long range predictions for films, 4 weeks out from their premieres. You will predict the opening weekend, domestic total and worldwide gross of these films. These predictions will be open for 48 hours and the results will be polled to form a consensus and posted the next week.

So let's meet the two films for the week and analyze each film's pros and cons.

#**Moana**

The film is directed by David Derrick Jr., Jason Hand, and Dana Ledoux Miller (in their feature directorial debuts) and written by Jared Bush and Miller. The sequel to *Moana*, it stars Auliʻi Cravalho, Dwayne Johnson, Temuera Morrison, Nicole Scherzinger, Rachel House, and Alan Tudyk, Khaleesi Lambert-Tsuda, Rose Matafeo, David Fane, Hualālai Chung, Awhimai Fraser, and Gerald Ramsey. Three years after the events of the first film, Moana receives an unexpected call from her wayfinding ancestors and forms her own crew, reuniting with her friend, the demigod Maui. As they journey to the far seas of Oceania to break the god Nalo's curse on the hidden island of Motufetu, which once connected the people of the ocean, they confront old and new foes, including the Kakamora and underworld goddess Matangi.

#**PROS**

- *Moana* was a colossal success back in 2016, earning almost $700 million worldwide and becoming an instant favorite of so many people.

- And that popularity has translated into the streaming era. If you check the weekly Nielsen ratings chart on streaming, *Moana* has been constantly in the top 10 most watched movies, easily the most watched on Disney+. It was also reported that it was the most streamed movie across all platforms in 2023. Needless to say, the audience LOVES the film and will definitely be interested in a sequel.

- The trailer earned over 178 million views in its first 24 hours across all platforms, breaking a new record as the most watched trailer of all time for a Disney animated film.

- The trailers have done a great job in reminding people why they loved the original and why they should come back for a new adventure. In this case, seeing Moana and Maui back on a new quest, while keeping the stakes and comedy of the original is essential.

- It arrives in a much needed market for animation. There hasn't been an animated film since *The Wild Robot*, and the audience would definitely want something new.

- The pre-sales are just starting and they're already breaking records. [According to Fandango](https://www.hollywoodreporter.com/movies/movie-news/moana-2-record-advance-ticket-sales-1236047981/), the film's first day was the fourth biggest seller of 2024, just behind *Deadpool &amp; Wolverine*, *Wicked*, and *Dune: Part Two*. Yes, believe the hype.

#**CONS**

- When the project was announced back in 2020, it was reported that it would actually be a Disney+ original series. Then in February 2024, Bob Iger surprised the world by telling that the project was now a movie and it would hit theaters on Thanksgiving. While many have said that the project was retooled for quite some time to accomodate the theatrical release, there's still questions over whether the film's quality will live up to Disney's high animation standards.

- *Wicked* is gonna make for some fierce competition, as it releases the week prior.

- Lin-Manuel Miranda, who composed the original songs, is not returning to the film. It remains to be seen if the new team can create more great songs. Remember, at the end of the day, *Moana* is a musical and the music is incredibly important.

#**Queer**

The film is directed by Luca Guadagnino (*Call Me By Your Name*, *Challengers* and *Suspiria*) from a screenplay by Justin Kuritzkes (*Challengers*), based on the novella of the same name by William S. Burroughs. It stars Daniel Craig, Drew Starkey, Lesley Manville, Jason Schwartzman, Henry Zaga, and Omar Apollo. Set in 1950s Mexico City, the film follows an outcast American expat who becomes infatuated with a younger man.

#**PROS**

- Guadagnino is coming off the biggest success of his career in *Challengers*. His popularity has become more popular with the cinephile crowd.

- Daniel Craig's presence is a bonus, given his popularity as James Bond. And he has translated that popularity to successes like *The Girl with the Dragon Tattoo* and *Knives Out*.

- Fans of adult dramas cannot be underestimated.

#**CONS**

- The film is poised to be an awards contender, but early reviews don't point to that. It's currently at 78% on RT and 74 on Metacritic. These are good scores, but not as great as other fall contenders or even Guadagnino's *Call Me By Your Name*.

- *Challengers* had a star with a huge social media presence in Zendaya, and a big push by Amazon MGM. It doesn't look like A24 is pushing hard on this film; the first trailer arrived just yesterday. Looks like A24 is choosing to prioritize Brady Corbet's *The Brutalist*.

- Outside *Challengers*, Guadagnino is not known for big numbers at the box office. Excluding *Challengers*, his highest grossing film is *Call Me By Your Name* at $41 million, with the next one *I Am Love* at $15.1 million. Looks like *Queer* is heading for numbers closer to *I Am Love* than the other two titles.

And here's the past results.

Movie | Release Date | Distributor | Domestic Debut | Domestic Total | Worldwide Total
:-------:|:--------:|:--------:|:--------:|:--------:|:--------:|
*Here* | November 1 | Sony | $12,300,000 | $44,855,555 | $76,333,333
*Juror No. 2* | November 1 | Warner Bros. | $5,914,285 | $18,257,142 | $32,428,571
*A Real Pain* | November 1 | Searchlight | $3,214,285 | $11,342,857 | $25,728,571
*Paddington in Peru* | November 8 | StudioCanal | $19,590,000 | $63,570,000 | $260,060,000
*Heretic* | November 8 | A24 | $5,695,000 | $18,110,000 | $30,340,000
*The Best Christmas Pageant Ever* | November 8 | Lionsgate | $5,000,000 | $15,450,000 | $20,510,000
*Red One* | November 15 | Amazon MGM / Warner Bros. | $32,907,142 | $102,459,259 | $275,751,515
*Wicked* | November 22 | Universal | $138,188,235 | $457,066,666 | $958,508,571
*Gladiator* | November 22 | Paramount | $68,254,545 | $226,193,750 | $575,297,058

Next week, we're predicting *Nightbitch* and *Y2K*.

#**REMINDER: This is the Thanksgiving weekend, so you have to specify if you mean the 3-day debut or 5-day debut.**

#**ANOTHER REMINDER: Queer is debuting on limited release this weekend so you will predict its first wide weekend. So there's no need for the 5-day debut, as it will be on limited release. We want the wide opening weekend.** 

Before you comment, read these two rules:

#**1. Please provide specific numbers for your predictions. Don't do like ""It'll make less than this or that"" or ""double this movie or half this movie"". We want a real prediction.**

#**2. Given that a lot of parent comments do not even bother to give predictions, we are establishing a new rule. The parent comment must provide a prediction with specific numbers. The rest of the replies to the comment do not have to make a prediction, but the parent comment absolutely has to. Any parent comment without a prediction will be eliminated.**

So what are your predictions for these films?",0.9953,
1g6y5mo,investing,My Personal Guide to Good Financial Health for People in their 20s/30s,"A family member of mine asked for some financial advice today and my obsessive self sat for 9 hours and created an 18 page ""basic"" guide to establishing good financial health in your 20s and 30s. I am proud of it and thought I would share here. While the guide is a lot more than just investing and so may not be ideal for this subreddit, I definitely think it hits some investing FAQs. 

For context, I am a 23 year old that became obsessed with personal finance at 17. I was able to hit a $100k net worth and 750 credit score at 22 prior to my peers' college graduation. Yes, I had some form of slight help from family, but I come from middle class and no money/inheritance was given to me. The point is not that I am some genius and successful. The point is that I learned some good advice online, actually followed a lot of it and want to share what I've learned. 

IMPORTANT DISCLAIMER: The advice contained is simply what I personally know. 99% of it I learned as a 17 year old in high school. The financial institutions/products I mention are simply what I have used and thus recommend. I understand that the companies/funds/credit cards are not perfect and there may be better options. Do your own research. I understand that what has worked for me will not work for everyone.  I understand that there are a lot of other great or better ways to go about things. I don't claim this to be a perfect guide by any means. I am 23 and not a financial advisor. It's just a guide I made initially for my cousin. It's not that deep.

Guide TLDR: Live below your means, have an emergency fund, establish your credit safely and invest what you can in a Roth IRA. 

P.S. Sorry for any formatting issues. I copy and pasted this from a PDF version which is much easier to read and has a graph and a chart I made (DM me to get it - if that's easily possible)

\*Follow my advice at your own risk. This guide is for entertainment purposes only.\*

Edit: HERE IS THE LINK TO THE PROPERLY FORMATTED GUIDE: [Financial Health Guide](https://docs.google.com/document/d/184X3o59SovTJJXIuLW6XcRDEaww33Wf0K3lxinPGZzg/edit)

\_\_\_\_\_\_\_\_\_\_\_\_\_\_\_\_\_\_\_\_\_\_\_\_\_\_\_\_\_\_\_\_\_\_\_\_\_\_\_\_\_\_\_\_\_\_\_\_\_\_\_\_\_\_\_\_\_\_\_\_\_\_\_\_\_\_\_\_\_\_\_\_\_\_\_\_\_\_\_\_\_\_\_\_\_\_\_\_\_\_\_\_  
Evan's Basic Guide to Financial Freedom

This is my guide to have a good hold on your finances through saving and investing. This guide should give you a general idea of what to do, however it is mostly based on my own experience and what I have learned online. When it comes to what banks and brokerage accounts to use, I recommend that you do your own research and explore other options. The accounts I mention are simply what I use and so I recommend them. Different companies are always changing and improving so there may be better options out there.

Guide Outline

-5 Steps to Get Ahead in your 20’s

1. General Bank Accounts 2. Emergency Fund  
3. Early Debt Payoff  
4. Credit Card

5. Roth IRA Investment Account

-Bonus Steps for your 20’s

1. 401k

2. Additional Credit Cards

-Additional Steps for your 30’s

1. Financial Advisor  
2. Bonds  
3. Additional Investments 4. Home Purchase

-Money Saving Tips -Compound Interest -Roth VS 401k -Credit Score Guide -Resources

-Video Library

5 Steps to Get Ahead in Your 20’s

\*The following steps are generally in order of importance. Ideally, you should have the previous step accomplished prior to later steps\*

Step #1 - General Bank Accounts

* ●  Open a checking and savings account with Capital One ○ Checking Account: “360 Checking” ○ Savings Account: “360 Performance Savings” (If names havechanged, make sure the account is a high yield saving’s account)
* ●  Along with the checking account, you will receive a debit card to be able to

make purchases in person with

* ○  You will also receive a checkbook with personal checks
* ○  For your debit card and checks, you can only spend what is in yourdebit card account

● Keep all of your savings in the savings account and keep $100-$500 in

your checking account  
○ When making a purchase with debit card or checks, transfer from

savings to checking  
● The savings account will usually generate 2% to 5% interest per year

which will be paid monthly  
○ Ex. If you have $10,000 in your savings, 3% would pay you $25

each month ($300 for the year = 3%)

Step #2 - Emergency Fund

* ●  Maintain 3-6 months of living expenses in a savings account
   * ○  Ex. $2,000/mo living expenses = $6,000-$12,000 minimum
   * ○  A minimum regardless of living expenses is $5,000
* ●  (RECOMMENDED) If you want to ensure you do not spend your emergency fund, open a second high interest savings account with a second bank, transfer the full emergency fund balance there and forget you have it!

■ I recommend CitiBank or Discover since I recommend their credit cards

Step #3 - Early Debt Pay Off  
\*Skip this step if you do not have bad debt or your debt interest rate is below 2%\*

● Determine if/how much you can pay extra towards your debt per month ○ I recommend 30% of your income to be for saving/investing (I

consider paying debt in the “investing” category  
■ If you have your emergency fund saved in full, you should put

30% of your income towards paying down bad debt  
● Set up automatic payments (or reminders if not possible) to pay extra

towards debts  
○ Ex. You have your emergency fund saved up and make $50,000/yr

after taxes. 30% of $50,000 is $15,000 to invest per year. You can set up an auto payment to pay an additional $1,250/mo towards your bad debt.

* ●  Examples of bad debt to pay off early include credit card debt, student loans and private loans/payday loans
* ●  When you have debt, you are losing money to negative interest. If you are able to pay that debt off and then invest the money you were paying towards the debt, you not only are no longer losing money to negative interest, but you are gaining money from positive interest

○ Ex. You are paying $300/mo towards credit card debt. $150/mo of that money is towards the interest. After you save and pay off that debt early, you now invest that $300 into

Step #4 - Credit Card

\*Skip this step if you are not disciplined with finances and may spend more than you have\*

* ●  Open a “Discover It Secured Card” with Discover Bank ○ You will be required to put down a deposit which you will receive in7-10 months so long as you pay all payments ○ You cannot spend more than your deposit so I recommend a depositof $500-$1,000 ○ Connect your general savings account and set up an auto paymentto pay off the full balance every month ○ Subscribe to email notifications and manually pay off your accountevery time you get an email that your new statement is ready inaddition to the auto-pay
* ●  Use the credit card for all possible purchases to get cash back (2% on gasand restaurants, 1% on everything else)
   * ○  To be safe and not spend more than you have in your savings,always check your savings account prior to making a purchase tomake sure you have enough money
   * ○  NEVER SPEND MORE THAN YOU HAVE IN YOUR SAVINGS
* ●  After 7-10 months, you will receive your full deposit bank and your card limit will increase from that amount to a higher amount

○ As a bonus, go into the discover app and request a higher limit every 6-12 months

■ Based on your income, monthly expenses and job, the bank may give you a higher limit, which can improve your credit score

● With a secured card you can establish/improve your credit score ○ A breakdown of credit score is included later in this guide

Step #5 - Roth IRA Investment Account

\*You can only invest in a roth if your income is below the maximum requirement ($160k in 2024) and you are investing taxed income (you must have a job and it cannot be cash under the table)\*

* ●  Create an account with Fidelity and open a “Roth IRA”
* ●  Determine the maximum amount you can invest each month based onyour income
   * ○  I recommend 30% of your income to be saved and invested (If youare not saving for a large purchase or your emergency fund, the full30% should be invested)
   * ○  $7,000 is the current annual maximum for a ROTH IRA (2024)($583/mo)
* ●  Connect your general savings account and set up automatic investing to purchase two different mutual funds or ETFs every month
   * ○  75% of the monthly investment should purchase FXAIX or “Fidelity 500 Index Fund” (S&amp;P 500 / the US Stock Market)
   * ○  25% of the monthly investment should purchase FSPSX or “Fidelity International Index Fund” (the International Stock Market outside of the US)

■ Make sure that dividends are reinvested automatically  
○ Ex. Each month $400 is transferred from your general savings account with Capital one. $300 is invested into the US Stock Market (Fidelity 500 Index fund) and $100 is invested into the International Stock Market (Fidelity International Index Fund)

* ●  Never ever withdraw funds from this account or any other investment account if possible (unless retired or for dire emergency after emergency fund is empty)
* ●  Stick to investing in low cost Mutual Funds or ETFs (the funds mentioned above). Investing in individual stocks can result in a better investment, however usually investing in a large fund that represents many companies (such as the entire US stock market or international market) will be the safer bet that nearly ensures you will get a solid return over time
   * ○  Investing in individual stocks is gambling
   * ○  Investing looking to make money in the short term (less than 10years out) is not investing. It is trading. Trading is gambling.

Bonus Steps for your 20’s:

1. If your employer offers a 401k match, always take it and invest the maximum match amount

* ○  This is more important/better than your Roth IRA and if you cannot do both, do the 401k match instead of the Roth
* ○  If you can do both, invest the full 401K match and then invest the remainder of your investment funds into your Roth IRA2. Additional credit cards
* 2.   If you are very responsible with credit cards, will never spend morethan you have, and always pay them off each month in addition to autopay, you can receive some better benefits with more cards■ 2nd Card - Citi Double Cash: 2% back on everything ■ 3rd Card - Citi Custom Cash: 5% back on one category ofchoice (I do gas personally)
* ○  If you are an independent contractor or business owner, designate acredit card for all of your business expenses (so you can easily trackexpenses for write offs)
* ○  I never recommend getting any credit card that has an annual fee

Additional Steps for your 30’s

\*Move on to these steps in your 20’s if you can\*

1. Hire a financial advisor  
If you make enough to where you can invest more than the Roth IRA annual maximum, you should hire a financial advisor  
Make sure they are a fiduciary advisor  
A cheap option is to hire them only for flat fee based financial planning (general guidance instead of them doing the investing for you)

2. Start investing in bond funds  
Change your automatic investments in your Roth IRA so that your stock allocation is 120 minus your age

* Ex. 30 year old is 120 - 30 = 90% stocks 10% Bonds
* Ex. 50 year old is 120 - 50 = 70% stocks 10% Bonds With your new bond allocation %, set up your auto investment to purchase FXNAX or “Fidelity U.S. Bond Index Fund” Every 5 years, adjust the automatic investment to align with the 120 minus your age rule

3. If you can afford to invest more than the Roth annual limit, contribute more to your 401K

○ OR other great options include:

* HSA: Pre and Post Tax Investment account that can only bespent towards healthcare and medical costs (Tax benefits ofROTH IRA and 401K combined)
* 529 College Savings Plan: Post tax investment account (likeRoth IRA) that must be spent on a family member’s education costs (use to save for kid’s college)4. Save up for and purchase a home
* ○  While still contributing to your investment accounts, start settingaside funds monthly to save up to purchase a home
* ○  Use your emergency second savings account or a 3rd savingsaccount so that you don’t accidentally spend the money

Saving Tips

Saving is, in my opinion, the most important aspect to one’s financial health. You must save to establish your emergency fund. You cannot pay off debt without saving the money to pay it. You cannot safely use a credit card without having savings. You cannot invest without saving that money first.

Living below your means can allow you to have less stress in your life, choose a lower paying, but more enjoyable career path, spend money on “the big important things”, afford to cover emergency costs, pay for incredible experiences, retire at a reasonable/early age and actually afford to raise children.

As of 2024, 56% of Americans do not have savings to cover a $1,000 emergency (per CNBC and FOX). For many young people, in my eyes, making money isn’t the issue. It’s actually saving money. Saving money is very simple. However, it’s also very hard at the same time. If you spend less than you make, you will save money. We all know that, however, what makes it so difficult is the emotional side of it. You have to get out of your comfort zone and make changes to the way you think if you want to change your spending habits into saving habits.

Tactical Tips:  
Before you buy anything, ask yourself if you actually need it - You were

living before, weren’t you?

Wait to Buy Something - Impulse purchases are deadly. If you really want it that bad, you will still want it a week or month from now. The bigger the purchase, the longer you should wait.

Have a spending account and a savings account - Only make payments out of your checking account and only transfer from your savings when you need to. An even better method is to open a second high yield savings account with another bank. Then you can put your savings there and forget about the money. That way you can keep your spending money in your general savings account and collect interest on both saving and spending funds.

Don’t Window Shop - Window shopping can be a fun way to pass time, however if you are going into a store without the intention to buy a specific item you need, every single thing you end up buying is unnecessary. Or if you need a specific item, go straight to that item and straight to the register. Don’t browse!

Review your Expenses - Simply take 5 minutes to review your bank or credit card statements once a month. You might be shocked at how much you are actually spending. You might also find old subscriptions you can cancel.

Set up an automatic savings transfer from your spending account to your savings account - If possible, time this with your paycheck deposit. Just like with an automatic transfer to your investment account, you can just forget you have the money and you never even see it! You don’t miss the taxes taken out of your paycheck so you want to have the same setup with your saving/investing.

Mental Shifts to Tell Yourself Before you Spend Money:

“Stop using material things to fight insecurity” - Everyone wants nicer cars, homes, clothes, the list goes on. Why? Mostly because of status. We put our own value in our material possessions. Be that confident 70 year old that wears what’s comfy, drives an old, reliable car, and lives in a quaint, outdated home. Don’t wait until you’re old to realize what’s really important. Work on that now.

“The little things add up” - $2 here, $5 there, $13 here. Next thing you know, your credit card statement is $800.

“Would I rather this small thing now or this big thing later?” - Would you rather an expensive gym membership or would you rather a second vacation each year? Would you rather go out to dinner and drinks every week or would you rather be able to save up and buy a house?

“How many hours/shifts of work does this cost?” - Is buying that dinner worth it if it cost you an entire day’s work? Is spending an hour of work worth buying your lunch out vs bringing it from home? Is an expensive vacation worth 2 months of hard work or should you go the cheaper route? This also works great for commission jobs. How many cars/apartments/ect. would I have to sell to buy this?

“Saving is a tax free way of “making” money” - You can either work to make $130 and get $100 after taxes or you can just save the $100.

“What is more important to me, having nicer things or being stress free financially?” - Is that second vacation worth the stress of running up a credit card you cannot pay off? Is that daily starbucks coffee worth the stress of paying rent late? Is that nicer car worth the stress of not being able to afford to move out of your parents?

“If I invested this money today instead of spending it, I would have X when I’m older” - Use a compound interest calculator to understand generally how much your money will grow until retirement. When you are a 20 year old, each dollar you invest now should grow about 20 times itself by age 65 (10 times itself as a 30 year old). If you are 20, ask yourself if you want to spend $1,000 on something you don’t need now or have $20,000 to spend on something when you are older.

“I’m stealing money from the future me/family” - What do you value more, the novel item you don’t need right now or something you care more about in the future? Would you rather drive a nicer car now or would you rather be able to vacation every year after you retire? Would you rather spend money on yourself now or your family in the future?

“Instead of buying this every day/week/month, I invested it, how much would I have later?” - How much money could you invest if you downgraded from a $100 gym membership to a $20 membership? How much money could you invest if you got a car with a $300 monthly payment instead of $500? How much could you invest if you split rent with a roommate to pay $1,000/mo instead of $1,800. Someone who buys a $6 coffee five days a week could instead invest that $30 per week to have over $350,000 extra at retirement.

If you like to gamble/buy scratch tickets: “Do I want an impossible chance to have $100,000 today or do I want an almost guaranteed $100,000 in 30 years” - A 30 year old who spends $20 per week on scratch tickets will very likely never win big even if their habit continues for life. However, if that person invested that $20/week starting at age 30, they would likely have $113,000 at 60.

Brief Guide to a 750 Credit Score

A credit score is extremely important, however it’s something that there is a lot of confusion about. While many know what a credit score generally is, most don’t know all of the factors that determine the score and thus how they maintain a high score.

First off, a credit score or “FICO” score is how businesses and financial institutions like banks determine how qualified you are for certain services. Your credit score will be a factor in determining not only if you can get a loan for things like a car, house, ect. but also can determine what your interest rate will be on that loan. You also can be required to have a credit score to finance purchases like appliances and furniture or very commonly in order to rent an apartment. The higher your credit score, the higher the likelihood that a landlord will let you rent their apartment and later on, the cheaper your car and home will be.

Building a good credit score can take a very long time, however ruining your credit score can happen in an instant and can often take many years to repair. The easiest and most common way to lower your credit score is by missing a payment. This is why it is so crucial that you have autopay setup on all of your loan payments and credit cards.

If you have a bad credit score, you may find yourself unable to rent an apartment, buy a home, or buy a car. This is because you are seen as risky and untrustworthy. If your score is fair but not good, you will find yourself paying high interest rates. Because of this, you want to maintain a score above 700.

Credit Scores are typically seen as follows:

300 - 579 = POOR  
580 - 669 = FAIR  
670 - 739 = GOOD  
740 - 799 = VERY GOOD 800 - 850 = EXCELLENT

When it comes to apartments, you generally need to fall into “good” or better to rent. In order to get the best interest rates on loans for cars/homes you generally need to fall into the “Very good” category or better.

Credit scores are determined by the following categories below. The percentage represents how much this category makes up a score and so a higher percentage means a more important category.

Payment History - 35%  
Credit Utilization Rate / Amounts Owed - 30% Length of Credit History - 15%  
New Credit Opened - 10%  
Credit Mix - 10%

What each category means and how to do well in each:

Payment History - How often have you made payments on time?

1. Never miss a payment. Set up autopay AND manually pay off monthly.
2. Open cards sooner. The longer a card has been on your history the morerecorded payments on your history.
3. Have more cards/loans. The more lines of credit, the more on timepayments. Don’t close card accounts for this reason.

\*If you do miss a payment, #2 and #3 help. Having many total payments makes your percentage of late payments smaller.\*

Ex. If you have one credit card for 10 months and miss one payment, you’re late 10% of the time. If you have 5 credit cards for 5 years and miss one payment, you’re only late 2% of the time (1/10 vs 1/60)

Credit Utilization Rate / Amounts Owed - How much of your total credit limit are you spending? (credit cards) / How much do you owe? (Loans)

1. Pay off your cards in advance of the statement date. Manually or with autopay, pay most or all of your current balances so that the balance is very low compared to your limit. Ex. If your limit is $1,000 and you have a $900 balance, your utilization rate on that card is 90%. If you pay $850 of the balance before the statement period ends, the statement balance will be only $50 which is just 5% of your limit.
2. Have more credit cards. The more cards, the higher your total limit. This is another reason why you should not close a credit card.
3. Ask for limit increases. You can easily do this right in your banking app or call from a phone. Income, expenses, and credit score will determine the increase
4. For amounts owed, you really can only pay off debt. Save money so you can pay it off ahead of time. Don’t just make minimum payments.

Length of Credit History - How long is your average line of credit?

1. Open up lines earlier in life. If you know you will get a certain credit cardeventually, get it now.
2. Be smart about timing of new lines. When possible, do not acquire newlines of credit prior to a life event that requires good credit.
3. Have more lines. When you open a new line of credit it does not affect you as much with more lines since that line represents a smaller percentage ofthe total amount of lines. Ex. A second credit card is 50% of your lines, however a 10th line of credit is only 10% of your lines.

New Credit Opened - How recently have you opened a line of credit? 1. Follow the same first two tips above for “Length of Credit History”

Credit Mix - Is the mixture of types of lines of credit diverse?  
1. Have different types of lines of credit. There's mainly revolving (credit

cards) vs installment (loans). Ex. It’s better to have a mortgage, car loan and two credit cards rather than just 4 credit cards

Payment history is the most important by far and so it’s crucial to stay on top of all lines of credit and ensure payments are being made and made on time. If there is an accident and a payment is not made or made late you can actually call your creditor and potentially have them remove the late payment.

Keep in mind that you should never make bad financial decisions in order to increase your credit score. You also don’t want to complicate your finances. With one or two lines of credit, you can easily get a good score after just a couple years of on time payments.

Credit should not be taken lightly. If you are not financially responsible, do NOT get a credit card. The benefits are not worth the consequences of bad credit or even worse, snowballing credit card debt.

Compound Interest Explained (Why you Should Invest)

Saving is necessary in order to invest, however investing is much more powerful. When you invest, you are paid a percentage yield.  
In other words, your money grows. But the beautiful thing about the growth is that it is not linear. It is exponential.

A simplified example of this can be with a high yield savings account and $100. Let’s say the savings account has an annual yield of 5%. That means after one year, the savings account would have given you $5. However, in year 2, you do not get $5. Why? Because you are no longer being paid 5% of $100, you are being paid 5% of $105. 5% of $105 is $5.25. The next year you are paid 5% of $110.25 which is $5.51. Each year you are paid more and more because the interest compounds on top of itself. Compounding interest!

Saving on the other hand, is linear. Fortunately, high yield savings accounts do have compound interest, however the annual yield is typically much much lower than stocks and checking accounts don’t have any interest at all. If you were to save $100 every month, rather than investing it, it would look like the blue line on the chart above. However if you invested it, the growth would compound on top of itself and look like the red line.

  

Example - A $5,000 one time investment at 7% interest per year:  
\*The first number is the new amount and the second number is the amount gained in the 5 years\* Year 5 - $7,012 (+$2,012)  
Year 10 - $9,835 (+$2,823)  
Year 15 - $13,795 (+$3,959)  
Year 20 - $19,348 (+$5,553)  
Year 25 - $27,137 (+$7,788)  
Year 30 - $38,061 (+$10,924)

In the first 5 years, the $5000 would grow an additional $2,012. However in just the final 5 years (from year 25 to 30), the investment would grow an additional $10,924. That is over double the original $5,000 alone! Compound interest!!

If you contribute $7,000 annually to a Roth IRA from age 20 to 65, with an average annual yield of 7%, you would have approximately $2,140,262.34 by the time you reach age 65. Tax Free! (\*7% is a decent inflation adjusted estimate of growth based on investing in the US Stock Market\*)

Because of the fact that compound interest gets better and better the longer it works, the earlier you start investing the better. Not just better, but much better. The downsides of starting later are also exponential (same math but backwards).

Example - $5,000 invested per year at 7% interest per year: (at different ages) \*The amount next to the age is the total amount the fund would grow to by age 65\*  
18 Years Old - $1,881,579.00  
20 Years Old - $1,633,771.07

25 Years Old - $1,142,920.14 30 Years Old - $792,950.21 40 Years Old - $365,519.51 50 Years Old - $148,235.43

Each year matters a lot. The difference between starting at 18 and 20 years old is $253,808 even though you would only invest $14,000 in those two years at 18 and 19. Start as early as possible! Even if it's only $100 a year.

By the way, if you start saving $5,000 a year at 18 instead of investing it, you would only have $235,000 instead of $1,881,579. Don’t just save!

Roth IRA vs. Traditional IRA (401k)

Roth IRA taxes income but not stock growth (“Post tax”)  
Standard IRA (401k) taxes stock growth but not income (“Pre tax”)

When you are young, your income is usually low, but the investments you make will grow a lot by the time you retire. You want the low income to be taxed and not the high stock growth.

When you are older, your income is usually higher and since your investments do not have as much time to grow until retirement, the growth is low. You want the low stock growth to be taxed and not the high income. In conclusion, when you are in your 20’s and 30’s it is generally better to invest your money in a Roth IRA

\*remember that if your employer offers a 401k match, invest the maximum amount that will be matched by the company and invest the remaining money you can into a Roth IRA - The match is better than the tax savings of a Roth\*

Example #1 - Roth IRA

Income: $50,000  
Age: 25 (40 Years of Stock Growth to Retirement) Amount Invested that Year: $5,000  
Amount at Retirement: $74,872

Example #2 - 401k

Income: $100,000  
Age: 50 (15 Years of Stock Growth to Retirement) Amount Invested that Year: $7,000  
Amount at Retirement: $19,313

In example #1, you want to be taxed on the $50,000 income and not the \~$70,000 of tax growth. In example #2, you want to be taxed on the \~$12,000 of stock growth and not the $100,000 of income.

||
||
||**INCOME**|**STOCK GROWTH**|
|**YOUNG**|**LOW**|**HIGH**|
|**OLD**|**HIGH**|**LOW**|

Free Resources: (all links removed)

\*Credit Karma - App/Website: (See your full financial picture on one screen)  
-Net Worth Overview  
-Free Credit Reporting

-Expense Tracking

\*MoneyChimp’s Compound Interest Calculator - Website:

(See how much money you will have invested in the future)  
-Project out your current investing to see amount at retirement  
-Understand how much each dollar will grow from your current age to retirement age (Ex. 20X from 20 to 65 and 10X from 30 to 65 (at 7%))

Nerdwallet - App/Website:  
(Learn all about personal finance and find financial companies) -Articles/Resources for improving personal finances (budgeting, saving, investing)  
-Research and compare financial institutions (bank accounts, trading accounts, credit cards, insurance, ect.)  
-App is similar to Credit Karma (however does not work with Fidelity as of 2024)

Investopedia - Website:(Understand Financial Terms)  
-Full dictionary of financial terms with detailed explanations and videos -Articles on all things finance and personal finance

  

Video Library :

1. Simple Guide to Investing - Graham Stephan
2. Roth IRA Overview - Graham Stephan
3. Index Fund (Mutual Fund / ETF) Overview - Graham Stephan
4. How to Get a Perfect Credit Score - Graham Stephan
5. How to Save Money - Graham Stephan
6. Three Fund Portfolio Overview - Tae Kim
7. Seven Baby Steps to Good Financial Health - Dave Ramsey



Best Youtube Channels to Watch:

1. Graham Stephan 
2. Andrei Jikh 
3. Nate O’Brien 
4. Dave Ramsey 
5. Humphrey Yang

\*The best thing to do with these channels is to go through their playlists about personal finances to find topics you want to learn about\*



TLDR: Live below your means, have an emergency fund, establish your credit safely and invest what you can in a Roth IRA. ",52,27,1729301765.0,devil wears prada west end,musical_previews,2024-10-19,"My Personal Guide to Good Financial Health for People in their 20s/30s A family member of mine asked for some financial advice today and my obsessive self sat for 9 hours and created an 18 page ""basic"" guide to establishing good financial health in your 20s and 30s. I am proud of it and thought I would share here. While the guide is a lot more than just investing and so may not be ideal for this subreddit, I definitely think it hits some investing FAQs. 

For context, I am a 23 year old that became obsessed with personal finance at 17. I was able to hit a $100k net worth and 750 credit score at 22 prior to my peers' college graduation. Yes, I had some form of slight help from family, but I come from middle class and no money/inheritance was given to me. The point is not that I am some genius and successful. The point is that I learned some good advice online, actually followed a lot of it and want to share what I've learned. 

IMPORTANT DISCLAIMER: The advice contained is simply what I personally know. 99% of it I learned as a 17 year old in high school. The financial institutions/products I mention are simply what I have used and thus recommend. I understand that the companies/funds/credit cards are not perfect and there may be better options. Do your own research. I understand that what has worked for me will not work for everyone.  I understand that there are a lot of other great or better ways to go about things. I don't claim this to be a perfect guide by any means. I am 23 and not a financial advisor. It's just a guide I made initially for my cousin. It's not that deep.

Guide TLDR: Live below your means, have an emergency fund, establish your credit safely and invest what you can in a Roth IRA. 

P.S. Sorry for any formatting issues. I copy and pasted this from a PDF version which is much easier to read and has a graph and a chart I made (DM me to get it - if that's easily possible)

\*Follow my advice at your own risk. This guide is for entertainment purposes only.\*

Edit: HERE IS THE LINK TO THE PROPERLY FORMATTED GUIDE: [Financial Health Guide](https://docs.google.com/document/d/184X3o59SovTJJXIuLW6XcRDEaww33Wf0K3lxinPGZzg/edit)

\_\_\_\_\_\_\_\_\_\_\_\_\_\_\_\_\_\_\_\_\_\_\_\_\_\_\_\_\_\_\_\_\_\_\_\_\_\_\_\_\_\_\_\_\_\_\_\_\_\_\_\_\_\_\_\_\_\_\_\_\_\_\_\_\_\_\_\_\_\_\_\_\_\_\_\_\_\_\_\_\_\_\_\_\_\_\_\_\_\_\_\_  
Evan's Basic Guide to Financial Freedom

This is my guide to have a good hold on your finances through saving and investing. This guide should give you a general idea of what to do, however it is mostly based on my own experience and what I have learned online. When it comes to what banks and brokerage accounts to use, I recommend that you do your own research and explore other options. The accounts I mention are simply what I use and so I recommend them. Different companies are always changing and improving so there may be better options out there.

Guide Outline

-5 Steps to Get Ahead in your 20’s

1. General Bank Accounts 2. Emergency Fund  
3. Early Debt Payoff  
4. Credit Card

5. Roth IRA Investment Account

-Bonus Steps for your 20’s

1. 401k

2. Additional Credit Cards

-Additional Steps for your 30’s

1. Financial Advisor  
2. Bonds  
3. Additional Investments 4. Home Purchase

-Money Saving Tips -Compound Interest -Roth VS 401k -Credit Score Guide -Resources

-Video Library

5 Steps to Get Ahead in Your 20’s

\*The following steps are generally in order of importance. Ideally, you should have the previous step accomplished prior to later steps\*

Step #1 - General Bank Accounts

* ●  Open a checking and savings account with Capital One ○ Checking Account: “360 Checking” ○ Savings Account: “360 Performance Savings” (If names havechanged, make sure the account is a high yield saving’s account)
* ●  Along with the checking account, you will receive a debit card to be able to

make purchases in person with

* ○  You will also receive a checkbook with personal checks
* ○  For your debit card and checks, you can only spend what is in yourdebit card account

● Keep all of your savings in the savings account and keep $100-$500 in

your checking account  
○ When making a purchase with debit card or checks, transfer from

savings to checking  
● The savings account will usually generate 2% to 5% interest per year

which will be paid monthly  
○ Ex. If you have $10,000 in your savings, 3% would pay you $25

each month ($300 for the year = 3%)

Step #2 - Emergency Fund

* ●  Maintain 3-6 months of living expenses in a savings account
   * ○  Ex. $2,000/mo living expenses = $6,000-$12,000 minimum
   * ○  A minimum regardless of living expenses is $5,000
* ●  (RECOMMENDED) If you want to ensure you do not spend your emergency fund, open a second high interest savings account with a second bank, transfer the full emergency fund balance there and forget you have it!

■ I recommend CitiBank or Discover since I recommend their credit cards

Step #3 - Early Debt Pay Off  
\*Skip this step if you do not have bad debt or your debt interest rate is below 2%\*

● Determine if/how much you can pay extra towards your debt per month ○ I recommend 30% of your income to be for saving/investing (I

consider paying debt in the “investing” category  
■ If you have your emergency fund saved in full, you should put

30% of your income towards paying down bad debt  
● Set up automatic payments (or reminders if not possible) to pay extra

towards debts  
○ Ex. You have your emergency fund saved up and make $50,000/yr

after taxes. 30% of $50,000 is $15,000 to invest per year. You can set up an auto payment to pay an additional $1,250/mo towards your bad debt.

* ●  Examples of bad debt to pay off early include credit card debt, student loans and private loans/payday loans
* ●  When you have debt, you are losing money to negative interest. If you are able to pay that debt off and then invest the money you were paying towards the debt, you not only are no longer losing money to negative interest, but you are gaining money from positive interest

○ Ex. You are paying $300/mo towards credit card debt. $150/mo of that money is towards the interest. After you save and pay off that debt early, you now invest that $300 into

Step #4 - Credit Card

\*Skip this step if you are not disciplined with finances and may spend more than you have\*

* ●  Open a “Discover It Secured Card” with Discover Bank ○ You will be required to put down a deposit which you will receive in7-10 months so long as you pay all payments ○ You cannot spend more than your deposit so I recommend a depositof $500-$1,000 ○ Connect your general savings account and set up an auto paymentto pay off the full balance every month ○ Subscribe to email notifications and manually pay off your accountevery time you get an email that your new statement is ready inaddition to the auto-pay
* ●  Use the credit card for all possible purchases to get cash back (2% on gasand restaurants, 1% on everything else)
   * ○  To be safe and not spend more than you have in your savings,always check your savings account prior to making a purchase tomake sure you have enough money
   * ○  NEVER SPEND MORE THAN YOU HAVE IN YOUR SAVINGS
* ●  After 7-10 months, you will receive your full deposit bank and your card limit will increase from that amount to a higher amount

○ As a bonus, go into the discover app and request a higher limit every 6-12 months

■ Based on your income, monthly expenses and job, the bank may give you a higher limit, which can improve your credit score

● With a secured card you can establish/improve your credit score ○ A breakdown of credit score is included later in this guide

Step #5 - Roth IRA Investment Account

\*You can only invest in a roth if your income is below the maximum requirement ($160k in 2024) and you are investing taxed income (you must have a job and it cannot be cash under the table)\*

* ●  Create an account with Fidelity and open a “Roth IRA”
* ●  Determine the maximum amount you can invest each month based onyour income
   * ○  I recommend 30% of your income to be saved and invested (If youare not saving for a large purchase or your emergency fund, the full30% should be invested)
   * ○  $7,000 is the current annual maximum for a ROTH IRA (2024)($583/mo)
* ●  Connect your general savings account and set up automatic investing to purchase two different mutual funds or ETFs every month
   * ○  75% of the monthly investment should purchase FXAIX or “Fidelity 500 Index Fund” (S&amp;P 500 / the US Stock Market)
   * ○  25% of the monthly investment should purchase FSPSX or “Fidelity International Index Fund” (the International Stock Market outside of the US)

■ Make sure that dividends are reinvested automatically  
○ Ex. Each month $400 is transferred from your general savings account with Capital one. $300 is invested into the US Stock Market (Fidelity 500 Index fund) and $100 is invested into the International Stock Market (Fidelity International Index Fund)

* ●  Never ever withdraw funds from this account or any other investment account if possible (unless retired or for dire emergency after emergency fund is empty)
* ●  Stick to investing in low cost Mutual Funds or ETFs (the funds mentioned above). Investing in individual stocks can result in a better investment, however usually investing in a large fund that represents many companies (such as the entire US stock market or international market) will be the safer bet that nearly ensures you will get a solid return over time
   * ○  Investing in individual stocks is gambling
   * ○  Investing looking to make money in the short term (less than 10years out) is not investing. It is trading. Trading is gambling.

Bonus Steps for your 20’s:

1. If your employer offers a 401k match, always take it and invest the maximum match amount

* ○  This is more important/better than your Roth IRA and if you cannot do both, do the 401k match instead of the Roth
* ○  If you can do both, invest the full 401K match and then invest the remainder of your investment funds into your Roth IRA2. Additional credit cards
* 2.   If you are very responsible with credit cards, will never spend morethan you have, and always pay them off each month in addition to autopay, you can receive some better benefits with more cards■ 2nd Card - Citi Double Cash: 2% back on everything ■ 3rd Card - Citi Custom Cash: 5% back on one category ofchoice (I do gas personally)
* ○  If you are an independent contractor or business owner, designate acredit card for all of your business expenses (so you can easily trackexpenses for write offs)
* ○  I never recommend getting any credit card that has an annual fee

Additional Steps for your 30’s

\*Move on to these steps in your 20’s if you can\*

1. Hire a financial advisor  
If you make enough to where you can invest more than the Roth IRA annual maximum, you should hire a financial advisor  
Make sure they are a fiduciary advisor  
A cheap option is to hire them only for flat fee based financial planning (general guidance instead of them doing the investing for you)

2. Start investing in bond funds  
Change your automatic investments in your Roth IRA so that your stock allocation is 120 minus your age

* Ex. 30 year old is 120 - 30 = 90% stocks 10% Bonds
* Ex. 50 year old is 120 - 50 = 70% stocks 10% Bonds With your new bond allocation %, set up your auto investment to purchase FXNAX or “Fidelity U.S. Bond Index Fund” Every 5 years, adjust the automatic investment to align with the 120 minus your age rule

3. If you can afford to invest more than the Roth annual limit, contribute more to your 401K

○ OR other great options include:

* HSA: Pre and Post Tax Investment account that can only bespent towards healthcare and medical costs (Tax benefits ofROTH IRA and 401K combined)
* 529 College Savings Plan: Post tax investment account (likeRoth IRA) that must be spent on a family member’s education costs (use to save for kid’s college)4. Save up for and purchase a home
* ○  While still contributing to your investment accounts, start settingaside funds monthly to save up to purchase a home
* ○  Use your emergency second savings account or a 3rd savingsaccount so that you don’t accidentally spend the money

Saving Tips

Saving is, in my opinion, the most important aspect to one’s financial health. You must save to establish your emergency fund. You cannot pay off debt without saving the money to pay it. You cannot safely use a credit card without having savings. You cannot invest without saving that money first.

Living below your means can allow you to have less stress in your life, choose a lower paying, but more enjoyable career path, spend money on “the big important things”, afford to cover emergency costs, pay for incredible experiences, retire at a reasonable/early age and actually afford to raise children.

As of 2024, 56% of Americans do not have savings to cover a $1,000 emergency (per CNBC and FOX). For many young people, in my eyes, making money isn’t the issue. It’s actually saving money. Saving money is very simple. However, it’s also very hard at the same time. If you spend less than you make, you will save money. We all know that, however, what makes it so difficult is the emotional side of it. You have to get out of your comfort zone and make changes to the way you think if you want to change your spending habits into saving habits.

Tactical Tips:  
Before you buy anything, ask yourself if you actually need it - You were

living before, weren’t you?

Wait to Buy Something - Impulse purchases are deadly. If you really want it that bad, you will still want it a week or month from now. The bigger the purchase, the longer you should wait.

Have a spending account and a savings account - Only make payments out of your checking account and only transfer from your savings when you need to. An even better method is to open a second high yield savings account with another bank. Then you can put your savings there and forget about the money. That way you can keep your spending money in your general savings account and collect interest on both saving and spending funds.

Don’t Window Shop - Window shopping can be a fun way to pass time, however if you are going into a store without the intention to buy a specific item you need, every single thing you end up buying is unnecessary. Or if you need a specific item, go straight to that item and straight to the register. Don’t browse!

Review your Expenses - Simply take 5 minutes to review your bank or credit card statements once a month. You might be shocked at how much you are actually spending. You might also find old subscriptions you can cancel.

Set up an automatic savings transfer from your spending account to your savings account - If possible, time this with your paycheck deposit. Just like with an automatic transfer to your investment account, you can just forget you have the money and you never even see it! You don’t miss the taxes taken out of your paycheck so you want to have the same setup with your saving/investing.

Mental Shifts to Tell Yourself Before you Spend Money:

“Stop using material things to fight insecurity” - Everyone wants nicer cars, homes, clothes, the list goes on. Why? Mostly because of status. We put our own value in our material possessions. Be that confident 70 year old that wears what’s comfy, drives an old, reliable car, and lives in a quaint, outdated home. Don’t wait until you’re old to realize what’s really important. Work on that now.

“The little things add up” - $2 here, $5 there, $13 here. Next thing you know, your credit card statement is $800.

“Would I rather this small thing now or this big thing later?” - Would you rather an expensive gym membership or would you rather a second vacation each year? Would you rather go out to dinner and drinks every week or would you rather be able to save up and buy a house?

“How many hours/shifts of work does this cost?” - Is buying that dinner worth it if it cost you an entire day’s work? Is spending an hour of work worth buying your lunch out vs bringing it from home? Is an expensive vacation worth 2 months of hard work or should you go the cheaper route? This also works great for commission jobs. How many cars/apartments/ect. would I have to sell to buy this?

“Saving is a tax free way of “making” money” - You can either work to make $130 and get $100 after taxes or you can just save the $100.

“What is more important to me, having nicer things or being stress free financially?” - Is that second vacation worth the stress of running up a credit card you cannot pay off? Is that daily starbucks coffee worth the stress of paying rent late? Is that nicer car worth the stress of not being able to afford to move out of your parents?

“If I invested this money today instead of spending it, I would have X when I’m older” - Use a compound interest calculator to understand generally how much your money will grow until retirement. When you are a 20 year old, each dollar you invest now should grow about 20 times itself by age 65 (10 times itself as a 30 year old). If you are 20, ask yourself if you want to spend $1,000 on something you don’t need now or have $20,000 to spend on something when you are older.

“I’m stealing money from the future me/family” - What do you value more, the novel item you don’t need right now or something you care more about in the future? Would you rather drive a nicer car now or would you rather be able to vacation every year after you retire? Would you rather spend money on yourself now or your family in the future?

“Instead of buying this every day/week/month, I invested it, how much would I have later?” - How much money could you invest if you downgraded from a $100 gym membership to a $20 membership? How much money could you invest if you got a car with a $300 monthly payment instead of $500? How much could you invest if you split rent with a roommate to pay $1,000/mo instead of $1,800. Someone who buys a $6 coffee five days a week could instead invest that $30 per week to have over $350,000 extra at retirement.

If you like to gamble/buy scratch tickets: “Do I want an impossible chance to have $100,000 today or do I want an almost guaranteed $100,000 in 30 years” - A 30 year old who spends $20 per week on scratch tickets will very likely never win big even if their habit continues for life. However, if that person invested that $20/week starting at age 30, they would likely have $113,000 at 60.

Brief Guide to a 750 Credit Score

A credit score is extremely important, however it’s something that there is a lot of confusion about. While many know what a credit score generally is, most don’t know all of the factors that determine the score and thus how they maintain a high score.

First off, a credit score or “FICO” score is how businesses and financial institutions like banks determine how qualified you are for certain services. Your credit score will be a factor in determining not only if you can get a loan for things like a car, house, ect. but also can determine what your interest rate will be on that loan. You also can be required to have a credit score to finance purchases like appliances and furniture or very commonly in order to rent an apartment. The higher your credit score, the higher the likelihood that a landlord will let you rent their apartment and later on, the cheaper your car and home will be.

Building a good credit score can take a very long time, however ruining your credit score can happen in an instant and can often take many years to repair. The easiest and most common way to lower your credit score is by missing a payment. This is why it is so crucial that you have autopay setup on all of your loan payments and credit cards.

If you have a bad credit score, you may find yourself unable to rent an apartment, buy a home, or buy a car. This is because you are seen as risky and untrustworthy. If your score is fair but not good, you will find yourself paying high interest rates. Because of this, you want to maintain a score above 700.

Credit Scores are typically seen as follows:

300 - 579 = POOR  
580 - 669 = FAIR  
670 - 739 = GOOD  
740 - 799 = VERY GOOD 800 - 850 = EXCELLENT

When it comes to apartments, you generally need to fall into “good” or better to rent. In order to get the best interest rates on loans for cars/homes you generally need to fall into the “Very good” category or better.

Credit scores are determined by the following categories below. The percentage represents how much this category makes up a score and so a higher percentage means a more important category.

Payment History - 35%  
Credit Utilization Rate / Amounts Owed - 30% Length of Credit History - 15%  
New Credit Opened - 10%  
Credit Mix - 10%

What each category means and how to do well in each:

Payment History - How often have you made payments on time?

1. Never miss a payment. Set up autopay AND manually pay off monthly.
2. Open cards sooner. The longer a card has been on your history the morerecorded payments on your history.
3. Have more cards/loans. The more lines of credit, the more on timepayments. Don’t close card accounts for this reason.

\*If you do miss a payment, #2 and #3 help. Having many total payments makes your percentage of late payments smaller.\*

Ex. If you have one credit card for 10 months and miss one payment, you’re late 10% of the time. If you have 5 credit cards for 5 years and miss one payment, you’re only late 2% of the time (1/10 vs 1/60)

Credit Utilization Rate / Amounts Owed - How much of your total credit limit are you spending? (credit cards) / How much do you owe? (Loans)

1. Pay off your cards in advance of the statement date. Manually or with autopay, pay most or all of your current balances so that the balance is very low compared to your limit. Ex. If your limit is $1,000 and you have a $900 balance, your utilization rate on that card is 90%. If you pay $850 of the balance before the statement period ends, the statement balance will be only $50 which is just 5% of your limit.
2. Have more credit cards. The more cards, the higher your total limit. This is another reason why you should not close a credit card.
3. Ask for limit increases. You can easily do this right in your banking app or call from a phone. Income, expenses, and credit score will determine the increase
4. For amounts owed, you really can only pay off debt. Save money so you can pay it off ahead of time. Don’t just make minimum payments.

Length of Credit History - How long is your average line of credit?

1. Open up lines earlier in life. If you know you will get a certain credit cardeventually, get it now.
2. Be smart about timing of new lines. When possible, do not acquire newlines of credit prior to a life event that requires good credit.
3. Have more lines. When you open a new line of credit it does not affect you as much with more lines since that line represents a smaller percentage ofthe total amount of lines. Ex. A second credit card is 50% of your lines, however a 10th line of credit is only 10% of your lines.

New Credit Opened - How recently have you opened a line of credit? 1. Follow the same first two tips above for “Length of Credit History”

Credit Mix - Is the mixture of types of lines of credit diverse?  
1. Have different types of lines of credit. There's mainly revolving (credit

cards) vs installment (loans). Ex. It’s better to have a mortgage, car loan and two credit cards rather than just 4 credit cards

Payment history is the most important by far and so it’s crucial to stay on top of all lines of credit and ensure payments are being made and made on time. If there is an accident and a payment is not made or made late you can actually call your creditor and potentially have them remove the late payment.

Keep in mind that you should never make bad financial decisions in order to increase your credit score. You also don’t want to complicate your finances. With one or two lines of credit, you can easily get a good score after just a couple years of on time payments.

Credit should not be taken lightly. If you are not financially responsible, do NOT get a credit card. The benefits are not worth the consequences of bad credit or even worse, snowballing credit card debt.

Compound Interest Explained (Why you Should Invest)

Saving is necessary in order to invest, however investing is much more powerful. When you invest, you are paid a percentage yield.  
In other words, your money grows. But the beautiful thing about the growth is that it is not linear. It is exponential.

A simplified example of this can be with a high yield savings account and $100. Let’s say the savings account has an annual yield of 5%. That means after one year, the savings account would have given you $5. However, in year 2, you do not get $5. Why? Because you are no longer being paid 5% of $100, you are being paid 5% of $105. 5% of $105 is $5.25. The next year you are paid 5% of $110.25 which is $5.51. Each year you are paid more and more because the interest compounds on top of itself. Compounding interest!

Saving on the other hand, is linear. Fortunately, high yield savings accounts do have compound interest, however the annual yield is typically much much lower than stocks and checking accounts don’t have any interest at all. If you were to save $100 every month, rather than investing it, it would look like the blue line on the chart above. However if you invested it, the growth would compound on top of itself and look like the red line.

  

Example - A $5,000 one time investment at 7% interest per year:  
\*The first number is the new amount and the second number is the amount gained in the 5 years\* Year 5 - $7,012 (+$2,012)  
Year 10 - $9,835 (+$2,823)  
Year 15 - $13,795 (+$3,959)  
Year 20 - $19,348 (+$5,553)  
Year 25 - $27,137 (+$7,788)  
Year 30 - $38,061 (+$10,924)

In the first 5 years, the $5000 would grow an additional $2,012. However in just the final 5 years (from year 25 to 30), the investment would grow an additional $10,924. That is over double the original $5,000 alone! Compound interest!!

If you contribute $7,000 annually to a Roth IRA from age 20 to 65, with an average annual yield of 7%, you would have approximately $2,140,262.34 by the time you reach age 65. Tax Free! (\*7% is a decent inflation adjusted estimate of growth based on investing in the US Stock Market\*)

Because of the fact that compound interest gets better and better the longer it works, the earlier you start investing the better. Not just better, but much better. The downsides of starting later are also exponential (same math but backwards).

Example - $5,000 invested per year at 7% interest per year: (at different ages) \*The amount next to the age is the total amount the fund would grow to by age 65\*  
18 Years Old - $1,881,579.00  
20 Years Old - $1,633,771.07

25 Years Old - $1,142,920.14 30 Years Old - $792,950.21 40 Years Old - $365,519.51 50 Years Old - $148,235.43

Each year matters a lot. The difference between starting at 18 and 20 years old is $253,808 even though you would only invest $14,000 in those two years at 18 and 19. Start as early as possible! Even if it's only $100 a year.

By the way, if you start saving $5,000 a year at 18 instead of investing it, you would only have $235,000 instead of $1,881,579. Don’t just save!

Roth IRA vs. Traditional IRA (401k)

Roth IRA taxes income but not stock growth (“Post tax”)  
Standard IRA (401k) taxes stock growth but not income (“Pre tax”)

When you are young, your income is usually low, but the investments you make will grow a lot by the time you retire. You want the low income to be taxed and not the high stock growth.

When you are older, your income is usually higher and since your investments do not have as much time to grow until retirement, the growth is low. You want the low stock growth to be taxed and not the high income. In conclusion, when you are in your 20’s and 30’s it is generally better to invest your money in a Roth IRA

\*remember that if your employer offers a 401k match, invest the maximum amount that will be matched by the company and invest the remaining money you can into a Roth IRA - The match is better than the tax savings of a Roth\*

Example #1 - Roth IRA

Income: $50,000  
Age: 25 (40 Years of Stock Growth to Retirement) Amount Invested that Year: $5,000  
Amount at Retirement: $74,872

Example #2 - 401k

Income: $100,000  
Age: 50 (15 Years of Stock Growth to Retirement) Amount Invested that Year: $7,000  
Amount at Retirement: $19,313

In example #1, you want to be taxed on the $50,000 income and not the \~$70,000 of tax growth. In example #2, you want to be taxed on the \~$12,000 of stock growth and not the $100,000 of income.

||
||
||**INCOME**|**STOCK GROWTH**|
|**YOUNG**|**LOW**|**HIGH**|
|**OLD**|**HIGH**|**LOW**|

Free Resources: (all links removed)

\*Credit Karma - App/Website: (See your full financial picture on one screen)  
-Net Worth Overview  
-Free Credit Reporting

-Expense Tracking

\*MoneyChimp’s Compound Interest Calculator - Website:

(See how much money you will have invested in the future)  
-Project out your current investing to see amount at retirement  
-Understand how much each dollar will grow from your current age to retirement age (Ex. 20X from 20 to 65 and 10X from 30 to 65 (at 7%))

Nerdwallet - App/Website:  
(Learn all about personal finance and find financial companies) -Articles/Resources for improving personal finances (budgeting, saving, investing)  
-Research and compare financial institutions (bank accounts, trading accounts, credit cards, insurance, ect.)  
-App is similar to Credit Karma (however does not work with Fidelity as of 2024)

Investopedia - Website:(Understand Financial Terms)  
-Full dictionary of financial terms with detailed explanations and videos -Articles on all things finance and personal finance

  

Video Library :

1. Simple Guide to Investing - Graham Stephan
2. Roth IRA Overview - Graham Stephan
3. Index Fund (Mutual Fund / ETF) Overview - Graham Stephan
4. How to Get a Perfect Credit Score - Graham Stephan
5. How to Save Money - Graham Stephan
6. Three Fund Portfolio Overview - Tae Kim
7. Seven Baby Steps to Good Financial Health - Dave Ramsey



Best Youtube Channels to Watch:

1. Graham Stephan 
2. Andrei Jikh 
3. Nate O’Brien 
4. Dave Ramsey 
5. Humphrey Yang

\*The best thing to do with these channels is to go through their playlists about personal finances to find topics you want to learn about\*



TLDR: Live below your means, have an emergency fund, establish your credit safely and invest what you can in a Roth IRA.",1.0,
1gdpvrl,musicals,I really need help,"I am currently in a musical and had to retrieve my own shirt for my character. It is slightly see-through and was wondering if I were to wear a thin, white undershirt(thin because those stagelights are hot), would you still be able to see through it if it was thin or would you not be able to?",2,8,1730076300.0,devil wears prada musical,musical_previews,2024-10-28,"I really need help I am currently in a musical and had to retrieve my own shirt for my character. It is slightly see-through and was wondering if I were to wear a thin, white undershirt(thin because those stagelights are hot), would you still be able to see through it if it was thin or would you not be able to?",0.4549,
1gfgg2y,musicals,Playing in this musical next month! ,☺️,44,6,1730270765.0,prada musical elton john,musical_previews,2024-10-30,Playing in this musical next month!  ☺️,0.6239,
1gah1a1,musicals,Scar / Zazoo audition song,"Hi everyone! I'm a baritone (up to sol/G comfortably)  and I have an audition for the Lion King production in my (non-English-speaking) country - while no details have been confirmed at the  moment, I expect  that I am potentially in line for Scar or Zazu or both. 
 
As such I'm looking for a song, ideally a bad guy song with some measure of humour in it. I know that most people here will show up with a Disney song, so I'd prefer to stay away from Disney if I can. However, looking into Elton John's other work, I can't seem to find much there either (I mean, he's obviously done plenty of great stuff, but I didn't find something that matched the advice description). 
 
If anyone has any ideas, it would be much appreciated. Thanks!",4,3,1729706379.0,prada musical elton john,musical_previews,2024-10-23,"Scar / Zazoo audition song Hi everyone! I'm a baritone (up to sol/G comfortably)  and I have an audition for the Lion King production in my (non-English-speaking) country - while no details have been confirmed at the  moment, I expect  that I am potentially in line for Scar or Zazu or both. 
 
As such I'm looking for a song, ideally a bad guy song with some measure of humour in it. I know that most people here will show up with a Disney song, so I'd prefer to stay away from Disney if I can. However, looking into Elton John's other work, I can't seem to find much there either (I mean, he's obviously done plenty of great stuff, but I didn't find something that matched the advice description). 
 
If anyone has any ideas, it would be much appreciated. Thanks!",0.9251,
1g9v9jp,musicals,Musicals where you'd rather listen to the movie version's album than the stage version ,"For me, it's Fiddler on the Roof (because John Williams), Sound of Music (because Julie Andrews), Sweet Charity (because Shirley MacLaine), and Oklahoma (I just love the orchestrations). The Little Shop of Horrors movie album and original off-Broadway cast album are tied for my favorite version of that musical. ",165,313,1729636868.0,prada musical elton john,musical_previews,2024-10-22,"Musicals where you'd rather listen to the movie version's album than the stage version  For me, it's Fiddler on the Roof (because John Williams), Sound of Music (because Julie Andrews), Sweet Charity (because Shirley MacLaine), and Oklahoma (I just love the orchestrations). The Little Shop of Horrors movie album and original off-Broadway cast album are tied for my favorite version of that musical.",0.8971,
1g9e283,musicals,i love john tartaglia so much,"I saw a community production of avenue Q a bit over a week ago and now i’m full blown obsessed with it, especially john tartaglia because oh my god his voice is SO good, i love all of rod’s and princeton’s parts and i’m so upset i can’t reach some of the notes as a mezzo. i also just watched shrek the musical purely for john, that’s how bad my obsession is. he’s such a good character worker while still singing so amazingly, plus all of his puppetry! he’s so awesome like idk why he isn’t talked about more!!!",15,7,1729589348.0,prada musical elton john,musical_previews,2024-10-22,"i love john tartaglia so much I saw a community production of avenue Q a bit over a week ago and now i’m full blown obsessed with it, especially john tartaglia because oh my god his voice is SO good, i love all of rod’s and princeton’s parts and i’m so upset i can’t reach some of the notes as a mezzo. i also just watched shrek the musical purely for john, that’s how bad my obsession is. he’s such a good character worker while still singing so amazingly, plus all of his puppetry! he’s so awesome like idk why he isn’t talked about more!!!",0.962,
1gbjmck,musicals,Anyone else surprised at how little social media buzz The Warriors is getting?,"I guess I must have had unreasonable expectations, but considering it was Lin Manuel Mirandas next projedt, all the stars in the cast and the recent popularity of musical concept albums - I think I was expecting I don't know... a little more fanfare?

Obviously dedicated theatre circles are aware of it. But I don't think I've seen much crossover beyond that.

it's just so wierd that Hamiltons successor released with barely any buzz around it.

The album is really, really, really good as well. Story and especially music wise. The best stuff Lin has put out since Hamilton. 

Who knows it could be a slow burner for popularity. I just really hope animatics will get made of it. (do people still make those?)",86,59,1729822211.0,miranda priestly musical,musical_previews,2024-10-25,"Anyone else surprised at how little social media buzz The Warriors is getting? I guess I must have had unreasonable expectations, but considering it was Lin Manuel Mirandas next projedt, all the stars in the cast and the recent popularity of musical concept albums - I think I was expecting I don't know... a little more fanfare?

Obviously dedicated theatre circles are aware of it. But I don't think I've seen much crossover beyond that.

it's just so wierd that Hamiltons successor released with barely any buzz around it.

The album is really, really, really good as well. Story and especially music wise. The best stuff Lin has put out since Hamilton. 

Who knows it could be a slow burner for popularity. I just really hope animatics will get made of it. (do people still make those?)",0.9917,
1g96vd1,musicals,"Singing and dance auditions for university musical coming up in a week. Don’t know if I wanna do it or not, because I’m so indecisive for considering both sides.","i don’t know if I wanna do this. I love coming up with ideas for musicals, I mostly spend time working on a musical every day on my free time, not performing and working on singing, I guess I’m concerned about being able to remember a minute of a song and singing it in front of people. I’ve never sang in front of people before. I’m also Concerned about Water intake because it affects how long I can stay focused without feeling  constipated. I have danced before In middle school, but it’s been a few years. Just finding what song to memorize is stressing me out too.

 i wonder what song will be perfect to memorize.  
I will admit musical theatre acting looks expressive and fun.  I just casually sing along to music I’m listening to and spend more time creating a musical and songwriting unlike the usual theatre kids. Maybe I’m better off being a musical creator than both a creator and performer? I just feel pressured to perform because Lin-Manuel Miranda does it, like in Hamilton and in the heights. And I admit that I have imaginations of me performing on stage as certain characters, especially  ones from my ideas for musicals. Anyone wiling to offer advice?",0,0,1729561619.0,miranda priestly musical,musical_previews,2024-10-22,"Singing and dance auditions for university musical coming up in a week. Don’t know if I wanna do it or not, because I’m so indecisive for considering both sides. i don’t know if I wanna do this. I love coming up with ideas for musicals, I mostly spend time working on a musical every day on my free time, not performing and working on singing, I guess I’m concerned about being able to remember a minute of a song and singing it in front of people. I’ve never sang in front of people before. I’m also Concerned about Water intake because it affects how long I can stay focused without feeling  constipated. I have danced before In middle school, but it’s been a few years. Just finding what song to memorize is stressing me out too.

 i wonder what song will be perfect to memorize.  
I will admit musical theatre acting looks expressive and fun.  I just casually sing along to music I’m listening to and spend more time creating a musical and songwriting unlike the usual theatre kids. Maybe I’m better off being a musical creator than both a creator and performer? I just feel pressured to perform because Lin-Manuel Miranda does it, like in Hamilton and in the heights. And I admit that I have imaginations of me performing on stage as certain characters, especially  ones from my ideas for musicals. Anyone wiling to offer advice?",0.9786,
1g8bkv4,westend,Help me pick 3-5 West End shows to see this week!,"I originally intended to see The Mousetrap, Why Am I So Single, and Back to the Future, but after reading some other recent recommendations posts and looking more into what's on, I'm really reconsidering my picks. 

Available dates are Monday-Thursday this week, then a few days in November. 

I don't really want to pay more than £50 a ticket, although that's not a hard cap. 

I haven't seen a West End show in over a decade, but see shows on Broadway fairly regularly. 

**Strongest contenders are now:**

• Devil Wears Prada - seeing a show on opening night would be cool, and I imagine that this won't run long (similar to how Pretty Woman and other similar shows had a short run) so this may be my only chance. But the preview reviews aren't good. I like the movie but don't love it. 

• Harry Potter and the Cursed Child - I was going to wait to see this on Broadway, but then I saw that the West End version is still in two parts rather than condensed to one. However, it's so expensive. 

• Mousetrap - I've managed to avoid any spoilers for this in anticipation of finally seeing it here (down to accidentally starting to read the story it was based on, realizing I was reading it, and stopping in the middle). But reviews just aren't that good??? 

• Witness for the Prosecution - love the novel it's based on, and the venue sounds really interesting and unique. But is the show actually good beyond the venue? 

• Guys and Dolls - I like the show, but don't love it. However, this version is *so* recommended on this sub that I'm actually considering it. I could probably manage standing for 3 hours, although I did see Here Lies Love and being on the floor for that didn't look super fun to me. 

• Operation Mincemeat - so strongly recommended here, but I'm hesitant about it for some reason. 

• Why Am I So Single - I saw some songs on TikTok and enjoyed how catchy they were. But again there's so much else on that I'm no longer sure it's the best use of a night. 

**Other potential shows:**

• Back to the Future - I purely want to see this because I'm into theatre tech things. But I've realized it's actually still on Broadway, so I might see it there instead. 

• Cabaret - I've never seen the show and have been considering seeing it on Broadway; thinking of seeing it here just for cheaper ticket prices, which is admittedly not a good reason when there are so many other shows on.

• Starlight Express - I feel like this is complicated to stage, so I'm unlikely to ever see it elsewhere. But not sure if I actually want to see it. 

**Shows I'm not interested in unless there's special reasons to see them:**

• Lion King, Les Mis, Hadestown, Six, Play that Goes Wrong, Lehman Trilogy - have seen on Broadway or elsewhere and enjoyed. Although I'd love to see the British cast of Six if I had more time.

• Hamilton, Wicked, Phantom, Matilda - haven't seen yet and would love to, but figure there's plenty of time to see them (unless Phantom here still has the chandelier -- then maybe I'm interested). 

• Moulin Rouge - I saw it on Broadway and actively dislike it.

• Mean Girls, Mamma Mia, Book of Mormon - just not that interested 

For reference, my taste is eclectic -- some of my favorite shows have been Les Mis, Legally Blonde, Anastasia, Camelot, Shucked, Allegiance, and Pippin.  

I'm also open to non-West-End shows and interesting concerts/other events if something I haven't mentioned is recommended.

Also, I'm intending to look this up, but since I'm here -- any suggestions for best place to buy single last-minute tickets? 


Edit: WOW this is a wall of text. Sorry for that! ",3,36,1729465291.0,devil wears prada musical,musical_previews,2024-10-20,"Help me pick 3-5 West End shows to see this week! I originally intended to see The Mousetrap, Why Am I So Single, and Back to the Future, but after reading some other recent recommendations posts and looking more into what's on, I'm really reconsidering my picks. 

Available dates are Monday-Thursday this week, then a few days in November. 

I don't really want to pay more than £50 a ticket, although that's not a hard cap. 

I haven't seen a West End show in over a decade, but see shows on Broadway fairly regularly. 

**Strongest contenders are now:**

• Devil Wears Prada - seeing a show on opening night would be cool, and I imagine that this won't run long (similar to how Pretty Woman and other similar shows had a short run) so this may be my only chance. But the preview reviews aren't good. I like the movie but don't love it. 

• Harry Potter and the Cursed Child - I was going to wait to see this on Broadway, but then I saw that the West End version is still in two parts rather than condensed to one. However, it's so expensive. 

• Mousetrap - I've managed to avoid any spoilers for this in anticipation of finally seeing it here (down to accidentally starting to read the story it was based on, realizing I was reading it, and stopping in the middle). But reviews just aren't that good??? 

• Witness for the Prosecution - love the novel it's based on, and the venue sounds really interesting and unique. But is the show actually good beyond the venue? 

• Guys and Dolls - I like the show, but don't love it. However, this version is *so* recommended on this sub that I'm actually considering it. I could probably manage standing for 3 hours, although I did see Here Lies Love and being on the floor for that didn't look super fun to me. 

• Operation Mincemeat - so strongly recommended here, but I'm hesitant about it for some reason. 

• Why Am I So Single - I saw some songs on TikTok and enjoyed how catchy they were. But again there's so much else on that I'm no longer sure it's the best use of a night. 

**Other potential shows:**

• Back to the Future - I purely want to see this because I'm into theatre tech things. But I've realized it's actually still on Broadway, so I might see it there instead. 

• Cabaret - I've never seen the show and have been considering seeing it on Broadway; thinking of seeing it here just for cheaper ticket prices, which is admittedly not a good reason when there are so many other shows on.

• Starlight Express - I feel like this is complicated to stage, so I'm unlikely to ever see it elsewhere. But not sure if I actually want to see it. 

**Shows I'm not interested in unless there's special reasons to see them:**

• Lion King, Les Mis, Hadestown, Six, Play that Goes Wrong, Lehman Trilogy - have seen on Broadway or elsewhere and enjoyed. Although I'd love to see the British cast of Six if I had more time.

• Hamilton, Wicked, Phantom, Matilda - haven't seen yet and would love to, but figure there's plenty of time to see them (unless Phantom here still has the chandelier -- then maybe I'm interested). 

• Moulin Rouge - I saw it on Broadway and actively dislike it.

• Mean Girls, Mamma Mia, Book of Mormon - just not that interested 

For reference, my taste is eclectic -- some of my favorite shows have been Les Mis, Legally Blonde, Anastasia, Camelot, Shucked, Allegiance, and Pippin.  

I'm also open to non-West-End shows and interesting concerts/other events if something I haven't mentioned is recommended.

Also, I'm intending to look this up, but since I'm here -- any suggestions for best place to buy single last-minute tickets? 


Edit: WOW this is a wall of text. Sorry for that!",0.9904,
