id,subreddit,title,text,score,num_comments,created_utc,query,event,date,combined_text,vader,finbert
1ruh33g,fashion,Spring Break Outfit =^_^=,"Sorry about the lighting, and you can't see my face very well in some of the photos! I made sure to get a photo of my hair with the pearl bobby pins, a little later in the photo shoot :) Bonus photo of my kitty! Her name is Ebony =\^\_\^=

In addition, I'm a big fan of capes and wore a cape as the temperature dropped throughout the day :) 

I also included a couple of photos of the jewelry I'm wearing since you can't see that very well either &gt;,&lt; I hope you enjoy what I put together :) 

Sincerely,

Caribou Music (Deerheart) &lt;3 ",38,6,1773588816.0,devil wears prada musical,musical_extension,2026-03-15,"Spring Break Outfit =^_^= Sorry about the lighting, and you can't see my face very well in some of the photos! I made sure to get a photo of my hair with the pearl bobby pins, a little later in the photo shoot :) Bonus photo of my kitty! Her name is Ebony =\^\_\^=

In addition, I'm a big fan of capes and wore a cape as the temperature dropped throughout the day :) 

I also included a couple of photos of the jewelry I'm wearing since you can't see that very well either &gt;,&lt; I hope you enjoy what I put together :) 

Sincerely,

Caribou Music (Deerheart) &lt;3",0.9798,
1rqmcay,femalefashionadvice,What's your personal signature in how you dress?,"I was thinking recently, about the way fashion designers dress. They often have a uniform/signature, and just stick with that. Anna Wintour's had the same haircut for decades. Jonathan Anderson wears dad sneakers. A lot of basics, like a long sleeve tee and jeans in plain colors when coming out to bow at the end of a show. Betsey Johnson was always ultra girly and vibrant like her designs.

I'm thinking of taking on that way of dressing, because these days trends are changing everyday, and being on trend just to be seems exhausting and wasteful.

Still considering what my signature is.

Those of you who have a signature that stays with you, what do you wear? What garments/pieces, even hair or makeup and shoes and bags. How did you arrive at it? General tips also appreciated.",189,222,1773210990.0,devil wears prada west end,musical_extension,2026-03-11,"What's your personal signature in how you dress? I was thinking recently, about the way fashion designers dress. They often have a uniform/signature, and just stick with that. Anna Wintour's had the same haircut for decades. Jonathan Anderson wears dad sneakers. A lot of basics, like a long sleeve tee and jeans in plain colors when coming out to bow at the end of a show. Betsey Johnson was always ultra girly and vibrant like her designs.

I'm thinking of taking on that way of dressing, because these days trends are changing everyday, and being on trend just to be seems exhausting and wasteful.

Still considering what my signature is.

Those of you who have a signature that stays with you, what do you wear? What garments/pieces, even hair or makeup and shoes and bags. How did you arrive at it? General tips also appreciated.",0.867,
1rq6qbj,femalefashionadvice,"How to style baggier clothes without making myself look ""round""?","Hi! I love baggy clothes. I have autism and I have a slight aversion to things that are form fitting/tighter, but I also am a bit insecure about how baggy clothes tend to make me look about 20 pounds heavier.

I wear a 32K cup bra, my measurements are 45""(bust) ≈31"" (waist) and 40""(hips). i am also a bit short at 5'3. I prefer to wear clothes that are baggy (big sweaters, big t shirts, baggy ""jnco style"" pants, or skirts) but I always end up feeling a bit insecure at the fact that my choice of clothes always makes me look very ""round"". Im less opposed to more form fitting clothes as long as they are also stretchy, but I do prefer baggy clothes. My sister says my clothing style is ""like a teenage boy"". I do consider myself to be a bit of a tomboy too

Is it impossible to keep my style without looking so round? Or is there something I'm doing wrong when it comes to styling? I honestly don't know much about fashion or clothing at all ;\_; 

The images attached are very very similar to how I dress normally (but they arent pictures of me lol) ",398,113,1773170892.0,devil wears prada west end,musical_extension,2026-03-10,"How to style baggier clothes without making myself look ""round""? Hi! I love baggy clothes. I have autism and I have a slight aversion to things that are form fitting/tighter, but I also am a bit insecure about how baggy clothes tend to make me look about 20 pounds heavier.

I wear a 32K cup bra, my measurements are 45""(bust) ≈31"" (waist) and 40""(hips). i am also a bit short at 5'3. I prefer to wear clothes that are baggy (big sweaters, big t shirts, baggy ""jnco style"" pants, or skirts) but I always end up feeling a bit insecure at the fact that my choice of clothes always makes me look very ""round"". Im less opposed to more form fitting clothes as long as they are also stretchy, but I do prefer baggy clothes. My sister says my clothing style is ""like a teenage boy"". I do consider myself to be a bit of a tomboy too

Is it impossible to keep my style without looking so round? Or is there something I'm doing wrong when it comes to styling? I honestly don't know much about fashion or clothing at all ;\_; 

The images attached are very very similar to how I dress normally (but they arent pictures of me lol)",0.4173,
1rq2q39,femalefashionadvice,Quality leather sneakers for Europe Trip,"I used Reddit to search for this while looking and saw a lot of suggestions. I want to post my feedback because I have very picky feet and hope my review will be useful. I wear size 11.  I tried on Birkenstock Band, Cole Haaan Grand Crosscourt, Vionic Winny, Born Mira, and Taos Plim Soul Lux. I'm a longtime wearer of Ecco soft 7, but the quality and fit have gotten worse, so I need better shoes for lots of walking in Europe. I wear leather sneakers with my dresses and I like a sleek look.  I appreciate the Gen Z trend for louder sneakers with dresses, but it's not for me. I feel like a teacher on recess duty or an office worker who's planning to change shoes. It's just not for me.



Born Mira are extremely supportive and comfortable. They're true all day leather sneakers and the construction quality is excellent. They're a little less slick looking than I really want, but the quality and walking support is a full cut, and maybe a cut-and-a-half above all others in this thread. I will buy them in at least 4 colors over the next year or two and phase out my 5 pairs of Eccos.



Taos Plim Soul Lux had stiff soles and heel slip for me (very sharp heels). Great construction quality. Didn't work for me. They're fine but the soles are a little stiff for my tastes. They have a good shape and quality. I ended up buying a pair of Pop Soul shoes for the sportier look. They look like vans, but have support. I hope they break in well as they're stiff to walk in.



Ecco soft 7 are a smaller, tighter shoe. A little too narrow on my toes, but they look good because they're not bulky. The quality of the recent release isn't worth the price. The heel cup is crap. I had a pair 8 years ago I wore on a 3-week tour of Europe and they were amazing. The old pair I'm wearing now aren't comfortable enough to walk my dogs in. The new release is even worse 

Birkenstock bend had wonderful construction. They didn't fit my feet. The toe shape is more earth mother than I prefer, aesthetically. The cork foot bed isn't my normal jam. The price is correct for value in the current market.

Vionic Winny are cheap. They look cheap and feel cheap to me. If you're used to something in the Vans/Nike price bracket then you will probably think these shoes are fine

Cole Haaan Grand Crosscourt are slick looking shoes. I would totally do the thing where you wear an elevated sneaker with a suit like a cool girl. Unfortunately, they have a pretty flat foam foot bed that's fine for moderate walking, but isn't quality. I wouldn't pay MSRP for these at $180, but I would happily spend $90 for great looking shoes that are comfortable enough.  Not good enough for Traveling but good enough for daily wear.     



I also bought a pair of Oboz Boseman Low men's hiking sneakers. They're a nice balance of being good enough for the moderate hikes we're planning (but not as good as real hiking shoes, obvs) but still sneaker-y enough to not totally gorpcore my outfits.",101,42,1773162470.0,devil wears prada west end,musical_extension,2026-03-10,"Quality leather sneakers for Europe Trip I used Reddit to search for this while looking and saw a lot of suggestions. I want to post my feedback because I have very picky feet and hope my review will be useful. I wear size 11.  I tried on Birkenstock Band, Cole Haaan Grand Crosscourt, Vionic Winny, Born Mira, and Taos Plim Soul Lux. I'm a longtime wearer of Ecco soft 7, but the quality and fit have gotten worse, so I need better shoes for lots of walking in Europe. I wear leather sneakers with my dresses and I like a sleek look.  I appreciate the Gen Z trend for louder sneakers with dresses, but it's not for me. I feel like a teacher on recess duty or an office worker who's planning to change shoes. It's just not for me.



Born Mira are extremely supportive and comfortable. They're true all day leather sneakers and the construction quality is excellent. They're a little less slick looking than I really want, but the quality and walking support is a full cut, and maybe a cut-and-a-half above all others in this thread. I will buy them in at least 4 colors over the next year or two and phase out my 5 pairs of Eccos.



Taos Plim Soul Lux had stiff soles and heel slip for me (very sharp heels). Great construction quality. Didn't work for me. They're fine but the soles are a little stiff for my tastes. They have a good shape and quality. I ended up buying a pair of Pop Soul shoes for the sportier look. They look like vans, but have support. I hope they break in well as they're stiff to walk in.



Ecco soft 7 are a smaller, tighter shoe. A little too narrow on my toes, but they look good because they're not bulky. The quality of the recent release isn't worth the price. The heel cup is crap. I had a pair 8 years ago I wore on a 3-week tour of Europe and they were amazing. The old pair I'm wearing now aren't comfortable enough to walk my dogs in. The new release is even worse 

Birkenstock bend had wonderful construction. They didn't fit my feet. The toe shape is more earth mother than I prefer, aesthetically. The cork foot bed isn't my normal jam. The price is correct for value in the current market.

Vionic Winny are cheap. They look cheap and feel cheap to me. If you're used to something in the Vans/Nike price bracket then you will probably think these shoes are fine

Cole Haaan Grand Crosscourt are slick looking shoes. I would totally do the thing where you wear an elevated sneaker with a suit like a cool girl. Unfortunately, they have a pretty flat foam foot bed that's fine for moderate walking, but isn't quality. I wouldn't pay MSRP for these at $180, but I would happily spend $90 for great looking shoes that are comfortable enough.  Not good enough for Traveling but good enough for daily wear.     



I also bought a pair of Oboz Boseman Low men's hiking sneakers. They're a nice balance of being good enough for the moderate hikes we're planning (but not as good as real hiking shoes, obvs) but still sneaker-y enough to not totally gorpcore my outfits.",0.9986,
1rovfk3,femalefashionadvice,What women’s shoe will trend in 2026 in high-end / quiet luxury fashion?,"I’m trying to understand where women’s footwear trends are heading for 2026, particularly within high-end / quiet luxury fashion. I’m less interested in fast fashion or eccentric styles and more interested in classic silhouettes with a modern update. Like , I want to invest in high quality pieces that I can use for earns to come and hopefully will be in fashion in years to come. I also prefer styles where fashion is combined with functionality. Ideally, I try to avoid brand that's too prominent or flashy.  So for the shoe connoisseurs or may be those who follow runways or fashion week street style (Paris, Milan, etc.):

Which shoe silhouettes do you think will dominate? what people want to wear ?

Are certain toe shapes, heel heights, or constructions becoming more prominent?

Which styles could be best for long term use and will be worth spending hundreds of dollar?

What colors, leather finishes, or subtle textures/patterns (suede, patent, croc-embossed, etc.) seem to be gaining traction? For example, I’ve been noticing square-toe ballet flats, streamlined loafers, and high-vamp pumps appearing more often.

Curious to hear insights from people who follow designer footwear and European fashion houses.",0,27,1773048021.0,devil wears prada west end,musical_extension,2026-03-09,"What women’s shoe will trend in 2026 in high-end / quiet luxury fashion? I’m trying to understand where women’s footwear trends are heading for 2026, particularly within high-end / quiet luxury fashion. I’m less interested in fast fashion or eccentric styles and more interested in classic silhouettes with a modern update. Like , I want to invest in high quality pieces that I can use for earns to come and hopefully will be in fashion in years to come. I also prefer styles where fashion is combined with functionality. Ideally, I try to avoid brand that's too prominent or flashy.  So for the shoe connoisseurs or may be those who follow runways or fashion week street style (Paris, Milan, etc.):

Which shoe silhouettes do you think will dominate? what people want to wear ?

Are certain toe shapes, heel heights, or constructions becoming more prominent?

Which styles could be best for long term use and will be worth spending hundreds of dollar?

What colors, leather finishes, or subtle textures/patterns (suede, patent, croc-embossed, etc.) seem to be gaining traction? For example, I’ve been noticing square-toe ballet flats, streamlined loafers, and high-vamp pumps appearing more often.

Curious to hear insights from people who follow designer footwear and European fashion houses.",0.9813,
1rwev46,malefashionadvice,How do you style sneakers for a clean everyday look?,"I usually wear casual outfits and sneakers but sometimes it ends up looking a bit off.
What combinations or tips help keep it looking clean and put together?",0,1,1773771992.0,devil wears prada west end,musical_extension,2026-03-17,"How do you style sneakers for a clean everyday look? I usually wear casual outfits and sneakers but sometimes it ends up looking a bit off.
What combinations or tips help keep it looking clean and put together?",0.8661,
1rw5wt8,malefashionadvice,Higher Quality Alternatives for Tan Slip On Shoes,"I currently have a pair of Tom's slip on shoes which are like [these pairs](https://www.toms.com/products/mens-baja-2-0-slip-on-sneaker-drizzle-grey-legacy-canvas-10022029) but in a sand / tan sort of color. I like how they feel but they are breaking. Since I do wear them alot, I would like some pointers towards some higher quality alternatives. I'm looking for some slip-on or similarly casual alternatives. I'm not set on an exact sandy sort of color, but all my shoes are black or brown so I definitely need something on the lighter end of the color spectrum.",9,8,1773752565.0,devil wears prada west end,musical_extension,2026-03-17,"Higher Quality Alternatives for Tan Slip On Shoes I currently have a pair of Tom's slip on shoes which are like [these pairs](https://www.toms.com/products/mens-baja-2-0-slip-on-sneaker-drizzle-grey-legacy-canvas-10022029) but in a sand / tan sort of color. I like how they feel but they are breaking. Since I do wear them alot, I would like some pointers towards some higher quality alternatives. I'm looking for some slip-on or similarly casual alternatives. I'm not set on an exact sandy sort of color, but all my shoes are black or brown so I definitely need something on the lighter end of the color spectrum.",0.9248,
1rthwlf,malefashionadvice,Has anyone purchased swim trunks from Capelle Miami?,"I really like their designs a lot but trying to justify paying full price ($129) for a pair of swim trunks.

I am going on a big work trip soon and I already own many pairs of Chubbies and I feel like many of the guys will be wearing the same pairs I have (not a big deal, I know lol probably a silly reason not to go with Chubbies).

I have never bought a high end pair of swim like Capelle before but I’m just curious how the quality is? Am I just paying for the name?

I also like this some of the designs of this brand Tucann but I heard questionable things about their return policy.",0,4,1773490522.0,devil wears prada west end,musical_extension,2026-03-14,"Has anyone purchased swim trunks from Capelle Miami? I really like their designs a lot but trying to justify paying full price ($129) for a pair of swim trunks.

I am going on a big work trip soon and I already own many pairs of Chubbies and I feel like many of the guys will be wearing the same pairs I have (not a big deal, I know lol probably a silly reason not to go with Chubbies).

I have never bought a high end pair of swim like Capelle before but I’m just curious how the quality is? Am I just paying for the name?

I also like this some of the designs of this brand Tucann but I heard questionable things about their return policy.",0.945,
1rruavi,malefashionadvice,How to style a black blazer for date night?,"https://imgur.com/a/lPGp0d6


I recently got a black blazer on the cheap at an estate sale and was looking for some advice on how to style it for an anniversary dinner with my long-term partner. 


Disclaimer: I'm colorblind so a bit tough for me


I have black boots and a black belt


She will be wearing a black dress


Should I go with black or grey pants? The blacks don't match exactly but unsure how the mismatched colors look.


What color shirt would be best for under the blazer? I'm leaning towards the red, I think the purple ends up too dark with the black. I was also thinking that the solid colors looked better than the small dots/patterned shirt.


Is there a shirt color that would work better with either pant? I have a solid white but didn't think it'd look great with the grey/black combo and I'd look too much like a penguin with the all black


Any advice appreciated!

Edit: thank you to the people who responded in good faith. Honestly not very welcoming for an advice subreddit",4,32,1773330347.0,devil wears prada west end,musical_extension,2026-03-12,"How to style a black blazer for date night? https://imgur.com/a/lPGp0d6


I recently got a black blazer on the cheap at an estate sale and was looking for some advice on how to style it for an anniversary dinner with my long-term partner. 


Disclaimer: I'm colorblind so a bit tough for me


I have black boots and a black belt


She will be wearing a black dress


Should I go with black or grey pants? The blacks don't match exactly but unsure how the mismatched colors look.


What color shirt would be best for under the blazer? I'm leaning towards the red, I think the purple ends up too dark with the black. I was also thinking that the solid colors looked better than the small dots/patterned shirt.


Is there a shirt color that would work better with either pant? I have a solid white but didn't think it'd look great with the grey/black combo and I'd look too much like a penguin with the all black


Any advice appreciated!

Edit: thank you to the people who responded in good faith. Honestly not very welcoming for an advice subreddit",0.992,
1rrnu2y,malefashionadvice,What’s One clothing item you wish you bought earlier?,"Random thought I had the other day while getting dressed. I used to overthink clothes a lot more than I do now… trying different things, buying stuff that looked good online but then just sat in my closet.

Then every once in a while you find that one piece that just quietly becomes part of your regular rotation. Nothing flashy, nothing that screams “fashion” either. Just something that works with almost everything and suddenly you’re wearing it way more than you expected.

For me it was a simple overshirt. Didn’t think much of it when I bought it, but somehow it ended up solving half my “what do I wear with this” problems. Throw it over a tee, hoodie, whatever and it kind of pulls the whole thing together without trying too hard.

Made me realize some clothing pieces are like that. You don’t notice them at first, but once you have them you wonder why you didn’t buy one years ago.

Now I’m wondering what that item was for other people. What’s something you bought that quietly ended up upgrading most of your outfits?",274,230,1773313810.0,devil wears prada west end,musical_extension,2026-03-12,"What’s One clothing item you wish you bought earlier? Random thought I had the other day while getting dressed. I used to overthink clothes a lot more than I do now… trying different things, buying stuff that looked good online but then just sat in my closet.

Then every once in a while you find that one piece that just quietly becomes part of your regular rotation. Nothing flashy, nothing that screams “fashion” either. Just something that works with almost everything and suddenly you’re wearing it way more than you expected.

For me it was a simple overshirt. Didn’t think much of it when I bought it, but somehow it ended up solving half my “what do I wear with this” problems. Throw it over a tee, hoodie, whatever and it kind of pulls the whole thing together without trying too hard.

Made me realize some clothing pieces are like that. You don’t notice them at first, but once you have them you wonder why you didn’t buy one years ago.

Now I’m wondering what that item was for other people. What’s something you bought that quietly ended up upgrading most of your outfits?",0.8288,
1rq26sh,malefashionadvice,Please help me build my wardrobe from scratch for career in tech,"**Me**: M29, slim build (6 foot even, 170 lbs), just graduated and starting first full time job in Bay Area in several months. Unfashionable with limited idea of what looks good. 

**Goal**: Build a wardrobe of clothes that I can look good in at work and on dates.

**Current status**: I wear basketball shorts/ under armor shirts/ skateboard shoes to school each day. I only been on a few dates in the last 5 yrs.

**Target style**: minimal, simplest path of least resistance to clothes that look good. I don't expect to be unique or even extremely fashionable -- I just want to look good, even if the style is outdated. I'm most comfortable in shorts and T-shirt. In tech, people commonly wear t-shirt + jeans.

**What do I already know**: A limited amount. I know that getting clothes that fi t well is important. I imagine the end result for me will be a nice t-shirt brand or maybe some flannels with some nice jeans or khakis and a shoe like Nike killshot but open to be guided in alternative directions. 

**What am I looking to learn from this post**: I'm open to any suggestions people are willing to give, either directly in terms of *what* to wear or in terms of *where/ how* to look for it. A good starting point for me would maybe be some pages I could go through to see examples I can follow. I'm also wondering if I should maybe just pay someone to try an make me a wardrobe -- I'm poor right now, but I'll be getting paid decently in a few months, so I plan to put clothing expenses on cc and pay it off later (I already have a job and am certain I can afford it).

Thank you in advance to anyone taking the time to leave constructive advice. ",24,42,1773161348.0,devil wears prada west end,musical_extension,2026-03-10,"Please help me build my wardrobe from scratch for career in tech **Me**: M29, slim build (6 foot even, 170 lbs), just graduated and starting first full time job in Bay Area in several months. Unfashionable with limited idea of what looks good. 

**Goal**: Build a wardrobe of clothes that I can look good in at work and on dates.

**Current status**: I wear basketball shorts/ under armor shirts/ skateboard shoes to school each day. I only been on a few dates in the last 5 yrs.

**Target style**: minimal, simplest path of least resistance to clothes that look good. I don't expect to be unique or even extremely fashionable -- I just want to look good, even if the style is outdated. I'm most comfortable in shorts and T-shirt. In tech, people commonly wear t-shirt + jeans.

**What do I already know**: A limited amount. I know that getting clothes that fi t well is important. I imagine the end result for me will be a nice t-shirt brand or maybe some flannels with some nice jeans or khakis and a shoe like Nike killshot but open to be guided in alternative directions. 

**What am I looking to learn from this post**: I'm open to any suggestions people are willing to give, either directly in terms of *what* to wear or in terms of *where/ how* to look for it. A good starting point for me would maybe be some pages I could go through to see examples I can follow. I'm also wondering if I should maybe just pay someone to try an make me a wardrobe -- I'm poor right now, but I'll be getting paid decently in a few months, so I plan to put clothing expenses on cc and pay it off later (I already have a job and am certain I can afford it).

Thank you in advance to anyone taking the time to leave constructive advice.",0.9472,
1rpqmmh,malefashionadvice,How can I stop wearing holes into my crotch?,"I'd rather people don't just tell me to lose weight! I've got big ol' thighs but I'd like to be able to find clothes that work for me without changing myself.

But essentially no matter what material or brand of trousers I wear, I get holes in the crotch. This latest pair I absolutely love and I only got them from Uniqlo at the end of December. 

Any tips for either repairing or just preventing such quick wear and tear would be appreciated. ",15,67,1773128508.0,devil wears prada west end,musical_extension,2026-03-10,"How can I stop wearing holes into my crotch? I'd rather people don't just tell me to lose weight! I've got big ol' thighs but I'd like to be able to find clothes that work for me without changing myself.

But essentially no matter what material or brand of trousers I wear, I get holes in the crotch. This latest pair I absolutely love and I only got them from Uniqlo at the end of December. 

Any tips for either repairing or just preventing such quick wear and tear would be appreciated.",0.9263,
1rp2lno,malefashionadvice,Dress Shirts for big belly people?,"I work in consulting, attire is business casual. Which stores carry great dress shirts for folks on the bigger end? Also, what are some summer wear ideas? ",3,8,1773068597.0,devil wears prada west end,musical_extension,2026-03-09,"Dress Shirts for big belly people? I work in consulting, attire is business casual. Which stores carry great dress shirts for folks on the bigger end? Also, what are some summer wear ideas?",0.7536,
1rukqua,movies,Devil Wears Prada 2 details,"Has anyone thought about the possibility that Miranda has dementia and that the scene we see in some photos online, where Anne and Stanley are wearing all black, is actually her funeral?

I also find that too many suits are being worn in this sequel. I guess I’m missing the clothes from the first movie. What do you think? My only worry with sequels is that they might become a disappointment because many of us have high hopes after the first movie was so good.",0,5,1773597269.0,devil wears prada musical,musical_extension,2026-03-15,"Devil Wears Prada 2 details Has anyone thought about the possibility that Miranda has dementia and that the scene we see in some photos online, where Anne and Stanley are wearing all black, is actually her funeral?

I also find that too many suits are being worn in this sequel. I guess I’m missing the clothes from the first movie. What do you think? My only worry with sequels is that they might become a disappointment because many of us have high hopes after the first movie was so good.",-0.8839,
1rsv6fy,movies,What are some current movies to watch at home?,"Hey! I am planning a cute movie night for me and my mom for tonight and would really like some movie suggestions. I will say that we have not seen Marty Supreme nor Sinners (I have my reasons 😩). My mom is NOT a fan of horror and I hate that for her. However, she is a fan of romantic comedy (booooo… who said that?), suspense, and action movies. I more than likely will pan to Sinners because I’ve been waiting forever to watch this movie but I’m not a fan of watching 2hr movies alone. My ADHD just won’t allow it! She said a long time ago she would watch with me but I know that’s not really her jam. I’m also ashamed to say I’ve never seen Black Panther 2, Deadpool x Wolverine, nor Gladiator ft. my baby daddy Denzel. The Oscar’s are coming up this Sunday and I was thinking maybe watching some Oscar nominated films.

Anyways, we have a really cozy in-home theater with a large 85-inch flat screen and a popcorn machine. Would really like some suggestions of movies that kept you entertained, kept you guessing, or kept you out your seat! All suggestions are welcomed of any kind. New or old. Thanks in advance

Edit: someone suggested that I include movies my mother enjoys for reference and that’s a great idea. Some of her faves: All Rush Hour movies, Money Talks, Blue Streak, Coffee &amp; Kareem, Devil Wears Prada, any Melissa McCarthy movie, any Rebel Wilson movie, the Hangover Trilogy, Horrible Bosses, How Stella Got Her Groove Back, The Other Guys, The Original Christmas on 34th Street. ",0,18,1773425902.0,devil wears prada musical,musical_extension,2026-03-13,"What are some current movies to watch at home? Hey! I am planning a cute movie night for me and my mom for tonight and would really like some movie suggestions. I will say that we have not seen Marty Supreme nor Sinners (I have my reasons 😩). My mom is NOT a fan of horror and I hate that for her. However, she is a fan of romantic comedy (booooo… who said that?), suspense, and action movies. I more than likely will pan to Sinners because I’ve been waiting forever to watch this movie but I’m not a fan of watching 2hr movies alone. My ADHD just won’t allow it! She said a long time ago she would watch with me but I know that’s not really her jam. I’m also ashamed to say I’ve never seen Black Panther 2, Deadpool x Wolverine, nor Gladiator ft. my baby daddy Denzel. The Oscar’s are coming up this Sunday and I was thinking maybe watching some Oscar nominated films.

Anyways, we have a really cozy in-home theater with a large 85-inch flat screen and a popcorn machine. Would really like some suggestions of movies that kept you entertained, kept you guessing, or kept you out your seat! All suggestions are welcomed of any kind. New or old. Thanks in advance

Edit: someone suggested that I include movies my mother enjoys for reference and that’s a great idea. Some of her faves: All Rush Hour movies, Money Talks, Blue Streak, Coffee &amp; Kareem, Devil Wears Prada, any Melissa McCarthy movie, any Rebel Wilson movie, the Hangover Trilogy, Horrible Bosses, How Stella Got Her Groove Back, The Other Guys, The Original Christmas on 34th Street.",0.9432,
1rsgdi9,movies,Made a list of movies to share with my nephews who are turning into cinephiles!,"I asked an earlier question about a movie title I wanted to add to this list, but since the community came through with it (whoo-hoo!), I thought I'd go ahead and share the list of movies to watch with my nephews who are 9 and 13!  Their father is a huge movie buff and they watch 2-3 movies a week but as I've been watching them a lot more, I want to start exposing them to more diverse and youth-friendly stories.  And by diverse, I don't just mean stories that from other ethnicities, cultures and environments outside of their own, but also stories that ask some hard questions about life and provides different and thought-provoking perspectives.  

To wit, their dad has great taste, but it skews a little millennial dad (the little one's favorite movie is now *Shawshank Redemption*) and sometimes a wee bit inappropriate.  He'd rather show them the *The Terminator* (which he did) than *Holes*.  He is also a capital ""C""-Cinephile, so he groans at the thought of ""kid"" movies and the older kid has even complained a few times that ""Dad only wants us to watch slow, depressing movies with too much dialogue"" lol.  So I put together a list of movies I think would be aspiring cinephile friendly for their ages and would love to add anything at this community's recommendation!  I know I'm missing a TON (and also that there's no possible way we could get through all of these but we can try!).

\*\*Note:  They have already seen all the usual Dreamworks, Disney, Pixar, Laika, Miyazaki fare so those suggestions are okay to leave off and the little one isn't quite comfortable with the speed of subtitles, so that's why a lot of great foreign movies aren't listed!  Movies for just the 13 year are noted with an asterisk!  Thanks, everyone!

9  
A Better Life\*  
A Bronx Tale\*  
A Little Princess  
A Wrinkle in Time  
Air Force One\*  
Akeelah and the Bee  
Are You There God?  It’s Me, Margaret  
Bend It Like Beckham  
Big Fish  
Black Panther  
Bridge to Terabithia  
Bring It On\*  
Captain Fantastic\*  
Chang Can Dunk  
Chef  
Chronicle\*  
Coach Carter  
CODA  
Come From Away  
Cool Runnings  
Crazy Rich Asians  
Dear Evan Hansen\*  
Devil Wears Prada\*  
Divergent  
Drumline  
Eighth Grade  
Fatherhood  
Field of Dreams  
Flipped  
Frybread Face and Me  
Good Burger  
Hairspray  
Hanna\*  
Hidden Figures  
High School Musical  
Hook  
House Party\*  
Hunger Games  
I Am Legend\*  
I, Robot  
Juno\*  
Kings of Summer  
La La Land  
Little Men  
Little Women  
Maze Runner  
My Girl  
Now and Then  
Okja  
Roll Bounce  
See You Yesterday  
Selma  
Seoul Searching\*  
Shang-Chi  
Sleight  
Space Jam  
Surf Ninjas  
That Thing You Do!  
The Astronaut\*  
The Darkest Minds  
The Fire Inside  
The Giver  
The Great Debaters  
The Horse Whisperer  
The Karate Kid  
The Little Rascals  
The Peanut Butter Falcon  
The Pursuit of Happyness  
Troop Zero  
Twister  
We Grown Now  
Whale Rider  
What’s Cooking?  
Where the Red Fern Grows  
Whip It\*  
Wonder  
Yesterday\*  
Zombieland\*",0,15,1773385452.0,devil wears prada musical,musical_extension,2026-03-13,"Made a list of movies to share with my nephews who are turning into cinephiles! I asked an earlier question about a movie title I wanted to add to this list, but since the community came through with it (whoo-hoo!), I thought I'd go ahead and share the list of movies to watch with my nephews who are 9 and 13!  Their father is a huge movie buff and they watch 2-3 movies a week but as I've been watching them a lot more, I want to start exposing them to more diverse and youth-friendly stories.  And by diverse, I don't just mean stories that from other ethnicities, cultures and environments outside of their own, but also stories that ask some hard questions about life and provides different and thought-provoking perspectives.  

To wit, their dad has great taste, but it skews a little millennial dad (the little one's favorite movie is now *Shawshank Redemption*) and sometimes a wee bit inappropriate.  He'd rather show them the *The Terminator* (which he did) than *Holes*.  He is also a capital ""C""-Cinephile, so he groans at the thought of ""kid"" movies and the older kid has even complained a few times that ""Dad only wants us to watch slow, depressing movies with too much dialogue"" lol.  So I put together a list of movies I think would be aspiring cinephile friendly for their ages and would love to add anything at this community's recommendation!  I know I'm missing a TON (and also that there's no possible way we could get through all of these but we can try!).

\*\*Note:  They have already seen all the usual Dreamworks, Disney, Pixar, Laika, Miyazaki fare so those suggestions are okay to leave off and the little one isn't quite comfortable with the speed of subtitles, so that's why a lot of great foreign movies aren't listed!  Movies for just the 13 year are noted with an asterisk!  Thanks, everyone!

9  
A Better Life\*  
A Bronx Tale\*  
A Little Princess  
A Wrinkle in Time  
Air Force One\*  
Akeelah and the Bee  
Are You There God?  It’s Me, Margaret  
Bend It Like Beckham  
Big Fish  
Black Panther  
Bridge to Terabithia  
Bring It On\*  
Captain Fantastic\*  
Chang Can Dunk  
Chef  
Chronicle\*  
Coach Carter  
CODA  
Come From Away  
Cool Runnings  
Crazy Rich Asians  
Dear Evan Hansen\*  
Devil Wears Prada\*  
Divergent  
Drumline  
Eighth Grade  
Fatherhood  
Field of Dreams  
Flipped  
Frybread Face and Me  
Good Burger  
Hairspray  
Hanna\*  
Hidden Figures  
High School Musical  
Hook  
House Party\*  
Hunger Games  
I Am Legend\*  
I, Robot  
Juno\*  
Kings of Summer  
La La Land  
Little Men  
Little Women  
Maze Runner  
My Girl  
Now and Then  
Okja  
Roll Bounce  
See You Yesterday  
Selma  
Seoul Searching\*  
Shang-Chi  
Sleight  
Space Jam  
Surf Ninjas  
That Thing You Do!  
The Astronaut\*  
The Darkest Minds  
The Fire Inside  
The Giver  
The Great Debaters  
The Horse Whisperer  
The Karate Kid  
The Little Rascals  
The Peanut Butter Falcon  
The Pursuit of Happyness  
Troop Zero  
Twister  
We Grown Now  
Whale Rider  
What’s Cooking?  
Where the Red Fern Grows  
Whip It\*  
Wonder  
Yesterday\*  
Zombieland\*",0.9951,
1rrq5zl,movies,"New Poster for ""The Devil Wears Prada 2""",,9089,881,1773320582.0,devil wears prada musical,musical_extension,2026-03-12,"New Poster for ""The Devil Wears Prada 2""",-0.6597,
1rrq51s,movies,The Devil Wears Prada 2 | Tickets on Sale Now,,0,11,1773320516.0,devil wears prada musical,musical_extension,2026-03-12,The Devil Wears Prada 2 | Tickets on Sale Now,-0.6597,
1rn57a1,movies,Movies I'm excited for in 2026,"I just suddenly came across some trailer starting from a few weeks ago and I just had to talk about them because I am actually excited about watching these films.

Majority of them are from studio A24 and my god, this studio just doesn't disappoint does it. The films I'm excited for are:  
The Backrooms  
The Drama  
Mother Mary  
Devil Wears Prada 2  
Undertone  
Dhurandhar The Revenge  
Edit: Forbidden Fruits

Does anyone have any thoughts?",0,30,1772873763.0,devil wears prada musical,musical_extension,2026-03-07,"Movies I'm excited for in 2026 I just suddenly came across some trailer starting from a few weeks ago and I just had to talk about them because I am actually excited about watching these films.

Majority of them are from studio A24 and my god, this studio just doesn't disappoint does it. The films I'm excited for are:  
The Backrooms  
The Drama  
Mother Mary  
Devil Wears Prada 2  
Undertone  
Dhurandhar The Revenge  
Edit: Forbidden Fruits

Does anyone have any thoughts?",-0.2598,
1ry0oun,movies,My top Matrix theories I’ve never heard discussed,"Disclaimer; Some of these are easy to follow and even easy to accept as true, while others are simply stretches of my imagination but still rooted in plausibility.

1. Zion and the real world is a part of The Matrix

This one is the easiest for me to argue from a strong place in the mythology. Here are my points why I actually believe this theory is true, but got changed somewhere during filming to allow for more sequels;

\- The Architect’s conversation states that there have been  5 iterations of stable Matrixes. Neo is the anomaly for the sixth. The stability of the current versions is due to the Oracle’s implementation of “Hope.”

\- Hope was the necessary ingredient, and since ignorance is bliss, all that was needed was to create a Total Recall style event for those restless minds that knew something was up. Zion, and the escape into real world, the joining into a revolution to save the world - gave humans that hope.

\- If humans define their perfect existence by pain and suffering, some of us are so restless that we needed one more level down to go deeper into the Matrix.

\- Ergo, the reason why the Oracle could see things before they happened was because she could make that illusion look real. The reason why the squidies in the real world were stopped by Neo OUTSIDE of the Matrix was because they were never outside of it. The reason Neo could see even when he lost his sight was because he is the anomaly that bridges the gap between what I can only image are two servers; one for the sheep, and one for the rebels that need that extra helping of suffering to keep them from coming out of the dreamworld.

\- The more obvious proof IMO is the fact that there have been 5 Zions in the past before this one. Let’s consider that a bit.

5 zions have been destroyed by the machines. Each time they leave a group of people to rebuild again. Cool.

So why are the squiddies digging through the earth looking for Zion?

Why is there a whole war with the machines every single time?

Why are the machines desperately trying to get access to Zion’s mainframe?

Why?

If They’ve been there 5 times before?

Why is there no proof of those 5 wars? Where are the tunnels dug by squiddies to get to Zion all the other times?

You’re telling me the machines destroy Zion, leave a group of people alive, then close up all the tunnels they’ve dug to get to Zion, then erase its location from their memories, then spend 30 years looking for the place all over again?

No.

They know exactly where Zion is. They don’t really need to know the mainframe’s codes because there is no mainframe. Zion and the real world are that level of discomfort some people need in order to give them hope. The distraction caused by this discomfort, such as synthetic food, living under the earth’s crust, and so on, is all part of the Oracle’s discovery on how to keep the Matrix stable.

Edit: I forgot to mention, if the real world is in 2199, that means Zion was destroyed 5 times in 200 years. That’s 5 times of a small group left to rebuild the city, grow and organize, assemble water reclamation units and power, homes, etc. just to get destroyed all over again. 

Counting this matrix that’s 6 times. 

That’s about 33 years per Zion. That is a crazy short time to be rebuilding an underground city again and again from scratch.

2. Mega City is only one of many servers

I don’t have much proof of this but the fact that humanity in this iteration of the matrix are all a bunch of BDSM addicts in and out of the matrix tells me it’s possible this specific server is for people who enjoy that lifestyle.

This especially caught my eye during the “Zion orgy party” after Morpheus’ speech.

It’s possible that somehow humanity all

Decided to get freaky. But I wonder if there aren’t different cities for different peoples. I can kind of see a Mega City full of people wearing ascots. IDK 🤷🏻‍♂️

3. The Matrix is an option for people who can’t afford to live in the real world

This one is just a pure theory with no connection to something I saw in the films but,

Look at our own world. Look at the trajectory we are heading in.

AI takes everyone’s jobs. Inflation skyrockets. The poor find themselves unable to pay to live in the real world. The solution? Volunteer to live in a virtual one.

Ignorance is bliss.

You can be whatever you like. Perhaps for a one time fee. At least you can escape your situation and live life in Mega City. I mean for all we know the revolution might just be a package deal like in Total Recall.

While 2 and 3 are my own half baked ideas, I think 1 is fully baked.  Watch the films again. Specifically the Architect’s speech. It’s all right there.

If you want, you could even find something good about Resurrections in that it proves this theory true further still. Otherwise how did Neo and Trinity return after their deaths in Reloaded?

I get the feeling someone important during the meetings decided there was a chance for more money making opportunities by not making that the ending. So they changed it.

I was an avid player of The Matrix Online mmorpg in the 2000’s, and the story of the game also hinted at this theory being true. I’ll let you decide if it holds any water.",0,18,1773927626.0,devil wears prada west end,musical_extension,2026-03-19,"My top Matrix theories I’ve never heard discussed Disclaimer; Some of these are easy to follow and even easy to accept as true, while others are simply stretches of my imagination but still rooted in plausibility.

1. Zion and the real world is a part of The Matrix

This one is the easiest for me to argue from a strong place in the mythology. Here are my points why I actually believe this theory is true, but got changed somewhere during filming to allow for more sequels;

\- The Architect’s conversation states that there have been  5 iterations of stable Matrixes. Neo is the anomaly for the sixth. The stability of the current versions is due to the Oracle’s implementation of “Hope.”

\- Hope was the necessary ingredient, and since ignorance is bliss, all that was needed was to create a Total Recall style event for those restless minds that knew something was up. Zion, and the escape into real world, the joining into a revolution to save the world - gave humans that hope.

\- If humans define their perfect existence by pain and suffering, some of us are so restless that we needed one more level down to go deeper into the Matrix.

\- Ergo, the reason why the Oracle could see things before they happened was because she could make that illusion look real. The reason why the squidies in the real world were stopped by Neo OUTSIDE of the Matrix was because they were never outside of it. The reason Neo could see even when he lost his sight was because he is the anomaly that bridges the gap between what I can only image are two servers; one for the sheep, and one for the rebels that need that extra helping of suffering to keep them from coming out of the dreamworld.

\- The more obvious proof IMO is the fact that there have been 5 Zions in the past before this one. Let’s consider that a bit.

5 zions have been destroyed by the machines. Each time they leave a group of people to rebuild again. Cool.

So why are the squiddies digging through the earth looking for Zion?

Why is there a whole war with the machines every single time?

Why are the machines desperately trying to get access to Zion’s mainframe?

Why?

If They’ve been there 5 times before?

Why is there no proof of those 5 wars? Where are the tunnels dug by squiddies to get to Zion all the other times?

You’re telling me the machines destroy Zion, leave a group of people alive, then close up all the tunnels they’ve dug to get to Zion, then erase its location from their memories, then spend 30 years looking for the place all over again?

No.

They know exactly where Zion is. They don’t really need to know the mainframe’s codes because there is no mainframe. Zion and the real world are that level of discomfort some people need in order to give them hope. The distraction caused by this discomfort, such as synthetic food, living under the earth’s crust, and so on, is all part of the Oracle’s discovery on how to keep the Matrix stable.

Edit: I forgot to mention, if the real world is in 2199, that means Zion was destroyed 5 times in 200 years. That’s 5 times of a small group left to rebuild the city, grow and organize, assemble water reclamation units and power, homes, etc. just to get destroyed all over again. 

Counting this matrix that’s 6 times. 

That’s about 33 years per Zion. That is a crazy short time to be rebuilding an underground city again and again from scratch.

2. Mega City is only one of many servers

I don’t have much proof of this but the fact that humanity in this iteration of the matrix are all a bunch of BDSM addicts in and out of the matrix tells me it’s possible this specific server is for people who enjoy that lifestyle.

This especially caught my eye during the “Zion orgy party” after Morpheus’ speech.

It’s possible that somehow humanity all

Decided to get freaky. But I wonder if there aren’t different cities for different peoples. I can kind of see a Mega City full of people wearing ascots. IDK 🤷🏻‍♂️

3. The Matrix is an option for people who can’t afford to live in the real world

This one is just a pure theory with no connection to something I saw in the films but,

Look at our own world. Look at the trajectory we are heading in.

AI takes everyone’s jobs. Inflation skyrockets. The poor find themselves unable to pay to live in the real world. The solution? Volunteer to live in a virtual one.

Ignorance is bliss.

You can be whatever you like. Perhaps for a one time fee. At least you can escape your situation and live life in Mega City. I mean for all we know the revolution might just be a package deal like in Total Recall.

While 2 and 3 are my own half baked ideas, I think 1 is fully baked.  Watch the films again. Specifically the Architect’s speech. It’s all right there.

If you want, you could even find something good about Resurrections in that it proves this theory true further still. Otherwise how did Neo and Trinity return after their deaths in Reloaded?

I get the feeling someone important during the meetings decided there was a chance for more money making opportunities by not making that the ending. So they changed it.

I was an avid player of The Matrix Online mmorpg in the 2000’s, and the story of the game also hinted at this theory being true. I’ll let you decide if it holds any water.",0.6974,
1rra4br,movies,Casino Royale shouldn't have worked and yet is maybe the best movie of the franchise,"Apart from the tonal shift from crazy, goofy and adventurous to grounded and serious, there is something else.

Casino Royale is my favorite Bond movie oat and my 2nd most favorite movie ever. However, being a reboot and sort of a ""prequel"" to Bond, it uses some tropes and ""cliches"" of the genre that shouldn't work, but yet it justs makes the movie EVEN BETTER. For example:

\-The origins of how he becomes 007( they dont spend the whole movie on this, he becomes 007 on the intro before the credits)

\-An ""explanation"" to the gunbarrel(the POV's switch makes it the best one in the franchise in my opinion. also the cue to You Know My Name is insane)

\-An explanation to how the caracther gets his iconic things, like DB5( he wins it in a poker match outsmarting an asshole, tipical Bond)

\- One of the most iconic things about the character appearing only at the end( Like super heroes wearing their comic costume. Here, Bond says ""Bond, James Bond"" as the last line of the movie, and yet it's so cool and badass)

Casino Royale is a 10 out of 10. It takes those tropes that, if used wrong, can make for a bad movie( Solo A Star Wars Story) and it makes them work really well",0,44,1773271347.0,devil wears prada west end,musical_extension,2026-03-11,"Casino Royale shouldn't have worked and yet is maybe the best movie of the franchise Apart from the tonal shift from crazy, goofy and adventurous to grounded and serious, there is something else.

Casino Royale is my favorite Bond movie oat and my 2nd most favorite movie ever. However, being a reboot and sort of a ""prequel"" to Bond, it uses some tropes and ""cliches"" of the genre that shouldn't work, but yet it justs makes the movie EVEN BETTER. For example:

\-The origins of how he becomes 007( they dont spend the whole movie on this, he becomes 007 on the intro before the credits)

\-An ""explanation"" to the gunbarrel(the POV's switch makes it the best one in the franchise in my opinion. also the cue to You Know My Name is insane)

\-An explanation to how the caracther gets his iconic things, like DB5( he wins it in a poker match outsmarting an asshole, tipical Bond)

\- One of the most iconic things about the character appearing only at the end( Like super heroes wearing their comic costume. Here, Bond says ""Bond, James Bond"" as the last line of the movie, and yet it's so cool and badass)

Casino Royale is a 10 out of 10. It takes those tropes that, if used wrong, can make for a bad movie( Solo A Star Wars Story) and it makes them work really well",0.9884,
1rmzwim,movies,"Finally watched Ready or Not, just in time for the sequel I suppose","It reminded me of the hunt but i enjoyed that movie too. I laughed and yet was still on edge worried about the main characters survival even though I knew beforehand she makes it 😭. I enjoyed the comedy and how evident it was that the family wasn’t the most prepared for this situation , IE having random babysitters and waiters around during who could get killed in the process.  I was scared as hell when that kid aimed the gun at grace but I was laughing moments later when she knocked his little ass out.

Daniel being the one to revolt against the family at the end whereas Alex fell short as his mommy knew he would…I thought that was interesting and felt we should’ve seen or heard more of Daniel’s internal struggle after helping as a kid. I knew Alex would flip in the end but I assumed he thought she killed Daniel . But nope. He’s just crazy too 😭.

I didn’t see the end coming, when the sun rose I thought the embarrassment and shame and consequences of believing was enough of a good ending. I was pleasantly surprised and overjoyed when those people actually died 😭 I wonder if that will add a paranormal or more of a satanic presence to the next movie.

One thing that bugged me was grace having a nightmare of Alex wearing a mask she couldn’t possibly know anything about 🤨. But it’s fine lmao.",46,20,1772856447.0,devil wears prada west end,musical_extension,2026-03-07,"Finally watched Ready or Not, just in time for the sequel I suppose It reminded me of the hunt but i enjoyed that movie too. I laughed and yet was still on edge worried about the main characters survival even though I knew beforehand she makes it 😭. I enjoyed the comedy and how evident it was that the family wasn’t the most prepared for this situation , IE having random babysitters and waiters around during who could get killed in the process.  I was scared as hell when that kid aimed the gun at grace but I was laughing moments later when she knocked his little ass out.

Daniel being the one to revolt against the family at the end whereas Alex fell short as his mommy knew he would…I thought that was interesting and felt we should’ve seen or heard more of Daniel’s internal struggle after helping as a kid. I knew Alex would flip in the end but I assumed he thought she killed Daniel . But nope. He’s just crazy too 😭.

I didn’t see the end coming, when the sun rose I thought the embarrassment and shame and consequences of believing was enough of a good ending. I was pleasantly surprised and overjoyed when those people actually died 😭 I wonder if that will add a paranormal or more of a satanic presence to the next movie.

One thing that bugged me was grace having a nightmare of Alex wearing a mask she couldn’t possibly know anything about 🤨. But it’s fine lmao.",-0.254,
1rqtorv,movies,"Power Ballad - Official Trailer - Paul Rudd, Nick Jonas - June 5, 2026","&gt; When Rick (Paul Rudd), a past-his-prime wedding singer, meets fading boy-band star Danny (Nick Jonas) during a gig, the two bond over music and a late-night jam session. But when Danny turns one of Rick’s songs into the hit that reignites his career, Rick sets out to reclaim the recognition he believes he deserves - even if it means risking everything he cares about. From writer-director John Carney (Sing Street, Once), POWER BALLAD is a feel-good story about music, self-respect, friendship, and the price of ambition.",30,42,1773235531.0,prada musical elton john,musical_extension,2026-03-11,"Power Ballad - Official Trailer - Paul Rudd, Nick Jonas - June 5, 2026 &gt; When Rick (Paul Rudd), a past-his-prime wedding singer, meets fading boy-band star Danny (Nick Jonas) during a gig, the two bond over music and a late-night jam session. But when Danny turns one of Rick’s songs into the hit that reignites his career, Rick sets out to reclaim the recognition he believes he deserves - even if it means risking everything he cares about. From writer-director John Carney (Sing Street, Once), POWER BALLAD is a feel-good story about music, self-respect, friendship, and the price of ambition.",0.7096,
1rpw7ul,movies,'Project Hail Mary' - Review Thread,"*Science teacher Ryland Grace (Ryan Gosling) wakes up on a spaceship light years from home with no recollection of who he is or how he got there. As his memory returns, he begins to uncover his mission: solve the riddle of the mysterious substance causing the sun to die out. He must call on his scientific knowledge and unorthodox ideas to save everything on Earth from extinction… but an unexpected friendship means he may not have to do it alone.*

Director: Phil Lord, Christopher Miller

Cast: Ryan Gosling, Sandra Hüller, Ken Leung, James Ortiz, Milana Vayntrub

**Rotten Tomatoes:** [96%](https://www.rottentomatoes.com/m/project_hail_mary)

**Metacritic:** [80 / 100](https://www.metacritic.com/movie/project-hail-mary/)

Some Reviews:

[Variety - Owen Glieberman](https://variety.com/2026/film/reviews/project-hail-mary-review-ryan-gosling-1236679985/)

&gt;There are clichés that critics go back to, and when I realize I’m guilty of overusing one (sometimes once can be too often), I’ll vow never to use it again. Here’s one I did that with: lauding something as *“the movie we need right now.”* That’s a phrase so cringe I’m ashamed I ever used it. The reason I bring this up is that “Project Hail Mary” is a cosmic adventure that feels diagrammed, if not programmed, to be The Movie We Need Right Now. It will likely be a hit, but the movie we need right now — or, really, anytime — is one whose drama extends beyond its ability to push our buttons...So forgive me if I say that it’s not a very good movie. There’s certainly an abstract commercial grandeur to it. I saw it on an IMAX screen (it will open on many of those), where it becomes the kind of bedazzling warm bath your eyeballs can sink right into. But here’s the rub. “Project Hail Mary” is way too long (two hours and 36 minutes), because there’s not much variation to it. It’s baggy and incredibly derivative of movies you’ve seen before — like “Interstellar,” from which it lifts the premise of a space voyage as the last chance for human survival (in this case, the sun and other stars are dying, which means that we’ve got to travel to the lone star that isn’t in order to figure out why).

[AwardsWatch - Trace Sauveur](https://awardswatch.com/project-hail-mary-review-ryan-gosling-is-stuck-between-a-rocky-and-a-hard-place-in-crowdpleasing-sci-fi-buddy-movie-adventure-a/) \- 'A-'

&gt;For their part, Lord and Miller are assured chaperones of all the disparate elements of design, both on Earth and in space. The pair know the kind of movie *Project Hail Mary* is meant to be — a pop blockbuster with an earnest approach, lovable characters, and formidable stakes — and pull it off with fluency, the work of directors who know their craft even at this expansive scale. They channel their giddy sense of spectacle in service of a story about the curious and enterprising human spirit, making it an encouraging watch in a contemporary political culture that dismisses scientific research. It may not be the next generational sci-fi classic, but *Project Hail Mary* will energize anyone desperate for studio blockbusters that revere something often lost in our biggest movies: the fundamental art of moviemaking.

[IndieWire - Kate Erbland](https://www.indiewire.com/criticism/movies/project-hail-mary-review-ryan-gosling-1235182885/) \- 'A-'

&gt;To write more about the pleasures and pains of “Project Hail Mary” would be (yes, over 1,300 words in) a disservice to what’s most entertaining and satisfying about the film: watching it unfold, enjoying the process, accepting the mission, asking the big questions. That’s about as much as you can ask from any blockbuster film these days.

[Consequence - Liz Shannon Miller](https://consequence.net/2026/03/project-hail-mary-review-ryan-gosling/) \- 'A'

&gt;It’s possible to get caught on a few nitpicks, plot-wise. But right now, with international relations in chaos, *Project Hail Mary* is a movie that believes it’s possible to save the world. It dares to hope. And that’s more beautiful than all the stars in the sky.

[The Bulwark - Sonny Bunch](https://www.thebulwark.com/p/project-hail-mary-review) \- 4 / 4

&gt;Any resistance I had to the picture crumbled when I realized it was, maybe, propped up by something quite foolish: I simply haven’t felt joy like this in the theater in years. *Project Hail Mary* is a feel-good, emotionally resonant, ultimately triumphant paean to the human spirit. This is why we go to the movies. Heck: it’s why we tell *stories*. I hope it’s as big a hit as it deserves to be.

[BBC - Nicholas Barber](https://www.bbc.com/culture/article/20260309-project-hail-mary-review) \- 4 / 5

&gt;Still, maybe Lord and Miller knew what they were doing when they went for such a bright and breezy tone. They've crafted a sci-fi epic which is more than two-and-a-half hours long, and which is a one-man show for much of that time. They have filled it not with action, but with mind-stretching concepts, painstaking laboratory research and knotty technical puzzles. To do all that and keep things zippily entertaining throughout is an extraordinary achievement. Besides, as jaunty as it is, Project Hail Mary is radical in its own way. The fate of humanity, it suggests, might not rest on fighting, but on knowledge, intelligence, communication and collaboration. No wonder the film is already being tipped for next year's best picture Oscar.

[Independent - Clarisse Loughrey](https://www.the-independent.com/arts-entertainment/films/reviews/project-hail-mary-review-ryan-gosling-b2934729.html) \- 4 / 5

&gt;*Project Hail Mary* was clearly made to catapult a certain segment of the audience back to their childhoods – it carries the same fetishisation of late Sixties and Seventies sound and production design as recent fare in the Alien franchise. Grace’s spacesuit happens to be the same red as Dave Bowman’s in *2001: A Space Odyssey* (1968). That said, cinema is in a precarious position right now. And, just maybe, *Project Hail Mary* will remind people why they ever fell in love with it in the first place. Sometimes to move forward, it helps to look back.

[Gizmodo - Germain Lussier](https://gizmodo.com/project-hail-mary-review-ryan-gosling-2000727981)

&gt;Project Hail Mary rocks. It is pure joy. It’s hilarious, heartfelt, hugely moving, wildly exciting, and absolutely beautiful. We think it’ll go down not just as one of the best films of the year but maybe even, in time, as a potential sci-fi classic. And that’s if you already know what the story is and how it ends. Surely, it’s even better if you don’t.

[Esquire - Miranda Collinge](https://www.esquire.com/uk/culture/film/a70691700/project-hail-mary-review-for-all-its-adorable-intentions-ryan-goslings-alien-buddy-movie-fails-to-land/)

&gt;For All Its Adorable Intentions, Ryan Gosling's Alien Buddy Movie Fails to Land. Gosling’s efforts in this movie are valiant, as they tend to be: he does comedy prat falls, trepidatious space walks, and delivers as best he can the not especially hilarious script, which is bogged down further by excessive exposition of pretend science and plot rationale. And he really wants us to feel – desperately feel – the way Grace does about his new friendship with a CGI creature who looks like the lovechild of Makka Pakka from *In The Night Garden* and a fidget spinner. (The fact that Rocky doesn’t have the soulful eyes of Hooch the French Mastiff or Clyde the Orangutan – or, in fact, any eyes at all – certainly doesn’t help.) I know I’ve made the point already, but really, I’m as shocked as anyone not to have been won over by this film. When it comes to Gosling, there is not an SNL monologue or a surprising-Eva-Mendes-on-her-birthday Jimmy Fallon appearance or a viral interview with a journalist stranded in the desert  that I will not watch and be utterly charmed by. And yet, even with his magnetism set to hyperdrive, Gosling can’t make this wannabe-feel good film dazzle the way it wants to. It pains me – desperately pains me! – to say it, but in my eyes (sorry to rub it in, Rocky), *Project Hail Mary* is a well-intentioned miss.

[Cinemotic - Piers Marchant](https://cinemotic.com/movie-reviews/project-hail-mary-review/) \- 2 / 5

&gt;As with the previous adaptation of Weir’s work, it’s a film that gleefully presents basic scientific principles and logic clumsily sewn together with a story and outlook that feels very much like something an enterprisingly affable 15-year-old might come up with while daydreaming in Physics class. The film too often defaults to this sort of cringey geniality, a simplistic view of human emotional mechanics that renders the drama toothless. Like a warm-hearted kids’ Disney movie, you know full well things will turn out just fine for our heroes, and the galaxy they’re defending, because the film constantly telegraphs its cheerful intentions. It’s as if Lord and Miller (and Weir) are afraid of making the audience feel real anxiety or stress, so like a second-grade teacher explaining the concept of greenhouse gasses with their students, they work very hard to let all of us know everything will work out okay. It’s certainly not the worst quality in a film, but its lack of stress well belays its extended run time (156 mins), and makes for an unsatisfying experience: My parents saved the Cosmos and all I got was this lousy t-shirt.

[AV Club - Jacob Oller](https://www.avclub.com/project-hail-mary-review) \- 'B'

&gt;*Project Hail Mary* isn’t all that concerned with the science in its fiction; like the inverse of its slacker-cool scientist lead, the film is actually a schlubby buddy comedy dressed up in the finest hard sci-fi regalia that Amazon MGM could afford. It’s a far less nuts-and-bolts affair than *The Martian*, and a more frustratingly structured one thanks to the amnesia, but it doubles down on the astronaut charm offensive, flooding its sweet space odyssey not with big questions, but small signs of growth.

[GamesRadar - Molly Edwards](https://www.gamesradar.com/entertainment/sci-fi-movies/project-hail-mary-review/) \- 4 / 5

&gt;Stumbles aside, the film adeptly captures the sense of wonder and thrill of progress that goes hand in hand with space exploration, with Grace and Rocky as our heart-stealing guides. Project Hail Mary is ultimately the kind of big-budget, inventive, and just plain fun filmmaking that makes heading out to the theater worthwhile – and proves worth the expense.

[NextBestPicture - Daniel Howat](https://nextbestpicture.com/project-hail-mary/) \- 9 / 10

&gt;""Project Hail Mary"" feels, in many ways, like a miracle of a movie. It combines the technical awe of “Gravity,” the problem-solving exhilaration and humor of “The Martian,” and the sweeping emotion of “Interstellar” into one film with its own unique style and charm, crafting a new science-fiction space epic that celebrates the bravery in all of us, our capacity to do the right thing in the face of overwhelming odds, and our faith in science to lead us toward a better future, whether it’s on Earth or somewhere far beyond it. Ryan Gosling delivers one of his finest performances in years, commanding what is essentially a one-man show that will have you laughing one moment and crying the next. Daniel Pemberton’s score is immaculate as it reaches for the stars and finds that transcendent quality that lifts the film into a state of pure wonder. The shifting aspect ratios of Greig Fraser’s camerawork bring both intimacy and scale in equal measure. All of these elements and more come together under the assured, visionary direction of Phil Lord and Chris Miller, who have brought a beloved book to the big screen in a crowdpleasing cinematic experience many will feel, cherish, and not soon forget.

[The Guardian - Peter Bradshaw](https://www.theguardian.com/film/2026/mar/10/project-hail-mary-review-ryan-goslings-charm-carries-unserious-last-ditch-space-mission) \- 3 / 5

&gt;Perhaps refreshingly, the film doesn’t aim for the stunned awe and rapture of, say, Christopher Nolan’s Interstellar or even Jon Spaihts’ underrated Passengers, but it does have the classic sci-fi spacecraft tropes: the huge, mysterious architecture with its vertiginous tunnels in which legacy pop music is played to soothe the inhabitants. This is a Hail Mary pass that Gosling just about manages to catch.

[The Hollywood Reporter - David Rooney](https://www.hollywoodreporter.com/movies/movie-reviews/project-hail-mary-review-ryan-gosling-sandra-huller-1236522665/)

&gt;Lord and Miller have just the right lightness of touch combined with depth of feeling and technical control to bring this material to life, and the right love of vintage movie craft to make it a universe we can almost reach out and touch. What a pleasure to have them back in the director’s chair after too long away.

[RogerEbert - Robert Daniels](https://www.rogerebert.com/reviews/project-hail-mary-ryan-gosling-movie-review-2026) \- 2.5 / 4

&gt;It’s an enjoyable, yet overly familiar, excursion. By disavowing narrative and aesthetic boundaries, “Project Hail Mary” struggles to become boundless. The harder the film tries, the more one feels pulled along rather than effortlessly transported. 

[Slant Magazine - Jake Cole](https://www.slantmagazine.com/film/project-hail-mary-review-ryan-gosling-phil-lord-christopher-miller/) \- 2.5 / 4

&gt;The flashbacks badly hold the film back in the second act. In its mixture of lighthearted adventure and more thoughtful cosmic reflection, *Project Hail Mary* most resembles the original *Star Trek* films, especially the lighter *The Voyage Home*. The film shares with that series the indefatigable optimism of an earlier time when the genre reflected our broader hopes for the possibilities of science and the potential of humanity to not merely contact the other species of the universe but win their approval.",4504,1548,1773147489.0,miranda priestly musical,musical_extension,2026-03-10,"'Project Hail Mary' - Review Thread *Science teacher Ryland Grace (Ryan Gosling) wakes up on a spaceship light years from home with no recollection of who he is or how he got there. As his memory returns, he begins to uncover his mission: solve the riddle of the mysterious substance causing the sun to die out. He must call on his scientific knowledge and unorthodox ideas to save everything on Earth from extinction… but an unexpected friendship means he may not have to do it alone.*

Director: Phil Lord, Christopher Miller

Cast: Ryan Gosling, Sandra Hüller, Ken Leung, James Ortiz, Milana Vayntrub

**Rotten Tomatoes:** [96%](https://www.rottentomatoes.com/m/project_hail_mary)

**Metacritic:** [80 / 100](https://www.metacritic.com/movie/project-hail-mary/)

Some Reviews:

[Variety - Owen Glieberman](https://variety.com/2026/film/reviews/project-hail-mary-review-ryan-gosling-1236679985/)

&gt;There are clichés that critics go back to, and when I realize I’m guilty of overusing one (sometimes once can be too often), I’ll vow never to use it again. Here’s one I did that with: lauding something as *“the movie we need right now.”* That’s a phrase so cringe I’m ashamed I ever used it. The reason I bring this up is that “Project Hail Mary” is a cosmic adventure that feels diagrammed, if not programmed, to be The Movie We Need Right Now. It will likely be a hit, but the movie we need right now — or, really, anytime — is one whose drama extends beyond its ability to push our buttons...So forgive me if I say that it’s not a very good movie. There’s certainly an abstract commercial grandeur to it. I saw it on an IMAX screen (it will open on many of those), where it becomes the kind of bedazzling warm bath your eyeballs can sink right into. But here’s the rub. “Project Hail Mary” is way too long (two hours and 36 minutes), because there’s not much variation to it. It’s baggy and incredibly derivative of movies you’ve seen before — like “Interstellar,” from which it lifts the premise of a space voyage as the last chance for human survival (in this case, the sun and other stars are dying, which means that we’ve got to travel to the lone star that isn’t in order to figure out why).

[AwardsWatch - Trace Sauveur](https://awardswatch.com/project-hail-mary-review-ryan-gosling-is-stuck-between-a-rocky-and-a-hard-place-in-crowdpleasing-sci-fi-buddy-movie-adventure-a/) \- 'A-'

&gt;For their part, Lord and Miller are assured chaperones of all the disparate elements of design, both on Earth and in space. The pair know the kind of movie *Project Hail Mary* is meant to be — a pop blockbuster with an earnest approach, lovable characters, and formidable stakes — and pull it off with fluency, the work of directors who know their craft even at this expansive scale. They channel their giddy sense of spectacle in service of a story about the curious and enterprising human spirit, making it an encouraging watch in a contemporary political culture that dismisses scientific research. It may not be the next generational sci-fi classic, but *Project Hail Mary* will energize anyone desperate for studio blockbusters that revere something often lost in our biggest movies: the fundamental art of moviemaking.

[IndieWire - Kate Erbland](https://www.indiewire.com/criticism/movies/project-hail-mary-review-ryan-gosling-1235182885/) \- 'A-'

&gt;To write more about the pleasures and pains of “Project Hail Mary” would be (yes, over 1,300 words in) a disservice to what’s most entertaining and satisfying about the film: watching it unfold, enjoying the process, accepting the mission, asking the big questions. That’s about as much as you can ask from any blockbuster film these days.

[Consequence - Liz Shannon Miller](https://consequence.net/2026/03/project-hail-mary-review-ryan-gosling/) \- 'A'

&gt;It’s possible to get caught on a few nitpicks, plot-wise. But right now, with international relations in chaos, *Project Hail Mary* is a movie that believes it’s possible to save the world. It dares to hope. And that’s more beautiful than all the stars in the sky.

[The Bulwark - Sonny Bunch](https://www.thebulwark.com/p/project-hail-mary-review) \- 4 / 4

&gt;Any resistance I had to the picture crumbled when I realized it was, maybe, propped up by something quite foolish: I simply haven’t felt joy like this in the theater in years. *Project Hail Mary* is a feel-good, emotionally resonant, ultimately triumphant paean to the human spirit. This is why we go to the movies. Heck: it’s why we tell *stories*. I hope it’s as big a hit as it deserves to be.

[BBC - Nicholas Barber](https://www.bbc.com/culture/article/20260309-project-hail-mary-review) \- 4 / 5

&gt;Still, maybe Lord and Miller knew what they were doing when they went for such a bright and breezy tone. They've crafted a sci-fi epic which is more than two-and-a-half hours long, and which is a one-man show for much of that time. They have filled it not with action, but with mind-stretching concepts, painstaking laboratory research and knotty technical puzzles. To do all that and keep things zippily entertaining throughout is an extraordinary achievement. Besides, as jaunty as it is, Project Hail Mary is radical in its own way. The fate of humanity, it suggests, might not rest on fighting, but on knowledge, intelligence, communication and collaboration. No wonder the film is already being tipped for next year's best picture Oscar.

[Independent - Clarisse Loughrey](https://www.the-independent.com/arts-entertainment/films/reviews/project-hail-mary-review-ryan-gosling-b2934729.html) \- 4 / 5

&gt;*Project Hail Mary* was clearly made to catapult a certain segment of the audience back to their childhoods – it carries the same fetishisation of late Sixties and Seventies sound and production design as recent fare in the Alien franchise. Grace’s spacesuit happens to be the same red as Dave Bowman’s in *2001: A Space Odyssey* (1968). That said, cinema is in a precarious position right now. And, just maybe, *Project Hail Mary* will remind people why they ever fell in love with it in the first place. Sometimes to move forward, it helps to look back.

[Gizmodo - Germain Lussier](https://gizmodo.com/project-hail-mary-review-ryan-gosling-2000727981)

&gt;Project Hail Mary rocks. It is pure joy. It’s hilarious, heartfelt, hugely moving, wildly exciting, and absolutely beautiful. We think it’ll go down not just as one of the best films of the year but maybe even, in time, as a potential sci-fi classic. And that’s if you already know what the story is and how it ends. Surely, it’s even better if you don’t.

[Esquire - Miranda Collinge](https://www.esquire.com/uk/culture/film/a70691700/project-hail-mary-review-for-all-its-adorable-intentions-ryan-goslings-alien-buddy-movie-fails-to-land/)

&gt;For All Its Adorable Intentions, Ryan Gosling's Alien Buddy Movie Fails to Land. Gosling’s efforts in this movie are valiant, as they tend to be: he does comedy prat falls, trepidatious space walks, and delivers as best he can the not especially hilarious script, which is bogged down further by excessive exposition of pretend science and plot rationale. And he really wants us to feel – desperately feel – the way Grace does about his new friendship with a CGI creature who looks like the lovechild of Makka Pakka from *In The Night Garden* and a fidget spinner. (The fact that Rocky doesn’t have the soulful eyes of Hooch the French Mastiff or Clyde the Orangutan – or, in fact, any eyes at all – certainly doesn’t help.) I know I’ve made the point already, but really, I’m as shocked as anyone not to have been won over by this film. When it comes to Gosling, there is not an SNL monologue or a surprising-Eva-Mendes-on-her-birthday Jimmy Fallon appearance or a viral interview with a journalist stranded in the desert  that I will not watch and be utterly charmed by. And yet, even with his magnetism set to hyperdrive, Gosling can’t make this wannabe-feel good film dazzle the way it wants to. It pains me – desperately pains me! – to say it, but in my eyes (sorry to rub it in, Rocky), *Project Hail Mary* is a well-intentioned miss.

[Cinemotic - Piers Marchant](https://cinemotic.com/movie-reviews/project-hail-mary-review/) \- 2 / 5

&gt;As with the previous adaptation of Weir’s work, it’s a film that gleefully presents basic scientific principles and logic clumsily sewn together with a story and outlook that feels very much like something an enterprisingly affable 15-year-old might come up with while daydreaming in Physics class. The film too often defaults to this sort of cringey geniality, a simplistic view of human emotional mechanics that renders the drama toothless. Like a warm-hearted kids’ Disney movie, you know full well things will turn out just fine for our heroes, and the galaxy they’re defending, because the film constantly telegraphs its cheerful intentions. It’s as if Lord and Miller (and Weir) are afraid of making the audience feel real anxiety or stress, so like a second-grade teacher explaining the concept of greenhouse gasses with their students, they work very hard to let all of us know everything will work out okay. It’s certainly not the worst quality in a film, but its lack of stress well belays its extended run time (156 mins), and makes for an unsatisfying experience: My parents saved the Cosmos and all I got was this lousy t-shirt.

[AV Club - Jacob Oller](https://www.avclub.com/project-hail-mary-review) \- 'B'

&gt;*Project Hail Mary* isn’t all that concerned with the science in its fiction; like the inverse of its slacker-cool scientist lead, the film is actually a schlubby buddy comedy dressed up in the finest hard sci-fi regalia that Amazon MGM could afford. It’s a far less nuts-and-bolts affair than *The Martian*, and a more frustratingly structured one thanks to the amnesia, but it doubles down on the astronaut charm offensive, flooding its sweet space odyssey not with big questions, but small signs of growth.

[GamesRadar - Molly Edwards](https://www.gamesradar.com/entertainment/sci-fi-movies/project-hail-mary-review/) \- 4 / 5

&gt;Stumbles aside, the film adeptly captures the sense of wonder and thrill of progress that goes hand in hand with space exploration, with Grace and Rocky as our heart-stealing guides. Project Hail Mary is ultimately the kind of big-budget, inventive, and just plain fun filmmaking that makes heading out to the theater worthwhile – and proves worth the expense.

[NextBestPicture - Daniel Howat](https://nextbestpicture.com/project-hail-mary/) \- 9 / 10

&gt;""Project Hail Mary"" feels, in many ways, like a miracle of a movie. It combines the technical awe of “Gravity,” the problem-solving exhilaration and humor of “The Martian,” and the sweeping emotion of “Interstellar” into one film with its own unique style and charm, crafting a new science-fiction space epic that celebrates the bravery in all of us, our capacity to do the right thing in the face of overwhelming odds, and our faith in science to lead us toward a better future, whether it’s on Earth or somewhere far beyond it. Ryan Gosling delivers one of his finest performances in years, commanding what is essentially a one-man show that will have you laughing one moment and crying the next. Daniel Pemberton’s score is immaculate as it reaches for the stars and finds that transcendent quality that lifts the film into a state of pure wonder. The shifting aspect ratios of Greig Fraser’s camerawork bring both intimacy and scale in equal measure. All of these elements and more come together under the assured, visionary direction of Phil Lord and Chris Miller, who have brought a beloved book to the big screen in a crowdpleasing cinematic experience many will feel, cherish, and not soon forget.

[The Guardian - Peter Bradshaw](https://www.theguardian.com/film/2026/mar/10/project-hail-mary-review-ryan-goslings-charm-carries-unserious-last-ditch-space-mission) \- 3 / 5

&gt;Perhaps refreshingly, the film doesn’t aim for the stunned awe and rapture of, say, Christopher Nolan’s Interstellar or even Jon Spaihts’ underrated Passengers, but it does have the classic sci-fi spacecraft tropes: the huge, mysterious architecture with its vertiginous tunnels in which legacy pop music is played to soothe the inhabitants. This is a Hail Mary pass that Gosling just about manages to catch.

[The Hollywood Reporter - David Rooney](https://www.hollywoodreporter.com/movies/movie-reviews/project-hail-mary-review-ryan-gosling-sandra-huller-1236522665/)

&gt;Lord and Miller have just the right lightness of touch combined with depth of feeling and technical control to bring this material to life, and the right love of vintage movie craft to make it a universe we can almost reach out and touch. What a pleasure to have them back in the director’s chair after too long away.

[RogerEbert - Robert Daniels](https://www.rogerebert.com/reviews/project-hail-mary-ryan-gosling-movie-review-2026) \- 2.5 / 4

&gt;It’s an enjoyable, yet overly familiar, excursion. By disavowing narrative and aesthetic boundaries, “Project Hail Mary” struggles to become boundless. The harder the film tries, the more one feels pulled along rather than effortlessly transported. 

[Slant Magazine - Jake Cole](https://www.slantmagazine.com/film/project-hail-mary-review-ryan-gosling-phil-lord-christopher-miller/) \- 2.5 / 4

&gt;The flashbacks badly hold the film back in the second act. In its mixture of lighthearted adventure and more thoughtful cosmic reflection, *Project Hail Mary* most resembles the original *Star Trek* films, especially the lighter *The Voyage Home*. The film shares with that series the indefatigable optimism of an earlier time when the genre reflected our broader hopes for the possibilities of science and the potential of humanity to not merely contact the other species of the universe but win their approval.",0.9999,
1rx63p9,boxoffice,'Ready Or Not 2: Here I Come' Review Thread,"I will continue to update this post as reviews come in.

[**Rotten Tomatoes:**](https://www.rottentomatoes.com/m/ready_or_not_2_here_i_come) Certified Fresh

**Critics Consensus:** Tempting fate by picking up where it left off after an extended absence, *Ready or Not 2* cheats the sequel curse thanks in large part to Samara Weaving's ferocious commitment to the bloody bit.

|Critics|Score|**Number of Reviews**|Average Rating (Unofficial)|
|:-|:-|:-|:-|
|**All Critics**|76%|141|6.40/10|
|**Top Critics**|58%|26||

[**Metacritic:**](https://www.metacritic.com/movie/ready-or-not-2-here-i-come/) 59 (31 Reviews)

**Sample Reviews:**

Peter Travers, The Travers Take **2.5/4** \- Scream queen Samara Weaving is back in this horror comedy as a bride who takes her vow of ""till death do us part"" way too seriously. There’s more of everything this time, except for the irreplaceable shock of the new.

Tim Robey, Daily Telegraph (UK) **2/5** \- Ready or Not 2 has way fewer laughs than its fun predecessor, zero scares, no surprises, the same old gore, and characters who aren’t even enjoyably loathsome.

Nick Schager, The Daily Beast - Thanks to a host of colorful performances and an emphasis on over-the-top violence, they mostly pull off their double-dip trick.

Randy Myers, San Jose Mercury News **3/4** \- The kills here are as elaborate as in the first outing and the depictions of moral decrepitude are so on target at times you all but want to stand up and cheer when the evildoers get served their comeuppance.

Kristy Puchko, Mashable - Ready or Not 2 goes harder than the original.

Alissa Wilkinson, New York Times - Beating them, in this installment, is now less about eating the rich and more about keeping them from eating everyone else.

Amy Nicholson, Los Angeles Times - No spoilers, but it’s no coincidence that ""Here I Come"" finally gets more interesting once it tires of hide and seek. Finding a fresh plot twist is the only way it ekes out a draw.

Michael Ordoña, San Francisco Chronicle **1/4** \- The sequel’s worst sin is resorting to the “screaming female” trope. Grace was so much tougher in the first one, and so much more fun.

Adam Nayman, Toronto Star **2.5/4** \- Call it “The Rules of the Most Dangerous Game,” and give the film’s creative brain trust credit for wringing a few witty, grisly variations on the same old, same old. They’re aided hugely by Weaving, a legitimate scream queen.

Clarisse Loughrey, Independent (UK) **3/5** \- It’s the same game, but it’s easy to root for the same winner.

Benjamin Lee, Guardian **2/5** \- Like the original, it is a film more interested in creating merchandisable Funko Pops than actual characters, obsessing over imagery that doggedly insists its icon-worthy status over people we ever really care about.

Jocelyn Noveck, Associated Press **2/4** \- It’s hard to pinpoint why this next level of Grace’s very bad wedding night, again directed by Matt Bettinelli-Olpin and Tyler Gillett, feels darker and heavier -- and hence, less enjoyable -- than the original.

Scott Tobias, The Reveal **2.5/5** \- The satirical promise of Ready or Not 2 leads to few comic payoffs—or even much resembling a joke, despite the film’s irreverent tone.

Katie Walsh, Tribune News Service **2/4** \- ""Ready or Not 2: Here I Come"" feels behind the ball, not ahead of the game, and unfortunately, this is no escapist, or even cathartic, horror romp. Read the news instead if you’d like a real scare.

Philip De Semlyen, Time Out **3/5** \- Newton is a fun addition as the bubbly Faith, but the game Weaving is MVP again: a sharp finger in the eye of the one percent. This is a broader sequel, though, that only has more of the same for her to do.

Sandra Hall, Sydney Morning Herald **3/5** \- Without \[humor\], the films’ graphic demonstrations of the many ways in which the human body can be dismembered, impaled, eviscerated, blown up and otherwise abused would constitute unadulterated sadism.

Linda Marric, HeyUGuys **3/5** \- Here I Come is entertaining, well-acted, and occasionally reminds you why the concept works. But it never recaptures the lightning-in-a-bottle thrill of the original.

Justin Clark, Slant Magazine **2/4** \- The sequel is a retread of things that the first film pulled off with more deliciously cartoonish energy.

Brian Tallerico, [RogerEbert.com](http://RogerEbert.com) **3/4** \- It helps a great deal to have a wickedly fun ensemble ready to play this murderous game, led once again by a physical, engaged, immediate performance from Samara Weaving.

Zachary Lee, TheWrap - Samara Weaving’s guttural screams can cover a multitude of sins, but even her fully embodied performance and powers can’t save a movie that mistakes stilted recurrence for high-octane throwback.

Chase Hutchinson, IndieWire **C** \- All you’re left with is the echo of what was better before. You watch only able to wish Weaving was given more to work with than this, or, at the very least, greater room for her iconic scream to rattle you once more.

Robert Daniels, Screen International - More bloody and gratuitously violent than the 2019 original, Ready or Not 2: Here I Come delivers short-term thrills in an emotionally hollow gore fest.

Meagan Navarro, Bloody Disgusting **3.5/5** \- More is more in Ready or Not 2. Bigger stakes, larger playing field, a higher (and more gruesome) body count, and even double the protagonists. All designed to deliver maximum crowd-pleasing fun.

Perri Nemiroff, Perri Nemiroff (YouTube) **4.5/5** \- Want an example of perfect casting? It's Samara Weaving &amp; Kathryn Newton as sisters. Their rhythm together is impeccable &amp; they’re aces playing with this tone. They do it all - spark big laughs, maintain a grounded tension &amp; infuse the film with heart.

Harry Stainer, Empire Magazine **3/5** \- Round two’s double-or-nothing approach means there are fewer surprises this time around. Yet as Weaving’s endlessly watchable bride gets even bloodier, it’s hard not to crack a smile at the relentless fun.

Andy Crump, AV Club **B-** \- Weaving is great at expressing helpless surrender and whiteknuckle petrification... The effect of her performances is cathartic, frequently hysterical, and key to Ready Or Not 2: Here I Come‘s success.

**SYNOPSIS:**

Moments after surviving an all-out attack from the Le Domas family, Grace (Samara Weaving) discovers she’s reached the next level of the nightmarish game — and this time with her estranged sister Faith (Kathryn Newton) at her side. Grace has one chance to survive, keep her sister alive, and claim the High Seat of the Council that controls the world. Four rival families are hunting her for the throne, and whoever wins rules it all.

**CAST:**

* Samara Weaving as Grace MacCaullay
* Kathryn Newton as Faith MacCaullay
* Sarah Michelle Gellar as Ursula Danforth
* Shawn Hatosy as Titus Danforth
* Néstor Carbonell as Ignacio El Caido
* David Cronenberg as Chester Danforth
* Elijah Wood as The Lawyer
* Kevin Durand as Bill Wilkinson
* Olivia Cheng as Wan Chen Xing
* Varun Saranga as Madhu Rajan
* Daniel Beirne as Kip Danforth

**DIRECTED BY:** Matt Bettinelli-Olpin, Tyler Gillett

**SCREENPLAY BY:** Guy Busick, R. Christopher Murphy

**PRODUCED BY:** Tripp Vinson, James Vanderbilt, William Sherak, Bradley J. Fischer

**EXECUTIVE PRODUCERS:** Cornelia Burleigh, Guy Busick, Greg Denny, Tara Farney, R. Christopher Murphy, Paul Neinstein, Richard Ruiz, Chad Villella, Samara Weaving

**DIRECTOR OF PHOTOGRAPHY:** Brett Jutkiewicz

**PRODUCTION DESIGNER:** Andrew M. Stearn

**EDITED BY:** Jay Prychidny

**COSTUME DESIGNER:** Avery Plewes

**MUSIC BY:** Sven Faulconer

**CASTING BY:** John Buchan, Jason Knight

**RUNTIME:** 108 Minutes

**RELEASE DATE:** March 20, 2026",166,57,1773845689.0,prada musical elton john,musical_extension,2026-03-18,"'Ready Or Not 2: Here I Come' Review Thread I will continue to update this post as reviews come in.

[**Rotten Tomatoes:**](https://www.rottentomatoes.com/m/ready_or_not_2_here_i_come) Certified Fresh

**Critics Consensus:** Tempting fate by picking up where it left off after an extended absence, *Ready or Not 2* cheats the sequel curse thanks in large part to Samara Weaving's ferocious commitment to the bloody bit.

|Critics|Score|**Number of Reviews**|Average Rating (Unofficial)|
|:-|:-|:-|:-|
|**All Critics**|76%|141|6.40/10|
|**Top Critics**|58%|26||

[**Metacritic:**](https://www.metacritic.com/movie/ready-or-not-2-here-i-come/) 59 (31 Reviews)

**Sample Reviews:**

Peter Travers, The Travers Take **2.5/4** \- Scream queen Samara Weaving is back in this horror comedy as a bride who takes her vow of ""till death do us part"" way too seriously. There’s more of everything this time, except for the irreplaceable shock of the new.

Tim Robey, Daily Telegraph (UK) **2/5** \- Ready or Not 2 has way fewer laughs than its fun predecessor, zero scares, no surprises, the same old gore, and characters who aren’t even enjoyably loathsome.

Nick Schager, The Daily Beast - Thanks to a host of colorful performances and an emphasis on over-the-top violence, they mostly pull off their double-dip trick.

Randy Myers, San Jose Mercury News **3/4** \- The kills here are as elaborate as in the first outing and the depictions of moral decrepitude are so on target at times you all but want to stand up and cheer when the evildoers get served their comeuppance.

Kristy Puchko, Mashable - Ready or Not 2 goes harder than the original.

Alissa Wilkinson, New York Times - Beating them, in this installment, is now less about eating the rich and more about keeping them from eating everyone else.

Amy Nicholson, Los Angeles Times - No spoilers, but it’s no coincidence that ""Here I Come"" finally gets more interesting once it tires of hide and seek. Finding a fresh plot twist is the only way it ekes out a draw.

Michael Ordoña, San Francisco Chronicle **1/4** \- The sequel’s worst sin is resorting to the “screaming female” trope. Grace was so much tougher in the first one, and so much more fun.

Adam Nayman, Toronto Star **2.5/4** \- Call it “The Rules of the Most Dangerous Game,” and give the film’s creative brain trust credit for wringing a few witty, grisly variations on the same old, same old. They’re aided hugely by Weaving, a legitimate scream queen.

Clarisse Loughrey, Independent (UK) **3/5** \- It’s the same game, but it’s easy to root for the same winner.

Benjamin Lee, Guardian **2/5** \- Like the original, it is a film more interested in creating merchandisable Funko Pops than actual characters, obsessing over imagery that doggedly insists its icon-worthy status over people we ever really care about.

Jocelyn Noveck, Associated Press **2/4** \- It’s hard to pinpoint why this next level of Grace’s very bad wedding night, again directed by Matt Bettinelli-Olpin and Tyler Gillett, feels darker and heavier -- and hence, less enjoyable -- than the original.

Scott Tobias, The Reveal **2.5/5** \- The satirical promise of Ready or Not 2 leads to few comic payoffs—or even much resembling a joke, despite the film’s irreverent tone.

Katie Walsh, Tribune News Service **2/4** \- ""Ready or Not 2: Here I Come"" feels behind the ball, not ahead of the game, and unfortunately, this is no escapist, or even cathartic, horror romp. Read the news instead if you’d like a real scare.

Philip De Semlyen, Time Out **3/5** \- Newton is a fun addition as the bubbly Faith, but the game Weaving is MVP again: a sharp finger in the eye of the one percent. This is a broader sequel, though, that only has more of the same for her to do.

Sandra Hall, Sydney Morning Herald **3/5** \- Without \[humor\], the films’ graphic demonstrations of the many ways in which the human body can be dismembered, impaled, eviscerated, blown up and otherwise abused would constitute unadulterated sadism.

Linda Marric, HeyUGuys **3/5** \- Here I Come is entertaining, well-acted, and occasionally reminds you why the concept works. But it never recaptures the lightning-in-a-bottle thrill of the original.

Justin Clark, Slant Magazine **2/4** \- The sequel is a retread of things that the first film pulled off with more deliciously cartoonish energy.

Brian Tallerico, [RogerEbert.com](http://RogerEbert.com) **3/4** \- It helps a great deal to have a wickedly fun ensemble ready to play this murderous game, led once again by a physical, engaged, immediate performance from Samara Weaving.

Zachary Lee, TheWrap - Samara Weaving’s guttural screams can cover a multitude of sins, but even her fully embodied performance and powers can’t save a movie that mistakes stilted recurrence for high-octane throwback.

Chase Hutchinson, IndieWire **C** \- All you’re left with is the echo of what was better before. You watch only able to wish Weaving was given more to work with than this, or, at the very least, greater room for her iconic scream to rattle you once more.

Robert Daniels, Screen International - More bloody and gratuitously violent than the 2019 original, Ready or Not 2: Here I Come delivers short-term thrills in an emotionally hollow gore fest.

Meagan Navarro, Bloody Disgusting **3.5/5** \- More is more in Ready or Not 2. Bigger stakes, larger playing field, a higher (and more gruesome) body count, and even double the protagonists. All designed to deliver maximum crowd-pleasing fun.

Perri Nemiroff, Perri Nemiroff (YouTube) **4.5/5** \- Want an example of perfect casting? It's Samara Weaving &amp; Kathryn Newton as sisters. Their rhythm together is impeccable &amp; they’re aces playing with this tone. They do it all - spark big laughs, maintain a grounded tension &amp; infuse the film with heart.

Harry Stainer, Empire Magazine **3/5** \- Round two’s double-or-nothing approach means there are fewer surprises this time around. Yet as Weaving’s endlessly watchable bride gets even bloodier, it’s hard not to crack a smile at the relentless fun.

Andy Crump, AV Club **B-** \- Weaving is great at expressing helpless surrender and whiteknuckle petrification... The effect of her performances is cathartic, frequently hysterical, and key to Ready Or Not 2: Here I Come‘s success.

**SYNOPSIS:**

Moments after surviving an all-out attack from the Le Domas family, Grace (Samara Weaving) discovers she’s reached the next level of the nightmarish game — and this time with her estranged sister Faith (Kathryn Newton) at her side. Grace has one chance to survive, keep her sister alive, and claim the High Seat of the Council that controls the world. Four rival families are hunting her for the throne, and whoever wins rules it all.

**CAST:**

* Samara Weaving as Grace MacCaullay
* Kathryn Newton as Faith MacCaullay
* Sarah Michelle Gellar as Ursula Danforth
* Shawn Hatosy as Titus Danforth
* Néstor Carbonell as Ignacio El Caido
* David Cronenberg as Chester Danforth
* Elijah Wood as The Lawyer
* Kevin Durand as Bill Wilkinson
* Olivia Cheng as Wan Chen Xing
* Varun Saranga as Madhu Rajan
* Daniel Beirne as Kip Danforth

**DIRECTED BY:** Matt Bettinelli-Olpin, Tyler Gillett

**SCREENPLAY BY:** Guy Busick, R. Christopher Murphy

**PRODUCED BY:** Tripp Vinson, James Vanderbilt, William Sherak, Bradley J. Fischer

**EXECUTIVE PRODUCERS:** Cornelia Burleigh, Guy Busick, Greg Denny, Tara Farney, R. Christopher Murphy, Paul Neinstein, Richard Ruiz, Chad Villella, Samara Weaving

**DIRECTOR OF PHOTOGRAPHY:** Brett Jutkiewicz

**PRODUCTION DESIGNER:** Andrew M. Stearn

**EDITED BY:** Jay Prychidny

**COSTUME DESIGNER:** Avery Plewes

**MUSIC BY:** Sven Faulconer

**CASTING BY:** John Buchan, Jason Knight

**RUNTIME:** 108 Minutes

**RELEASE DATE:** March 20, 2026",0.9991,
1rwbvnr,boxoffice,Will the female audience save Hollywood?,"In 2019 three film aimed at a primarily female audience made more than $50m at the North American Box Office, they were Little Women, Hustlers and What Men Want. Together they made $288m , just 2.5% of the $11.4B that the NABO took in that year. Granted that was a fallow year but in 2018, which included A Star is Born, Crazy Rich Asians and Mamma Mia Here I go Again the figure was still only 7.7%.  In 2023 the figure was 12%, in 2024 it was 13%. Is the female audience key to the future of the cinema industry?

Before I continue I have define what I am counting as films made for a female audience because these films don't come with labels and my assessment is always going to be subjective. In general I'm counting female led films, usually romances, dramas, comedies or musicals but excluding action, science fiction, horror, kids films and oscar bait drama (I'm thinking of films like Three Billboards Outside Ebbing, Missouri). There are a few male led films, generally where the male lead is in a romantic role, which I've also counted. I admit this is arbitrary, possibly sexist and there are a lot of edge cases but it's really hard to put a precise label on this box, I'm more than happy to have my classifications challenged and corrected.

In the three years leading up to the pandemic the biggest female audience film was a Star is Born, it made $201m at the NABO. Since then 4 films have obliterated that record, Beetlejuice Beetlejuice, Wicked and its sequel and, of course, Barbie. Not far behind this group is Taylor Swift's Eras Tour which made $181m, whilst not a studio film and possibly a unicorn release it's further evidence of just how lucrative the female audience can be.

To be fair It's long been known that the female audience is lucrative, if you look at [Wikipedia's highest grossing films adjusted for inflation](https://en.wikipedia.org/wiki/List_of_highest-grossing_films_in_the_United_States_and_Canada#Adjusted_for_ticket-price_inflation) 4 of the top 10, including number 1, 3, and 5 are films that cater to a predominantly female audience.  However, despite how lucrative these films can be, Hollywood has never chased this market with gusto, possibly until now that is. In [Boxofficemojo's highest grossing films of all time list](https://www.boxofficemojo.com/chart/top_lifetime_gross/?ref_=bo_cso_ac) only 16 of the top 200 could be considered made for the female audience, but 4 of them were released in the last 3 years which is 15% of the films that have joined the list in that period compared to 7% before 2023. In the last few months we've had The Housemaid, Send Help and Wuthering Heights all perform well and, in a few weeks, we'll see the release of The Devil Wears Prada which, if it's early tracking holds true, is going to be another monster hit. Beyond that I count another 8 wide releases in 2026 aimed at the female audience; The Drama, You, Me and Tuscany, Spa Weekend, Practical Magic 2, The Hunger Games: Sunrise on the Reaping, One Night Only, Verity and Sense and Sensibility. How these films will fare I cannot say but Hollywood looks to be banking on the female audience playing it's part in the industry's revival.",0,29,1773765850.0,prada musical elton john,musical_extension,2026-03-17,"Will the female audience save Hollywood? In 2019 three film aimed at a primarily female audience made more than $50m at the North American Box Office, they were Little Women, Hustlers and What Men Want. Together they made $288m , just 2.5% of the $11.4B that the NABO took in that year. Granted that was a fallow year but in 2018, which included A Star is Born, Crazy Rich Asians and Mamma Mia Here I go Again the figure was still only 7.7%.  In 2023 the figure was 12%, in 2024 it was 13%. Is the female audience key to the future of the cinema industry?

Before I continue I have define what I am counting as films made for a female audience because these films don't come with labels and my assessment is always going to be subjective. In general I'm counting female led films, usually romances, dramas, comedies or musicals but excluding action, science fiction, horror, kids films and oscar bait drama (I'm thinking of films like Three Billboards Outside Ebbing, Missouri). There are a few male led films, generally where the male lead is in a romantic role, which I've also counted. I admit this is arbitrary, possibly sexist and there are a lot of edge cases but it's really hard to put a precise label on this box, I'm more than happy to have my classifications challenged and corrected.

In the three years leading up to the pandemic the biggest female audience film was a Star is Born, it made $201m at the NABO. Since then 4 films have obliterated that record, Beetlejuice Beetlejuice, Wicked and its sequel and, of course, Barbie. Not far behind this group is Taylor Swift's Eras Tour which made $181m, whilst not a studio film and possibly a unicorn release it's further evidence of just how lucrative the female audience can be.

To be fair It's long been known that the female audience is lucrative, if you look at [Wikipedia's highest grossing films adjusted for inflation](https://en.wikipedia.org/wiki/List_of_highest-grossing_films_in_the_United_States_and_Canada#Adjusted_for_ticket-price_inflation) 4 of the top 10, including number 1, 3, and 5 are films that cater to a predominantly female audience.  However, despite how lucrative these films can be, Hollywood has never chased this market with gusto, possibly until now that is. In [Boxofficemojo's highest grossing films of all time list](https://www.boxofficemojo.com/chart/top_lifetime_gross/?ref_=bo_cso_ac) only 16 of the top 200 could be considered made for the female audience, but 4 of them were released in the last 3 years which is 15% of the films that have joined the list in that period compared to 7% before 2023. In the last few months we've had The Housemaid, Send Help and Wuthering Heights all perform well and, in a few weeks, we'll see the release of The Devil Wears Prada which, if it's early tracking holds true, is going to be another monster hit. Beyond that I count another 8 wide releases in 2026 aimed at the female audience; The Drama, You, Me and Tuscany, Spa Weekend, Practical Magic 2, The Hunger Games: Sunrise on the Reaping, One Night Only, Verity and Sense and Sensibility. How these films will fare I cannot say but Hollywood looks to be banking on the female audience playing it's part in the industry's revival.",0.9204,
1rpw9jg,boxoffice,'Project Hail Mary' Review Thread,"I will continue to update this post as reviews come in.

[**Rotten Tomatoes:**](https://www.rottentomatoes.com/m/project_hail_mary) Certified Fresh

**Critics Consensus:** A visually dazzling space odyssey that's carried along effortlessly by the gravitational pull of Ryan Gosling at his most winning, *Project Hail Mary* is a near-miraculous fusion of smarts and heart.

|Critics|Score|**Number of Reviews**|Average Rating (Unofficial)|
|:-|:-|:-|:-|
|**All Critics**|95%|295|8.30/10|
|**Top Critics**|96%|54||

[**Metacritic:**](https://www.metacritic.com/movie/project-hail-mary/) 77 (54 Reviews)

**Sample Reviews:**

Radheyan Simonpillai, CBC Radio - It’s very Ted Lasso in space, a funny and heartwarming crowdpleaser about sad men making friends, which on the flip side is lacking tension, antagonism and conflict.

Kyle Smith, Wall Street Journal - Project Hail Mary is at its core a kids’ movie. That lessens its gravity, a bit. But it also makes it the kind of film that will send happy viewers soaring into orbit, again and again.

Adam Nayman, Toronto Star **2.5/4** \- It’s funny and absorbing and familiar without being derivative; it gets the job done. But there’s nevertheless something grinding and mechanical about a film that means to be a tribute to the supple, subtle qualities of the human spirit.

Linda Holmes, NPR - Weir is a really thoughtful writer (as is screenplay writer Drew Goddard), and Gosling can be an exceptionally quiet and sympathetic actor.

Peter Travers, The Travers Take **3.5/4** \- In the most purely pleasurable movie so far this year, Ryan Gosling has a blast as a science guy who rockets into space to save all our asses with jolts, jokes and smarts that won’t quit.

Henry K. Miller, Sight &amp; Sound - Phil Lord and Chris Miller’s treacly alien buddy comedy about an astronaut stranded in outer space gives even the most curmudgeonly among us things to laugh at.

Matt Singer, ScreenCrush **7/10** \- Hard sci-fi with a soft heart.

Nikki Gemmell, The Australian **4/5** \- Big themes. Big emotions. A lead who personifies grace. Add Project Hail Mary to the ranks of 2001: A Space Odyssey, Interstellar and Gravity as one of the most visually stunning, emotionally resonant space films ever made.

Bilge Ebiri, New York Magazine/Vulture - At heart, this is a kids’ film in the guise of a 156-minute sci-fi adventure. It doesn’t want to awe us so much as it wants to awwww us. For better and worse, it succeeds.

Johnny Oleksinski, New York Post **4/4** \- I didn’t really mind the ridiculousness, though. The film is so much fun. It tugs at the heartstrings often, and Rocky is so brilliantly animated to the point of complete believability. Gosling is great.

Richard Whittaker, Austin Chronicle **4/5** \- That Gosling and an animated rock can have one of the most moving friendships in recent cinema may restore a little bit of that rarest of resources: hope.

Adam Graham, Detroit News **B+** \- Directors Phil Lord and Christopher Miller deftly balance the film's sci-fi mechanics and its blockbuster aesthetic, and their sensibilities are well-suited toward delivering a down-the-middle crowd pleaser.

Cortlyn Kelly, Chicago Reader - The relationship between the Earthling and Eridian steals viewers’ hearts; we are reminded that love and the longing to survive are intergalactic, universal truths.

Randy Myers, San Jose Mercury News **3.5/4** \- What also makes Project Hail Mary's so gosh darn lovable is that it imbues us with child-like wonder from scenes that pay homage to such classics as E.T., Flight of the Navigator and, yes, Rocky.

Keith Phipps, The Reveal **4/5** \- At once zippy and emotionally wrenching, the film performs a similar balancing act as its leading man.

Katie Walsh, Tribune News Service **3/4** \- ""Project Hail Mary"" verges on the edge of being too saccharinely sweet. But sci-fi can serve many different purposes for audiences, and maybe that sweetness is just the kind of balm we need to take the edge off right now.

Odie Henderson, Boston Globe **4/4** \- For all its bells and whistles, ""Project Hail Mary"" is also a lovely, bittersweet character study, a pas de deux between man and alien that elicits a surprising amount of emotions by the time the credits roll.

Justin Chang, The New Yorker - The audience’s good will is a precious, unstable resource, and the flippancy of “Project Hail Mary” expends it recklessly.

Amy Nicholson, Los Angeles Times - While Stanley Kubrick’s unsentimental ""2001: A Space Odyssey"" inspired the iPad, Lord and Miller want to inspire a better version of us.

Nell Minow, Movie Mom - A I do this job because in my heart I believe that movies are the culmination of every art form developed by humans, the greatest story-telling mechanism ever developed. ""Project Hail Mary"" makes use of every part of that story-telling capacity.

Hannah Strong, Little White Lies **3/5** \- Gosling's presence in Project Hail Mary is a canny move and integral to the film's success.

Bill Goodykoontz, Arizona Republic **4/5** \- ""Project Hail Mary"" is a really enjoyable movie.

Rafer Guzman, Newsday **3/5** \- Here again, though, Gosling carries the day: Grace’s enemy is his own weakness. That story, the human one, is what’ll stay with you when the mission is over.

Alexandra Heller-Nicholas, The Blue Lenses - If you had told me that the feel good movie in the otherwise suffocating bleakness of early 2026 would be ""Ken Meets Geodude in Space"", I would have not believed you. And yet here we are, and Project Hail Mary is all of these things, and so very much more

G. Allen Johnson, San Francisco Chronicle **4/4** \- It’s a masterpiece of a family popcorn movie, with eye-popping hand-crafted production design and outstanding creature design and puppetry work.

David Fear, Rolling Stone - Project Hail Mary has found someone who can make all of it truly work. Gosling can actually sell us on an everyman thrust into extraordinary circumstances while still beguiling us with old-school snap, crackle, and pop.

Kristy Puchko, Mashable - Imagine The Martian meets Half Nelson meets E.T., and you'll get some idea of the mirthful mash-up that is Project Hail Mary.

Tasha Robinson, Polygon **85** \- For once, fans’ ""Did they do the book justice?"" anxieties are misplaced: The movie version of Project Hail Mary is funny, strange, heartening, and completely satisfying.

John Nugent, Empire Magazine **4/5** \- This is for the most part an absolute space-smash: stupidly entertaining stuff about seriously clever speculative concepts. Hail, Mary!

Lindsey Bahr, Associated Press **3.5/4** \- Project Hail Mary might blow past a two-hour runtime and yet there’s rarely a dull moment with all the problem-solving, earnest irreverence and unabashed commitment to imbuing life and wit into every molecule of the story.

Alonso Duralde, The Film Verdict - Like a box of ready-to-make macaroni and cheese, Project Hail Mary is satisfying if not substantial, and the less you think about the science behind it, the more you’ll enjoy it.

William Bibbiani, TheWrap - Watching Grace and Rocky talking science, doing science and exploring the parallels between their cultures evokes the very best parts of 'Star Trek.'

Liz Shannon Miller, Consequence - A Project Hail Mary is a movie that believes it’s possible to save the world. It dares to hope. And that’s more beautiful than all the stars in the sky.

Nick Schager, The Daily Beast - A stirring celebration of bravery, camaraderie, and human ingenuity that goes big in every respect, not least of which by recognizing and foregrounding the majesty of larger-than-life movie stardom.

Barry Hertz, Globe and Mail - It goes, in other words, where plenty of men have gone before. The good news, again, is that the film moves so impressively fast that you won’t mind much of anything.

Peter Bradshaw, Guardian **3/5** \- This is a Hail Mary pass that Gosling just about manages to catch.

Jonathan Romney, Financial Times **3/5** \- Project Hail Mary is shamelessly calculating and somewhat spurious in its fabrication of childlike wonder, but then, people said that about Close Encounters of the Third Kind and E.T.

Philip De Semlyen, Time Out **4/5** \- With Gosling and Hüller to the fore, Lord and Miller have delivered a cosmic adventure with hope in its heart and a twinkle in its eye. It’s the science-fiction blockbuster we need in these fractious times.

Robbie Collin, Daily Telegraph (UK) **4/5** \- Does it have many original ideas of its own? Perhaps not. But its greatest hits mixtape of other people’s has been compiled with such flair that it’s hard not to be swept up regardless.

Kevin Maher, The Times (UK) **4/5** \- Gosling is the sugar that helps the medicine go down. He hasn’t been this perfectly cast between roguish and ingenuous since La La Land in 2016.

Jacob Oller, AV Club 10m **B** \- It's no miracle that the film lands its central relationship, but it is impressive that it feels personal despite its grand sci-fi scope.

Tim Grierson, Screen International - The tonal balance between life-and-death stakes and buddy-comedy bonding is sometimes wobbly, but Ryan Gosling gives an open-hearted performance as our planet’s unlikely saviour.

David Rooney, The Hollywood Reporter - Even if Project Hail Mary at times leans into the sentiment to an almost saccharine degree, the movie’s natural sweetness is disarming. And it’s impossible to imagine an actor more adept at striking that tricky balance than Gosling.

Nicholas Barber, [BBC.com](http://BBC.com) **4/5** \- With a leading man, Ryan Gosling, who can't resist showing off his goofball charm and all-round Kenergy, Project Hail Mary is surprisingly shiny and fun for a story about the potential extinction of the human race.

Owen Gleiberman, Variety - Project Hail Mary wants to be the kind of ""great escape we need right now,"" and I have no doubt that many will hail it as one. So forgive me if I say that it’s not a very good movie.

Brian Truitt, USA Today **4/4** \- Project Hail Mary is one of those old-school popcorn movies with big ideas, the kind of film that Steven Spielberg and George Lucas would have made back in the day and kids of all ages would have obsessed over and bought the toys.

Billie Melissa, Newsweek - Even with intimate knowledge of the book, Lord and Miller's imagining will have you holding your breath, shedding tears, and sighing with relief.

Kristen Lopez, The Film Maven **B-** \- There's a beauty and sense of awe in everything from the production design – enhanced by an IMAX presentation – to Ryan Gosling's performance that mitigates what can, at times, feel like tonal inconsistency and a lack of interest in the main narrative.

Kate Erbland, IndieWire **A-** \- To write more about the pleasures and pains of “Project Hail Mary” would be a disservice to what’s most entertaining and satisfying about the film: watching it unfold, e

Clarisse Loughrey, Independent (UK) **4/5** \- Here’s a film that’s about as effervescently likeable as it can get... It’s an alchemically perfected blend of past sci-fi greats, with a good dose of Spielberg and Kubrick – familiar without feeling exhausted.

Robert Daniels, [RogerEbert.com](http://RogerEbert.com) **2.5/4** \- It’s an enjoyable, yet overly familiar, excursion. By disavowing narrative and aesthetic boundaries, 'Project Hail Mary' struggles to become boundless.

Donald Clarke, Irish Times **4/5** \- If it were not for an unfortunate outbreak of too-many-endings syndrome – a hangover from the book – we might have had a classic for the ages. It is still pretty darn strong.

Linda Marric, HeyUGuys **5/5** \- Project Hail Mary is a triumphant science fiction adventure. It manages to be smart without alienating those less au fait with the science, and heartfelt without falling into the overly sentimental.

Jake Cole, Slant Magazine **2.5/4** \- Phil Lord and Christopher Miller put a comedic spin on Andy Weir’s more straightforward 2021 novel Project Hail Mary, recasting the author’s hopeful vision of productive communication with extraterrestrials as an unlikely buddy comedy.

**SYNOPSIS:**

Science teacher Ryland Grace (Ryan Gosling) wakes up on a spaceship light-years from home with no recollection of who he is or how he got there. As his memory returns, he begins to uncover his mission: solve the riddle of the mysterious substance causing the sun to die out. He must call on his scientific knowledge and unorthodox ideas to save everything on Earth from extinction… but an unexpected friendship means he may not have to do it alone.

**CAST:**

* Ryan Gosling as Dr. Ryland Grace
* Sandra Hüller as Eva Stratt
* James Ortiz as Rocky
* Lionel Boyce as Carl
* Ken Leung as Yao Li-Jie
* Milana Vayntrub as Olesya Ilyukhina

**DIRECTED BY:** Phil Lord &amp; Christopher Miller

**SCREENPLAY BY:** Drew Goddard

**BASED ON THE NOVEL BY:** Andy Weir

**PRODUCED BY:** Amy Pascal, Ryan Gosling, Phil Lord, Christopher Miller, Aditya Sood, Rachel O’Connor, Andy Weir

**EXECUTIVE PRODUCERS:** Patricia Whitcher, Drew Goddard, Lucy Kitada, Nikki Baida, Sarah Esberg, Ken Kao

**DIRECTOR OF PHOTOGRAPHY:** Greig Fraser

**PRODUCTION DESIGNER:** Charles Wood

**EDITED BY:** Chris Dickens

**COSTUME DESIGNER:** David Crossman, Glyn Dillon

**MUSIC BY:** Daniel Pemberton

**CASTING BY:** Nicole Abellera, Jeanne McCarthy

**RUNTIME:** 156 Minutes

**RELEASE DATE:** March 20, 2026",551,245,1773147613.0,prada musical elton john,musical_extension,2026-03-10,"'Project Hail Mary' Review Thread I will continue to update this post as reviews come in.

[**Rotten Tomatoes:**](https://www.rottentomatoes.com/m/project_hail_mary) Certified Fresh

**Critics Consensus:** A visually dazzling space odyssey that's carried along effortlessly by the gravitational pull of Ryan Gosling at his most winning, *Project Hail Mary* is a near-miraculous fusion of smarts and heart.

|Critics|Score|**Number of Reviews**|Average Rating (Unofficial)|
|:-|:-|:-|:-|
|**All Critics**|95%|295|8.30/10|
|**Top Critics**|96%|54||

[**Metacritic:**](https://www.metacritic.com/movie/project-hail-mary/) 77 (54 Reviews)

**Sample Reviews:**

Radheyan Simonpillai, CBC Radio - It’s very Ted Lasso in space, a funny and heartwarming crowdpleaser about sad men making friends, which on the flip side is lacking tension, antagonism and conflict.

Kyle Smith, Wall Street Journal - Project Hail Mary is at its core a kids’ movie. That lessens its gravity, a bit. But it also makes it the kind of film that will send happy viewers soaring into orbit, again and again.

Adam Nayman, Toronto Star **2.5/4** \- It’s funny and absorbing and familiar without being derivative; it gets the job done. But there’s nevertheless something grinding and mechanical about a film that means to be a tribute to the supple, subtle qualities of the human spirit.

Linda Holmes, NPR - Weir is a really thoughtful writer (as is screenplay writer Drew Goddard), and Gosling can be an exceptionally quiet and sympathetic actor.

Peter Travers, The Travers Take **3.5/4** \- In the most purely pleasurable movie so far this year, Ryan Gosling has a blast as a science guy who rockets into space to save all our asses with jolts, jokes and smarts that won’t quit.

Henry K. Miller, Sight &amp; Sound - Phil Lord and Chris Miller’s treacly alien buddy comedy about an astronaut stranded in outer space gives even the most curmudgeonly among us things to laugh at.

Matt Singer, ScreenCrush **7/10** \- Hard sci-fi with a soft heart.

Nikki Gemmell, The Australian **4/5** \- Big themes. Big emotions. A lead who personifies grace. Add Project Hail Mary to the ranks of 2001: A Space Odyssey, Interstellar and Gravity as one of the most visually stunning, emotionally resonant space films ever made.

Bilge Ebiri, New York Magazine/Vulture - At heart, this is a kids’ film in the guise of a 156-minute sci-fi adventure. It doesn’t want to awe us so much as it wants to awwww us. For better and worse, it succeeds.

Johnny Oleksinski, New York Post **4/4** \- I didn’t really mind the ridiculousness, though. The film is so much fun. It tugs at the heartstrings often, and Rocky is so brilliantly animated to the point of complete believability. Gosling is great.

Richard Whittaker, Austin Chronicle **4/5** \- That Gosling and an animated rock can have one of the most moving friendships in recent cinema may restore a little bit of that rarest of resources: hope.

Adam Graham, Detroit News **B+** \- Directors Phil Lord and Christopher Miller deftly balance the film's sci-fi mechanics and its blockbuster aesthetic, and their sensibilities are well-suited toward delivering a down-the-middle crowd pleaser.

Cortlyn Kelly, Chicago Reader - The relationship between the Earthling and Eridian steals viewers’ hearts; we are reminded that love and the longing to survive are intergalactic, universal truths.

Randy Myers, San Jose Mercury News **3.5/4** \- What also makes Project Hail Mary's so gosh darn lovable is that it imbues us with child-like wonder from scenes that pay homage to such classics as E.T., Flight of the Navigator and, yes, Rocky.

Keith Phipps, The Reveal **4/5** \- At once zippy and emotionally wrenching, the film performs a similar balancing act as its leading man.

Katie Walsh, Tribune News Service **3/4** \- ""Project Hail Mary"" verges on the edge of being too saccharinely sweet. But sci-fi can serve many different purposes for audiences, and maybe that sweetness is just the kind of balm we need to take the edge off right now.

Odie Henderson, Boston Globe **4/4** \- For all its bells and whistles, ""Project Hail Mary"" is also a lovely, bittersweet character study, a pas de deux between man and alien that elicits a surprising amount of emotions by the time the credits roll.

Justin Chang, The New Yorker - The audience’s good will is a precious, unstable resource, and the flippancy of “Project Hail Mary” expends it recklessly.

Amy Nicholson, Los Angeles Times - While Stanley Kubrick’s unsentimental ""2001: A Space Odyssey"" inspired the iPad, Lord and Miller want to inspire a better version of us.

Nell Minow, Movie Mom - A I do this job because in my heart I believe that movies are the culmination of every art form developed by humans, the greatest story-telling mechanism ever developed. ""Project Hail Mary"" makes use of every part of that story-telling capacity.

Hannah Strong, Little White Lies **3/5** \- Gosling's presence in Project Hail Mary is a canny move and integral to the film's success.

Bill Goodykoontz, Arizona Republic **4/5** \- ""Project Hail Mary"" is a really enjoyable movie.

Rafer Guzman, Newsday **3/5** \- Here again, though, Gosling carries the day: Grace’s enemy is his own weakness. That story, the human one, is what’ll stay with you when the mission is over.

Alexandra Heller-Nicholas, The Blue Lenses - If you had told me that the feel good movie in the otherwise suffocating bleakness of early 2026 would be ""Ken Meets Geodude in Space"", I would have not believed you. And yet here we are, and Project Hail Mary is all of these things, and so very much more

G. Allen Johnson, San Francisco Chronicle **4/4** \- It’s a masterpiece of a family popcorn movie, with eye-popping hand-crafted production design and outstanding creature design and puppetry work.

David Fear, Rolling Stone - Project Hail Mary has found someone who can make all of it truly work. Gosling can actually sell us on an everyman thrust into extraordinary circumstances while still beguiling us with old-school snap, crackle, and pop.

Kristy Puchko, Mashable - Imagine The Martian meets Half Nelson meets E.T., and you'll get some idea of the mirthful mash-up that is Project Hail Mary.

Tasha Robinson, Polygon **85** \- For once, fans’ ""Did they do the book justice?"" anxieties are misplaced: The movie version of Project Hail Mary is funny, strange, heartening, and completely satisfying.

John Nugent, Empire Magazine **4/5** \- This is for the most part an absolute space-smash: stupidly entertaining stuff about seriously clever speculative concepts. Hail, Mary!

Lindsey Bahr, Associated Press **3.5/4** \- Project Hail Mary might blow past a two-hour runtime and yet there’s rarely a dull moment with all the problem-solving, earnest irreverence and unabashed commitment to imbuing life and wit into every molecule of the story.

Alonso Duralde, The Film Verdict - Like a box of ready-to-make macaroni and cheese, Project Hail Mary is satisfying if not substantial, and the less you think about the science behind it, the more you’ll enjoy it.

William Bibbiani, TheWrap - Watching Grace and Rocky talking science, doing science and exploring the parallels between their cultures evokes the very best parts of 'Star Trek.'

Liz Shannon Miller, Consequence - A Project Hail Mary is a movie that believes it’s possible to save the world. It dares to hope. And that’s more beautiful than all the stars in the sky.

Nick Schager, The Daily Beast - A stirring celebration of bravery, camaraderie, and human ingenuity that goes big in every respect, not least of which by recognizing and foregrounding the majesty of larger-than-life movie stardom.

Barry Hertz, Globe and Mail - It goes, in other words, where plenty of men have gone before. The good news, again, is that the film moves so impressively fast that you won’t mind much of anything.

Peter Bradshaw, Guardian **3/5** \- This is a Hail Mary pass that Gosling just about manages to catch.

Jonathan Romney, Financial Times **3/5** \- Project Hail Mary is shamelessly calculating and somewhat spurious in its fabrication of childlike wonder, but then, people said that about Close Encounters of the Third Kind and E.T.

Philip De Semlyen, Time Out **4/5** \- With Gosling and Hüller to the fore, Lord and Miller have delivered a cosmic adventure with hope in its heart and a twinkle in its eye. It’s the science-fiction blockbuster we need in these fractious times.

Robbie Collin, Daily Telegraph (UK) **4/5** \- Does it have many original ideas of its own? Perhaps not. But its greatest hits mixtape of other people’s has been compiled with such flair that it’s hard not to be swept up regardless.

Kevin Maher, The Times (UK) **4/5** \- Gosling is the sugar that helps the medicine go down. He hasn’t been this perfectly cast between roguish and ingenuous since La La Land in 2016.

Jacob Oller, AV Club 10m **B** \- It's no miracle that the film lands its central relationship, but it is impressive that it feels personal despite its grand sci-fi scope.

Tim Grierson, Screen International - The tonal balance between life-and-death stakes and buddy-comedy bonding is sometimes wobbly, but Ryan Gosling gives an open-hearted performance as our planet’s unlikely saviour.

David Rooney, The Hollywood Reporter - Even if Project Hail Mary at times leans into the sentiment to an almost saccharine degree, the movie’s natural sweetness is disarming. And it’s impossible to imagine an actor more adept at striking that tricky balance than Gosling.

Nicholas Barber, [BBC.com](http://BBC.com) **4/5** \- With a leading man, Ryan Gosling, who can't resist showing off his goofball charm and all-round Kenergy, Project Hail Mary is surprisingly shiny and fun for a story about the potential extinction of the human race.

Owen Gleiberman, Variety - Project Hail Mary wants to be the kind of ""great escape we need right now,"" and I have no doubt that many will hail it as one. So forgive me if I say that it’s not a very good movie.

Brian Truitt, USA Today **4/4** \- Project Hail Mary is one of those old-school popcorn movies with big ideas, the kind of film that Steven Spielberg and George Lucas would have made back in the day and kids of all ages would have obsessed over and bought the toys.

Billie Melissa, Newsweek - Even with intimate knowledge of the book, Lord and Miller's imagining will have you holding your breath, shedding tears, and sighing with relief.

Kristen Lopez, The Film Maven **B-** \- There's a beauty and sense of awe in everything from the production design – enhanced by an IMAX presentation – to Ryan Gosling's performance that mitigates what can, at times, feel like tonal inconsistency and a lack of interest in the main narrative.

Kate Erbland, IndieWire **A-** \- To write more about the pleasures and pains of “Project Hail Mary” would be a disservice to what’s most entertaining and satisfying about the film: watching it unfold, e

Clarisse Loughrey, Independent (UK) **4/5** \- Here’s a film that’s about as effervescently likeable as it can get... It’s an alchemically perfected blend of past sci-fi greats, with a good dose of Spielberg and Kubrick – familiar without feeling exhausted.

Robert Daniels, [RogerEbert.com](http://RogerEbert.com) **2.5/4** \- It’s an enjoyable, yet overly familiar, excursion. By disavowing narrative and aesthetic boundaries, 'Project Hail Mary' struggles to become boundless.

Donald Clarke, Irish Times **4/5** \- If it were not for an unfortunate outbreak of too-many-endings syndrome – a hangover from the book – we might have had a classic for the ages. It is still pretty darn strong.

Linda Marric, HeyUGuys **5/5** \- Project Hail Mary is a triumphant science fiction adventure. It manages to be smart without alienating those less au fait with the science, and heartfelt without falling into the overly sentimental.

Jake Cole, Slant Magazine **2.5/4** \- Phil Lord and Christopher Miller put a comedic spin on Andy Weir’s more straightforward 2021 novel Project Hail Mary, recasting the author’s hopeful vision of productive communication with extraterrestrials as an unlikely buddy comedy.

**SYNOPSIS:**

Science teacher Ryland Grace (Ryan Gosling) wakes up on a spaceship light-years from home with no recollection of who he is or how he got there. As his memory returns, he begins to uncover his mission: solve the riddle of the mysterious substance causing the sun to die out. He must call on his scientific knowledge and unorthodox ideas to save everything on Earth from extinction… but an unexpected friendship means he may not have to do it alone.

**CAST:**

* Ryan Gosling as Dr. Ryland Grace
* Sandra Hüller as Eva Stratt
* James Ortiz as Rocky
* Lionel Boyce as Carl
* Ken Leung as Yao Li-Jie
* Milana Vayntrub as Olesya Ilyukhina

**DIRECTED BY:** Phil Lord &amp; Christopher Miller

**SCREENPLAY BY:** Drew Goddard

**BASED ON THE NOVEL BY:** Andy Weir

**PRODUCED BY:** Amy Pascal, Ryan Gosling, Phil Lord, Christopher Miller, Aditya Sood, Rachel O’Connor, Andy Weir

**EXECUTIVE PRODUCERS:** Patricia Whitcher, Drew Goddard, Lucy Kitada, Nikki Baida, Sarah Esberg, Ken Kao

**DIRECTOR OF PHOTOGRAPHY:** Greig Fraser

**PRODUCTION DESIGNER:** Charles Wood

**EDITED BY:** Chris Dickens

**COSTUME DESIGNER:** David Crossman, Glyn Dillon

**MUSIC BY:** Daniel Pemberton

**CASTING BY:** Nicole Abellera, Jeanne McCarthy

**RUNTIME:** 156 Minutes

**RELEASE DATE:** March 20, 2026",0.9999,
1rnkiba,boxoffice,Actresses at the Box Office: Lauren Bacall,"https://preview.redd.it/af57rr0unong1.png?width=1920&amp;format=png&amp;auto=webp&amp;s=4b863397cc3ad79e22fca0f27fb2207b4c20d74b

Here's a new edition of ""Actresses at the Box Office"", which seeks to explore the actiors' trajectory at the box office and analyze their hits and bombs. I already talked about a few, and as I promised, it's Lauren Bacall's turn.

#**Early Life**

In 1941, Bacall studied for a year at the American Academy of Dramatic Arts in New York, where she dated classmate Kirk Douglas. She worked as an usher at the St. James Theatre and as a fashion model in department stores. She made her acting debut on Broadway in 1942 at age 17 as a walk-on in *Johnny 2x4*. By then, she lived with her mother at 75 Bank Street and, in 1942, she was crowned Miss Greenwich Village. As a teenage fashion model, Bacall appeared on the cover of *Harper's Bazaar* and in magazines such as *Vogue*. A 1948 article in *Life* magazine referred to her ""cat-like grace, tawny blonde hair and blue-green eyes.""

#**1940s: Goodbye Modeling**

The *Harper's Bazaar* cover caught the attention of ""Slim"" Keith, the wife of Hollywood producer and director Howard Hawks. Keith urged her husband to invite Bacall to take a screen test for his forthcoming film *To Have and Have Not*. Hawks asked his secretary to find more information about Bacall, but the secretary misunderstood and sent Bacall a ticket to travel to Hollywood for the audition.

After meeting Bacall in Hollywood, Hawks immediately signed her to a 7-year contract with a weekly salary of $100 and personally began to manage her career. He changed her first name to Lauren, and she chose Bacall, a variant of her mother's maiden name, as her screen surname. Slim Hawks also took Bacall under her wing, dressing Bacall stylishly and guiding her in matters of elegance, manners and taste. At Hawks's suggestion, Bacall was trained by a voice coach to speak with a lower, deeper voice rather than her normally high-pitched, nasal voice. As part of her training, Bacall was required to shout verses of Shakespeare for hours every day. Her voice was characterized as a ""smoky, sexual growl"" by most critics and a ""throaty purr"". Bacall stood 5 feet 8 1⁄2 inches, unusually tall for actresses of the era and a half-inch taller than Humphrey Bogart.

*To Have and Have Not* was a big success, becoming one of the Top 10 grossing films of 1944. It's become one of Hawks' most acclaimed works, and elevated Bacall's stardom. Some time afterwards, Bogart divorced his wife and subsequently married Bacall.

Bacall appeared with Charles Boyer in *Confidential Agent*, which was poorly received by critics. By her own estimation, she had been terribly miscast and the film could have caused considerable damage to her career.

Luckily, she reunited with Hawks and Bogart on the noir thriller *The Big Sleep*. A critical and commercial hit, it laid the foundation for Bacall's status as an icon of film noir, with which she would be strongly associated for the rest of her career.

Bacall reunited with Bogart in two more films, *Dark Passage* and *Key Largo*. Both of these projects would be critical and financial success.

With just four films, Bacall already made a big impression on the industry during the 40s.

#**1950s: Can She Keep It Going?**

She began the decade with two films, *Young Man with a Horn* and *Bright Leaf*, both directed by Michael Curtiz. A moderate success, but nothing more.

After a break, she returned in 1953 with *How to Marry a Millionaire*, starring opposite Marilyn Monroe. It was a huge success, further elevating her profile. She followed it up with *Woman's World*, a success, but not quite as much as the prior film.

Soon afterwards, she experienced a slump in her career. *The Cobweb* was a big financial loss, while her team-up with John Wayne in *Blood Alley* was a disappointing performance.

She found success by starring in Douglas Sirk's melodrama *Written on the Wind*. She accepted the relatively unflashy role of Lucy Moore at the behest of her husband, Humphrey Bogart, as she felt her career was stalling. She also enjoyed success with *Designing Woman*, but she had a complicated schedule. Bogart was struggling with terminal esophageal cancer, and she took care of him until his death on January 14, 1957.

She ended the decade with *The Gift of Love* and *North West Frontier*, with the latter becoming a hit in the United Kingdom.

It was a rough decade, especially marked by the illness and death of Humphrey Bogart. But she was still determined to stay afloat.

#**1960s: All Quiet in Theaters**

She decided to move into Broadway, starring in some productions, to varying success. But mostly acclaimed.

This was a very small decade, mainly cause she only did 3 films. The first was *Shock Treatment*, a film that hoped to capitalize on the success of *Psycho*. But it was panned and flopped at the box office, with Bacall referring to it as the worst film of her career. But at least she had the hits *Sex and the Single Girl* and *Harper*, with the latter becoming her highest grossing title.

#**1970s: She's Back, Y'All**

After a 8-year hiatus, she returned to the big screen as part of the ensemble in Sidney Lumet's *Murder on the Orient Express*. It was a huge success, becoming her highest grossing film.

She only had another film this decade, the Western *The Shootist*, notable for being John Wayne's final film. It was well received and was a box office success.

Perhaps her biggest achievements were in Broadway. Starting in 1970, she played Margo Channing in *Applause*, a musical version of the film *All About Eve*, starring Bette Davis, Bacall's idol as a child. A young and unknown Bacall had met Davis years earlier in New York. After a performance of *Applause*, Davis visited Bacall backstage and told her, ""You're the only one who could have played the part."" Bacall would later win the Tony Award for Best Actress in a Musical for this.

#**1980s: Some Missed Opportunities**

The 80s started on a rough note for Bacall, as neither *Health* nor *The Fan* fared well. Although Bacall was publicly critical of the latter upon its original release, she later said that she felt her performance in it was ""among her very best"" work.

Following these disappointments, she returned to Broadway in the musical *Woman of the Year* with book by Peter Stone and music and lyrics by Kander and Ebb. The musical is based on the 1944 film starring Katharine Hepburn and Spencer Tracy. She went on to win her second Tony Award for Best Actress in a Musical.

She closed the decade with films like *Appointment with Death*, *Mr. North* and *Tree of Hands*. If you didn't hear about them, it's for a reason!

#**1990s: Back in the Spotlight**

After a decade where the films vanished without a trace, Bacall returned with a supporting role in Rob Reiner's *Misery*. The film was a critical darling and earned $61 million, becoming Bacall's highest grossing film. 

Unfortunately, she followed it up with the disaster film that was *All I Want for Christmas*. Her reunion with Robert Altman in *Prêt-à-Porter* was a panned failure, but it was a financial success.

You might notice one thing by now: how many times did I mention Oscar nominations? None. Because by this point, Bacall has not earned a single nomination, despite the amount of roles and films attached. Crazy, isn't it?

But that changed with *The Mirror Has Two Faces*, a film directed by and starring Barbra Streisand. The film became her highest grossing film, and she earned the best reviews in so many years. She won a Golden Globe and SAG for Best Supporting Actress, and earning an Oscar nomination. But even though she was the frontrunner, she lost it to Juliette Binoche for *The English Patient*, a polarizing decision given that was category fraud.

She closed the decade with a few films, although neither really made it past limited release.

She wasn't in her peak, but it seems like this was her comeback after a few decades of tough times.

#**21st Century: The Last Roles**

Even though she didn't get that Oscar, Bacall found a sort of renaissance in her career. She was in the ensemble cast of Lars Von Trier's *Dogville*. It divided critics and didn't fare well at the box office, but its reputation grew with time. A similar fate to her appearance in Jonathan Glazer's *Birth*.

During her last years, she tried more experimental films from Lars Von Trier and Paul Schrader, like *Manderlay* and *The Walker*. But they didn't pay off. She was seen in some foreign films, and even lent her voice to English dubs of films like *Howl's Moving Castle*, and even getting a role in *Scooby-Doo! and the Goblin King*. Her last film work was the English dub of *Ernest &amp; Celestine*.

Around this point, she tried TV from time to time. She had a guest appearance in the final season of *The Sopranos*, playing herself along with Ben Kingsley. Her last ever role was a voice guest role in the *Family Guy* episode ""Mom's the Word"".

#**The End**

On August 12, 2014, Bacall died at the age of 89 after suffering a stroke at her apartment in The Dakota, the Upper West Side building near Central Park in Manhattan. She was one of the last surviving major stars from the Golden Age of Hollywood cinema.

#**HIGHEST GROSSING FILMS**

No. | Movie | Year | Studio | Domestic Total | Overseas Total | Worldwide Total | Budget |
----------|----------|:--------:|----------|:--------:|:--------:|:--------:|:--------:
1 | *The Mirror Has Two Faces* | 1996 | Sony | $41,083,864 | $41,000,000 | $82,083,864 | $42M
2 | *Misery* | 1990 | Columbia | $61,276,872 | $0 | $61,276,872 | $18M
3 | *Prêt-à-Porter* | 1994 | Miramax | $11,300,653 | $35,500,000 | $46,800,653 | $18M
4 | *Murder on the Orient Express* | 1974 | Paramount | $35,733,867 | $0 | $35,733,867 | N/A
5 | *Birth* | 2004 | New Line Cinema | $5,095,038 | $18,830,723 | $23,926,401 | $20M
6 | *My Fellow Americans* | 1996 | Warner Bros. | $22,313,201 | $0 | $22,313,201 | $21M
7 | *Dogville* | 2003 | Lionsgate | $1,535,286 | $15,155,331 | $16,690,617 | $10M
8 | *All I Want for Christmas* | 1991 | Paramount | $14,812,144 | $0 | $14,812,144 | $12M
9 | *The Shootist* | 1976 | Paramount | $13,406,138 | $0 | $13,406,138 | N/A
10 | *Harper* | 1966 | Warner Bros. | $12,000,000 | $0 | $12,000,000 | $3.5M
11 | *To Have and Have Not* | 1944 | Warner Bros. | $7,304,000 | $3,210,000 | $10,514,000 | $1.6M
12 | *The Big Sleep* | 1946 | Warner Bros. | $6,986,000 | $2,750,000 | $9,736,000 | $1.6M
13 | *Key Largo* | 1948 | Warner Bros. | $6,438,000 | $2,300,000 | $8,738,000 | $1.8M
14 | *Written on the Wind* | 1956 | Universal | $8,600,000 | $0 | $8,600,000 | $1.3M
15 | *How to Marry a Millionaire* | 1953 | 20th Century Fox | $7,500,000 | $500,000 | $8,000,000 | $1.9M
16 | *Sex and the Single Girl* | 1964 | Warner Bros. | $8,000,000 | $0 | $8,000,000 | N/A
17 | *Designing Woman* | 1957 | Metro Goldwyn-Mayer | $4,350,000 | $3,150,000 | $7,500,000 | $1.8M
18 | *Dark Passage* | 1947 | Warner Bros. | $4,620,000 | $2,220,000 | $6,840,000 | $1.6M
19 | *Woman's World* | 1954 | 20th Century Fox | $6,000,000 | $0 | $6,000,000 | $2M
20 | *Bright Leaf* | 1950 | Warner Bros. | $3,404,000 | $1,488,000 | $4,892,000 | $1.9M
21 | *The Cobweb* | 1955 | Metro Goldwyn-Mayer | $3,404,000 | $1,186,000 | $4,590,000 | $1.9M
22 | *Blood Alley* | 1955 | Warner Bros. | $4,400,000 | $0 | $4,400,000 | $2M
23 | *The Fan* | 1981 | Paramount | $3,082,096 | $0 | $3,082,096 | $9M
24 | *Young Man with a Horn* | 1950 | Warner Bros. | $3,000,000 | $0 | $0 | N/A
25 | *Shock Treatment* | 1964 | Warner Bros. | $1,888,000 | $0 | $1,888,000 | $1.2M
26 | *Mr. North* | 1988 | The Samuel Goldwyn Company | $1,221,366 | $0 | $1,221,366 | $5.5M
27 | *Appointment with Death* | 1988 | Cannon | $960,040 | $0 | $960,040 | $6M
28 | *Manderlay* | 2005 | IFC Films | $78,378 | $596,540 | $674,918 | $14M
29 | *The Walker* | 2007 | THINKFilm | $79,698 | $510,718 | $590,416 | $14M

She has starred in 45 released films, but only 29 have reported box office numbers. Across those 45 films, she has made $428,270,593 worldwide. That's $9,517,124 per film.

#**ADJUSTED DOMESTIC GROSSES**

No. | Movie | Year | Studio | Domestic Total | Adjusted Domestic Total |
----------|----------|:--------:|----------|:--------:|:--------:|
1 | *Murder on the Orient Express* | 1974 | Paramount | $35,733,867 | $235,750,744
2 | *Misery* | 1990 | Columbia | $61,276,872 | $152,489,863
3 | *To Have and Have Not* | 1944 | Warner Bros. | $7,304,000 | $134,979,580
4 | *Harper* | 1966 | Warner Bros. | $12,000,000 | $120,463,703
5 | *The Big Sleep* | 1946 | Warner Bros. | $6,986,000 | $116,523,613
6 | *Written on the Wind* | 1956 | Universal | $8,600,000 | $102,837,029
7 | *How to Marry a Millionaire* | 1953 | 20th Century Fox | $7,500,000 | $91,362,921
8 | *Key Largo* | 1948 | Warner Bros. | $6,438,000 | $86,886,820
9 | *The Mirror Has Two Faces* | 1996 | Sony | $41,083,864 | $85,166,404
10 | *Sex and the Single Girl* | 1964 | Warner Bros. | $8,000,000 | $83,936,000
11 | *The Shootist* | 1976 | Paramount | $13,406,138 | $76,632,217
12 | *Woman's World* | 1954 | 20th Century Fox | $6,000,000 | $72,546,914
13 | *Dark Passage* | 1947 | Warner Bros. | $4,620,000 | $67,384,046
14 | *Blood Alley* | 1955 | Warner Bros. | $4,400,000 | $53,399,582
15 | *Designing Woman* | 1957 | Metro Goldwyn-Mayer | $4,350,000 | $50,350,398
16 | *My Fellow Americans* | 1996 | Warner Bros. | $22,313,201 | $46,255,023
17 | *Bright Leaf* | 1950 | Warner Bros. | $3,404,000 | $45,940,158
18 | *The Cobweb* | 1955 | Metro Goldwyn-Mayer | $3,404,000 | $41,311,858
19 | *Young Man with a Horn* | 1950 | Warner Bros. | $3,000,000 | $40,487,800
20 | *All I Want for Christmas* | 1991 | Paramount | $14,812,144 | $35,372,095
21 | *Prêt-à-Porter* | 1994 | Miramax | $11,300,653 | $24,801,349
22 | *Shock Treatment* | 1964 | Warner Bros. | $1,888,000 | $20,067,835
23 | *The Fan* | 1981 | Paramount | $3,082,096 | $11,028,139
24 | *Birth* | 2004 | New Line Cinema | $5,095,038 | $8,772,743
25 | *Mr. North* | 1988 | The Samuel Goldwyn Company | $1,221,366 | $3,358,002
26 | *Dogville* | 2003 | Lionsgate | $1,535,286 | $2,643,487
27 | *Appointment with Death* | 1988 | Cannon | $960,040 | $2,639,517
28 | *Manderlay* | 2005 | IFC Films | $78,378 | $126,451
29 | *The Walker* | 2007 | THINKFilm | $79,698 | $125,020

#**The Verdict**

Bacall had a very interesting career. Started with modeling, but Howard Hawks saw something in her and decided that she'd be the perfect lead for a star vehicle with Humphrey Bogart. A risky gamble, but it greatly paid off. John Huston also found her an interesting actress, which is why they collaborated in a lot of films. 

For a while, her films were very profitable and got high audience interest. But it's clear that after the 60s, she pivoted more to Broadway and plays, not wanting to prioritize films. And hey, that's understandable. Her 2 Tonys speak volumes. From that point on, she worked in small roles, with some lengthy gaps between each film. By the end of her career, you can tell she just wanted to do something much more experimental, which might be why she was part of two films by Lars Von Trier.

Bacall might not have the same recognition as other Golden Age stars like Katharine Hepburn, Ingrid Bergman, Marilyn Monroe, Audrey Hepburn, Elizabeth Taylor, Bette Davis, etc. But she made a good name for herself, even if the Academy didn't give her that Oscar.

Hope you liked this edition. You can find this and more in the [wiki for this section.](https://www.reddit.com/r/boxoffice/wiki/actors-at-the-box-office)

The next actress will be **Cher**. A great singer and a great actress.

I asked you to choose who else should be in the run, and the comment with the most upvotes would be chosen. Well, we'll later talk about... &gt;!Michael Douglas.!&lt; Someone that actually doesn't have enough credit for his box office successes.

This is the schedule for the following four:

Week | Actor | Reasoning
:-------:|:--------:|----------
March 14 | Cher | ""I got you babe.""
March 21 | Catherine O'Hara | ""how was I to know you were in peril? You keep everything inside like a bashful clam!""
March 28 | Humphrey Bogart | Here's looking at you, kid.
April 4 | Michael Douglas | As good as Kirk?

Who should be next after Douglas? That's up to you. And there's a theme.

Don't you love a lenghty career? Well, what about when that potential is cut short? And that's the theme: **actors gone too soon.** And I'm not talking about actors who retired, but may come back. It's for those actors who were on their way up, but they died young. To help with the criteria: no less than 3 films, and no more than 20 films.

#**REMINDER: If you want to make a suggestion for the next actor, you must make a 150-character comment about the actor we're discussing right now. Failure to do so will result in ignoring the suggestion. If you use a quote from an external source/review to bypass this, your suggestion will be ignored as well. But if you leave a short comment about the post without naming a future write-up, that's fine.**",29,10,1772915465.0,prada musical elton john,musical_extension,2026-03-07,"Actresses at the Box Office: Lauren Bacall https://preview.redd.it/af57rr0unong1.png?width=1920&amp;format=png&amp;auto=webp&amp;s=4b863397cc3ad79e22fca0f27fb2207b4c20d74b

Here's a new edition of ""Actresses at the Box Office"", which seeks to explore the actiors' trajectory at the box office and analyze their hits and bombs. I already talked about a few, and as I promised, it's Lauren Bacall's turn.

#**Early Life**

In 1941, Bacall studied for a year at the American Academy of Dramatic Arts in New York, where she dated classmate Kirk Douglas. She worked as an usher at the St. James Theatre and as a fashion model in department stores. She made her acting debut on Broadway in 1942 at age 17 as a walk-on in *Johnny 2x4*. By then, she lived with her mother at 75 Bank Street and, in 1942, she was crowned Miss Greenwich Village. As a teenage fashion model, Bacall appeared on the cover of *Harper's Bazaar* and in magazines such as *Vogue*. A 1948 article in *Life* magazine referred to her ""cat-like grace, tawny blonde hair and blue-green eyes.""

#**1940s: Goodbye Modeling**

The *Harper's Bazaar* cover caught the attention of ""Slim"" Keith, the wife of Hollywood producer and director Howard Hawks. Keith urged her husband to invite Bacall to take a screen test for his forthcoming film *To Have and Have Not*. Hawks asked his secretary to find more information about Bacall, but the secretary misunderstood and sent Bacall a ticket to travel to Hollywood for the audition.

After meeting Bacall in Hollywood, Hawks immediately signed her to a 7-year contract with a weekly salary of $100 and personally began to manage her career. He changed her first name to Lauren, and she chose Bacall, a variant of her mother's maiden name, as her screen surname. Slim Hawks also took Bacall under her wing, dressing Bacall stylishly and guiding her in matters of elegance, manners and taste. At Hawks's suggestion, Bacall was trained by a voice coach to speak with a lower, deeper voice rather than her normally high-pitched, nasal voice. As part of her training, Bacall was required to shout verses of Shakespeare for hours every day. Her voice was characterized as a ""smoky, sexual growl"" by most critics and a ""throaty purr"". Bacall stood 5 feet 8 1⁄2 inches, unusually tall for actresses of the era and a half-inch taller than Humphrey Bogart.

*To Have and Have Not* was a big success, becoming one of the Top 10 grossing films of 1944. It's become one of Hawks' most acclaimed works, and elevated Bacall's stardom. Some time afterwards, Bogart divorced his wife and subsequently married Bacall.

Bacall appeared with Charles Boyer in *Confidential Agent*, which was poorly received by critics. By her own estimation, she had been terribly miscast and the film could have caused considerable damage to her career.

Luckily, she reunited with Hawks and Bogart on the noir thriller *The Big Sleep*. A critical and commercial hit, it laid the foundation for Bacall's status as an icon of film noir, with which she would be strongly associated for the rest of her career.

Bacall reunited with Bogart in two more films, *Dark Passage* and *Key Largo*. Both of these projects would be critical and financial success.

With just four films, Bacall already made a big impression on the industry during the 40s.

#**1950s: Can She Keep It Going?**

She began the decade with two films, *Young Man with a Horn* and *Bright Leaf*, both directed by Michael Curtiz. A moderate success, but nothing more.

After a break, she returned in 1953 with *How to Marry a Millionaire*, starring opposite Marilyn Monroe. It was a huge success, further elevating her profile. She followed it up with *Woman's World*, a success, but not quite as much as the prior film.

Soon afterwards, she experienced a slump in her career. *The Cobweb* was a big financial loss, while her team-up with John Wayne in *Blood Alley* was a disappointing performance.

She found success by starring in Douglas Sirk's melodrama *Written on the Wind*. She accepted the relatively unflashy role of Lucy Moore at the behest of her husband, Humphrey Bogart, as she felt her career was stalling. She also enjoyed success with *Designing Woman*, but she had a complicated schedule. Bogart was struggling with terminal esophageal cancer, and she took care of him until his death on January 14, 1957.

She ended the decade with *The Gift of Love* and *North West Frontier*, with the latter becoming a hit in the United Kingdom.

It was a rough decade, especially marked by the illness and death of Humphrey Bogart. But she was still determined to stay afloat.

#**1960s: All Quiet in Theaters**

She decided to move into Broadway, starring in some productions, to varying success. But mostly acclaimed.

This was a very small decade, mainly cause she only did 3 films. The first was *Shock Treatment*, a film that hoped to capitalize on the success of *Psycho*. But it was panned and flopped at the box office, with Bacall referring to it as the worst film of her career. But at least she had the hits *Sex and the Single Girl* and *Harper*, with the latter becoming her highest grossing title.

#**1970s: She's Back, Y'All**

After a 8-year hiatus, she returned to the big screen as part of the ensemble in Sidney Lumet's *Murder on the Orient Express*. It was a huge success, becoming her highest grossing film.

She only had another film this decade, the Western *The Shootist*, notable for being John Wayne's final film. It was well received and was a box office success.

Perhaps her biggest achievements were in Broadway. Starting in 1970, she played Margo Channing in *Applause*, a musical version of the film *All About Eve*, starring Bette Davis, Bacall's idol as a child. A young and unknown Bacall had met Davis years earlier in New York. After a performance of *Applause*, Davis visited Bacall backstage and told her, ""You're the only one who could have played the part."" Bacall would later win the Tony Award for Best Actress in a Musical for this.

#**1980s: Some Missed Opportunities**

The 80s started on a rough note for Bacall, as neither *Health* nor *The Fan* fared well. Although Bacall was publicly critical of the latter upon its original release, she later said that she felt her performance in it was ""among her very best"" work.

Following these disappointments, she returned to Broadway in the musical *Woman of the Year* with book by Peter Stone and music and lyrics by Kander and Ebb. The musical is based on the 1944 film starring Katharine Hepburn and Spencer Tracy. She went on to win her second Tony Award for Best Actress in a Musical.

She closed the decade with films like *Appointment with Death*, *Mr. North* and *Tree of Hands*. If you didn't hear about them, it's for a reason!

#**1990s: Back in the Spotlight**

After a decade where the films vanished without a trace, Bacall returned with a supporting role in Rob Reiner's *Misery*. The film was a critical darling and earned $61 million, becoming Bacall's highest grossing film. 

Unfortunately, she followed it up with the disaster film that was *All I Want for Christmas*. Her reunion with Robert Altman in *Prêt-à-Porter* was a panned failure, but it was a financial success.

You might notice one thing by now: how many times did I mention Oscar nominations? None. Because by this point, Bacall has not earned a single nomination, despite the amount of roles and films attached. Crazy, isn't it?

But that changed with *The Mirror Has Two Faces*, a film directed by and starring Barbra Streisand. The film became her highest grossing film, and she earned the best reviews in so many years. She won a Golden Globe and SAG for Best Supporting Actress, and earning an Oscar nomination. But even though she was the frontrunner, she lost it to Juliette Binoche for *The English Patient*, a polarizing decision given that was category fraud.

She closed the decade with a few films, although neither really made it past limited release.

She wasn't in her peak, but it seems like this was her comeback after a few decades of tough times.

#**21st Century: The Last Roles**

Even though she didn't get that Oscar, Bacall found a sort of renaissance in her career. She was in the ensemble cast of Lars Von Trier's *Dogville*. It divided critics and didn't fare well at the box office, but its reputation grew with time. A similar fate to her appearance in Jonathan Glazer's *Birth*.

During her last years, she tried more experimental films from Lars Von Trier and Paul Schrader, like *Manderlay* and *The Walker*. But they didn't pay off. She was seen in some foreign films, and even lent her voice to English dubs of films like *Howl's Moving Castle*, and even getting a role in *Scooby-Doo! and the Goblin King*. Her last film work was the English dub of *Ernest &amp; Celestine*.

Around this point, she tried TV from time to time. She had a guest appearance in the final season of *The Sopranos*, playing herself along with Ben Kingsley. Her last ever role was a voice guest role in the *Family Guy* episode ""Mom's the Word"".

#**The End**

On August 12, 2014, Bacall died at the age of 89 after suffering a stroke at her apartment in The Dakota, the Upper West Side building near Central Park in Manhattan. She was one of the last surviving major stars from the Golden Age of Hollywood cinema.

#**HIGHEST GROSSING FILMS**

No. | Movie | Year | Studio | Domestic Total | Overseas Total | Worldwide Total | Budget |
----------|----------|:--------:|----------|:--------:|:--------:|:--------:|:--------:
1 | *The Mirror Has Two Faces* | 1996 | Sony | $41,083,864 | $41,000,000 | $82,083,864 | $42M
2 | *Misery* | 1990 | Columbia | $61,276,872 | $0 | $61,276,872 | $18M
3 | *Prêt-à-Porter* | 1994 | Miramax | $11,300,653 | $35,500,000 | $46,800,653 | $18M
4 | *Murder on the Orient Express* | 1974 | Paramount | $35,733,867 | $0 | $35,733,867 | N/A
5 | *Birth* | 2004 | New Line Cinema | $5,095,038 | $18,830,723 | $23,926,401 | $20M
6 | *My Fellow Americans* | 1996 | Warner Bros. | $22,313,201 | $0 | $22,313,201 | $21M
7 | *Dogville* | 2003 | Lionsgate | $1,535,286 | $15,155,331 | $16,690,617 | $10M
8 | *All I Want for Christmas* | 1991 | Paramount | $14,812,144 | $0 | $14,812,144 | $12M
9 | *The Shootist* | 1976 | Paramount | $13,406,138 | $0 | $13,406,138 | N/A
10 | *Harper* | 1966 | Warner Bros. | $12,000,000 | $0 | $12,000,000 | $3.5M
11 | *To Have and Have Not* | 1944 | Warner Bros. | $7,304,000 | $3,210,000 | $10,514,000 | $1.6M
12 | *The Big Sleep* | 1946 | Warner Bros. | $6,986,000 | $2,750,000 | $9,736,000 | $1.6M
13 | *Key Largo* | 1948 | Warner Bros. | $6,438,000 | $2,300,000 | $8,738,000 | $1.8M
14 | *Written on the Wind* | 1956 | Universal | $8,600,000 | $0 | $8,600,000 | $1.3M
15 | *How to Marry a Millionaire* | 1953 | 20th Century Fox | $7,500,000 | $500,000 | $8,000,000 | $1.9M
16 | *Sex and the Single Girl* | 1964 | Warner Bros. | $8,000,000 | $0 | $8,000,000 | N/A
17 | *Designing Woman* | 1957 | Metro Goldwyn-Mayer | $4,350,000 | $3,150,000 | $7,500,000 | $1.8M
18 | *Dark Passage* | 1947 | Warner Bros. | $4,620,000 | $2,220,000 | $6,840,000 | $1.6M
19 | *Woman's World* | 1954 | 20th Century Fox | $6,000,000 | $0 | $6,000,000 | $2M
20 | *Bright Leaf* | 1950 | Warner Bros. | $3,404,000 | $1,488,000 | $4,892,000 | $1.9M
21 | *The Cobweb* | 1955 | Metro Goldwyn-Mayer | $3,404,000 | $1,186,000 | $4,590,000 | $1.9M
22 | *Blood Alley* | 1955 | Warner Bros. | $4,400,000 | $0 | $4,400,000 | $2M
23 | *The Fan* | 1981 | Paramount | $3,082,096 | $0 | $3,082,096 | $9M
24 | *Young Man with a Horn* | 1950 | Warner Bros. | $3,000,000 | $0 | $0 | N/A
25 | *Shock Treatment* | 1964 | Warner Bros. | $1,888,000 | $0 | $1,888,000 | $1.2M
26 | *Mr. North* | 1988 | The Samuel Goldwyn Company | $1,221,366 | $0 | $1,221,366 | $5.5M
27 | *Appointment with Death* | 1988 | Cannon | $960,040 | $0 | $960,040 | $6M
28 | *Manderlay* | 2005 | IFC Films | $78,378 | $596,540 | $674,918 | $14M
29 | *The Walker* | 2007 | THINKFilm | $79,698 | $510,718 | $590,416 | $14M

She has starred in 45 released films, but only 29 have reported box office numbers. Across those 45 films, she has made $428,270,593 worldwide. That's $9,517,124 per film.

#**ADJUSTED DOMESTIC GROSSES**

No. | Movie | Year | Studio | Domestic Total | Adjusted Domestic Total |
----------|----------|:--------:|----------|:--------:|:--------:|
1 | *Murder on the Orient Express* | 1974 | Paramount | $35,733,867 | $235,750,744
2 | *Misery* | 1990 | Columbia | $61,276,872 | $152,489,863
3 | *To Have and Have Not* | 1944 | Warner Bros. | $7,304,000 | $134,979,580
4 | *Harper* | 1966 | Warner Bros. | $12,000,000 | $120,463,703
5 | *The Big Sleep* | 1946 | Warner Bros. | $6,986,000 | $116,523,613
6 | *Written on the Wind* | 1956 | Universal | $8,600,000 | $102,837,029
7 | *How to Marry a Millionaire* | 1953 | 20th Century Fox | $7,500,000 | $91,362,921
8 | *Key Largo* | 1948 | Warner Bros. | $6,438,000 | $86,886,820
9 | *The Mirror Has Two Faces* | 1996 | Sony | $41,083,864 | $85,166,404
10 | *Sex and the Single Girl* | 1964 | Warner Bros. | $8,000,000 | $83,936,000
11 | *The Shootist* | 1976 | Paramount | $13,406,138 | $76,632,217
12 | *Woman's World* | 1954 | 20th Century Fox | $6,000,000 | $72,546,914
13 | *Dark Passage* | 1947 | Warner Bros. | $4,620,000 | $67,384,046
14 | *Blood Alley* | 1955 | Warner Bros. | $4,400,000 | $53,399,582
15 | *Designing Woman* | 1957 | Metro Goldwyn-Mayer | $4,350,000 | $50,350,398
16 | *My Fellow Americans* | 1996 | Warner Bros. | $22,313,201 | $46,255,023
17 | *Bright Leaf* | 1950 | Warner Bros. | $3,404,000 | $45,940,158
18 | *The Cobweb* | 1955 | Metro Goldwyn-Mayer | $3,404,000 | $41,311,858
19 | *Young Man with a Horn* | 1950 | Warner Bros. | $3,000,000 | $40,487,800
20 | *All I Want for Christmas* | 1991 | Paramount | $14,812,144 | $35,372,095
21 | *Prêt-à-Porter* | 1994 | Miramax | $11,300,653 | $24,801,349
22 | *Shock Treatment* | 1964 | Warner Bros. | $1,888,000 | $20,067,835
23 | *The Fan* | 1981 | Paramount | $3,082,096 | $11,028,139
24 | *Birth* | 2004 | New Line Cinema | $5,095,038 | $8,772,743
25 | *Mr. North* | 1988 | The Samuel Goldwyn Company | $1,221,366 | $3,358,002
26 | *Dogville* | 2003 | Lionsgate | $1,535,286 | $2,643,487
27 | *Appointment with Death* | 1988 | Cannon | $960,040 | $2,639,517
28 | *Manderlay* | 2005 | IFC Films | $78,378 | $126,451
29 | *The Walker* | 2007 | THINKFilm | $79,698 | $125,020

#**The Verdict**

Bacall had a very interesting career. Started with modeling, but Howard Hawks saw something in her and decided that she'd be the perfect lead for a star vehicle with Humphrey Bogart. A risky gamble, but it greatly paid off. John Huston also found her an interesting actress, which is why they collaborated in a lot of films. 

For a while, her films were very profitable and got high audience interest. But it's clear that after the 60s, she pivoted more to Broadway and plays, not wanting to prioritize films. And hey, that's understandable. Her 2 Tonys speak volumes. From that point on, she worked in small roles, with some lengthy gaps between each film. By the end of her career, you can tell she just wanted to do something much more experimental, which might be why she was part of two films by Lars Von Trier.

Bacall might not have the same recognition as other Golden Age stars like Katharine Hepburn, Ingrid Bergman, Marilyn Monroe, Audrey Hepburn, Elizabeth Taylor, Bette Davis, etc. But she made a good name for herself, even if the Academy didn't give her that Oscar.

Hope you liked this edition. You can find this and more in the [wiki for this section.](https://www.reddit.com/r/boxoffice/wiki/actors-at-the-box-office)

The next actress will be **Cher**. A great singer and a great actress.

I asked you to choose who else should be in the run, and the comment with the most upvotes would be chosen. Well, we'll later talk about... &gt;!Michael Douglas.!&lt; Someone that actually doesn't have enough credit for his box office successes.

This is the schedule for the following four:

Week | Actor | Reasoning
:-------:|:--------:|----------
March 14 | Cher | ""I got you babe.""
March 21 | Catherine O'Hara | ""how was I to know you were in peril? You keep everything inside like a bashful clam!""
March 28 | Humphrey Bogart | Here's looking at you, kid.
April 4 | Michael Douglas | As good as Kirk?

Who should be next after Douglas? That's up to you. And there's a theme.

Don't you love a lenghty career? Well, what about when that potential is cut short? And that's the theme: **actors gone too soon.** And I'm not talking about actors who retired, but may come back. It's for those actors who were on their way up, but they died young. To help with the criteria: no less than 3 films, and no more than 20 films.

#**REMINDER: If you want to make a suggestion for the next actor, you must make a 150-character comment about the actor we're discussing right now. Failure to do so will result in ignoring the suggestion. If you use a quote from an external source/review to bypass this, your suggestion will be ignored as well. But if you leave a short comment about the post without naming a future write-up, that's fine.**",0.9985,
1rn1jc0,boxoffice,'Hoppers' Rotten Tomatoes Verified Audience Score Thread,"I will continue to update this post as the score changes.

**Rotten Tomatoes Popcornmeter:** Verified Hot

**Audience Says:** Hop, hop, hop to *Hoppers* \-- a peak return for Pixar that delivers an absurdly cute and jubilant story for kids, adults, and animal lovers alike.

|Audience|Score|**Number of Reviews**|**Average Rating**|
|:-|:-|:-|:-|
|**Verified Audience**|94%|1,000+|4.6/5|
|**All Audience**|92%|1,000+​|4.5/5|

**Verified Audience Score History:**

* 94% (4.6/5) at 500+
* 94% (4.6/5) at 1,000+

[**Rotten Tomatoes:**](https://www.rottentomatoes.com/m/hoppers) Certified Fresh

**Critics Consensus:** An eager beaver for endearment that has the charm to back it up, *Hoppers* is a sprightly riot that might just be the funniest entry in the Pixar canon yet.

|Critics|Score|**Number of Reviews**|Average Rating (Unofficial)|
|:-|:-|:-|:-|
|**All Critics**|94%|150|7.90/10|
|**Top Critics**|97%|33||

[**Metacritic:**](https://www.metacritic.com/movie/hoppers/) 73 (41 Reviews)

**Sample Reviews:**

Robbie Collin, Daily Telegraph (UK) **4/5** \- Yet Hoppers has the upper hand in a few key respects: it’s breezily funny, commendably fleet and appealingly modest in scale.

Radheyan Simonpillai, CBC Radio - Hoppers wants to get to this hopeful, less hostile place, where two opposing sides (a beatnik activist and a smarmy politician) can co-exist, in a way that risks being a cop out. But it works. And it stays joyful through and through.

Katie Walsh, Tribune News Service **3.5/4** \- Chong leans into the bonkers, the film at times achieving the quality of a surreal fever dream.

Sara Michelle Fetters, [MovieFreak.com](http://MovieFreak.com) **3.5/4** \- Pixar returns to the head of the animation class with Hoppers, a vibrant, imaginative, and, best of all, exceedingly funny flight of zany madness that is sure to send audiences out of the theater sporting a gigantic smile.

Mark Kermode, Kermode and Mayo's Take (YouTube) - It's heart is in the right place and it's good fun.

Peter Travers, The Travers Take **3/4** \- Even when it hops off course, this animated gem is funny and fierce in all the right places. Pixar is back, baby. Haters deserve a good squishing.

Alissa Wilkinson, New York Times - Hoppers possesses that certain charm that comes with pudgy beavers and dastardly caterpillars, and a touch of weird humor beside. Cute animals and a little absurdity can make any mildly overcrowded plot more watchable.

Rafer Guzman, Newsday **3/4** \- Disney-Pixar’s latest balances a familiar plot with endearing characters and a hopeful message.

Richard Whittaker, Austin Chronicle **3/5** \- You’ll laugh, you’ll cry, you’ll learn what a keystone species is.

Danny Leigh, Financial Times **3/5** \- The movie is invested with care and energy, sprinkled with gags and neat flights of fancy.

Randy Myers, San Jose Mercury News **3.5/4** \- Hoppers doesn’t have the emotional depth of “Toy Story,” but that’s not its purpose. This one makes you laugh and gasp and even question the audacity of what you just saw before. Go see it.

Alonso Duralde, The Film Verdict - Kudos to Andrews for avoiding two clichéd tropes that Pixar seems to love: there’s no seemingly-benign authority figure who later turns out to be evil, and the two best-friend protagonists don’t have a falling-out just to prompt the final act.

Philip De Semlyen, Time Out **4/5** \- Smart storytelling and snappy editing elevate the jokes and enrich the emotions... The animation, bursting with autumnal colours, is a delight too. It won’t save the planet but it just might fire up a new generation of Mabels. Go to Full Review

Lindsey Bahr, Associated Press **3.5/4** \- “Hoppers” might still feel fairly distant from the heights of peak Pixar; It’s also a big, joyful leap in the right direction.

Johnny Oleksinski, New York Post **3/4** \- What separates “Hoppers” from the pack of recent Pix flix, which have been wholesome as a church bake sale, is its comic irreverence. Director Daniel Chong’s original movie is terribly funny.

Kristen Lopez, The Film Maven **C+** \- Hoppers is one of the best Pixar movies in recent years, though the script does feel slight in character motivations. However, the delightful voice cast led by Curda and Moynihan are great, and the movie is at its best when it's weird.

Bilge Ebiri, New York Magazine/Vulture - A fun, modest little movie with enough zip and charm to keep kids engaged, and as such, one doesn’t want to criticize it too much. But the memory of what Pixar once was... may still make us wonder where all that energy and originality and artistry went.

John Nugent, Empire Magazine **4/5** \- Don’t call it a comeback -- but this is really strong stuff from Pixar: funny, thoughtful, sweet, making for a heartfelt paean to nature, and beavers in particular. Dam good.

Aparita Bhandari, Globe and Mail - Like many of its Pixar predecessors, Hoppers manages to thread the needle between a charming story for a young audience and a considered take on the climate crisis that will also resonate for their adult caregivers.

G. Allen Johnson, San Francisco Chronicle **3/4** \- While Pixar doesn’t exactly alter the chemistry here, “Hoppers” is energetic and fun. What makes it worthy is that Chong has an authentic interest in the animals’ interaction with humans, and brings feeling to that conflict.

Tim Grierson, Screen International.- Sometimes the convoluted story forces its emotional beats, but Hoppers is a largely successful animation that introduces a refreshingly darker strain of humour alongside its paeans to the natural world.

Kevin Maher, The Times (UK) **3/5** \- There’s lots of fun here, some of the one-liners are exquisite and the helter-skelter finale is delightfully overstuffed. Frustratingly, it’s still second-grade Pixar.

Peter Bradshaw, Guardian **4/5** \- The film perhaps suffers from a loss of nerve about how villainous to make the villain, but it zaps along very entertainingly.

Billie Melissa, Newsweek - ""Hoppers"" is thoughtful, heartfelt, and profound in a way that warms you in a divisive world.

Nell Minow, RogerEbert.com **4/4** \- 'Hoppers’ is Pixar at its best, a story with warmth, humor, exciting action, endearing characters, and a reassuringly expansive notion of community.

Linda Marric, HeyUGuys **5/5** \- Wildly inventive, visually stunning, and laugh-out-loud hilarious, Hoppers is not just a return to form; it’s Pixar at full creative power. I cannot wait to watch it again and again.

Clarisse Loughrey, Independent (UK) **4/5** \- Odd and spiky enough to carve out its own niche. Pixar, certainly, have only benefited from the energetic, expressive influence of anime on western animation. All their creatures leap around the screen like they’ve just been electrocuted.

David Rooney, The Hollywood Reporter - It shouldn’t all hang together as well as it does, but the movie’s freewheeling plotting is exhilarating, even more so when a frantic chase accelerates the action.

Matt Singer, ScreenCrush **6/10** \- Pixar’s latest has a couple fun gags, an uplifting theme, and a very messy story.

Owen Gleiberman, Variety - “Hoppers” never stops surprising you in rudely antic ways, and that’s the essence of its delight.

William Bibbiani, TheWrap - 'Hoppers' isn’t just James Cameron’s 'Avatar' if it had feelings, it’s also James Cameron’s 'Avatar' if it was good.

Wilson Chapman, IndieWire **B+** \- There’s not enough time to deepen the sweet friendship between Mabel and George into something as powerful as, say, Merlin and Dory in “Finding Nemo.” Still, what we do get is pretty uniformly delightful.

Eli Friedberg, Slant Magazine **2/4** \- It falls well short of providing any satisfying exploration of its weighty theme of persuasion versus violence in the face of oppression.

**SYNOPSIS:**

What if you could talk to animals and understand what they’re saying? In Disney and Pixar’s all-new feature film “Hoppers,” scientists have discovered how to “hop” human consciousness into lifelike robotic animals, allowing people to communicate with animals as animals!

The adventure introduces Mabel, an animal lover who seizes an opportunity to use the technology, uncovering mysteries within the animal world that are beyond anything she could have imagined.

**CAST:**

* Piper Curda as Mabel
* Bobby Moynihan as King George
* Jon Hamm as Mayor Jerry
* Meryl Streep as Insect Queen
* Dave Franco as Titus
* Kathy Najimy as Dr. Sam
* Eduardo Franco as Loaf
* Melissa Villaseñor as Ellen
* Ego Nwodim as Fish Queen
* Vanessa Bayer as Diane
* Sam Richardson as Conner
* Aparna Nancherla as Nisha
* Nichole Sakura as Reptile Queens
* Isiah Whitlock Jr. as Bird King
* Steve Purcell as Amphibian King
* Karen Huie as Grandma Tanaka
* Tom Law as Tom Lizard

**DIRECTED BY:** Daniel Chong

**SCREENPLAY BY:** Jesse Andrews

**PRODUCED BY:** Nicole Paradis Grindle

**EXECUTIVE PRODUCERS:** Pete Docter, Peter Sohn, Kiri Hart

**DIRECTOR OF PHOTOGRAPHY:** Jeremy Lasky, Ian Megibben

**PRODUCTION DESIGNER:** Bryn Imagire

**VISUAL EFFECTS SUPERVISOR:** Beth Albright

**STORY SUPERVISORS:** John Cody Kim, Madeline Sharafian

**ANIMATION SUPERVISOR:** Alon Winterstein

**EDITED BY:** Axel Geddes

**MUSIC BY:** Mark Mothersbaugh

**RUNTIME:** 105 Minutes

**RELEASE DATE:** March 6, 2026",149,31,1772861439.0,prada musical elton john,musical_extension,2026-03-07,"'Hoppers' Rotten Tomatoes Verified Audience Score Thread I will continue to update this post as the score changes.

**Rotten Tomatoes Popcornmeter:** Verified Hot

**Audience Says:** Hop, hop, hop to *Hoppers* \-- a peak return for Pixar that delivers an absurdly cute and jubilant story for kids, adults, and animal lovers alike.

|Audience|Score|**Number of Reviews**|**Average Rating**|
|:-|:-|:-|:-|
|**Verified Audience**|94%|1,000+|4.6/5|
|**All Audience**|92%|1,000+​|4.5/5|

**Verified Audience Score History:**

* 94% (4.6/5) at 500+
* 94% (4.6/5) at 1,000+

[**Rotten Tomatoes:**](https://www.rottentomatoes.com/m/hoppers) Certified Fresh

**Critics Consensus:** An eager beaver for endearment that has the charm to back it up, *Hoppers* is a sprightly riot that might just be the funniest entry in the Pixar canon yet.

|Critics|Score|**Number of Reviews**|Average Rating (Unofficial)|
|:-|:-|:-|:-|
|**All Critics**|94%|150|7.90/10|
|**Top Critics**|97%|33||

[**Metacritic:**](https://www.metacritic.com/movie/hoppers/) 73 (41 Reviews)

**Sample Reviews:**

Robbie Collin, Daily Telegraph (UK) **4/5** \- Yet Hoppers has the upper hand in a few key respects: it’s breezily funny, commendably fleet and appealingly modest in scale.

Radheyan Simonpillai, CBC Radio - Hoppers wants to get to this hopeful, less hostile place, where two opposing sides (a beatnik activist and a smarmy politician) can co-exist, in a way that risks being a cop out. But it works. And it stays joyful through and through.

Katie Walsh, Tribune News Service **3.5/4** \- Chong leans into the bonkers, the film at times achieving the quality of a surreal fever dream.

Sara Michelle Fetters, [MovieFreak.com](http://MovieFreak.com) **3.5/4** \- Pixar returns to the head of the animation class with Hoppers, a vibrant, imaginative, and, best of all, exceedingly funny flight of zany madness that is sure to send audiences out of the theater sporting a gigantic smile.

Mark Kermode, Kermode and Mayo's Take (YouTube) - It's heart is in the right place and it's good fun.

Peter Travers, The Travers Take **3/4** \- Even when it hops off course, this animated gem is funny and fierce in all the right places. Pixar is back, baby. Haters deserve a good squishing.

Alissa Wilkinson, New York Times - Hoppers possesses that certain charm that comes with pudgy beavers and dastardly caterpillars, and a touch of weird humor beside. Cute animals and a little absurdity can make any mildly overcrowded plot more watchable.

Rafer Guzman, Newsday **3/4** \- Disney-Pixar’s latest balances a familiar plot with endearing characters and a hopeful message.

Richard Whittaker, Austin Chronicle **3/5** \- You’ll laugh, you’ll cry, you’ll learn what a keystone species is.

Danny Leigh, Financial Times **3/5** \- The movie is invested with care and energy, sprinkled with gags and neat flights of fancy.

Randy Myers, San Jose Mercury News **3.5/4** \- Hoppers doesn’t have the emotional depth of “Toy Story,” but that’s not its purpose. This one makes you laugh and gasp and even question the audacity of what you just saw before. Go see it.

Alonso Duralde, The Film Verdict - Kudos to Andrews for avoiding two clichéd tropes that Pixar seems to love: there’s no seemingly-benign authority figure who later turns out to be evil, and the two best-friend protagonists don’t have a falling-out just to prompt the final act.

Philip De Semlyen, Time Out **4/5** \- Smart storytelling and snappy editing elevate the jokes and enrich the emotions... The animation, bursting with autumnal colours, is a delight too. It won’t save the planet but it just might fire up a new generation of Mabels. Go to Full Review

Lindsey Bahr, Associated Press **3.5/4** \- “Hoppers” might still feel fairly distant from the heights of peak Pixar; It’s also a big, joyful leap in the right direction.

Johnny Oleksinski, New York Post **3/4** \- What separates “Hoppers” from the pack of recent Pix flix, which have been wholesome as a church bake sale, is its comic irreverence. Director Daniel Chong’s original movie is terribly funny.

Kristen Lopez, The Film Maven **C+** \- Hoppers is one of the best Pixar movies in recent years, though the script does feel slight in character motivations. However, the delightful voice cast led by Curda and Moynihan are great, and the movie is at its best when it's weird.

Bilge Ebiri, New York Magazine/Vulture - A fun, modest little movie with enough zip and charm to keep kids engaged, and as such, one doesn’t want to criticize it too much. But the memory of what Pixar once was... may still make us wonder where all that energy and originality and artistry went.

John Nugent, Empire Magazine **4/5** \- Don’t call it a comeback -- but this is really strong stuff from Pixar: funny, thoughtful, sweet, making for a heartfelt paean to nature, and beavers in particular. Dam good.

Aparita Bhandari, Globe and Mail - Like many of its Pixar predecessors, Hoppers manages to thread the needle between a charming story for a young audience and a considered take on the climate crisis that will also resonate for their adult caregivers.

G. Allen Johnson, San Francisco Chronicle **3/4** \- While Pixar doesn’t exactly alter the chemistry here, “Hoppers” is energetic and fun. What makes it worthy is that Chong has an authentic interest in the animals’ interaction with humans, and brings feeling to that conflict.

Tim Grierson, Screen International.- Sometimes the convoluted story forces its emotional beats, but Hoppers is a largely successful animation that introduces a refreshingly darker strain of humour alongside its paeans to the natural world.

Kevin Maher, The Times (UK) **3/5** \- There’s lots of fun here, some of the one-liners are exquisite and the helter-skelter finale is delightfully overstuffed. Frustratingly, it’s still second-grade Pixar.

Peter Bradshaw, Guardian **4/5** \- The film perhaps suffers from a loss of nerve about how villainous to make the villain, but it zaps along very entertainingly.

Billie Melissa, Newsweek - ""Hoppers"" is thoughtful, heartfelt, and profound in a way that warms you in a divisive world.

Nell Minow, RogerEbert.com **4/4** \- 'Hoppers’ is Pixar at its best, a story with warmth, humor, exciting action, endearing characters, and a reassuringly expansive notion of community.

Linda Marric, HeyUGuys **5/5** \- Wildly inventive, visually stunning, and laugh-out-loud hilarious, Hoppers is not just a return to form; it’s Pixar at full creative power. I cannot wait to watch it again and again.

Clarisse Loughrey, Independent (UK) **4/5** \- Odd and spiky enough to carve out its own niche. Pixar, certainly, have only benefited from the energetic, expressive influence of anime on western animation. All their creatures leap around the screen like they’ve just been electrocuted.

David Rooney, The Hollywood Reporter - It shouldn’t all hang together as well as it does, but the movie’s freewheeling plotting is exhilarating, even more so when a frantic chase accelerates the action.

Matt Singer, ScreenCrush **6/10** \- Pixar’s latest has a couple fun gags, an uplifting theme, and a very messy story.

Owen Gleiberman, Variety - “Hoppers” never stops surprising you in rudely antic ways, and that’s the essence of its delight.

William Bibbiani, TheWrap - 'Hoppers' isn’t just James Cameron’s 'Avatar' if it had feelings, it’s also James Cameron’s 'Avatar' if it was good.

Wilson Chapman, IndieWire **B+** \- There’s not enough time to deepen the sweet friendship between Mabel and George into something as powerful as, say, Merlin and Dory in “Finding Nemo.” Still, what we do get is pretty uniformly delightful.

Eli Friedberg, Slant Magazine **2/4** \- It falls well short of providing any satisfying exploration of its weighty theme of persuasion versus violence in the face of oppression.

**SYNOPSIS:**

What if you could talk to animals and understand what they’re saying? In Disney and Pixar’s all-new feature film “Hoppers,” scientists have discovered how to “hop” human consciousness into lifelike robotic animals, allowing people to communicate with animals as animals!

The adventure introduces Mabel, an animal lover who seizes an opportunity to use the technology, uncovering mysteries within the animal world that are beyond anything she could have imagined.

**CAST:**

* Piper Curda as Mabel
* Bobby Moynihan as King George
* Jon Hamm as Mayor Jerry
* Meryl Streep as Insect Queen
* Dave Franco as Titus
* Kathy Najimy as Dr. Sam
* Eduardo Franco as Loaf
* Melissa Villaseñor as Ellen
* Ego Nwodim as Fish Queen
* Vanessa Bayer as Diane
* Sam Richardson as Conner
* Aparna Nancherla as Nisha
* Nichole Sakura as Reptile Queens
* Isiah Whitlock Jr. as Bird King
* Steve Purcell as Amphibian King
* Karen Huie as Grandma Tanaka
* Tom Law as Tom Lizard

**DIRECTED BY:** Daniel Chong

**SCREENPLAY BY:** Jesse Andrews

**PRODUCED BY:** Nicole Paradis Grindle

**EXECUTIVE PRODUCERS:** Pete Docter, Peter Sohn, Kiri Hart

**DIRECTOR OF PHOTOGRAPHY:** Jeremy Lasky, Ian Megibben

**PRODUCTION DESIGNER:** Bryn Imagire

**VISUAL EFFECTS SUPERVISOR:** Beth Albright

**STORY SUPERVISORS:** John Cody Kim, Madeline Sharafian

**ANIMATION SUPERVISOR:** Alon Winterstein

**EDITED BY:** Axel Geddes

**MUSIC BY:** Mark Mothersbaugh

**RUNTIME:** 105 Minutes

**RELEASE DATE:** March 6, 2026",0.9998,
1rpc7qd,investing,China Controls 65% of Global Titanium Production and the U.S. Makes None. DD on the Company Trying to Fix That (NASDAQ: IPX),"The United States has no domestic titanium sponge production. The last commercial sponge facility, operated by TIMET, was idled in 2020. Approximately 87% of U.S. titanium sponge imports come from Japan per USGS data.

Japan is a U.S. ally but has no titanium ore of its own. Japanese sponge producers source ore from Australia and South Africa, process it through the Kroll reduction process domestically, and export finished sponge to the U.S.

China produces approximately 63-69% of global titanium sponge and has tripled its capacity since 2018. Most Chinese sponge is not certified for Western aerospace applications. Russia's VSMPO-AVISMA, majority state-owned through Rostec, historically supplied 60-80% of titanium directly to Boeing and Airbus as a direct aerospace-grade sponge and ingot supplier, separate from the Japanese supply chain. That source is now sanctioned. The gap has been absorbed by increased purchases from Japan and Kazakhstan, not by domestic production.

Titanium is present in essentially all U.S. military aircraft, naval vessels, missiles, and satellites. There is no direct substitute material that matches titanium's combination of strength-to-weight ratio, heat resistance, and corrosion resistance for these applications.

IperionX (NASDAQ: IPX / ASX: IPX) is building domestic titanium production capacity in Virginia using a process that does not require imported sponge. The company has a commissioned manufacturing plant, the largest permitted titanium mineral resource in the United States in Tennessee, and approximately $309M in committed U.S. government funding.

The company is pre-revenue.

# The Policy Context

U.S. titanium import dependency has been formally identified as a national security vulnerability by two consecutive administrations:

* **2017:** President Trump issued Executive Order 13817 directing federal agencies to address critical mineral supply chain vulnerabilities
* **2021:** President Biden issued Executive Order 14017, which led to a formal review concluding that reliance on foreign sources for critical minerals including titanium posed risks to national and economic security
* **February 2026:** President Trump announced Project Vault, a $10 billion U.S. Strategic Critical Minerals Reserve, and hosted a 54-country Critical Minerals Ministerial in Washington
* **Current Congress:** The bipartisan PRIMED Act (Slotkin/Ernst) has been introduced to reduce permitting timelines for domestic critical mineral production. A bipartisan group of senators has proposed a new $2.5 billion agency for domestic rare earth and critical mineral production

# How Titanium Is Currently Made

**The Kroll Process (1940s to present)**

Titanium is the ninth most abundant element in the Earth's crust. The cost differential relative to steel is primarily attributable to the manufacturing process rather than material scarcity.

The Kroll process, developed by Wilhelm Kroll in the 1940s, is how nearly all commercial titanium in the world is produced today:

1. Titanium ore (ilmenite or rutile mineral sands) is mined, primarily in China, Mozambique, South Africa, and Australia
2. The ore is converted into titanium tetrachloride (TiCl₄) through a chlorination process
3. TiCl₄ is reacted with magnesium metal in a sealed reactor at approximately 850°C in an inert atmosphere over 50 to 100 hours, producing titanium ""sponge,"" a porous metallic mass
4. The sponge is crushed, pressed, and vacuum arc melted into ingots, typically two or three times to achieve chemical homogeneity
5. Those ingots are hot forged, rolled, or extruded into mill products (plate, bar, sheet, billet)
6. The mill product is then machined or forged into finished components

The process from ore to finished part typically takes 6 to 18 months and involves multiple industrial facilities across multiple countries. Material waste from machining titanium mill product into finished aerospace components is routinely 80 to 90% by weight, meaning for every kilogram in a finished part, up to nine kilograms of raw material is consumed.

Sponge production (step 3) is the supply chain bottleneck. It requires large, capital-intensive reduction facilities and is concentrated in China (approximately 63-69% of global output, capacity tripled since 2018), Japan (around 15%), and Russia (around 11%). Japan sources feedstock ore from Australia and South Africa and runs a self-contained process domestically. Russia's VSMPO-AVISMA supplied aerospace-grade sponge and ingots directly to Boeing and Airbus as a separate supply chain, now sanctioned. Most Chinese sponge is not certified for Western aerospace applications. The United States has had no functioning commercial sponge facility since TIMET idled its last plant in 2020.

**Why Kroll persists**

Aerospace customers qualify specific titanium alloys from specific producers through FAA and DoD certification processes that can take years and substantial cost. Once a grade is qualified for a flight-critical application, qualification costs and program continuity requirements create barriers to changing source.

# The Technology

IperionX has two patented technologies, HAMR (Hydrogen Assisted Metallothermic Reduction) and HSPT (Hydrogen Sintering and Phase Transformation), which together replace the Kroll process.

**HAMR**

HAMR uses hydrogen to reduce titanium oxide directly into titanium metal powder. The inputs are either recycled titanium scrap or raw titanium mineral concentrate. The output is titanium powder. The process does not require chlorination, magnesium, or the production of titanium sponge as an intermediate product. Because sponge is not an input, HAMR does not depend on foreign sponge supply chains.

**HSPT**

HSPT takes titanium powder from HAMR and sinters and phase-transforms it directly into near-net-shape components. Components come out of the press close to their final geometry, which reduces material waste from machining significantly compared to the 80-90% waste typical of machining titanium mill products.

**Comparison to Kroll**

|Kroll Process|IperionX HAMR + HSPT|
|:-|:-|
|Raw material input|Titanium sponge (imported)|Domestic scrap or domestic ore|
|Process stages|6+ sequential stages|2 stages|
|Energy consumption|Baseline|Approximately 50% lower (company reported)|
|Carbon emissions|High|Near-zero (hydrogen-based)|
|Material waste|80-90% from machining|Substantially lower (near-net-shape)|
|Capital requirements|High|Lower and modular|
|Feedstock geography|Russia, Japan, Kazakhstan, China|Domestic|
|Lead time ore to part|6-18 months|Weeks|
|Production method|Batch|Currently batch; GenX continuous platform in development|

**Implications for incumbents**

ATI, TIMET, Howmet, and other U.S. titanium producers source foreign sponge and process it through Kroll-based methods. Their competitive position rests on existing customer qualifications, alloy certifications, and long-term supply agreements. If HAMR and HSPT achieve the projected cost reductions at scale, the economics of Kroll-based production change relative to IperionX. The incumbents cannot adopt HAMR as the technology is patented by IperionX.

IperionX's February 2026 shareholder letter drew comparisons to the Bessemer process for steel, the Hall-Heroult process for aluminum, and Nucor's electric arc furnace adoption as historical examples of new production processes displacing incumbent ones through lower costs. Whether HAMR achieves comparable adoption remains unproven at commercial scale.

**GenX**

In February 2026, IperionX introduced GenX, a next-generation continuous HAMR platform. Current HAMR operates as a batch process. GenX is a patent-pending continuous production process, tested at lab and pilot scale. IperionX states it targets higher throughput and capital efficiency relative to the current batch process. Commercial-scale validation is expected in 2026. IperionX cites GenX as the basis for scaling toward 10,000+ tpa by 2030.

**Cost trajectory**

Titanium trades at approximately $25 to $50 per kilogram. Stainless steel is roughly $3 to $6 per kilogram. Aluminum is $2 to $3 per kilogram. This cost gap has historically confined titanium to aerospace, defense, and medical applications.

IperionX's stated cost targets:

* Current unit cost at 200 tpa: approximately $55/kg (reduced from a prior estimate of $75/kg with no additional capex)
* Projected unit cost at 1,400 tpa: approximately $29/kg
* Long-term stated goal: cost competitiveness with stainless steel and aluminum

ARPA-E has estimated $10/kg as the threshold at which titanium could begin substituting for steel and aluminum in broader structural applications. IperionX's $29/kg projection at 1,400 tpa does not reach that threshold. The global titanium fastener market is approximately $4.3B annually. The global stainless steel fastener market is approximately $15.2B annually.

# The Tennessee Titan Project

**Location:** West Tennessee **Size:** Approximately 10,086 acres of surface and associated mineral rights (as of December 31, 2025) **Resource:** 243 million tons of mineralized material, the largest JORC-compliant titanium and rare earth mineral resource in the United States **Mine life:** 25 years (covering a portion of the total acreage) **Permits:** Tennessee Department of Environment and Conservation has confirmed all regulatory permit requirements have been met. The project is fully permitted for development and operations. **Status:** Definitive Feasibility Study targeted for completion Q2 2026. A major Japanese conglomerate is currently sole-funding bulk sample and due diligence test work for potential offtake and development financing.

The deposit also contains Dysprosium and Terbium, heavy rare earths used in high-performance permanent magnets for defense systems, robotics, and electric vehicles. China currently dominates global rare earth processing. The DFS will provide the first formal economic assessment of the rare earth component alongside the titanium resource.

# U.S. Government Funding: $309M Committed

**DPA Title III Grant: $12.7M (November 2023)** Awarded under the Defense Production Act Title III, a program reserved for domestic sources addressing defense industrial base shortfalls. Used to commission and scale the Virginia facility to 125 tpa as a demonstration plant. The grant is matched on a 1:1 cost-share basis by IperionX, bringing the total funding amount to approximately $25M for this phase. DPA Title III is legally available to companies incorporated in the U.S., Canada, U.K., and Australia. IperionX's Australian incorporation is explicitly covered under the statute.

**DoW IBAS Grant: $47.1M (fully obligated January 2026)** Released in four milestone-verified tranches, each requiring government verification of milestone completion before release. In August 2025 the DoW revised the IBAS contract scope to prioritize expansion of Virginia production capacity over the original mine-to-metal supply chain development focus:

* Tranche 1: $5M for Titan mine DFS commencement and advancement to shovel-ready status
* Tranche 2: $12.5M (August 2025) for long-lead equipment orders for 1,000+ tpa scale-up (scope revision announcement)
* Tranche 3: $25M (September 2025) for full 1,400 tpa expansion acceleration
* Tranche 4: $4.6M plus 290 metric tons Ti64 scrap (January 2026), final tranche. All IBAS obligations now fully received.

**Important reimbursement note:** Both the DPA Title III and IBAS grants operate on a reimbursement model. IperionX incurs costs for approved activities and subsequently invoices the U.S. Government for repayment. Total grants across both programs are $59.8M. As of December 31, 2025, $13.3M has been reimbursed to date, with $46.5M remaining available for future reimbursement as IperionX invoices against approved activities.

**DoW SBIR Phase III IDIQ Contract: Up to $99M (June 5, 2025)** Sole-source contract. No further competition required for task orders. Any qualifying U.S. government agency can place orders directly. The contract covers ""Low-Cost Domestic Titanium for Defense Applications"" and task orders may encompass fasteners, higher-value aerospace components, and other titanium parts. A $1.3M U.S. Army task order for ground vehicle program titanium parts was the first drawn, announced June 11, 2025.

**Virginia Halifax County IDA Tax-Exempt Bond Reservation: Up to $400M (at least $100M)** The Industrial Development Authority of Halifax County, Virginia has authorized the issuance of tax-exempt private activity bonds of at least $100M and up to $400M to underpin future titanium production expansions. Subject to further approvals and not yet drawn.

**290 Metric Tons of Ti64 Titanium Alloy: Delivered at Zero Cost** Military-grade Ti64 alloy transferred directly to the Virginia facility in January 2026, surplus to U.S. Government needs. This represents approximately 1.5 years of feedstock at current 200 tpa full operating capacity. Combined with approximately 90 metric tons IperionX already held in inventory, total feedstock on hand is approximately 380 metric tons, or approximately 1.9 years of production at current capacity.

**How the $309M figure is calculated:**

* DPA Title III grant: $12.7M
* DoW IBAS grant: $47.1M
* DoW SBIR Phase III IDIQ ceiling: $99M
* Virginia IDA tax-exempt bond reservation: $150M (conservative figure used in IperionX materials; the authorized range is $100M to $400M)
* Total: $308.8M, rounded to approximately $309M

Note that the $99M SBIR and $150M IDA figures represent ceilings and reservation amounts respectively, not committed cash. The $59.8M in grants ($12.7M + $47.1M) represents the only fully committed and legally obligated cash funding.

# The Rheinmetall Order and the XM30 Program

On January 22, 2026, IperionX announced a $300,000 prototype purchase order from American Rheinmetall to produce 700 titanium track pins for U.S. Army heavy ground combat systems. The press release does not name specific platforms, but American Rheinmetall is an existing qualified supplier to both the M1 Abrams and M2 Bradley programs and holds a separate $107.5M five-year contract with the U.S. Army to supply M1 Abrams main battle tank tracks. Replacing steel track pins with titanium is expected to reduce component weight by approximately 40 to 45% per component, translating to several hundred kilograms per vehicle. Delivery is expected within 8 to 9 months of the order date, placing delivery around September to October 2026. The press release states the order ""has the potential to lead to a significantly larger agreement upon successful delivery.""

**The XM30 Context** In June 2023, the U.S. Army awarded combined Phase 3 and Phase 4 contracts worth approximately $1.6B to two finalists for the XM30 Mechanized Infantry Combat Vehicle program: American Rheinmetall Vehicles LLC and General Dynamics Land Systems. The XM30 is designed to replace approximately 3,800 M2 Bradley Fighting Vehicles, which have been in service since 1981, at a projected total program acquisition cost of approximately $45B. American Rheinmetall's team includes Textron Systems, RTX, L3Harris Technologies, and Anduril Technologies. Both companies completed critical design reviews in 2025. In June 2025, the Army approved Milestone B, advancing the program into engineering and manufacturing development. However, in February 2026, Army Chief of Staff General Randy George and Secretary of the Army Dan Driscoll declined to sign documentation finalizing the Milestone B decision, leaving the door open to a major reworking of the program. A February 18, 2026 RFI sought innovative solutions for rapid design, production, and delivery of ground combat vehicles, which sources told Breaking Defense may be a backdoor effort to speed up or potentially revamp the competition entirely, potentially opening it to non-traditional vendors. XM30 is already the sixth attempt to replace the Bradley since the 1980s. Should the program be entirely restarted, it would be the seventh.

Under the current schedule, both companies are expected to deliver seven prototypes each by Q4 FY2026. Testing and evaluation runs through mid-2027, with a Milestone C winner selection targeted for Q1 FY2028 per DoD program documents, with first production vehicles fielded in FY2029 and full rate production in FY2030.

**Why This Matters for IperionX** If American Rheinmetall wins the XM30 program and IperionX has successfully delivered the current prototype order, the scale-up potential is significant across a fleet replacement of approximately 3,800 vehicles at a $45B total program cost. The $300K prototype order is the entry point to that potential relationship. Delivery performance by September to October 2026 determines whether the relationship expands.

Importantly, this relationship has value independent of the XM30 outcome. American Rheinmetall is already an active U.S. Army supplier with a $107.5M Abrams track contract. Maintenance, repair, and component replacement across the existing M1 Abrams and M2 Bradley fleets represents a near-term market that does not depend on a new vehicle program decision.

**The risk** is that the XM30 program is revamped or restarted, either delaying or eliminating Rheinmetall's position as a prime contractor. This is a material risk that investors should factor in when assessing the potential scale of the IperionX-Rheinmetall relationship.

# Other Commercial Contracts

* **Ford Motor Company:** 45-month sourcing contract commencing 2025, with an expected total contract value of approximately $11M over 45 months (approximately $2.9M per year) for titanium powder and manufactured components. Ford has verified IperionX titanium meets or exceeds ASTM International standards.
* **Panerai (Richemont Group):** Production and sale of titanium components for Panerai's eTitanio Brabus and Submersible GMT Titanio Mike Horn luxury watch collections, manufactured using IperionX's 100% recycled low-carbon titanium powder.
* **U.S. Army Ground Vehicle Systems Center (GVSC):** Titanium fasteners have been delivered for testing and installation on an operational platform, in partnership with Vegas Fastener Manufacturing under a Product Development Agreement running to April 2026. GVSC is the U.S. Army's primary research and development facility for advanced ground systems technology.
* **Carver Pump:** Supply of titanium components for U.S. Navy shipbuilding, announced December 15, 2025. The initial purchase order is for four prototype pump impellers at a value of approximately $100,000, with manufacturing anticipated to be complete in May 2026. IperionX expects to produce each component in under one week, compared to conventional cast parts which can exceed 12 months lead time via traditional casting. Successful prototyping could enable larger-scale production agreements with Carver Pump and the U.S. Navy for additional pump system components.
* **Inventory Build:** In parallel with custom prototyping, IperionX is building inventory for mass distribution channels. This includes standard titanium fasteners, nuts, and washers, alongside dedicated fastener production for the U.S. military, as disclosed in the December 2025 quarterly. This signals a shift from purely custom one-off prototyping toward standardized product lines.
* **ISO 9001 Certification:** Manufacturing operations at Virginia have achieved ISO 9001 certification, validating quality management processes as production scales. This is a prerequisite for many defense and aerospace customer qualification programs.
* **200+ NDA-backed customer engagements** across defense, automotive, consumer electronics, aerospace, oil and gas, robotics, medical
* **90+ active customer programs**
* **22 engagements in final prototyping or commercial negotiation** as of the last quarterly report

# Ownership Breakdown

**ASX register (where the majority of shares are held):**

* Institutions: approximately 43%
* Retail and general public: approximately 36%
* Insiders (executives and directors): approximately 17% (approximately AU$100M in aggregate)
* Private companies: approximately 4%

**Key individual holders:**

* **Fidelity combined (FMR LLC U.S. approximately 8.1% plus Fidelity International approximately 9.7%):** approximately 17-18% total, largest institutional holder. Note: BNY Mellon appears on the register as a large holder but in a custodial capacity only as ADR depositary for NASDAQ investors, not as an investing shareholder.
* **Todd Hannigan (Executive Chairman):** approximately AU$86M in personal holdings (approximately 7.9% of shares). Purchased 3.5 million shares in a single December 2024 transaction at A$4.43/share (AU$15.5M total).
* **Taso Arima (CEO):** approximately 2.3-2.5% of shares
* **Dominic Allen (CCO):** top 20 shareholder as of last annual report
* **Van Eck Associates:** added 830,731 shares in Q3 2025

**Analyst coverage:** William Blair (Outperform, initiated January 2026), Roth Capital (Buy, $74 target), consensus target $51

# The Short Seller Report

Spruce Point Capital Management published their report on **October 3, 2025**, citing 70-95% downside risk under certain scenarios. The report received limited immediate attention but was widely picked up by financial media on **November 12, 2025**, at which point the stock dropped approximately 5.6% in premarket trading. IperionX issued a formal rebuttal on **November 17, 2025**, the day of which the stock dropped a further 9.6% on the ASX before recovering. The stock recovered from both drops and reached $61.45 in January 2026 before pulling back to approximately $47.58.

**What Spruce Point actually argued:** Their primary concerns included:

* The HAMR technology faces significant challenges displacing the 70-year established Kroll process and may not be commercially viable at scale
* The titanium powder market is already oversupplied with approximately 3.5x more global capacity than current shipments
* Several IperionX customer partnerships have expired or are no longer referenced by the company
* No revenues had been booked and no inventory appeared on the balance sheet as of September 30, 2025
* IPX management overlap with Piedmont Lithium, which previously faced its own short seller allegations
* IperionX had a prior material weakness in internal controls, which the company states was remediated
* Potential discrepancies in financial and operational reporting including Titan acreage, capex, G&amp;A costs, and employee counts

**Key facts from IperionX's November 17 rebuttal:**

* IperionX confirmed it has no record of any prior contact by phone or email from Spruce Point before publication
* Spruce Point visited the former North Carolina office address, no longer the primary operation. IperionX clarified that nearly all operations, workforce, and administrative activities had relocated to Virginia. The person Spruce Point spoke with was someone at a neighboring business who said they never see anyone at the NC office. Spruce Point has never visited or requested to visit the Virginia manufacturing facility.
* IperionX confirmed $79.2M in cash and equivalents as at September 30, 2025 (the most recent quarterly figure at the time of rebuttal)
* IperionX confirmed all government awards, noted $43M in remaining obligated DoW funding available to draw, and cited $97M+ in additional SBIR funding capacity
* IperionX pointed to active commercial contracts including Ford, Panerai, and titanium fasteners already delivered to the U.S. Army GVSC for testing on an operational platform

**Post-report context:** The $12.5M IBAS tranche (August 2025) and $25M IBAS tranche (September 2025) both preceded the October 3 short report. After the report was published, the DoW continued to obligate additional funding tranches and the U.S. Army placed a new task order. IperionX states it has no record of any prior contact from Spruce Point before publication, and that Spruce Point visited a former North Carolina office address and spoke with someone at a neighboring business, having never visited or requested to visit the Virginia facility. Readers should review both the Spruce Point report and IperionX's November 17 rebuttal directly.

# The Team

**Taso Arima, CEO and Founder.** Previously founded Piedmont Lithium (NASDAQ: PLL). Piedmont experienced permitting failures in North Carolina and was ultimately absorbed into a merger with Sayona Mining. The Titan Project in Tennessee has all major permits received prior to any mine development spend.

**Todd Hannigan, Executive Chairman.** Mining engineer (University of Queensland), INSEAD MBA. Prior roles at BHP Billiton, Xstrata Coal, MIM. Also Executive Chairman of Brazilian Rare Earths. Personal shareholding approximately AU$86M.

**Toby Symonds, President.** Prior roles at JP Morgan, Morgan Stanley, SAC Capital. Responsible for commercial customer development. Built the 200+ customer NDA pipeline.

**Scott Sparks, COO and Co-Founder.** Engineering and operations lead. Has been with the company since founding.

**Dominic Allen, CCO.** Prior roles at Rio Tinto and Ernst and Young. Top 20 shareholder as of last annual report.

**Board:** Lorraine Martin (former Lockheed Martin EVP, Rotary and Mission Systems, 34,000 personnel), Beverly Wyse (former Boeing SVP, 787 Dreamliner South Carolina operations), Tony Tripeny (former Corning CFO, Wharton MBA).

# Upcoming Catalysts

**Half-Year Financial Report (HY FY2026)** IperionX's half-year financial report covering the six months ended December 31, 2025 is expected shortly. Virginia is fully commissioned. The Ford contract commenced in 2025, the Rheinmetall order was placed January 2026, and the Carver Pump order was placed December 2025. This will be the first report where commercial revenue could appear.

**2026: GenX Commercial-Scale Validation** In February 2026, IperionX introduced GenX, its next-generation continuous HAMR platform. Commercial-scale validation milestones and performance data are expected during 2026. IperionX has stated GenX is the basis for scaling toward 10,000+ tpa by 2030.

**Q2 2026: Titan DFS** Definitive Feasibility Study for the Tennessee mine. Will provide the first formal economic assessment of both the titanium and rare earth resources, including Dysprosium and Terbium. The DFS is fully funded by the U.S. Department of War.

**Mid-2027: 1,400 TPA Expansion** DoW IBAS grant is fully obligated to fund the scale-up from 200 tpa to 1,400 tpa. Total expansion cost is approximately $75M, the majority of which is secured via the $47.1M IBAS award. At full utilization and $200/kg average selling price, projected revenue is approximately $280M against approximately $40M OPEX, implying approximately $260M EBITDA. These are company projections, not guaranteed outcomes. The company has also stated a goal of reaching EBITDA positive territory by year-end 2026 at current 200 tpa capacity.

# Current Financials

**Balance Sheet (as of December 31, 2025)**

* Cash and cash equivalents: $65.8M (confirmed from December 2025 quarterly report)
* Debt: $3.93M
* Net cash position: approximately $61.9M ($65.8M cash minus $3.93M debt)
* Current ratio: 6.99
* Debt to equity ratio: 0.04
* Shares outstanding: 333.92 million (increased 36.29% over the past year due to capital placements)
* Total assets: $105.03M
* Total equity: $92.44M
* Total liabilities: $12.59M

**Cash Flow (most recent data from December 2025 quarterly)**

* Operating cash outflow H1 FY2026 (6 months to Dec 31, 2025): $16.7M = approximately $33.4M annualised
* Capital expenditures H1 FY2026: $16.4M = approximately $32.8M annualised
* Free cash flow: approximately negative $66M annualised at current capex deployment rate (capex is expected to decrease once equipment orders are placed and installed)
* The December 2025 quarterly's own Appendix 5B runway estimate: 7 quarters (approximately 21 months) at the December quarter's operating burn rate of $8.9M/quarter, based on $65.8M cash
* $46.5M in remaining government grant reimbursements substantially extends effective runway beyond the stated 21 months, as those funds are drawn as milestones are invoiced

**Valuation (at current price of approximately $47.58 per ADS)**

* Current market cap: approximately $1.30B
* Enterprise value: approximately $1.24B (market cap minus net cash)
* Revenue: $0 trailing twelve months
* EV/Revenue: not applicable (pre-revenue)
* Operating loss FY2025: $38.33M
* Net loss FY2025: $35.35M
* EPS FY2025: negative $0.119 per share (negative $1.191 per ADS given 1:10 ratio)
* Return on equity: negative 49.17%
* Return on assets: negative 44.06%
* Forward EV/EBITDA at projected $260M EBITDA (analyst-derived, 1,400 tpa scenario): approximately 4.8x

**Capital Structure Note** Share count has increased 36.29% over the past year due to four institutional placements totaling approximately $246M, none of which included a Share Purchase Plan for retail shareholders. This dilution should be factored into any per-share price projections going forward. Additional capital raises are likely before the 1,400 tpa expansion is fully funded and operational.

# Competitive Landscape

**ATI Inc. (NYSE: ATI)** is the largest U.S. titanium metals producer, drawing approximately 66% of Q1 2025 revenue from aerospace and defense. ATI has secured a five-year USD $1 billion supply pact with Airbus and holds $1.2 billion in long-term commitments from aerospace and defense customers. ATI is currently expanding its titanium melt capacity at its Richland, Washington facility, with the expansion projected to bring total titanium melt capacity approximately 80% higher than 2022 levels across all facilities once fully qualified, with product qualifications expected through 2025. ATI holds a pilot production program for additive manufacturing grade titanium powder. However, ATI remains entirely dependent on imported titanium sponge as its primary feedstock, sourcing sponge from Japan, Kazakhstan, and other foreign suppliers. ATI's own annual report explicitly cites foreign sponge dependency as a supply chain risk to its operations.

**TIMET (Titanium Metals Corporation)**, now a subsidiary of Precision Castparts (owned by Berkshire Hathaway), was historically the only U.S. producer of titanium sponge. However, TIMET's Henderson, Nevada sponge facility has been idled since 2020 and its Rowley, Utah facility has been idle since 2016. There is currently no active commercial titanium sponge production facility operating in the United States.

**Howmet Aerospace (NYSE: HWM)** is a major engineered components manufacturer that works extensively with titanium among other materials, recording 17% commercial aerospace sales growth in Q3 2024. Howmet is a downstream fabricator rather than a primary titanium producer and is similarly dependent on imported sponge feedstock upstream.

In the titanium powder segment specifically, competitors include AP&amp;C (a GE Additive company) producing plasma atomized titanium powders for additive manufacturing, and Kymera International. These companies focus on powder for additive manufacturing.

**Metalysis**, a UK-based company, developed the FFC Cambridge electrochemical process that also bypasses Kroll. It remains pre-commercial and does not have a domestic U.S. operation or equivalent government backing.

IperionX's process does not require sponge, works from both scrap and domestic mineral concentrate, and is backed by a sole-source government contract structure. The company is not competing directly with existing U.S. sponge producers because no U.S. sponge production currently exists.

* **No commercial revenue to date.** All financial projections are forward-looking and unverified by actual commercial results.
* **Execution risk.** Scaling from 200 to 1,400 tpa is a 7x increase. Manufacturing scale-ups frequently experience delays, yield problems, and cost overruns.
* **Government dependency.** Current cash flow is primarily grant reimbursements. Commercial revenue needs to materialize independently.
* **Founder track record.** Arima's prior venture Piedmont Lithium experienced significant operational and permitting failures before a merger.
* **Retail dilution.** Four capital placements totaling approximately $246M have been completed without a Share Purchase Plan for retail shareholders.
* **Foreign incorporation.** Australian domicile creates potential future FOCI and ITAR compliance complexity as defense contracts scale.
* **XM30 program uncertainty.** Army leadership paused the Milestone B decision in February 2026. If the program is restructured significantly or General Dynamics wins, the potential upside from Rheinmetall relationship may be reduced.

# How To Buy This On NASDAQ

IperionX is primarily listed on the ASX but also trades on NASDAQ under ticker IPX as an ADS (American Depositary Share). One ADS represents 10 ASX ordinary shares. It is accessible through standard U.S. brokerages including Fidelity, Schwab, TD Ameritrade, and Interactive Brokers. Current price: approximately $47.58 as of early March 2026.

The company is Australian-incorporated but operates entirely on U.S. soil. All financials are reported in USD. All operations, contracts, and government relationships are U.S.-based.

**Not financial advice. I hold a position in IPX. Do your own research.**

*Positions: Long IPX*",36,23,1773089172.0,devil wears prada west end,musical_extension,2026-03-09,"China Controls 65% of Global Titanium Production and the U.S. Makes None. DD on the Company Trying to Fix That (NASDAQ: IPX) The United States has no domestic titanium sponge production. The last commercial sponge facility, operated by TIMET, was idled in 2020. Approximately 87% of U.S. titanium sponge imports come from Japan per USGS data.

Japan is a U.S. ally but has no titanium ore of its own. Japanese sponge producers source ore from Australia and South Africa, process it through the Kroll reduction process domestically, and export finished sponge to the U.S.

China produces approximately 63-69% of global titanium sponge and has tripled its capacity since 2018. Most Chinese sponge is not certified for Western aerospace applications. Russia's VSMPO-AVISMA, majority state-owned through Rostec, historically supplied 60-80% of titanium directly to Boeing and Airbus as a direct aerospace-grade sponge and ingot supplier, separate from the Japanese supply chain. That source is now sanctioned. The gap has been absorbed by increased purchases from Japan and Kazakhstan, not by domestic production.

Titanium is present in essentially all U.S. military aircraft, naval vessels, missiles, and satellites. There is no direct substitute material that matches titanium's combination of strength-to-weight ratio, heat resistance, and corrosion resistance for these applications.

IperionX (NASDAQ: IPX / ASX: IPX) is building domestic titanium production capacity in Virginia using a process that does not require imported sponge. The company has a commissioned manufacturing plant, the largest permitted titanium mineral resource in the United States in Tennessee, and approximately $309M in committed U.S. government funding.

The company is pre-revenue.

# The Policy Context

U.S. titanium import dependency has been formally identified as a national security vulnerability by two consecutive administrations:

* **2017:** President Trump issued Executive Order 13817 directing federal agencies to address critical mineral supply chain vulnerabilities
* **2021:** President Biden issued Executive Order 14017, which led to a formal review concluding that reliance on foreign sources for critical minerals including titanium posed risks to national and economic security
* **February 2026:** President Trump announced Project Vault, a $10 billion U.S. Strategic Critical Minerals Reserve, and hosted a 54-country Critical Minerals Ministerial in Washington
* **Current Congress:** The bipartisan PRIMED Act (Slotkin/Ernst) has been introduced to reduce permitting timelines for domestic critical mineral production. A bipartisan group of senators has proposed a new $2.5 billion agency for domestic rare earth and critical mineral production

# How Titanium Is Currently Made

**The Kroll Process (1940s to present)**

Titanium is the ninth most abundant element in the Earth's crust. The cost differential relative to steel is primarily attributable to the manufacturing process rather than material scarcity.

The Kroll process, developed by Wilhelm Kroll in the 1940s, is how nearly all commercial titanium in the world is produced today:

1. Titanium ore (ilmenite or rutile mineral sands) is mined, primarily in China, Mozambique, South Africa, and Australia
2. The ore is converted into titanium tetrachloride (TiCl₄) through a chlorination process
3. TiCl₄ is reacted with magnesium metal in a sealed reactor at approximately 850°C in an inert atmosphere over 50 to 100 hours, producing titanium ""sponge,"" a porous metallic mass
4. The sponge is crushed, pressed, and vacuum arc melted into ingots, typically two or three times to achieve chemical homogeneity
5. Those ingots are hot forged, rolled, or extruded into mill products (plate, bar, sheet, billet)
6. The mill product is then machined or forged into finished components

The process from ore to finished part typically takes 6 to 18 months and involves multiple industrial facilities across multiple countries. Material waste from machining titanium mill product into finished aerospace components is routinely 80 to 90% by weight, meaning for every kilogram in a finished part, up to nine kilograms of raw material is consumed.

Sponge production (step 3) is the supply chain bottleneck. It requires large, capital-intensive reduction facilities and is concentrated in China (approximately 63-69% of global output, capacity tripled since 2018), Japan (around 15%), and Russia (around 11%). Japan sources feedstock ore from Australia and South Africa and runs a self-contained process domestically. Russia's VSMPO-AVISMA supplied aerospace-grade sponge and ingots directly to Boeing and Airbus as a separate supply chain, now sanctioned. Most Chinese sponge is not certified for Western aerospace applications. The United States has had no functioning commercial sponge facility since TIMET idled its last plant in 2020.

**Why Kroll persists**

Aerospace customers qualify specific titanium alloys from specific producers through FAA and DoD certification processes that can take years and substantial cost. Once a grade is qualified for a flight-critical application, qualification costs and program continuity requirements create barriers to changing source.

# The Technology

IperionX has two patented technologies, HAMR (Hydrogen Assisted Metallothermic Reduction) and HSPT (Hydrogen Sintering and Phase Transformation), which together replace the Kroll process.

**HAMR**

HAMR uses hydrogen to reduce titanium oxide directly into titanium metal powder. The inputs are either recycled titanium scrap or raw titanium mineral concentrate. The output is titanium powder. The process does not require chlorination, magnesium, or the production of titanium sponge as an intermediate product. Because sponge is not an input, HAMR does not depend on foreign sponge supply chains.

**HSPT**

HSPT takes titanium powder from HAMR and sinters and phase-transforms it directly into near-net-shape components. Components come out of the press close to their final geometry, which reduces material waste from machining significantly compared to the 80-90% waste typical of machining titanium mill products.

**Comparison to Kroll**

|Kroll Process|IperionX HAMR + HSPT|
|:-|:-|
|Raw material input|Titanium sponge (imported)|Domestic scrap or domestic ore|
|Process stages|6+ sequential stages|2 stages|
|Energy consumption|Baseline|Approximately 50% lower (company reported)|
|Carbon emissions|High|Near-zero (hydrogen-based)|
|Material waste|80-90% from machining|Substantially lower (near-net-shape)|
|Capital requirements|High|Lower and modular|
|Feedstock geography|Russia, Japan, Kazakhstan, China|Domestic|
|Lead time ore to part|6-18 months|Weeks|
|Production method|Batch|Currently batch; GenX continuous platform in development|

**Implications for incumbents**

ATI, TIMET, Howmet, and other U.S. titanium producers source foreign sponge and process it through Kroll-based methods. Their competitive position rests on existing customer qualifications, alloy certifications, and long-term supply agreements. If HAMR and HSPT achieve the projected cost reductions at scale, the economics of Kroll-based production change relative to IperionX. The incumbents cannot adopt HAMR as the technology is patented by IperionX.

IperionX's February 2026 shareholder letter drew comparisons to the Bessemer process for steel, the Hall-Heroult process for aluminum, and Nucor's electric arc furnace adoption as historical examples of new production processes displacing incumbent ones through lower costs. Whether HAMR achieves comparable adoption remains unproven at commercial scale.

**GenX**

In February 2026, IperionX introduced GenX, a next-generation continuous HAMR platform. Current HAMR operates as a batch process. GenX is a patent-pending continuous production process, tested at lab and pilot scale. IperionX states it targets higher throughput and capital efficiency relative to the current batch process. Commercial-scale validation is expected in 2026. IperionX cites GenX as the basis for scaling toward 10,000+ tpa by 2030.

**Cost trajectory**

Titanium trades at approximately $25 to $50 per kilogram. Stainless steel is roughly $3 to $6 per kilogram. Aluminum is $2 to $3 per kilogram. This cost gap has historically confined titanium to aerospace, defense, and medical applications.

IperionX's stated cost targets:

* Current unit cost at 200 tpa: approximately $55/kg (reduced from a prior estimate of $75/kg with no additional capex)
* Projected unit cost at 1,400 tpa: approximately $29/kg
* Long-term stated goal: cost competitiveness with stainless steel and aluminum

ARPA-E has estimated $10/kg as the threshold at which titanium could begin substituting for steel and aluminum in broader structural applications. IperionX's $29/kg projection at 1,400 tpa does not reach that threshold. The global titanium fastener market is approximately $4.3B annually. The global stainless steel fastener market is approximately $15.2B annually.

# The Tennessee Titan Project

**Location:** West Tennessee **Size:** Approximately 10,086 acres of surface and associated mineral rights (as of December 31, 2025) **Resource:** 243 million tons of mineralized material, the largest JORC-compliant titanium and rare earth mineral resource in the United States **Mine life:** 25 years (covering a portion of the total acreage) **Permits:** Tennessee Department of Environment and Conservation has confirmed all regulatory permit requirements have been met. The project is fully permitted for development and operations. **Status:** Definitive Feasibility Study targeted for completion Q2 2026. A major Japanese conglomerate is currently sole-funding bulk sample and due diligence test work for potential offtake and development financing.

The deposit also contains Dysprosium and Terbium, heavy rare earths used in high-performance permanent magnets for defense systems, robotics, and electric vehicles. China currently dominates global rare earth processing. The DFS will provide the first formal economic assessment of the rare earth component alongside the titanium resource.

# U.S. Government Funding: $309M Committed

**DPA Title III Grant: $12.7M (November 2023)** Awarded under the Defense Production Act Title III, a program reserved for domestic sources addressing defense industrial base shortfalls. Used to commission and scale the Virginia facility to 125 tpa as a demonstration plant. The grant is matched on a 1:1 cost-share basis by IperionX, bringing the total funding amount to approximately $25M for this phase. DPA Title III is legally available to companies incorporated in the U.S., Canada, U.K., and Australia. IperionX's Australian incorporation is explicitly covered under the statute.

**DoW IBAS Grant: $47.1M (fully obligated January 2026)** Released in four milestone-verified tranches, each requiring government verification of milestone completion before release. In August 2025 the DoW revised the IBAS contract scope to prioritize expansion of Virginia production capacity over the original mine-to-metal supply chain development focus:

* Tranche 1: $5M for Titan mine DFS commencement and advancement to shovel-ready status
* Tranche 2: $12.5M (August 2025) for long-lead equipment orders for 1,000+ tpa scale-up (scope revision announcement)
* Tranche 3: $25M (September 2025) for full 1,400 tpa expansion acceleration
* Tranche 4: $4.6M plus 290 metric tons Ti64 scrap (January 2026), final tranche. All IBAS obligations now fully received.

**Important reimbursement note:** Both the DPA Title III and IBAS grants operate on a reimbursement model. IperionX incurs costs for approved activities and subsequently invoices the U.S. Government for repayment. Total grants across both programs are $59.8M. As of December 31, 2025, $13.3M has been reimbursed to date, with $46.5M remaining available for future reimbursement as IperionX invoices against approved activities.

**DoW SBIR Phase III IDIQ Contract: Up to $99M (June 5, 2025)** Sole-source contract. No further competition required for task orders. Any qualifying U.S. government agency can place orders directly. The contract covers ""Low-Cost Domestic Titanium for Defense Applications"" and task orders may encompass fasteners, higher-value aerospace components, and other titanium parts. A $1.3M U.S. Army task order for ground vehicle program titanium parts was the first drawn, announced June 11, 2025.

**Virginia Halifax County IDA Tax-Exempt Bond Reservation: Up to $400M (at least $100M)** The Industrial Development Authority of Halifax County, Virginia has authorized the issuance of tax-exempt private activity bonds of at least $100M and up to $400M to underpin future titanium production expansions. Subject to further approvals and not yet drawn.

**290 Metric Tons of Ti64 Titanium Alloy: Delivered at Zero Cost** Military-grade Ti64 alloy transferred directly to the Virginia facility in January 2026, surplus to U.S. Government needs. This represents approximately 1.5 years of feedstock at current 200 tpa full operating capacity. Combined with approximately 90 metric tons IperionX already held in inventory, total feedstock on hand is approximately 380 metric tons, or approximately 1.9 years of production at current capacity.

**How the $309M figure is calculated:**

* DPA Title III grant: $12.7M
* DoW IBAS grant: $47.1M
* DoW SBIR Phase III IDIQ ceiling: $99M
* Virginia IDA tax-exempt bond reservation: $150M (conservative figure used in IperionX materials; the authorized range is $100M to $400M)
* Total: $308.8M, rounded to approximately $309M

Note that the $99M SBIR and $150M IDA figures represent ceilings and reservation amounts respectively, not committed cash. The $59.8M in grants ($12.7M + $47.1M) represents the only fully committed and legally obligated cash funding.

# The Rheinmetall Order and the XM30 Program

On January 22, 2026, IperionX announced a $300,000 prototype purchase order from American Rheinmetall to produce 700 titanium track pins for U.S. Army heavy ground combat systems. The press release does not name specific platforms, but American Rheinmetall is an existing qualified supplier to both the M1 Abrams and M2 Bradley programs and holds a separate $107.5M five-year contract with the U.S. Army to supply M1 Abrams main battle tank tracks. Replacing steel track pins with titanium is expected to reduce component weight by approximately 40 to 45% per component, translating to several hundred kilograms per vehicle. Delivery is expected within 8 to 9 months of the order date, placing delivery around September to October 2026. The press release states the order ""has the potential to lead to a significantly larger agreement upon successful delivery.""

**The XM30 Context** In June 2023, the U.S. Army awarded combined Phase 3 and Phase 4 contracts worth approximately $1.6B to two finalists for the XM30 Mechanized Infantry Combat Vehicle program: American Rheinmetall Vehicles LLC and General Dynamics Land Systems. The XM30 is designed to replace approximately 3,800 M2 Bradley Fighting Vehicles, which have been in service since 1981, at a projected total program acquisition cost of approximately $45B. American Rheinmetall's team includes Textron Systems, RTX, L3Harris Technologies, and Anduril Technologies. Both companies completed critical design reviews in 2025. In June 2025, the Army approved Milestone B, advancing the program into engineering and manufacturing development. However, in February 2026, Army Chief of Staff General Randy George and Secretary of the Army Dan Driscoll declined to sign documentation finalizing the Milestone B decision, leaving the door open to a major reworking of the program. A February 18, 2026 RFI sought innovative solutions for rapid design, production, and delivery of ground combat vehicles, which sources told Breaking Defense may be a backdoor effort to speed up or potentially revamp the competition entirely, potentially opening it to non-traditional vendors. XM30 is already the sixth attempt to replace the Bradley since the 1980s. Should the program be entirely restarted, it would be the seventh.

Under the current schedule, both companies are expected to deliver seven prototypes each by Q4 FY2026. Testing and evaluation runs through mid-2027, with a Milestone C winner selection targeted for Q1 FY2028 per DoD program documents, with first production vehicles fielded in FY2029 and full rate production in FY2030.

**Why This Matters for IperionX** If American Rheinmetall wins the XM30 program and IperionX has successfully delivered the current prototype order, the scale-up potential is significant across a fleet replacement of approximately 3,800 vehicles at a $45B total program cost. The $300K prototype order is the entry point to that potential relationship. Delivery performance by September to October 2026 determines whether the relationship expands.

Importantly, this relationship has value independent of the XM30 outcome. American Rheinmetall is already an active U.S. Army supplier with a $107.5M Abrams track contract. Maintenance, repair, and component replacement across the existing M1 Abrams and M2 Bradley fleets represents a near-term market that does not depend on a new vehicle program decision.

**The risk** is that the XM30 program is revamped or restarted, either delaying or eliminating Rheinmetall's position as a prime contractor. This is a material risk that investors should factor in when assessing the potential scale of the IperionX-Rheinmetall relationship.

# Other Commercial Contracts

* **Ford Motor Company:** 45-month sourcing contract commencing 2025, with an expected total contract value of approximately $11M over 45 months (approximately $2.9M per year) for titanium powder and manufactured components. Ford has verified IperionX titanium meets or exceeds ASTM International standards.
* **Panerai (Richemont Group):** Production and sale of titanium components for Panerai's eTitanio Brabus and Submersible GMT Titanio Mike Horn luxury watch collections, manufactured using IperionX's 100% recycled low-carbon titanium powder.
* **U.S. Army Ground Vehicle Systems Center (GVSC):** Titanium fasteners have been delivered for testing and installation on an operational platform, in partnership with Vegas Fastener Manufacturing under a Product Development Agreement running to April 2026. GVSC is the U.S. Army's primary research and development facility for advanced ground systems technology.
* **Carver Pump:** Supply of titanium components for U.S. Navy shipbuilding, announced December 15, 2025. The initial purchase order is for four prototype pump impellers at a value of approximately $100,000, with manufacturing anticipated to be complete in May 2026. IperionX expects to produce each component in under one week, compared to conventional cast parts which can exceed 12 months lead time via traditional casting. Successful prototyping could enable larger-scale production agreements with Carver Pump and the U.S. Navy for additional pump system components.
* **Inventory Build:** In parallel with custom prototyping, IperionX is building inventory for mass distribution channels. This includes standard titanium fasteners, nuts, and washers, alongside dedicated fastener production for the U.S. military, as disclosed in the December 2025 quarterly. This signals a shift from purely custom one-off prototyping toward standardized product lines.
* **ISO 9001 Certification:** Manufacturing operations at Virginia have achieved ISO 9001 certification, validating quality management processes as production scales. This is a prerequisite for many defense and aerospace customer qualification programs.
* **200+ NDA-backed customer engagements** across defense, automotive, consumer electronics, aerospace, oil and gas, robotics, medical
* **90+ active customer programs**
* **22 engagements in final prototyping or commercial negotiation** as of the last quarterly report

# Ownership Breakdown

**ASX register (where the majority of shares are held):**

* Institutions: approximately 43%
* Retail and general public: approximately 36%
* Insiders (executives and directors): approximately 17% (approximately AU$100M in aggregate)
* Private companies: approximately 4%

**Key individual holders:**

* **Fidelity combined (FMR LLC U.S. approximately 8.1% plus Fidelity International approximately 9.7%):** approximately 17-18% total, largest institutional holder. Note: BNY Mellon appears on the register as a large holder but in a custodial capacity only as ADR depositary for NASDAQ investors, not as an investing shareholder.
* **Todd Hannigan (Executive Chairman):** approximately AU$86M in personal holdings (approximately 7.9% of shares). Purchased 3.5 million shares in a single December 2024 transaction at A$4.43/share (AU$15.5M total).
* **Taso Arima (CEO):** approximately 2.3-2.5% of shares
* **Dominic Allen (CCO):** top 20 shareholder as of last annual report
* **Van Eck Associates:** added 830,731 shares in Q3 2025

**Analyst coverage:** William Blair (Outperform, initiated January 2026), Roth Capital (Buy, $74 target), consensus target $51

# The Short Seller Report

Spruce Point Capital Management published their report on **October 3, 2025**, citing 70-95% downside risk under certain scenarios. The report received limited immediate attention but was widely picked up by financial media on **November 12, 2025**, at which point the stock dropped approximately 5.6% in premarket trading. IperionX issued a formal rebuttal on **November 17, 2025**, the day of which the stock dropped a further 9.6% on the ASX before recovering. The stock recovered from both drops and reached $61.45 in January 2026 before pulling back to approximately $47.58.

**What Spruce Point actually argued:** Their primary concerns included:

* The HAMR technology faces significant challenges displacing the 70-year established Kroll process and may not be commercially viable at scale
* The titanium powder market is already oversupplied with approximately 3.5x more global capacity than current shipments
* Several IperionX customer partnerships have expired or are no longer referenced by the company
* No revenues had been booked and no inventory appeared on the balance sheet as of September 30, 2025
* IPX management overlap with Piedmont Lithium, which previously faced its own short seller allegations
* IperionX had a prior material weakness in internal controls, which the company states was remediated
* Potential discrepancies in financial and operational reporting including Titan acreage, capex, G&amp;A costs, and employee counts

**Key facts from IperionX's November 17 rebuttal:**

* IperionX confirmed it has no record of any prior contact by phone or email from Spruce Point before publication
* Spruce Point visited the former North Carolina office address, no longer the primary operation. IperionX clarified that nearly all operations, workforce, and administrative activities had relocated to Virginia. The person Spruce Point spoke with was someone at a neighboring business who said they never see anyone at the NC office. Spruce Point has never visited or requested to visit the Virginia manufacturing facility.
* IperionX confirmed $79.2M in cash and equivalents as at September 30, 2025 (the most recent quarterly figure at the time of rebuttal)
* IperionX confirmed all government awards, noted $43M in remaining obligated DoW funding available to draw, and cited $97M+ in additional SBIR funding capacity
* IperionX pointed to active commercial contracts including Ford, Panerai, and titanium fasteners already delivered to the U.S. Army GVSC for testing on an operational platform

**Post-report context:** The $12.5M IBAS tranche (August 2025) and $25M IBAS tranche (September 2025) both preceded the October 3 short report. After the report was published, the DoW continued to obligate additional funding tranches and the U.S. Army placed a new task order. IperionX states it has no record of any prior contact from Spruce Point before publication, and that Spruce Point visited a former North Carolina office address and spoke with someone at a neighboring business, having never visited or requested to visit the Virginia facility. Readers should review both the Spruce Point report and IperionX's November 17 rebuttal directly.

# The Team

**Taso Arima, CEO and Founder.** Previously founded Piedmont Lithium (NASDAQ: PLL). Piedmont experienced permitting failures in North Carolina and was ultimately absorbed into a merger with Sayona Mining. The Titan Project in Tennessee has all major permits received prior to any mine development spend.

**Todd Hannigan, Executive Chairman.** Mining engineer (University of Queensland), INSEAD MBA. Prior roles at BHP Billiton, Xstrata Coal, MIM. Also Executive Chairman of Brazilian Rare Earths. Personal shareholding approximately AU$86M.

**Toby Symonds, President.** Prior roles at JP Morgan, Morgan Stanley, SAC Capital. Responsible for commercial customer development. Built the 200+ customer NDA pipeline.

**Scott Sparks, COO and Co-Founder.** Engineering and operations lead. Has been with the company since founding.

**Dominic Allen, CCO.** Prior roles at Rio Tinto and Ernst and Young. Top 20 shareholder as of last annual report.

**Board:** Lorraine Martin (former Lockheed Martin EVP, Rotary and Mission Systems, 34,000 personnel), Beverly Wyse (former Boeing SVP, 787 Dreamliner South Carolina operations), Tony Tripeny (former Corning CFO, Wharton MBA).

# Upcoming Catalysts

**Half-Year Financial Report (HY FY2026)** IperionX's half-year financial report covering the six months ended December 31, 2025 is expected shortly. Virginia is fully commissioned. The Ford contract commenced in 2025, the Rheinmetall order was placed January 2026, and the Carver Pump order was placed December 2025. This will be the first report where commercial revenue could appear.

**2026: GenX Commercial-Scale Validation** In February 2026, IperionX introduced GenX, its next-generation continuous HAMR platform. Commercial-scale validation milestones and performance data are expected during 2026. IperionX has stated GenX is the basis for scaling toward 10,000+ tpa by 2030.

**Q2 2026: Titan DFS** Definitive Feasibility Study for the Tennessee mine. Will provide the first formal economic assessment of both the titanium and rare earth resources, including Dysprosium and Terbium. The DFS is fully funded by the U.S. Department of War.

**Mid-2027: 1,400 TPA Expansion** DoW IBAS grant is fully obligated to fund the scale-up from 200 tpa to 1,400 tpa. Total expansion cost is approximately $75M, the majority of which is secured via the $47.1M IBAS award. At full utilization and $200/kg average selling price, projected revenue is approximately $280M against approximately $40M OPEX, implying approximately $260M EBITDA. These are company projections, not guaranteed outcomes. The company has also stated a goal of reaching EBITDA positive territory by year-end 2026 at current 200 tpa capacity.

# Current Financials

**Balance Sheet (as of December 31, 2025)**

* Cash and cash equivalents: $65.8M (confirmed from December 2025 quarterly report)
* Debt: $3.93M
* Net cash position: approximately $61.9M ($65.8M cash minus $3.93M debt)
* Current ratio: 6.99
* Debt to equity ratio: 0.04
* Shares outstanding: 333.92 million (increased 36.29% over the past year due to capital placements)
* Total assets: $105.03M
* Total equity: $92.44M
* Total liabilities: $12.59M

**Cash Flow (most recent data from December 2025 quarterly)**

* Operating cash outflow H1 FY2026 (6 months to Dec 31, 2025): $16.7M = approximately $33.4M annualised
* Capital expenditures H1 FY2026: $16.4M = approximately $32.8M annualised
* Free cash flow: approximately negative $66M annualised at current capex deployment rate (capex is expected to decrease once equipment orders are placed and installed)
* The December 2025 quarterly's own Appendix 5B runway estimate: 7 quarters (approximately 21 months) at the December quarter's operating burn rate of $8.9M/quarter, based on $65.8M cash
* $46.5M in remaining government grant reimbursements substantially extends effective runway beyond the stated 21 months, as those funds are drawn as milestones are invoiced

**Valuation (at current price of approximately $47.58 per ADS)**

* Current market cap: approximately $1.30B
* Enterprise value: approximately $1.24B (market cap minus net cash)
* Revenue: $0 trailing twelve months
* EV/Revenue: not applicable (pre-revenue)
* Operating loss FY2025: $38.33M
* Net loss FY2025: $35.35M
* EPS FY2025: negative $0.119 per share (negative $1.191 per ADS given 1:10 ratio)
* Return on equity: negative 49.17%
* Return on assets: negative 44.06%
* Forward EV/EBITDA at projected $260M EBITDA (analyst-derived, 1,400 tpa scenario): approximately 4.8x

**Capital Structure Note** Share count has increased 36.29% over the past year due to four institutional placements totaling approximately $246M, none of which included a Share Purchase Plan for retail shareholders. This dilution should be factored into any per-share price projections going forward. Additional capital raises are likely before the 1,400 tpa expansion is fully funded and operational.

# Competitive Landscape

**ATI Inc. (NYSE: ATI)** is the largest U.S. titanium metals producer, drawing approximately 66% of Q1 2025 revenue from aerospace and defense. ATI has secured a five-year USD $1 billion supply pact with Airbus and holds $1.2 billion in long-term commitments from aerospace and defense customers. ATI is currently expanding its titanium melt capacity at its Richland, Washington facility, with the expansion projected to bring total titanium melt capacity approximately 80% higher than 2022 levels across all facilities once fully qualified, with product qualifications expected through 2025. ATI holds a pilot production program for additive manufacturing grade titanium powder. However, ATI remains entirely dependent on imported titanium sponge as its primary feedstock, sourcing sponge from Japan, Kazakhstan, and other foreign suppliers. ATI's own annual report explicitly cites foreign sponge dependency as a supply chain risk to its operations.

**TIMET (Titanium Metals Corporation)**, now a subsidiary of Precision Castparts (owned by Berkshire Hathaway), was historically the only U.S. producer of titanium sponge. However, TIMET's Henderson, Nevada sponge facility has been idled since 2020 and its Rowley, Utah facility has been idle since 2016. There is currently no active commercial titanium sponge production facility operating in the United States.

**Howmet Aerospace (NYSE: HWM)** is a major engineered components manufacturer that works extensively with titanium among other materials, recording 17% commercial aerospace sales growth in Q3 2024. Howmet is a downstream fabricator rather than a primary titanium producer and is similarly dependent on imported sponge feedstock upstream.

In the titanium powder segment specifically, competitors include AP&amp;C (a GE Additive company) producing plasma atomized titanium powders for additive manufacturing, and Kymera International. These companies focus on powder for additive manufacturing.

**Metalysis**, a UK-based company, developed the FFC Cambridge electrochemical process that also bypasses Kroll. It remains pre-commercial and does not have a domestic U.S. operation or equivalent government backing.

IperionX's process does not require sponge, works from both scrap and domestic mineral concentrate, and is backed by a sole-source government contract structure. The company is not competing directly with existing U.S. sponge producers because no U.S. sponge production currently exists.

* **No commercial revenue to date.** All financial projections are forward-looking and unverified by actual commercial results.
* **Execution risk.** Scaling from 200 to 1,400 tpa is a 7x increase. Manufacturing scale-ups frequently experience delays, yield problems, and cost overruns.
* **Government dependency.** Current cash flow is primarily grant reimbursements. Commercial revenue needs to materialize independently.
* **Founder track record.** Arima's prior venture Piedmont Lithium experienced significant operational and permitting failures before a merger.
* **Retail dilution.** Four capital placements totaling approximately $246M have been completed without a Share Purchase Plan for retail shareholders.
* **Foreign incorporation.** Australian domicile creates potential future FOCI and ITAR compliance complexity as defense contracts scale.
* **XM30 program uncertainty.** Army leadership paused the Milestone B decision in February 2026. If the program is restructured significantly or General Dynamics wins, the potential upside from Rheinmetall relationship may be reduced.

# How To Buy This On NASDAQ

IperionX is primarily listed on the ASX but also trades on NASDAQ under ticker IPX as an ADS (American Depositary Share). One ADS represents 10 ASX ordinary shares. It is accessible through standard U.S. brokerages including Fidelity, Schwab, TD Ameritrade, and Interactive Brokers. Current price: approximately $47.58 as of early March 2026.

The company is Australian-incorporated but operates entirely on U.S. soil. All financials are reported in USD. All operations, contracts, and government relationships are U.S.-based.

**Not financial advice. I hold a position in IPX. Do your own research.**

*Positions: Long IPX*",0.9992,
1rqehf9,stocks,"Is There an AI Bubble? CAPEX, Profitability, Data Centers &amp; Market Risk","Yes, it’s another AI post.

Tldr; there is absolutely no way all this CAPEX spending on AI will generate the huge amounts of profits to justify costs in **any reasonable time frame**. Investors are cowards and will run to save their money at the first sign of a slowdown, be it liquidity crunch, growth slowdown, adoption issues, anything. There is a massive over-expectation for AI profitability.

On March 10^(th) 2000, the NASDAQ peaked, having risen 86% in 1999 alone. By March 15^(th) the NASDAQ was down 9.2%. A month later, on April 12^(th) it closed down 25%, ultimately leading to over 50% down by December. The selling in March began very rapidly without a particular cause, but once it gained steam it did not stop. Pets . com was not making enough money and could not possibly generate enough profit within a human lifetime to justify its valuation. Palm Inc had its IPO days before the peak, one of the largest at that point, peaking at $95 a share and crashing down to $6.50 by June of ‘01. Today the company does not exist. Cisco Systems more or less played the role of Nvidia, and only returned to its peak of 2000 this past December, jumping on yet another hype train. Apple had a single day drop of -50% when it missed an earnings report on 9/29/2000.

Why does this matter? The Dotcom bubble has two very key features that it shares with our proposed AI bubble. Insane P/E ratios and unrealistic time frames for return on money invested (ROI). P/E ratios aren’t the best indicators of whether a stock will go up or down, and many analysts casually refer to over-valuations, though only after the fact, when the euphoria of endless growth wears off. It’s a matter of human psychology; once enough investors realize the gravy train is not “guaranteed” or expected fairly soon, they stampede to bonds. No one likes being a bagholder.

**No, I’m not suggesting that MAG7 companies will go under or that the economy will collapse. I am saying that there will need to be a deep correction in the interim period from now until whenever all these data centers come online.** More on time frames later. If they don’t figure out how to make it profitable by then, that would just be really funny. The MAG7’s heavy reliance on AI and its own over representation on the SPY/SPX means that if there is a drop, all the average person will see is that AI is nuking their retirement portfolios. The success of AI is holding the American economy hostage, at gun point. More stock market value is dependent on AI’s success than it was on the internet during the .com bubble, plenty more GDP growth was contributed by old economy growth back then. Most of the boom of the market recently has been thanks to debt-based AI spending. Boomer companies like Caterpillar and Generac, are booming because of data center build out contracts.

**Let’s look at some P/E ratios. Anything over 20x is typically considered over valued.**

S&amp;P 500: 29x (average is typically 19)

NASDAQ: 33x (20yr average is 22)

MAG7

Microsoft/MSFT: 25x

Alphabet/GOOG: 28x

Meta/META: 22x

Amazon/AMZN:30x

Tesla/TSLA: 373x (robotics memes and Musk being an AI hypebeast)

Apple/APPL: 33x (Apple isn’t nearly as deep in AI as the others)

Nvidia/NVDA: 37x (these guys are killing it thanks to all the debt spending, won’t be pretty if it slows down)

Tech/AI Related

Nebius/NBIS: 587x

Coreweave/CRWV: -334x (forward P/E)

Vertiv/VRT: 73x

Teradyne/TER: 87x

Broadcom/AVGO: 66x

Datadog/DDOG: 394x (companies similar to DDOG are all insanely overvalued)

Lumentum/LITE: 187x

BE Semiconductor/BESIY: 112x

BBAI/AI (companies like this will just fall through the floor; no earnings)

Most companies will survive a humbling on the market, just as most survived the Dotcom Bubble. Some never returned to their former highs and languished, over-extended fiber optics infrastructure companies were bought up on discount after they bankrupted, and many companies eventually came back. Many of the smaller companies are dependent on continuous subsidies, just like they were back then. If liquidity taps out, they go under.

Sam Altman and the rest of the AI cult have done a fantastic job of selling hype, many people are genuinely convinced that AI is taking over and an endless stream of money needs to be burned to build it out. AGI goalposts keep getting moved around.

Even for menial or repetitive tasks, hallucinations and errors are extremely commonplace. Sure, it is a new technology that needs refinement, though keep in mind, there is currently no proposed technical solution for hallucination. Considering how much money is being spent on it, AI needs to work incredibly well to generate the profits necessary to recoup spending. It absolutely has its uses, but with all the layoffs happening I swear most of them are just off-shoring. It sounds better on paper and maybe companies are hoping AI can help fill in the gaps. There is no way the tens of thousands or more jobs that have been cut as a result of AI are not mostly cost cutting or off-shoring. I’ll admit this is just a theory.

The meat and potatoes; revenue. We all know OpenAI lives on handouts and borrowed time. They already pre-emptively asked the government for a bailout before even truly needing one. Altman is some sort of modern alchemist, his company is not even remotely close to generating a profit and he keeps getting hundreds of billions in funding. I have to respect the guy. I keep bringing up OpenAI since they are planning one of the largest IPOs in human history. Companies like Google, Microsoft, Meta, etc, are able to fund the loans they take out thanks to their other ventures. How long until they begin to actually generate a profit on all these data centers? Real profit from real customers too, not just the circular economy most of us are familiar with. Did anyone else see Satya Nadella complaining that people are not adopting AI fast enough at Davos? How are chatbots and LLMs going to make hundreds of billions of dollars and when? Don’t forget, most tokens are currently very heavily subsidized by these companies to facilitate user adoption. Wonder how much they would have to charge without them, as well as enough to make a profit….

Another point, data centers cost a ton, just putting them up. Chips depreciate very quickly, in the grand scheme of things, which means you’re either going to need AI to generate enough profit every 4-5 years to buy new sets of chips, or defer things and take out even more loans. This brings up another very big problem: liquidity. Most of the AI buildouts are paid for with loans. Did you know that ever since the Great Recession banks have become very risk averse to giving large loans? Private equity is covering where traditional lenders are unwilling to. This doesn’t change much in practice, aside from higher borrowing costs. Private Equity is sure to keep giving out loans if they think they will get their money back. The problems will start if smaller companies start losing funding, are unable to meet debt obligations, and end up defaulting on their loans. This has the possibility of triggering a domino effect. Future funding for AI companies may be considered too risky, a specific lender may become “junk status” or collapse as a result, other lenders may get spooked and constrict additional liquidity in an attempt to protect themselves. This isn’t a novel idea, it has happened many times before in stock market history. Liquidity is essential for debt based expansion. Every time it dries up, things get ugly. You’d probably see another tax-payer funded bailout if things got truly ugly. Occupy Silicon Valley?

**Let’s talk about all the different ways AI is making money and losing money.**

OpenAI is forecasted to accrue $143 billion in negative cumulative free cash flow by 2029.

The company hit $20 billion revenue in 2025, this would be impressive if didn’t have to burn $17 bilion in cash.

Best estimates are cash flow positive by 2030. Not profitable.

Cracks appear to already be forming (Nvidia suggesting its their last investment into the company)

The four top hyperscalers, alone, expect to spend $700 billion on AI this year.

**Here are some 10-K forms from the big boys**

Microsoft is vague about how much money its derived in revenue from AI, as it does not seperately track AI revenue, it only claims that AI increases productivity. No estimated on ROIs are given here.

Amazon also does not separately account for AI revenue, it is attached to seperate business segments

Google also does not mention ROIs nor does it distinguish revenues from Gemini from its other services.

Meta attributes its boom in advertising revenue to AI implementation, but no specifics are given on exactly how much impact AI had and how much money they’ve made on things like AI glasses through RealityLab. Couldn’t have been much, since only $2.2 billion came in through revenue there.

All these 10-K forms are quite optimistic about AI. None of them actually breakdown or even estimate how impactful AI has been with real numbers. How many people subscribed to Microsoft Office since CoPilot was shoehorned into it? How much profit did adding it to Windows generate?

I don’t doubt AWS and Azure have made a killing hosting AI/LLM training, or the other circular economy shenanigans that have taken place. What is AI going to provide to the average consumer that they can’t live without? Consumer and commercial use cases will have to explode to ensure expenditures become profits. It seems odd that AI revenue is not tracked seperately and is instead packaged with existing products. One would think that if there’s something great to talk about, it would take the stage, front and center. AI is “making money” but its unclear how much exactly.

Another big issue is just powering all this crap. The word gigawatts gets thrown around a lot these days, and nuclear power is expected to be here to save us. Did you know that the most recent nuclear power plant system built in America, the Vogtle Electric Generating Plant, took 10-11 years to build, cost around $24 billion, and generates ‘only’ 3.4 gigawatts? There are people out there suggesting we double the electrical capacity of the U.S. to power the AI boom. Maybe you think the 10-11 year process is mostly red tape, which can be pushed along by a motivated government, but do you seriously think that the construction of nuclear power plants should be rushed just to satisfy Wall Street? Keep in mind you’re gonna need a lot of these to power all these data centers all over the country. 2025’s Project Stargate is planned across the country, with 5 different locations and nearly 7 GW of planned power needs. You’d need roughly one nuclear reactor per site to feasibly power it all. 10 GW is the ultimate goal. The logistics for powering all this, even if everything else that was mentioned went over smoothly, are potentially **a decade away.** Just to really send this point home, the power necessary to actually run all of this is currently non-existent and can, best case scenario, take YEARS to get AI to the peak production capacity, where it is supposed to begin to be powerful enough to run the economy and make record profits.

There is absolutely no way on earth that investors and lenders will continue to burn billions or trillions waiting for the infrastructure to come together, maintaining companies that do not generate any profit. Investors run at the FIRST sign of trouble, there’s no loyalty in this game, expect for profit. Do not buy into the religious beliefs proselytized by Altman and his fellow grifters. We are far, far, far away from AI approaching anything close to “””godlike”””. To the “this isn’t a bubble, its different” people: okay buddy.

Oh right, did anyone notice how many AI ads there were during the Superbowl and have been coming out in general? Did you know that during the Superbowl of 2000, huge amounts of ad space was purchased by companies with 0 profitability?

This is a quote from an investor back in April of 2000, before things really slid out of control with tech.

 *""If the sentiment really turns negative, there is no floor on companies that don't have earnings you can point to"".*  

There are a ton of links added for citations that got auto filtered that can be found here: https://infolib.org/library/misc/is-there-an-ai-bubble",5,57,1773188239.0,devil wears prada west end,musical_extension,2026-03-11,"Is There an AI Bubble? CAPEX, Profitability, Data Centers &amp; Market Risk Yes, it’s another AI post.

Tldr; there is absolutely no way all this CAPEX spending on AI will generate the huge amounts of profits to justify costs in **any reasonable time frame**. Investors are cowards and will run to save their money at the first sign of a slowdown, be it liquidity crunch, growth slowdown, adoption issues, anything. There is a massive over-expectation for AI profitability.

On March 10^(th) 2000, the NASDAQ peaked, having risen 86% in 1999 alone. By March 15^(th) the NASDAQ was down 9.2%. A month later, on April 12^(th) it closed down 25%, ultimately leading to over 50% down by December. The selling in March began very rapidly without a particular cause, but once it gained steam it did not stop. Pets . com was not making enough money and could not possibly generate enough profit within a human lifetime to justify its valuation. Palm Inc had its IPO days before the peak, one of the largest at that point, peaking at $95 a share and crashing down to $6.50 by June of ‘01. Today the company does not exist. Cisco Systems more or less played the role of Nvidia, and only returned to its peak of 2000 this past December, jumping on yet another hype train. Apple had a single day drop of -50% when it missed an earnings report on 9/29/2000.

Why does this matter? The Dotcom bubble has two very key features that it shares with our proposed AI bubble. Insane P/E ratios and unrealistic time frames for return on money invested (ROI). P/E ratios aren’t the best indicators of whether a stock will go up or down, and many analysts casually refer to over-valuations, though only after the fact, when the euphoria of endless growth wears off. It’s a matter of human psychology; once enough investors realize the gravy train is not “guaranteed” or expected fairly soon, they stampede to bonds. No one likes being a bagholder.

**No, I’m not suggesting that MAG7 companies will go under or that the economy will collapse. I am saying that there will need to be a deep correction in the interim period from now until whenever all these data centers come online.** More on time frames later. If they don’t figure out how to make it profitable by then, that would just be really funny. The MAG7’s heavy reliance on AI and its own over representation on the SPY/SPX means that if there is a drop, all the average person will see is that AI is nuking their retirement portfolios. The success of AI is holding the American economy hostage, at gun point. More stock market value is dependent on AI’s success than it was on the internet during the .com bubble, plenty more GDP growth was contributed by old economy growth back then. Most of the boom of the market recently has been thanks to debt-based AI spending. Boomer companies like Caterpillar and Generac, are booming because of data center build out contracts.

**Let’s look at some P/E ratios. Anything over 20x is typically considered over valued.**

S&amp;P 500: 29x (average is typically 19)

NASDAQ: 33x (20yr average is 22)

MAG7

Microsoft/MSFT: 25x

Alphabet/GOOG: 28x

Meta/META: 22x

Amazon/AMZN:30x

Tesla/TSLA: 373x (robotics memes and Musk being an AI hypebeast)

Apple/APPL: 33x (Apple isn’t nearly as deep in AI as the others)

Nvidia/NVDA: 37x (these guys are killing it thanks to all the debt spending, won’t be pretty if it slows down)

Tech/AI Related

Nebius/NBIS: 587x

Coreweave/CRWV: -334x (forward P/E)

Vertiv/VRT: 73x

Teradyne/TER: 87x

Broadcom/AVGO: 66x

Datadog/DDOG: 394x (companies similar to DDOG are all insanely overvalued)

Lumentum/LITE: 187x

BE Semiconductor/BESIY: 112x

BBAI/AI (companies like this will just fall through the floor; no earnings)

Most companies will survive a humbling on the market, just as most survived the Dotcom Bubble. Some never returned to their former highs and languished, over-extended fiber optics infrastructure companies were bought up on discount after they bankrupted, and many companies eventually came back. Many of the smaller companies are dependent on continuous subsidies, just like they were back then. If liquidity taps out, they go under.

Sam Altman and the rest of the AI cult have done a fantastic job of selling hype, many people are genuinely convinced that AI is taking over and an endless stream of money needs to be burned to build it out. AGI goalposts keep getting moved around.

Even for menial or repetitive tasks, hallucinations and errors are extremely commonplace. Sure, it is a new technology that needs refinement, though keep in mind, there is currently no proposed technical solution for hallucination. Considering how much money is being spent on it, AI needs to work incredibly well to generate the profits necessary to recoup spending. It absolutely has its uses, but with all the layoffs happening I swear most of them are just off-shoring. It sounds better on paper and maybe companies are hoping AI can help fill in the gaps. There is no way the tens of thousands or more jobs that have been cut as a result of AI are not mostly cost cutting or off-shoring. I’ll admit this is just a theory.

The meat and potatoes; revenue. We all know OpenAI lives on handouts and borrowed time. They already pre-emptively asked the government for a bailout before even truly needing one. Altman is some sort of modern alchemist, his company is not even remotely close to generating a profit and he keeps getting hundreds of billions in funding. I have to respect the guy. I keep bringing up OpenAI since they are planning one of the largest IPOs in human history. Companies like Google, Microsoft, Meta, etc, are able to fund the loans they take out thanks to their other ventures. How long until they begin to actually generate a profit on all these data centers? Real profit from real customers too, not just the circular economy most of us are familiar with. Did anyone else see Satya Nadella complaining that people are not adopting AI fast enough at Davos? How are chatbots and LLMs going to make hundreds of billions of dollars and when? Don’t forget, most tokens are currently very heavily subsidized by these companies to facilitate user adoption. Wonder how much they would have to charge without them, as well as enough to make a profit….

Another point, data centers cost a ton, just putting them up. Chips depreciate very quickly, in the grand scheme of things, which means you’re either going to need AI to generate enough profit every 4-5 years to buy new sets of chips, or defer things and take out even more loans. This brings up another very big problem: liquidity. Most of the AI buildouts are paid for with loans. Did you know that ever since the Great Recession banks have become very risk averse to giving large loans? Private equity is covering where traditional lenders are unwilling to. This doesn’t change much in practice, aside from higher borrowing costs. Private Equity is sure to keep giving out loans if they think they will get their money back. The problems will start if smaller companies start losing funding, are unable to meet debt obligations, and end up defaulting on their loans. This has the possibility of triggering a domino effect. Future funding for AI companies may be considered too risky, a specific lender may become “junk status” or collapse as a result, other lenders may get spooked and constrict additional liquidity in an attempt to protect themselves. This isn’t a novel idea, it has happened many times before in stock market history. Liquidity is essential for debt based expansion. Every time it dries up, things get ugly. You’d probably see another tax-payer funded bailout if things got truly ugly. Occupy Silicon Valley?

**Let’s talk about all the different ways AI is making money and losing money.**

OpenAI is forecasted to accrue $143 billion in negative cumulative free cash flow by 2029.

The company hit $20 billion revenue in 2025, this would be impressive if didn’t have to burn $17 bilion in cash.

Best estimates are cash flow positive by 2030. Not profitable.

Cracks appear to already be forming (Nvidia suggesting its their last investment into the company)

The four top hyperscalers, alone, expect to spend $700 billion on AI this year.

**Here are some 10-K forms from the big boys**

Microsoft is vague about how much money its derived in revenue from AI, as it does not seperately track AI revenue, it only claims that AI increases productivity. No estimated on ROIs are given here.

Amazon also does not separately account for AI revenue, it is attached to seperate business segments

Google also does not mention ROIs nor does it distinguish revenues from Gemini from its other services.

Meta attributes its boom in advertising revenue to AI implementation, but no specifics are given on exactly how much impact AI had and how much money they’ve made on things like AI glasses through RealityLab. Couldn’t have been much, since only $2.2 billion came in through revenue there.

All these 10-K forms are quite optimistic about AI. None of them actually breakdown or even estimate how impactful AI has been with real numbers. How many people subscribed to Microsoft Office since CoPilot was shoehorned into it? How much profit did adding it to Windows generate?

I don’t doubt AWS and Azure have made a killing hosting AI/LLM training, or the other circular economy shenanigans that have taken place. What is AI going to provide to the average consumer that they can’t live without? Consumer and commercial use cases will have to explode to ensure expenditures become profits. It seems odd that AI revenue is not tracked seperately and is instead packaged with existing products. One would think that if there’s something great to talk about, it would take the stage, front and center. AI is “making money” but its unclear how much exactly.

Another big issue is just powering all this crap. The word gigawatts gets thrown around a lot these days, and nuclear power is expected to be here to save us. Did you know that the most recent nuclear power plant system built in America, the Vogtle Electric Generating Plant, took 10-11 years to build, cost around $24 billion, and generates ‘only’ 3.4 gigawatts? There are people out there suggesting we double the electrical capacity of the U.S. to power the AI boom. Maybe you think the 10-11 year process is mostly red tape, which can be pushed along by a motivated government, but do you seriously think that the construction of nuclear power plants should be rushed just to satisfy Wall Street? Keep in mind you’re gonna need a lot of these to power all these data centers all over the country. 2025’s Project Stargate is planned across the country, with 5 different locations and nearly 7 GW of planned power needs. You’d need roughly one nuclear reactor per site to feasibly power it all. 10 GW is the ultimate goal. The logistics for powering all this, even if everything else that was mentioned went over smoothly, are potentially **a decade away.** Just to really send this point home, the power necessary to actually run all of this is currently non-existent and can, best case scenario, take YEARS to get AI to the peak production capacity, where it is supposed to begin to be powerful enough to run the economy and make record profits.

There is absolutely no way on earth that investors and lenders will continue to burn billions or trillions waiting for the infrastructure to come together, maintaining companies that do not generate any profit. Investors run at the FIRST sign of trouble, there’s no loyalty in this game, expect for profit. Do not buy into the religious beliefs proselytized by Altman and his fellow grifters. We are far, far, far away from AI approaching anything close to “””godlike”””. To the “this isn’t a bubble, its different” people: okay buddy.

Oh right, did anyone notice how many AI ads there were during the Superbowl and have been coming out in general? Did you know that during the Superbowl of 2000, huge amounts of ad space was purchased by companies with 0 profitability?

This is a quote from an investor back in April of 2000, before things really slid out of control with tech.

 *""If the sentiment really turns negative, there is no floor on companies that don't have earnings you can point to"".*  

There are a ton of links added for citations that got auto filtered that can be found here: https://infolib.org/library/misc/is-there-an-ai-bubble",0.9991,
1rwkt17,musicals,Preservation... The  Musical,"DID  the  Westend  and  Broadway   miss a  trick  back  in  1974  

…….Preservation … the  Musical …



 a  musical  based on  the  Kinks  double  album... Preservation   2







there were  coal  strikes in the  early  70s,  3 day weeks..

massive   20 %  inflation.... electricity   blackouts.... we  were back

to the  days of  candles... 

 Revolution was in the  air... which  prob  

inspired  Ray  to  get onto this  theme...

Flash  the  man  in power... the  dictator....



Stephen  Black  … leader of the   Revolution.... complaining about the  state

of  things.... sung  as  a  duet  with  Marianne  Faithful....



 there  aint  no  beauty and there aint no  style

Just miles and  miles of scrapheap  piles....

look  at all the people,  why they all look  the  same

walking to the  factories in their  top hat and  trilbys…

there  aint no  style... isn't it a  pity  ...



of  course  Mary  Whitehouse  was in her  hey  day back then … criticising

the  decline of  morals  in  Britain and  soft  porn  creeping  into the  tv  schedules...



she  must have inspired the ….. Shepherds of  nation  song



We are the new centurions

Shepherds of the Nations

We'll keep on our guard

For sin and degradation



We are the national guard

Against filth and depravity

Perversion and vulgarity

Homosexuality

Keep it clean 



Stephen  Black …  leading  man... sings  …..   Mirror  of  Love  to  his girlfriend...

  maybe  played  by

  Marianne  Faithful  back  then....   if they do  the musical  today... why  not  Katy  Perry ….



Why I love you though you treat me bad.

Cause when I look at you I'm looking through the mirror of love.

Oh the mirror of love and you look alright,

Cause when I look at you I'm looking through the mirror of love.



You're such a cool lover,

But you're such a cruel lover,

Treat me like I'm a fool,

I hate you but you know I would kill for you.



You're a mean and obscene lover,

But I would have no other,

Even though you treat me bad,

You were the best girl I ever had, 









the  evil  of  Flash  and his  regime  is  highlighted  as  they sing....



He's got style, personality,

But he's the devil in reality.

He'll make you laugh, make you smile,

And make you feel good for a while.

Wicked smile, decadent grin,

He likes school girls, nuns and virgins.



His skin is soft but his mind is hard,

He'll lead you on then he'll tear you apart.

He'll treat you rough and he will make you cry,

And you will kiss sweet innocence good-bye.

And once you're in there'll be no getting out,

So look out, look out, look out, look out.



He's evil. He's evil. He's evil. He's evil. He's evil.

He's evil. He's evil. He's evil. He's evil. He's evil. 



   the  romance  theme  running  through the musical  between  Stephen Black  and  Marianne  faithful

the  song....sweet lady  Genevieve  could be   fitted  in....



 Oh if you come back to me Sweet Lady Genevieve,

I'm not the impetuous fool you used to know

I know that I used you and I hurt you so,

But that was so long ago Sweet Lady Genevieve.



Oh, love me,

Take me in your arms.

Let me rock you, hold you,

Smile away all your sadness, put your trust in me.



Ray  could  have  played  the lead  back then  maybe for a  6 month  run ?



So many brilliant  songs  and    lyrics that Im  sure would be  great  on  stage 

in a  theatre  setting....



If this  musical  got into  production  it  would be  a  great tribute

to  Ray  in his  declining  years...… Lets  do  it   !

listen to  the   double  album

go  here   [https://www.youtube.com/watch?v=XfvKcxbRlc4&amp;list=PLF0yIDuA63HWgGgjtAHvdC0EW6COWBohz](https://www.youtube.com/watch?v=XfvKcxbRlc4&amp;list=PLF0yIDuA63HWgGgjtAHvdC0EW6COWBohz)

  
",3,0,1773784600.0,devil wears prada musical,musical_extension,2026-03-17,"Preservation... The  Musical DID  the  Westend  and  Broadway   miss a  trick  back  in  1974  

…….Preservation … the  Musical …



 a  musical  based on  the  Kinks  double  album... Preservation   2







there were  coal  strikes in the  early  70s,  3 day weeks..

massive   20 %  inflation.... electricity   blackouts.... we  were back

to the  days of  candles... 

 Revolution was in the  air... which  prob  

inspired  Ray  to  get onto this  theme...

Flash  the  man  in power... the  dictator....



Stephen  Black  … leader of the   Revolution.... complaining about the  state

of  things.... sung  as  a  duet  with  Marianne  Faithful....



 there  aint  no  beauty and there aint no  style

Just miles and  miles of scrapheap  piles....

look  at all the people,  why they all look  the  same

walking to the  factories in their  top hat and  trilbys…

there  aint no  style... isn't it a  pity  ...



of  course  Mary  Whitehouse  was in her  hey  day back then … criticising

the  decline of  morals  in  Britain and  soft  porn  creeping  into the  tv  schedules...



she  must have inspired the ….. Shepherds of  nation  song



We are the new centurions

Shepherds of the Nations

We'll keep on our guard

For sin and degradation



We are the national guard

Against filth and depravity

Perversion and vulgarity

Homosexuality

Keep it clean 



Stephen  Black …  leading  man... sings  …..   Mirror  of  Love  to  his girlfriend...

  maybe  played  by

  Marianne  Faithful  back  then....   if they do  the musical  today... why  not  Katy  Perry ….



Why I love you though you treat me bad.

Cause when I look at you I'm looking through the mirror of love.

Oh the mirror of love and you look alright,

Cause when I look at you I'm looking through the mirror of love.



You're such a cool lover,

But you're such a cruel lover,

Treat me like I'm a fool,

I hate you but you know I would kill for you.



You're a mean and obscene lover,

But I would have no other,

Even though you treat me bad,

You were the best girl I ever had, 









the  evil  of  Flash  and his  regime  is  highlighted  as  they sing....



He's got style, personality,

But he's the devil in reality.

He'll make you laugh, make you smile,

And make you feel good for a while.

Wicked smile, decadent grin,

He likes school girls, nuns and virgins.



His skin is soft but his mind is hard,

He'll lead you on then he'll tear you apart.

He'll treat you rough and he will make you cry,

And you will kiss sweet innocence good-bye.

And once you're in there'll be no getting out,

So look out, look out, look out, look out.



He's evil. He's evil. He's evil. He's evil. He's evil.

He's evil. He's evil. He's evil. He's evil. He's evil. 



   the  romance  theme  running  through the musical  between  Stephen Black  and  Marianne  faithful

the  song....sweet lady  Genevieve  could be   fitted  in....



 Oh if you come back to me Sweet Lady Genevieve,

I'm not the impetuous fool you used to know

I know that I used you and I hurt you so,

But that was so long ago Sweet Lady Genevieve.



Oh, love me,

Take me in your arms.

Let me rock you, hold you,

Smile away all your sadness, put your trust in me.



Ray  could  have  played  the lead  back then  maybe for a  6 month  run ?



So many brilliant  songs  and    lyrics that Im  sure would be  great  on  stage 

in a  theatre  setting....



If this  musical  got into  production  it  would be  a  great tribute

to  Ray  in his  declining  years...… Lets  do  it   !

listen to  the   double  album

go  here   [https://www.youtube.com/watch?v=XfvKcxbRlc4&amp;list=PLF0yIDuA63HWgGgjtAHvdC0EW6COWBohz](https://www.youtube.com/watch?v=XfvKcxbRlc4&amp;list=PLF0yIDuA63HWgGgjtAHvdC0EW6COWBohz)",0.2506,
1rptslu,musicals,Trying to figure out what musical I should aim to watch,"I’ve only watched one musical live, The Book of Mormon, which I really loved. Some others I like are Falsettos, the Les Mis movie and the Wicked movie. So I’m wondering, which one of these do you like the most? Would you recommend any of them?

1. **Death Note: The Musical**

**2. The Devil Wears Prada**

**3. Hamilton**

**4. Hercules**

**5. Back to the future** (seen the movies)

**6. Into The Woods** (saw the movie)

**7. Oliver!** (seen a movie, but don’t remember which)

**8. Six**

**9. Matilda** (watched the Danny DeVito one, haven’t seen the musical movie)

**10. Les Misérables** (saw the movie with Hugh Jackman)

**11. Wicked** (saw the first one with Cynthia and Ariana)

**12. Phantom of the Opera** 

**13. Avenue Q**

**14. Cabaret**

**15. Come Alive!** (seen the greatest showman multiple times)

**16. Beetlejuice** (slime tut)

**17. Moulin Rogue**

**18. CATS**",3,17,1773140241.0,devil wears prada musical,musical_extension,2026-03-10,"Trying to figure out what musical I should aim to watch I’ve only watched one musical live, The Book of Mormon, which I really loved. Some others I like are Falsettos, the Les Mis movie and the Wicked movie. So I’m wondering, which one of these do you like the most? Would you recommend any of them?

1. **Death Note: The Musical**

**2. The Devil Wears Prada**

**3. Hamilton**

**4. Hercules**

**5. Back to the future** (seen the movies)

**6. Into The Woods** (saw the movie)

**7. Oliver!** (seen a movie, but don’t remember which)

**8. Six**

**9. Matilda** (watched the Danny DeVito one, haven’t seen the musical movie)

**10. Les Misérables** (saw the movie with Hugh Jackman)

**11. Wicked** (saw the first one with Cynthia and Ariana)

**12. Phantom of the Opera** 

**13. Avenue Q**

**14. Cabaret**

**15. Come Alive!** (seen the greatest showman multiple times)

**16. Beetlejuice** (slime tut)

**17. Moulin Rogue**

**18. CATS**",0.7329,
1rwobtc,musicals,Eurydice [Hadestown],"Desmonda Cathabel's Eurydice - Yr 2 West End cast Hadestown

Honoured to have seen this cast on their final night!

Original work @kachwezi_ on insta",8,0,1773792624.0,devil wears prada west end,musical_extension,2026-03-18,"Eurydice [Hadestown] Desmonda Cathabel's Eurydice - Yr 2 West End cast Hadestown

Honoured to have seen this cast on their final night!

Original work @kachwezi_ on insta",0.6996,
1rvs0c7,musicals,I made a Next to Normal “I’m alive” comic for art class,"ignore my horrible handwriting, and please no hate I’m not the best artist but I tried my best",17,10,1773708498.0,devil wears prada west end,musical_extension,2026-03-17,"I made a Next to Normal “I’m alive” comic for art class ignore my horrible handwriting, and please no hate I’m not the best artist but I tried my best",0.6445,
1rsgw97,musicals,"In Pieces Live Performance at ""Other Palace"" in London's Off West End!","I just discovered that In Pieces have live performances at the Other Palace March 30th and 31st just a few minutes ago and learned that it is COMPLETELY booked out! Now I wouldn't have been able to go even if tickets were available, however it excites me so many are still looking forward to the musical! All I've seen from the musical so far is the Joe's Pub Performance so I'm excited to hear who all's going and what y'all think of it! It's an amazing cast of Actors and Actresses so I'm excited to see if Joey Contreras will bring back some more America performances!  
(Sorry for Repost, I messed up the image😭)

*Processing img 3bj06pt0nrog1...*

",1,1,1773387358.0,devil wears prada west end,musical_extension,2026-03-13,"In Pieces Live Performance at ""Other Palace"" in London's Off West End! I just discovered that In Pieces have live performances at the Other Palace March 30th and 31st just a few minutes ago and learned that it is COMPLETELY booked out! Now I wouldn't have been able to go even if tickets were available, however it excites me so many are still looking forward to the musical! All I've seen from the musical so far is the Joe's Pub Performance so I'm excited to hear who all's going and what y'all think of it! It's an amazing cast of Actors and Actresses so I'm excited to see if Joey Contreras will bring back some more America performances!  
(Sorry for Repost, I messed up the image😭)

*Processing img 3bj06pt0nrog1...*",0.8106,
1rr2fbl,musicals,Dawson casting in musicals?,"My question is: which characters can be played by both children/teens and adults? 

Peter Pan-a ton of them. Tiger Lily, Wendy, all the Lost Boys, and Tinkerbell can be played by children or adults (depending on the director’s decisions). In the last national tour run, Michael and John were double cast as young boys and they switched out to a Lost Boy track every other day/show. 

Lydia in Miss Doubtfire was played by an older teen in the Korean production, but on Broadway and the West End she was played by someone in her early 20s. 

Little Inez in Hairspray-I love it when she’s played by a tween (like they did in the movie and live versions), I don’t like it when they cast short 20 something year olds to play Inez.

Liesl in Sound of Music-more productions should cast her as 16-18 years old, not someone in her early to mid 20s. Same with Rolf. I wonder if it has to do with Union/Equity rules about how many minors work this many hours every day. The rest of the Von Trapps are played by minors in most productions, often double or triple cast with swings (if it’s a professional/Equity show). 

In an ideal situation: the casts of Grease, All Shook Up, Hairspray, Bye Bye Birdie and West Side Story should be primarily teens 14-18 years old. Again, the reason why they cast young/young looking adults in teen roles for professional productions is probably due to Equity guidelines. I do know the last Broadway run of Birdie had actual teens in certain roles. 

Fredricka in A Little Night Music-much rather want a 12-14 year old in that role, but have seen adults as Fredricka. 

Dorothy in Wizard of Oz-again, I’ve seen productions (like I think West End or some professional UK production a few years ago) cast her as young as 13-14, because Judy Garland was a teen when she played Dorothy. I’ve also seen 16-18 year olds play her. 

I have also seen some of Matilda’s classmates get cast as short adults. In some tours/countries (eg Japan), they only cast Eric (the kid who gets his ears pulled by Trunchbull), Bruce and Matilda as the only children in the show. 

Bet in Oliver can go both ways. Sometimes she’s played by a teen, sometimes she’s played by a short adult in her early 20s (the current West End has the latter) 

Louise in Carousel-can also go both ways (teen or young adult), but she has to have dance experience regardless. 

Pugsley in the West End version of Addams Family was played by an adult, but the American productions cast him as a kid (around 8-12 years old) 

The only “child characters” that have to be played by adults is in 25th Putnam Spelling Bee, because of the mature themes/jokes. ",7,17,1773254646.0,devil wears prada west end,musical_extension,2026-03-11,"Dawson casting in musicals? My question is: which characters can be played by both children/teens and adults? 

Peter Pan-a ton of them. Tiger Lily, Wendy, all the Lost Boys, and Tinkerbell can be played by children or adults (depending on the director’s decisions). In the last national tour run, Michael and John were double cast as young boys and they switched out to a Lost Boy track every other day/show. 

Lydia in Miss Doubtfire was played by an older teen in the Korean production, but on Broadway and the West End she was played by someone in her early 20s. 

Little Inez in Hairspray-I love it when she’s played by a tween (like they did in the movie and live versions), I don’t like it when they cast short 20 something year olds to play Inez.

Liesl in Sound of Music-more productions should cast her as 16-18 years old, not someone in her early to mid 20s. Same with Rolf. I wonder if it has to do with Union/Equity rules about how many minors work this many hours every day. The rest of the Von Trapps are played by minors in most productions, often double or triple cast with swings (if it’s a professional/Equity show). 

In an ideal situation: the casts of Grease, All Shook Up, Hairspray, Bye Bye Birdie and West Side Story should be primarily teens 14-18 years old. Again, the reason why they cast young/young looking adults in teen roles for professional productions is probably due to Equity guidelines. I do know the last Broadway run of Birdie had actual teens in certain roles. 

Fredricka in A Little Night Music-much rather want a 12-14 year old in that role, but have seen adults as Fredricka. 

Dorothy in Wizard of Oz-again, I’ve seen productions (like I think West End or some professional UK production a few years ago) cast her as young as 13-14, because Judy Garland was a teen when she played Dorothy. I’ve also seen 16-18 year olds play her. 

I have also seen some of Matilda’s classmates get cast as short adults. In some tours/countries (eg Japan), they only cast Eric (the kid who gets his ears pulled by Trunchbull), Bruce and Matilda as the only children in the show. 

Bet in Oliver can go both ways. Sometimes she’s played by a teen, sometimes she’s played by a short adult in her early 20s (the current West End has the latter) 

Louise in Carousel-can also go both ways (teen or young adult), but she has to have dance experience regardless. 

Pugsley in the West End version of Addams Family was played by an adult, but the American productions cast him as a kid (around 8-12 years old) 

The only “child characters” that have to be played by adults is in 25th Putnam Spelling Bee, because of the mature themes/jokes.",0.9956,
1roepl4,musicals,"Is there a list of professional musical film recordings (in theatres, not film adaptations)?","I am looking for a list of all pro recordings of musicals in the West End and Broadway. 

For example: Heathers (2023).

I don’t want anything amateur or film adaptations. 

Thanks. ",2,3,1772999857.0,devil wears prada west end,musical_extension,2026-03-08,"Is there a list of professional musical film recordings (in theatres, not film adaptations)? I am looking for a list of all pro recordings of musicals in the West End and Broadway. 

For example: Heathers (2023).

I don’t want anything amateur or film adaptations. 

Thanks.",0.4939,
1rmc7s0,musicals,BREAKING: LESLIE ODOM JR TO STAR IN HAMILTON IN THE WEST END,,227,32,1772798708.0,devil wears prada west end,musical_extension,2026-03-06,BREAKING: LESLIE ODOM JR TO STAR IN HAMILTON IN THE WEST END,0.0,
1rvh991,musicals,Auditions: What do you wear?,"I am auditioning for a community theatre production of Legally Blonde. After we sing our 32 bars, we do our dance audition. I haven't done a show in almost 10 years, and want to make a good impression. I am a female and I don't know if wearing leggings is acceptable. Is wearing more athletic apparel okay or should I change quickly after my singing audition? Any input is appreciated! ",3,4,1773684685.0,devil wears prada dominion theatre,musical_extension,2026-03-16,"Auditions: What do you wear? I am auditioning for a community theatre production of Legally Blonde. After we sing our 32 bars, we do our dance audition. I haven't done a show in almost 10 years, and want to make a good impression. I am a female and I don't know if wearing leggings is acceptable. Is wearing more athletic apparel okay or should I change quickly after my singing audition? Any input is appreciated!",0.9172,
1rvlo1o,musicals,Foreshadowing in musicals,What musical foreshadows what is going to happen for example hamilton burr says fools who run their mouth off wind up dead then John Laurens sings and burr says like i said ,19,31,1773693908.0,prada musical elton john,musical_extension,2026-03-16,Foreshadowing in musicals What musical foreshadows what is going to happen for example hamilton burr says fools who run their mouth off wind up dead then John Laurens sings and burr says like i said,-0.7184,
1rp67p3,musicals,Billy elliot tickets are now on sale 🙌😍,Ive always wanted to see this and now tickets are on sale now for Feb 2027 at the adelphi theatre London ,0,0,1773076453.0,prada musical elton john,musical_extension,2026-03-09,Billy elliot tickets are now on sale 🙌😍 Ive always wanted to see this and now tickets are on sale now for Feb 2027 at the adelphi theatre London,0.4588,
1rr5h1d,westend,In doubt of what show to see,"So. Me and my sister will be visiting London in June and we were just discussing the shows that we'll be seeing.
Already bought our tickets for Beetlejuice, looking forward to that.

We still have nothing planned for Wednesday afternoon and would love to see a musical or play. Which shows would you recommend? 
Online I saw Oliver and The Devil Wears Prada mentioned?

Help me out!",5,10,1773261079.0,devil wears prada musical,musical_extension,2026-03-11,"In doubt of what show to see So. Me and my sister will be visiting London in June and we were just discussing the shows that we'll be seeing.
Already bought our tickets for Beetlejuice, looking forward to that.

We still have nothing planned for Wednesday afternoon and would love to see a musical or play. Which shows would you recommend? 
Online I saw Oliver and The Devil Wears Prada mentioned?

Help me out!",0.6759,
1rlzo1t,westend,Suggestions for last min tickets in April,"Hey! A friend of mine and I will be in town the first week of April. We are debating on seeing something but don't want to commit to anything ahead of time in case our plans change (we are headed to Scotland part of the week). I am a pretty frequent traveler to Broadway so have seen most of the more popular shows, Hamilton, Wicked, Les Mis, Cabaret, for example and love musicals over plays. 

Would appreciate suggestions on things to consider and where getting day of tickets are usually possible without hassle. 

Some of my intial pivks are The Producers, Oliver, The Devil Wears Prada, Matilda, Kinky Boots. ",2,8,1772758898.0,devil wears prada musical,musical_extension,2026-03-06,"Suggestions for last min tickets in April Hey! A friend of mine and I will be in town the first week of April. We are debating on seeing something but don't want to commit to anything ahead of time in case our plans change (we are headed to Scotland part of the week). I am a pretty frequent traveler to Broadway so have seen most of the more popular shows, Hamilton, Wicked, Les Mis, Cabaret, for example and love musicals over plays. 

Would appreciate suggestions on things to consider and where getting day of tickets are usually possible without hassle. 

Some of my intial pivks are The Producers, Oliver, The Devil Wears Prada, Matilda, Kinky Boots.",0.8525,
1rx206e,westend,Is it worth paying extra for better seats in the West End?,Trying to decide between cheaper seats or spending a bit more.  Does it make a big difference?,1,23,1773835429.0,devil wears prada west end,musical_extension,2026-03-18,Is it worth paying extra for better seats in the West End? Trying to decide between cheaper seats or spending a bit more.  Does it make a big difference?,0.6322,
1rsw7ia,westend,Ticket HAMILTON WEST-END 11th June 2026,"Hi, would anyone like a ticket for Hamilton at the Victoria Palace Theatre on Thursday, 11th of June, for the afternoon show? I bought it for 24£ through ATG Love Theatre and would sell it for 15£. Grand Circle, Row G, Seat 38. There's nothing wrong with the ticket, I just panicked buying it in the morning, thinking that this is also the date where Leslie Odom Jr was part of the cast.  
",0,1,1773428139.0,devil wears prada west end,musical_extension,2026-03-13,"Ticket HAMILTON WEST-END 11th June 2026 Hi, would anyone like a ticket for Hamilton at the Victoria Palace Theatre on Thursday, 11th of June, for the afternoon show? I bought it for 24£ through ATG Love Theatre and would sell it for 15£. Grand Circle, Row G, Seat 38. There's nothing wrong with the ticket, I just panicked buying it in the morning, thinking that this is also the date where Leslie Odom Jr was part of the cast.",0.8502,
1rrpcyr,westend,Seat filler tickets,"Hey I know seat filler sites urge people to be discreet so this may be a shot in the dark but I’m interested in seeing more theatre on a very tight budget. I work in the west end so can take advantage of very last minute opportunities, if anyone has recommendations for how to get cheep/free tickets I’d appreciate if you could share.

I’ve looked into membership with ‘the au\*\*\*\*ce club’  but I’d really like to know if it’s worth paying the membership, if anyone is a member what use do you get out of this?",15,32,1773318326.0,devil wears prada west end,musical_extension,2026-03-12,"Seat filler tickets Hey I know seat filler sites urge people to be discreet so this may be a shot in the dark but I’m interested in seeing more theatre on a very tight budget. I work in the west end so can take advantage of very last minute opportunities, if anyone has recommendations for how to get cheep/free tickets I’d appreciate if you could share.

I’ve looked into membership with ‘the au\*\*\*\*ce club’  but I’d really like to know if it’s worth paying the membership, if anyone is a member what use do you get out of this?",0.9706,
1rova2i,westend,hamilton july-sept,"sorry if this is a stupid question, never been to a theatre show before let alone a west end production. i saw that leslie odom jr (the broadway actor of adam burr) was performing july-september, 

is there a different procedure to getting those tickets that the regular ones? are they sold out for two months already?? have they not been released yet?",3,6,1773047432.0,devil wears prada west end,musical_extension,2026-03-09,"hamilton july-sept sorry if this is a stupid question, never been to a theatre show before let alone a west end production. i saw that leslie odom jr (the broadway actor of adam burr) was performing july-september, 

is there a different procedure to getting those tickets that the regular ones? are they sold out for two months already?? have they not been released yet?",-0.7691,
1rn87ai,westend,1 matinee ticket for 1.17 am at Finborough Theatre today,"Hi, I’ve got a family emergency and can’t make it to the matinee performance today. Not sure if people will be interested on this sub as it’s an intimate off-West End venue, but figured it was worth a try so my ticket doesn’t go to waste. Here’s the link to the production just in case: https://www.finboroughtheatre.co.uk/productions/117am-or-until-the-words-run-out",2,1,1772884582.0,devil wears prada west end,musical_extension,2026-03-07,"1 matinee ticket for 1.17 am at Finborough Theatre today Hi, I’ve got a family emergency and can’t make it to the matinee performance today. Not sure if people will be interested on this sub as it’s an intimate off-West End venue, but figured it was worth a try so my ticket doesn’t go to waste. Here’s the link to the production just in case: https://www.finboroughtheatre.co.uk/productions/117am-or-until-the-words-run-out",-0.4178,
