id,subreddit,title,text,score,num_comments,created_utc,query,event,date,combined_text,vader,finbert
1osv3xt,fashion,Which size works better for this sweater: Small or Medium?,"I picked up this Banana Republic sweater in two sizes and can’t decide which one to keep.

The small fits closer to my body and feels more “correct” in a traditional sense - it’s clean at the shoulders and works well under a coat. But when I wear the medium, it hangs with a softer drape and creates what feels like a better overall silhouette, especially with pleated trousers and a light tuck.

The small gives a sharper outline, but the medium feels more intentional as it balances the proportions and has a nicer flow through the torso.

Here’s what I’ve noticed:

Small
	•	Sharper, tailored fit
	•	Easier to layer under outerwear
	•	Can look a bit stiff or boxy on its own

Medium
	•	Better drape and proportions ( especially with a light tuck)
	•	Feels more relaxed and natural
	•	Slightly looser at the shoulders and sleeves

Order of photos:
1. Medium, no jacket
2. Small, no jacket
3. Medium w/ jacket
4. Small w/ jacket


Thoughts? Genuinely looking for a second opinion here because I feel like I’ve gone blind here 🫠",55,59,1762723174.0,devil wears prada 2,teaser_trailer,2025-11-09,"Which size works better for this sweater: Small or Medium? I picked up this Banana Republic sweater in two sizes and can’t decide which one to keep.

The small fits closer to my body and feels more “correct” in a traditional sense - it’s clean at the shoulders and works well under a coat. But when I wear the medium, it hangs with a softer drape and creates what feels like a better overall silhouette, especially with pleated trousers and a light tuck.

The small gives a sharper outline, but the medium feels more intentional as it balances the proportions and has a nicer flow through the torso.

Here’s what I’ve noticed:

Small
	•	Sharper, tailored fit
	•	Easier to layer under outerwear
	•	Can look a bit stiff or boxy on its own

Medium
	•	Better drape and proportions ( especially with a light tuck)
	•	Feels more relaxed and natural
	•	Slightly looser at the shoulders and sleeves

Order of photos:
1. Medium, no jacket
2. Small, no jacket
3. Medium w/ jacket
4. Small w/ jacket


Thoughts? Genuinely looking for a second opinion here because I feel like I’ve gone blind here 🫠",0.9856,
1p00f52,movies,Sabrina 1954 vs 1995: in defense of Sabrina 1954,"Had to write this after watching the remake.

Also full disclosure, I saw Sabrina 1954 first… a week ago. And then watched the remake yesterday and today.

This is also going to be very subjective.

Listen, I do not need a remake to be a 1 to 1 copy of the original. I am fine with changes in theory. But the changes need to have purpose. And as far as I can tell, the remake half-assed its changes. It’s too afraid to strain too much from the structure of the original film, but its new content conflicts with that original script. It’s the 90s equivalent of a modern Disney remake. And in the words of Ron Leslie,

Never half-ass two things. Full ass one thing.

Let’s start with the most basic issue. Sabrina herself.

For, what I can only assume was an attempt to differentiate itself from the original, Sabrina no longer goes from lovesick youngin to bold, confident, woman. Instead it’s lovesick shy youngin to lovesick shy hot woman. And I’m sorry, this is just painful to watch. Between the sullen silences, her constant inability to make up her mind, and all the sad sappy poetry type dialogue, it made a 2 hour film feel like 3 hours. In the words of my friend, it’s like watching a sitcom.

The reason Sabrina is such a magnetic force in the original isn’t just the fact she is played by Audrey Hepburn. It’s the fact Audrey imbues the character with so much confidence when she’s returns back from Paris that it’s infectious. From the moment she’s back she has David wrapped around her finger.

*“You’re still reaching for the moon Sabrina.”*

*“No father, the moon is reaching for **me.**”*

At the party, by the time David gets to her she’s already got a group of men surrounding her. She doesn’t blend in, she intentionally stands out. She does not care that she’s about to ruin a 20+ million dollar merger deal. Come hell or high water she is going to go after the love of her life.

If you are going to 180 that, make her still as meek as ever but she got a glow up, then you have to justify why David is infatuated with her. Why he’d be willing to throw everything away for her. In the remake it makes even less sense given he’s actually been dating his fiancé and approach her first. Whereas in the original, David’s marriage was cooked up entirely by Linus. It makes sense that he’d fall back into old habits, even intentionally staining his fiancé’s dress, just for the chance to be with Sabrina. He never truly believed in his arraigned marriage in the first place.

Yet in the remake, the only thing David seems to be into is her looks. Like he’s just using her as an excuse to get out of an engagement he’s iffy on. He doesn’t even stain his fiancé’s dress because she’s not even at the party. Not only that, but they actually have more scenes together after the party, but it’s still worse because Sabrina has no confidence. She realizes she’s falling for Linus and starts to awkwardly shy away from David because she feels guilty. So what you end up with is no chemistry.

Again, compare that to William Holden and Audrey Hepburn. Where the chemistry is so clearly there despite them having far less screentime that people TO THIS DAY wish Sabrina had gotten with David instead.

And can I just say it is hilarious the 90s remake somehow de-girlbossed Sabrina? 1954 Sabrina knew what she wanted and went for it. 1995 Sabrina can’t make up her mind even after her Paris trip.

Part of me is hurt because in theory, I want a remake to go bold with the changes. But the problem is by keeping the bones, the structure of the original film, plot points cease to make sense. Like they’re thrown in there because they were there in the original. 

Which leads to the second victim of this film’s bizarre relationship to the original. 

Linus Laraby.

Linus in the remake has the charisma of a piece of wet cardboard, so he’s naturally a fit for this Sabrina. Who is too shy to even pretend to play coy. He’s awkward, and not in an endearing way. Neither Linus nor Sabrina are good at messing with each other here either. No thinly veiled threats, feigning ignorance. Just very, very awkward pauses.

The best way to describe the difference is the lead up to when they first dance.

In the original, the exchange is this,

**Sabrina:** *You know, when you just walked in here, I was sure you’d been sent by the family to deal with me.*

**Linus:** *To deal with you?*

**Sabrina:** *Like in a Viennese operetta. The young prince falls in love with the waitress at the gala, and the prime minister is sent to buy her off.*

**Linus:** *Buy her off?*

**Sabrina:** *Yes. He offers her 5,000 Krone. No she says. 10,000? No.*

**Linus:** *15,000 Krone.*

**Sabrina:** *No.*

**Linus:** *20,000 Krone.*

**Sabrina:** *No.*

**Linus:** *25,000 dollars.*

**Sabrina:** *No… how did dollars get into this?*

**Linus:** *25,000 after taxes is a lot of money Sabrina.*

**Sabrina:** *What are you trying to say?*

**Linus:** *Oh I’m just trying to make it worth while. What’s a Krone these days? No self respecting prime minister would offer Krone.*

**Sabrina:** *No self respecting waitress would take dollars.*

**Linus:** *Good girl.*

Meanwhile in the 1995

**Sabrina:** *They’ve sent you to deal with me, haven’t they?*

**Linus:** *They?*

**Sabrina:** *Like a lawyer in a movie. He goes to the unsuitable waitress or showgirl or chauffeur’s daughter, and say the family is prepared to offer you 100 thousand dollars to stay away from their son. No she says. 150 thousand?*

**Linus:** *200 thousand.*

**pause**

**Sabrina:** *No.*

**Linus:** *A million.*

**longer pause**

**Linus:** *No self respecting lawyer would offer less.*

**Sabrina:** *No self respecting waitress, would take it.*

**Linus:** *Good girl.*

There is so much push and pull in the original. Linus always stops short of saying he is actually there to buy her off. But Sabrina, to a degree, knows better. The moment it’s starting to become transparent she calls him out. Only for Linus to retreat, and go for plan B. Seducing her.

Meanwhile the remake makes a change at the start of this conversation I neglected to mention. It moves Linus’ lie that he’s okay with David and Sabrina getting together to after the movie analogy. By changing this, they have Sabrina come right out and ask if “they,” sent Linus to deal with her. And Linus, caught, focuses on the “they,” because it means Sabrina didn’t think Linus himself wanted her out of the picture. Meanwhile in the original, Linus feigns ignorance and changes the subject.

This change recontextualizes the whole exchange. It’s far less playful. More awkward, threatening even. Linus’ “good girl,” doesn’t come off as playful. It’s more like a “grrrrr I’m gonna have to try harder to get rid of you.” Before he pretends to be okay with Sabrina and David. Which you may be like “wait what’s the problem here? It looks like they’re changing the story to fit these new characters.” Again, they don’t fully commit. After Linus so clearly and with not even a hint of plausible deniability tries to buy Sabrina off, he suddenly 180s and he’s like “oh no I won’t stop you, it’s the 90s Sabrina.” And she buys it? And then she willingly dances with him?

How?

What?

Why?

The dance itself is awkward as hell. And the way he rushes for the kiss, saying it’s all in the family, I’m just like WHY?!?

I can’t chalk this up to Harrison Ford phoning in his performance though that certainly is part of it. It goes back to someone’s choice during the script writing process to remove Linus’ charisma.

Humphrey Bogart’s Linus’ use of “it’s all in the family,” is repeated over and over prior to the kiss as a way to put Sabrina at ease as he seduces her. It starts off small, with Linus being the one to appear and offer the champaign that David would normally arrive with. Then he moves to the dance. And then, he suggests Sabrina would expect a kiss from David, offers a kiss from David, and then kisses her. Just as Sabrina is questioning what she let herself do, he interrupts that thought with, “it’s all in the family.”

It’s all a game to manipulate her into questioning her feelings for David. To lightly push her in the so called right direction. Unfortunately for Linus, he starts to fall for her in the process.

All I feel in the remake is tension, like Linus is a predator trying to scare but also steal Sabrina away. And she is unsettled by his every advance. None of its subtle or suave. Yet I’m supposed to believe they’re falling in love?

In the original this is the moment Sabrina starts to consider Linus as an option. Whereas in the remake, I’m at the halfway point in the movie and I do not see how Linus can salvage it. And in my opinion, he doesn’t!

The Martha’s vineyard trip is another exercise in annoyance. It’s bigger, more fancy, Linus clearly trying to show off with the helicopter ride and then the private jet. The pretending the abandoned building has been donated to the city to be used as a halfway house.

All just cringe.

And I don’t feel like these are intentional changes to better fit this version of the story. 

It’s like a Disney remake where they make changes to be different but don’t follow through with it. They’re just to make it I guess less problematic. And that thought process goes in tow with the remake’s biggest change.

Sabrina and Linus never try to kill themselves.

Yes, I do think this is a meaningful change. In spite of the odd choice in plot point, Sabrina’s attempted suicide in the original is her and Linus’ first meeting. They actually talk to each other. They banter even though she literally almost died. Linus even brings it up when he sees her at the tennis court. Moreover this is actually setup for Sabrina being able to relate to Linus and see there’s more to him than the stuffy businessman. Because Linus too, almost killed himself because of heartbreak.

The fact they’d both been to this place is what intrigues Sabrina enough for another date after the second one. It’s literally the first thing she asks him about when she visits his office before their third date. Sharing this information is what helps Linus himself be more open to Sabrina and vise versa. It gives Sabrina a reason to trust him. That despite his crusty shell and her endless energy, there’s an intense loneliness they share.

Meanwhile in the remake, no such moment. They replace the garage scene from the 54 film with Sabrina accidentally, drunkenly, confessing her love for David, to Linus.

Also wanted to add the painfully on the nose yet genius framing of when Sabrina is cooking dinner while Linus is outside looking over the ledge at the cruise ship. There’s two different things happening here. Linus is metaphorically thinking about ending his life. Giving up his all day businessman job and running off with her. But also, what separates Sabrina from in this shot? Glass.

In the words of Sabrina’s father,

*”I like to think of life as a limousine. Though we are all riding together, we must remember our places. There's a front seat and a back seat and a window in between.”*

Remake Sabrina and Linus wear their loneliness on their sleeves. So many long awkward pauses. The movie seems aware they don’t actually have the moment where the two become stuck so to speak, where it should click that they’re in love. So instead, while eating Moroccan food, the film montages the two laughing and joking together. As if it gave up on trying to show how these two very lonely, very socially awkward people, would even get to that point. Because the second the montage is over it’s back to Linus acting like a creep and Sabrina being weirded out.

Listen, my biggest complaint about the original is Linus. More specifically Humphrey Bogart was too old, plain and simple. So I take no joy in saying Harrison Ford is worse. All the changes made were for the worse and what they keep does not work with the story they are trying to tell.

I could go on, how the remake changed it so Linus announces his Paris trip in the same scene where he asks Sabrina to go with him. And then has him do a 180 like “no I was lying this was a mistake.” The bottom line is the same.

The remake simultaneously changes too much and too little. And the result is a very frustrating movie. If you haven’t seen the original film, it might be a fine time. But there’s so much here that is just odd, and is only there because of the OG movie.

It’s a movie at war with itself, and in the process loses. ",10,21,1763433847.0,devil wears prada 2,teaser_trailer,2025-11-18,"Sabrina 1954 vs 1995: in defense of Sabrina 1954 Had to write this after watching the remake.

Also full disclosure, I saw Sabrina 1954 first… a week ago. And then watched the remake yesterday and today.

This is also going to be very subjective.

Listen, I do not need a remake to be a 1 to 1 copy of the original. I am fine with changes in theory. But the changes need to have purpose. And as far as I can tell, the remake half-assed its changes. It’s too afraid to strain too much from the structure of the original film, but its new content conflicts with that original script. It’s the 90s equivalent of a modern Disney remake. And in the words of Ron Leslie,

Never half-ass two things. Full ass one thing.

Let’s start with the most basic issue. Sabrina herself.

For, what I can only assume was an attempt to differentiate itself from the original, Sabrina no longer goes from lovesick youngin to bold, confident, woman. Instead it’s lovesick shy youngin to lovesick shy hot woman. And I’m sorry, this is just painful to watch. Between the sullen silences, her constant inability to make up her mind, and all the sad sappy poetry type dialogue, it made a 2 hour film feel like 3 hours. In the words of my friend, it’s like watching a sitcom.

The reason Sabrina is such a magnetic force in the original isn’t just the fact she is played by Audrey Hepburn. It’s the fact Audrey imbues the character with so much confidence when she’s returns back from Paris that it’s infectious. From the moment she’s back she has David wrapped around her finger.

*“You’re still reaching for the moon Sabrina.”*

*“No father, the moon is reaching for **me.**”*

At the party, by the time David gets to her she’s already got a group of men surrounding her. She doesn’t blend in, she intentionally stands out. She does not care that she’s about to ruin a 20+ million dollar merger deal. Come hell or high water she is going to go after the love of her life.

If you are going to 180 that, make her still as meek as ever but she got a glow up, then you have to justify why David is infatuated with her. Why he’d be willing to throw everything away for her. In the remake it makes even less sense given he’s actually been dating his fiancé and approach her first. Whereas in the original, David’s marriage was cooked up entirely by Linus. It makes sense that he’d fall back into old habits, even intentionally staining his fiancé’s dress, just for the chance to be with Sabrina. He never truly believed in his arraigned marriage in the first place.

Yet in the remake, the only thing David seems to be into is her looks. Like he’s just using her as an excuse to get out of an engagement he’s iffy on. He doesn’t even stain his fiancé’s dress because she’s not even at the party. Not only that, but they actually have more scenes together after the party, but it’s still worse because Sabrina has no confidence. She realizes she’s falling for Linus and starts to awkwardly shy away from David because she feels guilty. So what you end up with is no chemistry.

Again, compare that to William Holden and Audrey Hepburn. Where the chemistry is so clearly there despite them having far less screentime that people TO THIS DAY wish Sabrina had gotten with David instead.

And can I just say it is hilarious the 90s remake somehow de-girlbossed Sabrina? 1954 Sabrina knew what she wanted and went for it. 1995 Sabrina can’t make up her mind even after her Paris trip.

Part of me is hurt because in theory, I want a remake to go bold with the changes. But the problem is by keeping the bones, the structure of the original film, plot points cease to make sense. Like they’re thrown in there because they were there in the original. 

Which leads to the second victim of this film’s bizarre relationship to the original. 

Linus Laraby.

Linus in the remake has the charisma of a piece of wet cardboard, so he’s naturally a fit for this Sabrina. Who is too shy to even pretend to play coy. He’s awkward, and not in an endearing way. Neither Linus nor Sabrina are good at messing with each other here either. No thinly veiled threats, feigning ignorance. Just very, very awkward pauses.

The best way to describe the difference is the lead up to when they first dance.

In the original, the exchange is this,

**Sabrina:** *You know, when you just walked in here, I was sure you’d been sent by the family to deal with me.*

**Linus:** *To deal with you?*

**Sabrina:** *Like in a Viennese operetta. The young prince falls in love with the waitress at the gala, and the prime minister is sent to buy her off.*

**Linus:** *Buy her off?*

**Sabrina:** *Yes. He offers her 5,000 Krone. No she says. 10,000? No.*

**Linus:** *15,000 Krone.*

**Sabrina:** *No.*

**Linus:** *20,000 Krone.*

**Sabrina:** *No.*

**Linus:** *25,000 dollars.*

**Sabrina:** *No… how did dollars get into this?*

**Linus:** *25,000 after taxes is a lot of money Sabrina.*

**Sabrina:** *What are you trying to say?*

**Linus:** *Oh I’m just trying to make it worth while. What’s a Krone these days? No self respecting prime minister would offer Krone.*

**Sabrina:** *No self respecting waitress would take dollars.*

**Linus:** *Good girl.*

Meanwhile in the 1995

**Sabrina:** *They’ve sent you to deal with me, haven’t they?*

**Linus:** *They?*

**Sabrina:** *Like a lawyer in a movie. He goes to the unsuitable waitress or showgirl or chauffeur’s daughter, and say the family is prepared to offer you 100 thousand dollars to stay away from their son. No she says. 150 thousand?*

**Linus:** *200 thousand.*

**pause**

**Sabrina:** *No.*

**Linus:** *A million.*

**longer pause**

**Linus:** *No self respecting lawyer would offer less.*

**Sabrina:** *No self respecting waitress, would take it.*

**Linus:** *Good girl.*

There is so much push and pull in the original. Linus always stops short of saying he is actually there to buy her off. But Sabrina, to a degree, knows better. The moment it’s starting to become transparent she calls him out. Only for Linus to retreat, and go for plan B. Seducing her.

Meanwhile the remake makes a change at the start of this conversation I neglected to mention. It moves Linus’ lie that he’s okay with David and Sabrina getting together to after the movie analogy. By changing this, they have Sabrina come right out and ask if “they,” sent Linus to deal with her. And Linus, caught, focuses on the “they,” because it means Sabrina didn’t think Linus himself wanted her out of the picture. Meanwhile in the original, Linus feigns ignorance and changes the subject.

This change recontextualizes the whole exchange. It’s far less playful. More awkward, threatening even. Linus’ “good girl,” doesn’t come off as playful. It’s more like a “grrrrr I’m gonna have to try harder to get rid of you.” Before he pretends to be okay with Sabrina and David. Which you may be like “wait what’s the problem here? It looks like they’re changing the story to fit these new characters.” Again, they don’t fully commit. After Linus so clearly and with not even a hint of plausible deniability tries to buy Sabrina off, he suddenly 180s and he’s like “oh no I won’t stop you, it’s the 90s Sabrina.” And she buys it? And then she willingly dances with him?

How?

What?

Why?

The dance itself is awkward as hell. And the way he rushes for the kiss, saying it’s all in the family, I’m just like WHY?!?

I can’t chalk this up to Harrison Ford phoning in his performance though that certainly is part of it. It goes back to someone’s choice during the script writing process to remove Linus’ charisma.

Humphrey Bogart’s Linus’ use of “it’s all in the family,” is repeated over and over prior to the kiss as a way to put Sabrina at ease as he seduces her. It starts off small, with Linus being the one to appear and offer the champaign that David would normally arrive with. Then he moves to the dance. And then, he suggests Sabrina would expect a kiss from David, offers a kiss from David, and then kisses her. Just as Sabrina is questioning what she let herself do, he interrupts that thought with, “it’s all in the family.”

It’s all a game to manipulate her into questioning her feelings for David. To lightly push her in the so called right direction. Unfortunately for Linus, he starts to fall for her in the process.

All I feel in the remake is tension, like Linus is a predator trying to scare but also steal Sabrina away. And she is unsettled by his every advance. None of its subtle or suave. Yet I’m supposed to believe they’re falling in love?

In the original this is the moment Sabrina starts to consider Linus as an option. Whereas in the remake, I’m at the halfway point in the movie and I do not see how Linus can salvage it. And in my opinion, he doesn’t!

The Martha’s vineyard trip is another exercise in annoyance. It’s bigger, more fancy, Linus clearly trying to show off with the helicopter ride and then the private jet. The pretending the abandoned building has been donated to the city to be used as a halfway house.

All just cringe.

And I don’t feel like these are intentional changes to better fit this version of the story. 

It’s like a Disney remake where they make changes to be different but don’t follow through with it. They’re just to make it I guess less problematic. And that thought process goes in tow with the remake’s biggest change.

Sabrina and Linus never try to kill themselves.

Yes, I do think this is a meaningful change. In spite of the odd choice in plot point, Sabrina’s attempted suicide in the original is her and Linus’ first meeting. They actually talk to each other. They banter even though she literally almost died. Linus even brings it up when he sees her at the tennis court. Moreover this is actually setup for Sabrina being able to relate to Linus and see there’s more to him than the stuffy businessman. Because Linus too, almost killed himself because of heartbreak.

The fact they’d both been to this place is what intrigues Sabrina enough for another date after the second one. It’s literally the first thing she asks him about when she visits his office before their third date. Sharing this information is what helps Linus himself be more open to Sabrina and vise versa. It gives Sabrina a reason to trust him. That despite his crusty shell and her endless energy, there’s an intense loneliness they share.

Meanwhile in the remake, no such moment. They replace the garage scene from the 54 film with Sabrina accidentally, drunkenly, confessing her love for David, to Linus.

Also wanted to add the painfully on the nose yet genius framing of when Sabrina is cooking dinner while Linus is outside looking over the ledge at the cruise ship. There’s two different things happening here. Linus is metaphorically thinking about ending his life. Giving up his all day businessman job and running off with her. But also, what separates Sabrina from in this shot? Glass.

In the words of Sabrina’s father,

*”I like to think of life as a limousine. Though we are all riding together, we must remember our places. There's a front seat and a back seat and a window in between.”*

Remake Sabrina and Linus wear their loneliness on their sleeves. So many long awkward pauses. The movie seems aware they don’t actually have the moment where the two become stuck so to speak, where it should click that they’re in love. So instead, while eating Moroccan food, the film montages the two laughing and joking together. As if it gave up on trying to show how these two very lonely, very socially awkward people, would even get to that point. Because the second the montage is over it’s back to Linus acting like a creep and Sabrina being weirded out.

Listen, my biggest complaint about the original is Linus. More specifically Humphrey Bogart was too old, plain and simple. So I take no joy in saying Harrison Ford is worse. All the changes made were for the worse and what they keep does not work with the story they are trying to tell.

I could go on, how the remake changed it so Linus announces his Paris trip in the same scene where he asks Sabrina to go with him. And then has him do a 180 like “no I was lying this was a mistake.” The bottom line is the same.

The remake simultaneously changes too much and too little. And the result is a very frustrating movie. If you haven’t seen the original film, it might be a fine time. But there’s so much here that is just odd, and is only there because of the OG movie.

It’s a movie at war with itself, and in the process loses.",0.9967,
1ovaqrt,movies,Official Poster for 'The Devil Wears Prada 2',,1399,148,1762966945.0,devil wears prada 2,teaser_trailer,2025-11-12,Official Poster for 'The Devil Wears Prada 2',-0.6597,
1ovaooo,movies,The Devil Wears Prada 2 | Teaser Trailer,,1534,236,1762966836.0,devil wears prada 2,teaser_trailer,2025-11-12,The Devil Wears Prada 2 | Teaser Trailer,-0.7506,
1p0h8vy,movies,'Wicked: For Good' - Review Thread,"*Now demonized as the Wicked Witch of the West, Elphaba lives in exile in the Ozian forest, while Glinda resides at the palace in Emerald City, reveling in the perks of fame and popularity. As an angry mob rises against the Wicked Witch, she'll need to reunite with Glinda to transform herself, and all of Oz, for good.*

Director: John M. Chu

Cast: Cynthia Erivo, Ariana Grande, , Jonathan Bailey, Ethan Slater, Marissa Bode, Jeff Goldblum, Michelle Yeoh, Colman Domingo, Peter Dinklage, Bowen Yang

**Rotten Tomatoes:** [72%](https://www.rottentomatoes.com/m/wicked_for_good)

**Metacritic:** [61 / 100](https://www.metacritic.com/movie/wicked-for-good/)

Some Reviews:

[Next Best Picture - Lauren LaMagna](https://nextbestpicture.com/wicked-for-good/) \- 7 / 10

&gt;The cast, led by the phenomenal Cynthia Erivo and Ariana Grande, still deliver fantastic work that is supported by excellent crafts from all departments of production. But the source material is inherently weaker than the first, making this a less fulfilling entry as a standalone, even if it compliments Part One as a whole. The additional scenes are not necessary and only exist for the material to be long enough to qualify its own feature film, which also results in pacing issues.

[BBC - Caryn James](https://www.bbc.com/culture/article/20251118-wicked-for-good-review) \- 4 / 5

&gt;Let's be clear: the Wicked films are the definition of preaching to the choir. They aren't likely to win over anyone sceptical of candy-coloured spectacle and overt sentimentality presented in Broadway show-stopping fashion. Wicked is what it is. But if you're fine with that, this latest instalment is more captivating than the last and enjoyable to watch throughout.

[DEADLINE - Pete Hammond](https://deadline.com/2025/11/wicked-for-good-review-jon-chus-part-2-musical-adaptation-1236620980/)

&gt;What can we say about the performances that hasn’t already been said? Both Erivo and Grande could not be better, and in fact Grande really gets a chance to shine here and runs away with the picture whenever she is on screen. Erivo’s Elphaba remains the juiciest role and she defines it with the mortality only movies can bring. Bailey is terrific again, and Goldblum’s Wizard really comes into deep focus now and he’s got it going on. Marissa Bode’s wheelchair-bound Nessarose is given some key screen time and delivers in a piece of casting that is as inspiring as the character she plays. Nathan Crowley outdoes his Oscar winning production design this time around, as does Paul Tazewell’s Oscared Costumes. The visual effects are first rate. So is this whole splendidly realized and cinematic musical adaptation which if you add up the running times of both films comes in just two minutes shy of 5(!) hours. To be honest I wanted *more.*

[The Telegraph - Robbie Collin](https://www.telegraph.co.uk/films/2025/11/18/wicked-for-good-review-second-part-fails-to-take-flight/) \- 1 / 5

&gt;Ariana Grande is painfully wooden in Wicked’s irritating sequel. What makes it so frustrating is that director Jon M Chu is an established musicals master; his In the Heights is a modern classic of the form. But the corporate stretch-it-out-and-wring-it-dry approach here has been deadening. Even the staunchest defenders of Wicked, the stage musical about the tragic origins of The Wizard of Oz’s Witch of the West, would have to concede that it peaks just before the interval...

[Slant Magazine - Dan Rubins](https://www.slantmagazine.com/film/wicked-for-good-review-cynthia-erivo-ariana-grande-jonathan-bailey/) \- 2.5 / 5

&gt;But for as sharp as it may sometimes be, *For Good* is stretched out, breathless, and never really emotionally affecting, even on the level of nostalgia. (However bloated, the first film, to quote one of Glinda’s malapropisms, is thrillifying.) It may transport audiences, especially younger ones, to the colorful Oz for the bulk of an afternoon, but it also serves as a reminder that only in its tauter, wrenching stage form can *Wicked*, like a handprint on your heart, really leave you changed for good.

[Loud and Clear - Joseph Tomastik](https://loudandclearreviews.com/wicked-for-good-film-review/)

&gt;*Wicked: For Good* takes many huge swings but misses in baffling fashion, making for a technically impressive but disappointing conclusion to the *Wicked* story. By all accounts, this is the much more difficult half of the story to pull off, as it’s where the musical in particular gets much denser and incorporates many more direct elements from *The Wizard of Oz*. Unfortunately, that difficulty rears its ugly head in *Wicked: For Good*. As ambitious as this movie is for tackling already-unwieldy source material, those ambitions ultimately don’t pay off.

[RogerEbert - Christy Lemire](https://www.rogerebert.com/reviews/wicked-2-for-good-film-review-2025) \- 3 / 4

&gt;If it sounds like this second half is darker than the first, it is, but it’s also more effective in its consistency of tone. “Wicked” was all fun and games until it wasn’t, and that sudden shift was jarring. In “For Good,” we know from the start that we’re in more serious territory with the deep strings of John Powell’s score as Ozian workers build the Yellow Brick Road. Erivo and Grande find just the right amount of tenderness and sadness with “For Good,” and that bond between them shines bright once more. Poignant and intimate, it’s a legitimate tearjerker. Bring tissues. 

[AwardsWatch - Sophia Ciminello](https://awardswatch.com/wicked-for-good-review-jon-m-chu-fails-to-cast-a-spell-with-bloated-fan-service-filled-finale-c/) \- 'C-'

&gt;Despite stellar work from Erivo and Grande, *Wicked: For Good* can’t justify its existence as its own separate outing. Even with a pair of new songs and a deeper exploration of some of the musical’s beloved characters, the runtime feels bloated and bogged down by Chu’s constant attempts to make this a movie of the moment and to remind audiences of the connection they had to the first film. Simply put, Chu does not add enough new material to make this film feel like much more than a studio cash grab. There’s certainly still magic to be found in the movie for those who are seeking it, but when the credits finally roll, it’s difficult to say that Chu’s additions to this film have changed the world of *Wicked* for the better.

[The Guardian - Peter Bradshaw](https://www.theguardian.com/film/2025/nov/18/wicked-for-good-review-cynthia-erivo-ariana-grande-jeff-goldblum) \- 4 / 5

&gt;It’s tangled and a bit bewildering; but then so is the original film, in which we never know whether to believe in the Wizard’s final benediction. But what a performance from Erivo; it is genuinely moving when the Prince has to convince Elphaba what we, the audience, have always known: that she is beautiful.

[FilmHounds - Paul Klein](https://filmhounds.co.uk/2025/11/wicked-for-good-film-review/)

&gt;Erivo, Grande and Bailey are all fantastic once again, and allowed to deepen the characters more and show the complexities of them, while also remaining true to why people love them so much. It's a shame that the rest of the cast are given short shrift. Ethan Slater and Marissa Bode have the rumblings of a more interesting subplot that doesn't really go anywhere as much as it should. Even so, and despite its more frantic nature, *Wicked: For Good* continues to lovingly taking a look at what it means to be a rebel against dictatorships, how people will lie to you to get what they want, and how you must remain true to yourself at all times. It's not so much that the film is disappointing, that would be too harsh a criticism. It's that the film is merely as good as it could be, given what the stage show offers. It wraps things up, but there's no feeling of cohesion – something that was never going to be in Chu's hands, and for what he has, he excels at.

[Independent - Clarisse Loughrey](https://www.the-independent.com/arts-entertainment/films/reviews/wicked-for-good-review-sequel-b2866672.html) \- 2 / 5

&gt;For Good has little sense of movement, literally or emotionally – no profound revelations, no wonder or spectacle. All that’s to be done now is for each character to process, via standardised ballad, what they’ve learned.",1250,768,1763485052.0,runway magazine film,teaser_trailer,2025-11-18,"'Wicked: For Good' - Review Thread *Now demonized as the Wicked Witch of the West, Elphaba lives in exile in the Ozian forest, while Glinda resides at the palace in Emerald City, reveling in the perks of fame and popularity. As an angry mob rises against the Wicked Witch, she'll need to reunite with Glinda to transform herself, and all of Oz, for good.*

Director: John M. Chu

Cast: Cynthia Erivo, Ariana Grande, , Jonathan Bailey, Ethan Slater, Marissa Bode, Jeff Goldblum, Michelle Yeoh, Colman Domingo, Peter Dinklage, Bowen Yang

**Rotten Tomatoes:** [72%](https://www.rottentomatoes.com/m/wicked_for_good)

**Metacritic:** [61 / 100](https://www.metacritic.com/movie/wicked-for-good/)

Some Reviews:

[Next Best Picture - Lauren LaMagna](https://nextbestpicture.com/wicked-for-good/) \- 7 / 10

&gt;The cast, led by the phenomenal Cynthia Erivo and Ariana Grande, still deliver fantastic work that is supported by excellent crafts from all departments of production. But the source material is inherently weaker than the first, making this a less fulfilling entry as a standalone, even if it compliments Part One as a whole. The additional scenes are not necessary and only exist for the material to be long enough to qualify its own feature film, which also results in pacing issues.

[BBC - Caryn James](https://www.bbc.com/culture/article/20251118-wicked-for-good-review) \- 4 / 5

&gt;Let's be clear: the Wicked films are the definition of preaching to the choir. They aren't likely to win over anyone sceptical of candy-coloured spectacle and overt sentimentality presented in Broadway show-stopping fashion. Wicked is what it is. But if you're fine with that, this latest instalment is more captivating than the last and enjoyable to watch throughout.

[DEADLINE - Pete Hammond](https://deadline.com/2025/11/wicked-for-good-review-jon-chus-part-2-musical-adaptation-1236620980/)

&gt;What can we say about the performances that hasn’t already been said? Both Erivo and Grande could not be better, and in fact Grande really gets a chance to shine here and runs away with the picture whenever she is on screen. Erivo’s Elphaba remains the juiciest role and she defines it with the mortality only movies can bring. Bailey is terrific again, and Goldblum’s Wizard really comes into deep focus now and he’s got it going on. Marissa Bode’s wheelchair-bound Nessarose is given some key screen time and delivers in a piece of casting that is as inspiring as the character she plays. Nathan Crowley outdoes his Oscar winning production design this time around, as does Paul Tazewell’s Oscared Costumes. The visual effects are first rate. So is this whole splendidly realized and cinematic musical adaptation which if you add up the running times of both films comes in just two minutes shy of 5(!) hours. To be honest I wanted *more.*

[The Telegraph - Robbie Collin](https://www.telegraph.co.uk/films/2025/11/18/wicked-for-good-review-second-part-fails-to-take-flight/) \- 1 / 5

&gt;Ariana Grande is painfully wooden in Wicked’s irritating sequel. What makes it so frustrating is that director Jon M Chu is an established musicals master; his In the Heights is a modern classic of the form. But the corporate stretch-it-out-and-wring-it-dry approach here has been deadening. Even the staunchest defenders of Wicked, the stage musical about the tragic origins of The Wizard of Oz’s Witch of the West, would have to concede that it peaks just before the interval...

[Slant Magazine - Dan Rubins](https://www.slantmagazine.com/film/wicked-for-good-review-cynthia-erivo-ariana-grande-jonathan-bailey/) \- 2.5 / 5

&gt;But for as sharp as it may sometimes be, *For Good* is stretched out, breathless, and never really emotionally affecting, even on the level of nostalgia. (However bloated, the first film, to quote one of Glinda’s malapropisms, is thrillifying.) It may transport audiences, especially younger ones, to the colorful Oz for the bulk of an afternoon, but it also serves as a reminder that only in its tauter, wrenching stage form can *Wicked*, like a handprint on your heart, really leave you changed for good.

[Loud and Clear - Joseph Tomastik](https://loudandclearreviews.com/wicked-for-good-film-review/)

&gt;*Wicked: For Good* takes many huge swings but misses in baffling fashion, making for a technically impressive but disappointing conclusion to the *Wicked* story. By all accounts, this is the much more difficult half of the story to pull off, as it’s where the musical in particular gets much denser and incorporates many more direct elements from *The Wizard of Oz*. Unfortunately, that difficulty rears its ugly head in *Wicked: For Good*. As ambitious as this movie is for tackling already-unwieldy source material, those ambitions ultimately don’t pay off.

[RogerEbert - Christy Lemire](https://www.rogerebert.com/reviews/wicked-2-for-good-film-review-2025) \- 3 / 4

&gt;If it sounds like this second half is darker than the first, it is, but it’s also more effective in its consistency of tone. “Wicked” was all fun and games until it wasn’t, and that sudden shift was jarring. In “For Good,” we know from the start that we’re in more serious territory with the deep strings of John Powell’s score as Ozian workers build the Yellow Brick Road. Erivo and Grande find just the right amount of tenderness and sadness with “For Good,” and that bond between them shines bright once more. Poignant and intimate, it’s a legitimate tearjerker. Bring tissues. 

[AwardsWatch - Sophia Ciminello](https://awardswatch.com/wicked-for-good-review-jon-m-chu-fails-to-cast-a-spell-with-bloated-fan-service-filled-finale-c/) \- 'C-'

&gt;Despite stellar work from Erivo and Grande, *Wicked: For Good* can’t justify its existence as its own separate outing. Even with a pair of new songs and a deeper exploration of some of the musical’s beloved characters, the runtime feels bloated and bogged down by Chu’s constant attempts to make this a movie of the moment and to remind audiences of the connection they had to the first film. Simply put, Chu does not add enough new material to make this film feel like much more than a studio cash grab. There’s certainly still magic to be found in the movie for those who are seeking it, but when the credits finally roll, it’s difficult to say that Chu’s additions to this film have changed the world of *Wicked* for the better.

[The Guardian - Peter Bradshaw](https://www.theguardian.com/film/2025/nov/18/wicked-for-good-review-cynthia-erivo-ariana-grande-jeff-goldblum) \- 4 / 5

&gt;It’s tangled and a bit bewildering; but then so is the original film, in which we never know whether to believe in the Wizard’s final benediction. But what a performance from Erivo; it is genuinely moving when the Prince has to convince Elphaba what we, the audience, have always known: that she is beautiful.

[FilmHounds - Paul Klein](https://filmhounds.co.uk/2025/11/wicked-for-good-film-review/)

&gt;Erivo, Grande and Bailey are all fantastic once again, and allowed to deepen the characters more and show the complexities of them, while also remaining true to why people love them so much. It's a shame that the rest of the cast are given short shrift. Ethan Slater and Marissa Bode have the rumblings of a more interesting subplot that doesn't really go anywhere as much as it should. Even so, and despite its more frantic nature, *Wicked: For Good* continues to lovingly taking a look at what it means to be a rebel against dictatorships, how people will lie to you to get what they want, and how you must remain true to yourself at all times. It's not so much that the film is disappointing, that would be too harsh a criticism. It's that the film is merely as good as it could be, given what the stage show offers. It wraps things up, but there's no feeling of cohesion – something that was never going to be in Chu's hands, and for what he has, he excels at.

[Independent - Clarisse Loughrey](https://www.the-independent.com/arts-entertainment/films/reviews/wicked-for-good-review-sequel-b2866672.html) \- 2 / 5

&gt;For Good has little sense of movement, literally or emotionally – no profound revelations, no wonder or spectacle. All that’s to be done now is for each character to process, via standardised ballad, what they’ve learned.",0.9953,
1oxtio4,movies,Substacks?,Can anyone recommend some good film and/or movie collectors Substacks? I'm trying to create a weekly magazine for myself or at least a collection of articles of things I want to read. I'm looking for Science Fiction and nostalgic movie reviews and especially movie analysis. Feel free to share your own if you write. Thanks.,7,5,1763218079.0,runway magazine film,teaser_trailer,2025-11-15,Substacks? Can anyone recommend some good film and/or movie collectors Substacks? I'm trying to create a weekly magazine for myself or at least a collection of articles of things I want to read. I'm looking for Science Fiction and nostalgic movie reviews and especially movie analysis. Feel free to share your own if you write. Thanks.,0.9388,
1oprz14,movies,Since Hollywood is making a “Social Network 2” they should also make a “Catch Me if You Can 2”. This time the REAL TRUE STORY on how a small time crook conned the world into believing he was a big time con man. This story is more incredible than the original,"It’s weird how sometimes I can find out supposed “true stories” play a little fast and loose with the facts and it just doesn’t bother me. The film is so good and entertaining I don’t care. Catch Me if You Can? It’s not one of those films. 

Man, is a damn good film. Great music, script, acting, directing. It’s incredible. It fires on all cylinders. Except one. The “truth” cylinder(I can’t believe i just wrote that. It’s late. Give me a break). And this one gets to me. A lot. 

Many of you know by now Frank Abagnale is/was full of it. Most of the crap he claimed to do he never did. But the real story is how he was conning people all the while he was a supposed “straight arrow”. He was never a cheque expert. Never worked for or with the FBI. He holds no patents. All his company does is peddle a shady cyber security subscription program that got caught selling its users data. 

The real story is how this huge blockbuster movie came out, nominated for Academy Awards, made by the biggest names you could ever get for a movie at the time. Spielberg, Hanks, DiCaprio? Frank himself even did press for the movie!

And not a single MAJOR newspaper, TV network or magazine looked into the shit Frank spew. How is that possible? Oh a few small papers did here and there. They went nowhere. Frank was still making insane speaking fees as of a few years ago. Telling the same lies. If this happened today? That shit would be everywhere. Spielberg conned by a small time crook? Hanks? Leo? JOHN WILLIAMS???

Thankfully his BS is a lot more well known, but all most people know is that most of the movie didn’t happen as they say it happened. Most people can forgive that. They don’t know about the real victims. The ones he was conning even after the books came out. Or the women he assaulted. 

I suggest everyone give this link a watch to find out the real truth: https://www.youtube.com/watch?v=uVe-NF75-2s

So I say a sequel deserves to get made. “Catch Me If You Can, Again”. If Zuckerberg &amp; Social Network are getting one, why not Frank &amp; Catch Me if You Can?

It should be about the failure of the mass media to do the thing they should be doing. Looking into and verifying unbelievable claims. That this guy was able to go as long as he did, as publicly as he did? It’s a real indictment on the western media. Yet another one.",1137,95,1762411763.0,runway magazine film,teaser_trailer,2025-11-06,"Since Hollywood is making a “Social Network 2” they should also make a “Catch Me if You Can 2”. This time the REAL TRUE STORY on how a small time crook conned the world into believing he was a big time con man. This story is more incredible than the original It’s weird how sometimes I can find out supposed “true stories” play a little fast and loose with the facts and it just doesn’t bother me. The film is so good and entertaining I don’t care. Catch Me if You Can? It’s not one of those films. 

Man, is a damn good film. Great music, script, acting, directing. It’s incredible. It fires on all cylinders. Except one. The “truth” cylinder(I can’t believe i just wrote that. It’s late. Give me a break). And this one gets to me. A lot. 

Many of you know by now Frank Abagnale is/was full of it. Most of the crap he claimed to do he never did. But the real story is how he was conning people all the while he was a supposed “straight arrow”. He was never a cheque expert. Never worked for or with the FBI. He holds no patents. All his company does is peddle a shady cyber security subscription program that got caught selling its users data. 

The real story is how this huge blockbuster movie came out, nominated for Academy Awards, made by the biggest names you could ever get for a movie at the time. Spielberg, Hanks, DiCaprio? Frank himself even did press for the movie!

And not a single MAJOR newspaper, TV network or magazine looked into the shit Frank spew. How is that possible? Oh a few small papers did here and there. They went nowhere. Frank was still making insane speaking fees as of a few years ago. Telling the same lies. If this happened today? That shit would be everywhere. Spielberg conned by a small time crook? Hanks? Leo? JOHN WILLIAMS???

Thankfully his BS is a lot more well known, but all most people know is that most of the movie didn’t happen as they say it happened. Most people can forgive that. They don’t know about the real victims. The ones he was conning even after the books came out. Or the women he assaulted. 

I suggest everyone give this link a watch to find out the real truth: https://www.youtube.com/watch?v=uVe-NF75-2s

So I say a sequel deserves to get made. “Catch Me If You Can, Again”. If Zuckerberg &amp; Social Network are getting one, why not Frank &amp; Catch Me if You Can?

It should be about the failure of the mass media to do the thing they should be doing. Looking into and verifying unbelievable claims. That this guy was able to go as long as he did, as publicly as he did? It’s a real indictment on the western media. Yet another one.",0.9591,
1ope0sl,movies,'Sisu: Road to Revenge' - Review Thread,"*A man returns to dismantle his family's house, where they were murdered in war, to rebuild it elsewhere. When the killer, a Red Army commander, tracks him down, a brutal cross-country pursuit begins.*

Director: Jalmari Helander

Cast: Jorma Tommila, Stephen Lang, Richard Brake, Jaakko Hutchings

**Rotten Tomatoes:** [95%](https://www.rottentomatoes.com/m/sisu_road_to_revenge)

**Metacritic:** [82 / 100](https://www.metacritic.com/movie/sisu-road-to-revenge/)

Some Reviews:

[RogerEbert - Brian Tallerico](https://www.rogerebert.com/reviews/sisu-2-road-to-revenge-movie-review-2025) \- 3.5/4

&gt;It’s an absolute blast of an action movie, another showcase for Jalmari Helander’s increasing skill with action choreography and inventive set pieces. As the wounds and scars become such a part of Tommila’s performance that we can barely see the human underneath, the film leans into the mythology of this figure, someone who can overcome the impossible to achieve his goal. It’s tempting to end by noting how welcome it would be to watch him take down fascists for a third time, but this one will be hard to top.

[Slant Magazine - Rocco T. Thompson](https://www.slantmagazine.com/film/sisu-road-to-revenge-review/) \- 3 / 4

&gt;Fans of the first film will know that the title is taken from an “untranslatable” Finnish word that speaks to a particularly obstinate type of bravery, and it’s hard to imagine a more resonant metaphor for the spirit of the country’s people than what Helander simply, elegantly gives us here with a pile of wood and one very determined old man.

[BloodyDisgusting - Meagan Navarro](https://bloody-disgusting.com/reviews/3902803/sisu-road-to-revenge-review-bigger-bloodier-splatstick-sequel-brings-crowd-pleasing-fun-fantastic-fest/) \- 4 / 5

&gt;Helander continues to have a blast with inventing wildly silly ways to dispatch bad men during World War II. *Road to Revenge* kicks off another high-octane road actioner, but this time, the personal stakes ramp up the energy and violence to a breathless degree. It’s the type of movie designed to be seen with a rowdy crowd, primed for the kinetically paced stunt showcase. A no frills, straightforward plot yields a bounty of splatstick action fun in a sequel that dials up the chaos with triumphant style.

[IGN - Matt Donato](https://www.ign.com/articles/sisu-2-road-to-revenge-review) \- 8 / 10

&gt;Sisu: Road to Revenge offers a ludicrous and punishing take on the same fantastic action-forward indulgence as the original, resulting in a sublime outcome. Writer-director Jalmari Helander's brand of excitement is loud, resilient, and pushes breakneck intensity to the maximum.",211,125,1762374124.0,runway magazine film,teaser_trailer,2025-11-05,"'Sisu: Road to Revenge' - Review Thread *A man returns to dismantle his family's house, where they were murdered in war, to rebuild it elsewhere. When the killer, a Red Army commander, tracks him down, a brutal cross-country pursuit begins.*

Director: Jalmari Helander

Cast: Jorma Tommila, Stephen Lang, Richard Brake, Jaakko Hutchings

**Rotten Tomatoes:** [95%](https://www.rottentomatoes.com/m/sisu_road_to_revenge)

**Metacritic:** [82 / 100](https://www.metacritic.com/movie/sisu-road-to-revenge/)

Some Reviews:

[RogerEbert - Brian Tallerico](https://www.rogerebert.com/reviews/sisu-2-road-to-revenge-movie-review-2025) \- 3.5/4

&gt;It’s an absolute blast of an action movie, another showcase for Jalmari Helander’s increasing skill with action choreography and inventive set pieces. As the wounds and scars become such a part of Tommila’s performance that we can barely see the human underneath, the film leans into the mythology of this figure, someone who can overcome the impossible to achieve his goal. It’s tempting to end by noting how welcome it would be to watch him take down fascists for a third time, but this one will be hard to top.

[Slant Magazine - Rocco T. Thompson](https://www.slantmagazine.com/film/sisu-road-to-revenge-review/) \- 3 / 4

&gt;Fans of the first film will know that the title is taken from an “untranslatable” Finnish word that speaks to a particularly obstinate type of bravery, and it’s hard to imagine a more resonant metaphor for the spirit of the country’s people than what Helander simply, elegantly gives us here with a pile of wood and one very determined old man.

[BloodyDisgusting - Meagan Navarro](https://bloody-disgusting.com/reviews/3902803/sisu-road-to-revenge-review-bigger-bloodier-splatstick-sequel-brings-crowd-pleasing-fun-fantastic-fest/) \- 4 / 5

&gt;Helander continues to have a blast with inventing wildly silly ways to dispatch bad men during World War II. *Road to Revenge* kicks off another high-octane road actioner, but this time, the personal stakes ramp up the energy and violence to a breathless degree. It’s the type of movie designed to be seen with a rowdy crowd, primed for the kinetically paced stunt showcase. A no frills, straightforward plot yields a bounty of splatstick action fun in a sequel that dials up the chaos with triumphant style.

[IGN - Matt Donato](https://www.ign.com/articles/sisu-2-road-to-revenge-review) \- 8 / 10

&gt;Sisu: Road to Revenge offers a ludicrous and punishing take on the same fantastic action-forward indulgence as the original, resulting in a sublime outcome. Writer-director Jalmari Helander's brand of excitement is loud, resilient, and pushes breakneck intensity to the maximum.",-0.9581,
1p0hb5h,boxoffice,'Wicked: For Good' Review Thread,"I will continue to update this post as reviews come in.

[**Rotten Tomatoes:**](https://www.rottentomatoes.com/m/wicked_for_good) Fresh

**Critics Consensus:** Taking one last lap down the yellow brick road, *Wicked: For Good*'s darker tone and unhurried pacing sometimes get in the way, but this epic conclusion ultimately brings Elphaba and Glinda's story home in rousing fashion.

|Critics|Score|**Number of Reviews**|Average Rating (Unofficial)|
|:-|:-|:-|:-|
|**All Critics**|70%|246|6.70/10|
|**Top Critics**|62%|47|6.30/10|

[**Metacritic:**](https://www.metacritic.com/movie/wicked-for-good/) 58 (57 Reviews)

**Sample Reviews:**

Stephanie Zacharek, TIME Magazine - Life is too short for leaden fanfiction liked Wicked: For Good, an extravagant picture that’s not nearly as imaginative as it thinks it is.

Mark Kermode, Kermode and Mayo's Take (YouTube) - There are... some neat narratives twists.

Peter Travers, The Travers Take - It's a darker, gloomier, frustratingly less dazzling take on the Wicked IP. Should you still see it? Damn straight since Cynthia Erivo and Ariana Grande are twice as wonderful the second time around. **3/4**

Sara Michelle Fetters, [MovieFreak.com](http://MovieFreak.com) \- Wicked: For Good has precious little in the way of any actual magic. One might even go so far as to call it a bona fide dud. **1.5/4**

Nell Minow, Movie Mom - Jonathan Bailey gives Fiyero a quiet smolder as he goes from dancing through life to thinking about choices to following his heart. It is subtle, not a term that comes to mind when considering the joyful maximalism of the ""Wicked"" film. **B+**

Kyle Smith, Wall Street Journal - That Wicked: For Good falls short of greatness doesn’t mean it’s bad. There’s plenty of cause to rejoicify, notably the visual splendor, the charming central friendship and some pretty songs, notably “For Good.""

Caroline Siede, Girl Culture (Substack) - While For Good wants to be a movie that inspires audiences to dig deep into its darker political allegories, ironically, it’s best enjoyed if you’re willing to turn off your brain and just get swept along in its emotions. **B-**

Naveen Kumar, Washington Post - Despite its packed agenda, the film can also feel meandering and directionless. **2/4**

Manohla Dargis, New York Times - Even so, from its director to its cast, the movie is a testament to diversity (species included) as a common good as well as to love, friendship and solidarity. It’s on the side of kindness, which is itself, well, a balm.

Aisha Harris, NPR - This installment is far from a total misfire -- thank goodness Erivo and Grande are such captivating performers perfectly-suited to these roles -- but the over-padding and stuffing meant to justify this bifurcated packaging soon becomes readily apparent.

Wendy Ide, Observer (UK) - There is a crucial ingredient missing: humour. Without it, the spark is extinguished; the astringency that cut through the sentimentality of the first picture is gone.

Peter Howell, Toronto Star - It is darker, denser and in many ways more interesting than its predecessor, though newcomers should beware: entering Oz here without context is like being dropped into a tornado. **3/4**

Johnny Oleksinski, New York Post - Director Jon M. Chu shoots it with tender simplicity and just lets the pair connect and feel. He wisely shows much more restraint in Part Two. **3/4**

Wenlei Ma, The Nightly (AU) - Wicked For Good lacks the dynamism and energy of its predecessor. Without the razzle-dazzle seduction and distraction double-punch of the first part’s many, big, all-in numbers, it falls flat much of the time. **2.5/5**

Katie Walsh, Tribune News Service - As it turns out, ""Wicked"" is not too big to fail. In fact, it may be all the excess baggage that weighs down the second installment, making it impossible for the sequel ""Wicked: For Good"" to defy gravity. **2/4**

Carla Meyer, San Francisco Chronicle - It holds too much space for trite dialogue, obvious special effects and pointless skirmishes between green-skinned animal-rights advocate Elphaba and the corrupt Oz administration — and too little for the story’s key relationships. **2/4**

Donald Clarke, Irish Times - If you bought the first film’s brash visual aesthetic – the result of a giant toddler vomiting candyfloss all over Walt Disney World – then you will be relieved to discover it has got no less stomach-unsettling. **2/5**

Kristen Lopez, The Film Maven - Wicked: For Good sticks the landing as best as it can. When Erivo and Grande are finally together, it does leave ""a handprint on your heart"" even if everything leading up to it is just drawing that out. **B-**

Odie Henderson, Boston Globe - The follow-up to director Jon M. Chu’s massive 2024 hit is more of the same, only darker. The dark elements are written into the show’s second act, which even fans would agree is not as good as the first. **2/4**

Matt Singer, ScreenCrush - As the lyrics of the title song suggest, a change for good does not necessarily mean a change for the better. **6/10**

Amy Nicholson, Los Angeles Times - The first installment was all tedious set-up. The second has a body count.

John Nugent, Empire Magazine - Not quite over the rainbow, then, but just enough of its colours and candour to get by. **3/5**

Jake Coyle, Associated Press - I rarely found myself lifted into a movie world, but rather sat watching it -- sometimes with admiration, rarely with delight -- from the mezzanine. The rub of going for maximum effect all the time is that the actors never have a chance to simply be. **2/4**

Brian Truitt, USA Today - Even with an overcomplicated ending and a couple of character development nitpicks, you couldn't ask for a more ""Wicked"" closer. **3.5/4**

Caryn James, [BBC.com](http://BBC.com) \- This film is as slick and shiny as Glinda's lip gloss, but it may also be just what its many fans want. **4/5**

Sandra Hall, Sydney Morning Herald - No doubt the fans will thrill to the music all over again, but the impact is lost when every song seems to be straining to be a showstopper. **3.5/5**

Tim Grierson, Screen International - Ultimately director Jon M. Chu’s more-is-more approach has a numbing effect, the endless spectacle leaving little room for nuance, depth or genuine feeling.

India Block, London Evening Standard - Everything is stitched together beautifully to create an exhilarating piece of movie musical magic that re-invents the Golden Age. **5/5**

Robbie Collin, Daily Telegraph (UK) - What makes it so frustrating is that director Jon M Chu is an established musicals master; his In the Heights is a modern classic of the form. But the corporate stretch-it-out-and-wring-it-dry approach here has been deadening. **1/5**

Clarisse Loughrey, Independent (UK) - For Good has little sense of movement, literally or emotionally – no profound revelations, no wonder or spectacle. All that’s to be done now is for each character to process, via standardised ballad, what they’ve learned. **2/5**

Radheyan Simonpillai, Globe and Mail - Like Fruit Loops that had been left sitting in a bowl of milk for too long – those bright solid colours bleeding out and leaving nothing but a soggy mess.

Christy Lemire, [RogerEbert.com](http://RogerEbert.com) \- The songs may not be as catchy this time around, but 'Wicked: For Good’ really sings where it counts: with the emotional ache of the fractured friendship at the story’s core. **3/4**

David Fear, Rolling Stone - Yet the sensation of a work that, in translation from one medium to another, no longer defies gravity but sort of roughly plummets back down to terra firma can’t easily be shaken off.

Alonso Duralde, The Film Verdict - Wicked fans can delight in one final visit to Oz, while those of us less enamored can hope that the yellow brick road ends here. For good.

Rafer Guzman, Newsday - Fans may find the movie serviceable enough, but others may find it underwhelmifying. **2.5/4**

Kevin Maher, The Times (UK) - They’ve only gone and done it. The makers of this musical sequel have delivered a film that surpasses last year’s box-office smash in verve, ambition and emotional ache. **4/5**

Peter Bradshaw, Guardian - What a performance from Erivo; it is genuinely moving when the Prince has to convince Elphaba what we, the audience, have always known: that she is beautiful. **4/5**

Billie Melissa, Newsweek - Its sincerity, heart, and belief in a better world are inspiring, and Grande and Erivo deliver the message flawlessly, bringing us into their warm embrace to comfort and inspire.

Peter Debruge, Variety - The film fixes a common complaint of the show, giving the pair more scenes (and songs) together in this final stretch, which now feels like a robust tale unto itself.

Bilge Ebiri, New York Magazine/Vulture - It brings the Wicked cycle to a surprisingly satisfying conclusion, at least for now.

William Bibbiani, TheWrap - There hasn’t been a pre-planned 'Part Two' this disappointing since the second half of Andy Muschietti’s 'It.' At least nobody projectile vomits on Jeff Goldblum to the tune of Juice Newton’s 'Angel of the Morning.'

Danny Leigh, Financial Times - It makes a neat takeaway for two bold, impressive movies, whose biggest achievement is to have (mostly) made their own complexity look simple. **3/5**

David Rooney, The Hollywood Reporter - Grande floods it with so much feeling that it humanizes and enriches the character and, by extension, the whole movie.

Linda Marric, HeyUGuys - It’s a soaring musical triumph filled with standout performances, extraordinary craft, and an emotional core that is sure to delight fans young and old. **5/5**

Kate Erbland, IndieWire - The things that missed the mark the first time, well, they still do. The things that worked in “Wicked”? They still do, but only a clock-tick better. **B-**

Liz Shannon Miller, Consequence - For Good doesn’t sell Elphaba’s decree that ""no good deed will I do again,"" one of the movie’s many muddled moments. It does, however, reflect an age where every message feels muddled, no hero can be trusted. All we know is that something is rotten here. **B-**

Dan Rubins, Slant Magazine - The film is stretched out, breathless, and never really emotionally affecting, even on the level of nostalgia. **2.5/4**

**SYNOPSIS:**

*And now whatever way our stories end, I know you have rewritten mine by being my friend…*

Last year’s global cinematic cultural sensation, which became the most successful Broadway film adaptation of all time, now reaches its epic, electrifying, emotional conclusion in Wicked: For Good.

Directed once again by award-winning director Jon M. Chu and starring the spectacular returning cast, led by Academy Award® nominated superstars Cynthia Erivo and Ariana Grande, the final chapter of the untold story of the witches of Oz begins with Elphaba and Glinda estranged and living with the consequences of their choices.

Elphaba (Cynthia Erivo), now demonized as The Wicked Witch of the West, lives in exile, hidden within the Ozian forest while continuing her fight for the freedom of Oz’s silenced Animals and desperately trying to expose the truth she knows about The Wizard (Jeff Goldblum).

Glinda, meanwhile, has become the glamorous symbol of Goodness for all of Oz, living at the palace in Emerald City and reveling in the perks of fame and popularity. Under the instruction of Madame Morrible (Oscar® winner Michelle Yeoh), Glinda is deployed to serve as an effervescent comfort to Oz, reassuring the masses that all is well under the rule of The Wizard.

As Glinda’s stardom expands and she prepares to marry Prince Fiyero (Olivier award winner and Emmy and SAG nominee Jonathan Bailey) in a spectacular Ozian wedding, she is haunted by her separation from Elphaba. She attempts to broker a conciliation between Elphaba and The Wizard, but those efforts will fail, driving Elphaba and Glinda only further apart. The aftershocks will transform Boq (Tony nominee Ethan Slater) and Fiyero forever, and threaten the safety of Elphaba’s sister, Nessarose (Marissa Bode), when a girl from Kansas comes crashing into all their lives.

As an angry mob rises against the Wicked Witch, Glinda and Elphaba will need to come together one final time. With their singular friendship now the fulcrum of their futures, they will need to truly see each other, with honesty and empathy, if they are to change themselves, and all of Oz, for good.

**CAST:**

* Ariana Grande-Butera as Glinda Upland / Glinda the Good
* Cynthia Erivo as Elphaba Thropp / The Wicked Witch of the West
* Jonathan Bailey as Fiyero Tigelaar&gt;! / The Scarecrow !&lt;
* Ethan Slater as Boq Woodsman&gt;! / The Tin Man!&lt;
* Bowen Yang as Pfannee
* Marissa Bode as Nessarose Thropp
* Colman Domingo as The Cowardly Lion
* Michelle Yeoh as Madame Morrible
* Jeff Goldblum as The Wonderful Wizard of Oz

**DIRECTED BY:** Jon M. Chu

**SCREENPLAY BY:** Winnie Holzman, Dana Fox

**BASED ON THE MUSICAL** ***WICKED***: Music and lyrics by Stephen Schwartz; Book by Winnie Holzman; Novel by Gregory Maguire

**PRODUCED BY:** Marc Platt, David Stone

**EXECUTIVE PRODUCERS:** Stephen Schwartz, David Nicksay, Jared LeBoff, Winnie Holzman, Dana Fox

**DIRECTOR OF PHOTOGRAPHY:** Alice Brooks

**PRODUCTION DESIGNER:** Nathan Crowley

**EDITED BY:** Myron Kerstein

**COSTUME DESIGNER:** Paul Tazewell

**MUSIC BY:** John Powell, Stephen Schwartz

**CASTING BY:** Tiffany Little Canfield, Bernard Telsey

**RUNTIME:** 138 Minutes

**RELEASE DATE:** November 21, 2025",424,286,1763485193.0,runway magazine film,teaser_trailer,2025-11-18,"'Wicked: For Good' Review Thread I will continue to update this post as reviews come in.

[**Rotten Tomatoes:**](https://www.rottentomatoes.com/m/wicked_for_good) Fresh

**Critics Consensus:** Taking one last lap down the yellow brick road, *Wicked: For Good*'s darker tone and unhurried pacing sometimes get in the way, but this epic conclusion ultimately brings Elphaba and Glinda's story home in rousing fashion.

|Critics|Score|**Number of Reviews**|Average Rating (Unofficial)|
|:-|:-|:-|:-|
|**All Critics**|70%|246|6.70/10|
|**Top Critics**|62%|47|6.30/10|

[**Metacritic:**](https://www.metacritic.com/movie/wicked-for-good/) 58 (57 Reviews)

**Sample Reviews:**

Stephanie Zacharek, TIME Magazine - Life is too short for leaden fanfiction liked Wicked: For Good, an extravagant picture that’s not nearly as imaginative as it thinks it is.

Mark Kermode, Kermode and Mayo's Take (YouTube) - There are... some neat narratives twists.

Peter Travers, The Travers Take - It's a darker, gloomier, frustratingly less dazzling take on the Wicked IP. Should you still see it? Damn straight since Cynthia Erivo and Ariana Grande are twice as wonderful the second time around. **3/4**

Sara Michelle Fetters, [MovieFreak.com](http://MovieFreak.com) \- Wicked: For Good has precious little in the way of any actual magic. One might even go so far as to call it a bona fide dud. **1.5/4**

Nell Minow, Movie Mom - Jonathan Bailey gives Fiyero a quiet smolder as he goes from dancing through life to thinking about choices to following his heart. It is subtle, not a term that comes to mind when considering the joyful maximalism of the ""Wicked"" film. **B+**

Kyle Smith, Wall Street Journal - That Wicked: For Good falls short of greatness doesn’t mean it’s bad. There’s plenty of cause to rejoicify, notably the visual splendor, the charming central friendship and some pretty songs, notably “For Good.""

Caroline Siede, Girl Culture (Substack) - While For Good wants to be a movie that inspires audiences to dig deep into its darker political allegories, ironically, it’s best enjoyed if you’re willing to turn off your brain and just get swept along in its emotions. **B-**

Naveen Kumar, Washington Post - Despite its packed agenda, the film can also feel meandering and directionless. **2/4**

Manohla Dargis, New York Times - Even so, from its director to its cast, the movie is a testament to diversity (species included) as a common good as well as to love, friendship and solidarity. It’s on the side of kindness, which is itself, well, a balm.

Aisha Harris, NPR - This installment is far from a total misfire -- thank goodness Erivo and Grande are such captivating performers perfectly-suited to these roles -- but the over-padding and stuffing meant to justify this bifurcated packaging soon becomes readily apparent.

Wendy Ide, Observer (UK) - There is a crucial ingredient missing: humour. Without it, the spark is extinguished; the astringency that cut through the sentimentality of the first picture is gone.

Peter Howell, Toronto Star - It is darker, denser and in many ways more interesting than its predecessor, though newcomers should beware: entering Oz here without context is like being dropped into a tornado. **3/4**

Johnny Oleksinski, New York Post - Director Jon M. Chu shoots it with tender simplicity and just lets the pair connect and feel. He wisely shows much more restraint in Part Two. **3/4**

Wenlei Ma, The Nightly (AU) - Wicked For Good lacks the dynamism and energy of its predecessor. Without the razzle-dazzle seduction and distraction double-punch of the first part’s many, big, all-in numbers, it falls flat much of the time. **2.5/5**

Katie Walsh, Tribune News Service - As it turns out, ""Wicked"" is not too big to fail. In fact, it may be all the excess baggage that weighs down the second installment, making it impossible for the sequel ""Wicked: For Good"" to defy gravity. **2/4**

Carla Meyer, San Francisco Chronicle - It holds too much space for trite dialogue, obvious special effects and pointless skirmishes between green-skinned animal-rights advocate Elphaba and the corrupt Oz administration — and too little for the story’s key relationships. **2/4**

Donald Clarke, Irish Times - If you bought the first film’s brash visual aesthetic – the result of a giant toddler vomiting candyfloss all over Walt Disney World – then you will be relieved to discover it has got no less stomach-unsettling. **2/5**

Kristen Lopez, The Film Maven - Wicked: For Good sticks the landing as best as it can. When Erivo and Grande are finally together, it does leave ""a handprint on your heart"" even if everything leading up to it is just drawing that out. **B-**

Odie Henderson, Boston Globe - The follow-up to director Jon M. Chu’s massive 2024 hit is more of the same, only darker. The dark elements are written into the show’s second act, which even fans would agree is not as good as the first. **2/4**

Matt Singer, ScreenCrush - As the lyrics of the title song suggest, a change for good does not necessarily mean a change for the better. **6/10**

Amy Nicholson, Los Angeles Times - The first installment was all tedious set-up. The second has a body count.

John Nugent, Empire Magazine - Not quite over the rainbow, then, but just enough of its colours and candour to get by. **3/5**

Jake Coyle, Associated Press - I rarely found myself lifted into a movie world, but rather sat watching it -- sometimes with admiration, rarely with delight -- from the mezzanine. The rub of going for maximum effect all the time is that the actors never have a chance to simply be. **2/4**

Brian Truitt, USA Today - Even with an overcomplicated ending and a couple of character development nitpicks, you couldn't ask for a more ""Wicked"" closer. **3.5/4**

Caryn James, [BBC.com](http://BBC.com) \- This film is as slick and shiny as Glinda's lip gloss, but it may also be just what its many fans want. **4/5**

Sandra Hall, Sydney Morning Herald - No doubt the fans will thrill to the music all over again, but the impact is lost when every song seems to be straining to be a showstopper. **3.5/5**

Tim Grierson, Screen International - Ultimately director Jon M. Chu’s more-is-more approach has a numbing effect, the endless spectacle leaving little room for nuance, depth or genuine feeling.

India Block, London Evening Standard - Everything is stitched together beautifully to create an exhilarating piece of movie musical magic that re-invents the Golden Age. **5/5**

Robbie Collin, Daily Telegraph (UK) - What makes it so frustrating is that director Jon M Chu is an established musicals master; his In the Heights is a modern classic of the form. But the corporate stretch-it-out-and-wring-it-dry approach here has been deadening. **1/5**

Clarisse Loughrey, Independent (UK) - For Good has little sense of movement, literally or emotionally – no profound revelations, no wonder or spectacle. All that’s to be done now is for each character to process, via standardised ballad, what they’ve learned. **2/5**

Radheyan Simonpillai, Globe and Mail - Like Fruit Loops that had been left sitting in a bowl of milk for too long – those bright solid colours bleeding out and leaving nothing but a soggy mess.

Christy Lemire, [RogerEbert.com](http://RogerEbert.com) \- The songs may not be as catchy this time around, but 'Wicked: For Good’ really sings where it counts: with the emotional ache of the fractured friendship at the story’s core. **3/4**

David Fear, Rolling Stone - Yet the sensation of a work that, in translation from one medium to another, no longer defies gravity but sort of roughly plummets back down to terra firma can’t easily be shaken off.

Alonso Duralde, The Film Verdict - Wicked fans can delight in one final visit to Oz, while those of us less enamored can hope that the yellow brick road ends here. For good.

Rafer Guzman, Newsday - Fans may find the movie serviceable enough, but others may find it underwhelmifying. **2.5/4**

Kevin Maher, The Times (UK) - They’ve only gone and done it. The makers of this musical sequel have delivered a film that surpasses last year’s box-office smash in verve, ambition and emotional ache. **4/5**

Peter Bradshaw, Guardian - What a performance from Erivo; it is genuinely moving when the Prince has to convince Elphaba what we, the audience, have always known: that she is beautiful. **4/5**

Billie Melissa, Newsweek - Its sincerity, heart, and belief in a better world are inspiring, and Grande and Erivo deliver the message flawlessly, bringing us into their warm embrace to comfort and inspire.

Peter Debruge, Variety - The film fixes a common complaint of the show, giving the pair more scenes (and songs) together in this final stretch, which now feels like a robust tale unto itself.

Bilge Ebiri, New York Magazine/Vulture - It brings the Wicked cycle to a surprisingly satisfying conclusion, at least for now.

William Bibbiani, TheWrap - There hasn’t been a pre-planned 'Part Two' this disappointing since the second half of Andy Muschietti’s 'It.' At least nobody projectile vomits on Jeff Goldblum to the tune of Juice Newton’s 'Angel of the Morning.'

Danny Leigh, Financial Times - It makes a neat takeaway for two bold, impressive movies, whose biggest achievement is to have (mostly) made their own complexity look simple. **3/5**

David Rooney, The Hollywood Reporter - Grande floods it with so much feeling that it humanizes and enriches the character and, by extension, the whole movie.

Linda Marric, HeyUGuys - It’s a soaring musical triumph filled with standout performances, extraordinary craft, and an emotional core that is sure to delight fans young and old. **5/5**

Kate Erbland, IndieWire - The things that missed the mark the first time, well, they still do. The things that worked in “Wicked”? They still do, but only a clock-tick better. **B-**

Liz Shannon Miller, Consequence - For Good doesn’t sell Elphaba’s decree that ""no good deed will I do again,"" one of the movie’s many muddled moments. It does, however, reflect an age where every message feels muddled, no hero can be trusted. All we know is that something is rotten here. **B-**

Dan Rubins, Slant Magazine - The film is stretched out, breathless, and never really emotionally affecting, even on the level of nostalgia. **2.5/4**

**SYNOPSIS:**

*And now whatever way our stories end, I know you have rewritten mine by being my friend…*

Last year’s global cinematic cultural sensation, which became the most successful Broadway film adaptation of all time, now reaches its epic, electrifying, emotional conclusion in Wicked: For Good.

Directed once again by award-winning director Jon M. Chu and starring the spectacular returning cast, led by Academy Award® nominated superstars Cynthia Erivo and Ariana Grande, the final chapter of the untold story of the witches of Oz begins with Elphaba and Glinda estranged and living with the consequences of their choices.

Elphaba (Cynthia Erivo), now demonized as The Wicked Witch of the West, lives in exile, hidden within the Ozian forest while continuing her fight for the freedom of Oz’s silenced Animals and desperately trying to expose the truth she knows about The Wizard (Jeff Goldblum).

Glinda, meanwhile, has become the glamorous symbol of Goodness for all of Oz, living at the palace in Emerald City and reveling in the perks of fame and popularity. Under the instruction of Madame Morrible (Oscar® winner Michelle Yeoh), Glinda is deployed to serve as an effervescent comfort to Oz, reassuring the masses that all is well under the rule of The Wizard.

As Glinda’s stardom expands and she prepares to marry Prince Fiyero (Olivier award winner and Emmy and SAG nominee Jonathan Bailey) in a spectacular Ozian wedding, she is haunted by her separation from Elphaba. She attempts to broker a conciliation between Elphaba and The Wizard, but those efforts will fail, driving Elphaba and Glinda only further apart. The aftershocks will transform Boq (Tony nominee Ethan Slater) and Fiyero forever, and threaten the safety of Elphaba’s sister, Nessarose (Marissa Bode), when a girl from Kansas comes crashing into all their lives.

As an angry mob rises against the Wicked Witch, Glinda and Elphaba will need to come together one final time. With their singular friendship now the fulcrum of their futures, they will need to truly see each other, with honesty and empathy, if they are to change themselves, and all of Oz, for good.

**CAST:**

* Ariana Grande-Butera as Glinda Upland / Glinda the Good
* Cynthia Erivo as Elphaba Thropp / The Wicked Witch of the West
* Jonathan Bailey as Fiyero Tigelaar&gt;! / The Scarecrow !&lt;
* Ethan Slater as Boq Woodsman&gt;! / The Tin Man!&lt;
* Bowen Yang as Pfannee
* Marissa Bode as Nessarose Thropp
* Colman Domingo as The Cowardly Lion
* Michelle Yeoh as Madame Morrible
* Jeff Goldblum as The Wonderful Wizard of Oz

**DIRECTED BY:** Jon M. Chu

**SCREENPLAY BY:** Winnie Holzman, Dana Fox

**BASED ON THE MUSICAL** ***WICKED***: Music and lyrics by Stephen Schwartz; Book by Winnie Holzman; Novel by Gregory Maguire

**PRODUCED BY:** Marc Platt, David Stone

**EXECUTIVE PRODUCERS:** Stephen Schwartz, David Nicksay, Jared LeBoff, Winnie Holzman, Dana Fox

**DIRECTOR OF PHOTOGRAPHY:** Alice Brooks

**PRODUCTION DESIGNER:** Nathan Crowley

**EDITED BY:** Myron Kerstein

**COSTUME DESIGNER:** Paul Tazewell

**MUSIC BY:** John Powell, Stephen Schwartz

**CASTING BY:** Tiffany Little Canfield, Bernard Telsey

**RUNTIME:** 138 Minutes

**RELEASE DATE:** November 21, 2025",0.9997,
1p0aq9z,boxoffice,'Rental Family' Review Thread,"I will continue to update this post as reviews come in.

[**Rotten Tomatoes:**](https://www.rottentomatoes.com/m/rental_family) Certified Fresh

**Critics Consensus:** A sweet-natured dramedy about faking human connection until you make it, *Rental Family* provides Brendan Fraser an ideal showcase for his sensitive star power while backing him up with a terrific ensemble.

|Critics|Score|**Number of Reviews**|Average Rating (Unofficial)|
|:-|:-|:-|:-|
|**All Critics**|87%|110|7.30/10|
|**Top Critics**|81%|26|6.80/10|

[**Metacritic:**](https://www.metacritic.com/movie/rental-family/) 68 (29 Reviews)

**Sample Reviews:**

Richard Roeper, [RogerEbert.com](http://RogerEbert.com) \- This is a beautiful and contemplative film, with lovely messaging and a couple of sly twists. **3.5/4**

Stephanie Merry, Washington Post - The arc of the film seems clear; we’re about to witness people rediscovering the importance of human connection. Grab the tissues! **2.5/4**

Peter Travers, The Travers Take - Brendan Fraser excels as a failed American actor adrift in Japan. Is his film a shameless soap opera or a far flintier look at human frailty? It’s more like both. **2.5/4**

Nell Minow, Movie Mom - One of the most heartwarming and humane films of the year. **A-**

Kyle Smith, Wall Street Journal - It’s a strange idea for a movie that, while lacking such structural niceties as an obvious goal to be met, proves an oddly touching experience, somber yet slightly absurd.

Randy Myers, San Jose Mercury News - It’s a testament to the cast, the screenwriting and Hikari that all these narrative threads weave together for an uplifting message about our need to connect with others and be part of a community. **3.5/4**

Katie Walsh, Tribune News Service - Wonderfully life-affirming and quietly resonant. **3.5/4**

Johnny Oleksinski, New York Post - Ultimately ""Rental Family"" doesn't aspire to be much more than genial, lovable and small. But not everything needs to be a whale. **3.5/4**

Jeannette Catsoulis, New York Times - Rental Family is as sweet and tender as spring lamb.

Jocelyn Noveck, Associated Press - The broader message may simply be that genuine connection, that holy grail we all crave, can sometimes be found in the oddest of places -- even in a bizarre no man's land between fake relationships and real ones. **2.5/4**

Barry Hertz, Globe and Mail - This is a movie so tiny and inoffensive that it immediately evaporates from memory.

Brian Truitt, USA Today - As it bounces between dad movie, film lovers flick and workplace comedy, “Rental Family” also makes its own connection between Fraser and the audience, reminding us he's a beloved Hollywood figure on quite a heartwarming hot streak. **3.5/4**

Adam Nayman, Toronto Star - What’s gruelling, then, is the way Hikari -- a talented visual stylist with an eye for urban landscapes -- belabours the various plot points. It’s as if she’s worried that if she doesn’t hold our hand at every turn, we’ll get lost. **1.5/4**

Tim Grierson, AV Club - Fraser walks through this aggressively sappy drama with the aura of simple goodness that has served him well. But such concentrated radiance starts to feel like a denial of the painful reality Rental Family ignores. **D+**

Robbie Collin, Daily Telegraph (UK) - It might not sound like much of a compliment, but Brendan Fraser is extraordinarily convincing as a marginally talented actor a few years past his sell-by date. **4/5**

India Block, London Evening Standard - It’s a deceptively fiddly role, an actor playing an actor, who winds up acting out various roles for real people. But it’s a part made for Fraser and his lovely big, sad eyes. **3/5**

Linda Marric, HeyUGuys - This is gentle, crowd-pleasing drama comedy powered by Fraser’s heroic comeback. It won’t break your heart — but it might quietly mend a small piece of it. **4/5**

Robert Daniels, Screen International - In a role requiring far less artifice than his physically transformative Oscar-winning performance in The Whale, Fraser puts a face to forlornness in an unconventional, endearing crowd pleaser.

Peter Howell, Toronto Star - Hikari’s fluid filmmaking is alert to nuance, humour and wisdom in unexpected places, and she makes Tokyo looks absolutely luminous.

Radheyan Simonpillai, Guardian - The new film from co-writer and director Hikari is enamoured (or even consumed) by the very artificiality it’s about, and too timid to scratch past the surface in a way that might threaten the easy laughs and mawkishness it’s ultimately after.

Alexander Mooney, Slant Magazine - The few glimpses we get of the supporting cast suggest a more exploratory film, but these strands only exist to be woven back into Philip’s formulaic journey of self-discovery. **1/4**

Brian Tallerico, [RogerEbert.com](http://RogerEbert.com) \- Its blatant sentimentality is thematically in tune with the plot.

David Ehrlich, IndieWire - This is a nice movie: the kind that’s lit brighter than a dentist’s office, scored by the lead singer of Sigur Rós, and aimed towards a heart-stirring conclusion about empathy, isolation, and the power that we all have to affect each other’s lives. **B-**

William Bibbiani, TheWrap - It’s easy to see what attracted Fraser to this material, since it’s almost mechanically designed to make him look good as an actor, and enchanting as a star.

Frank Scheck, The Hollywood Reporter - ...a dramedy that proves a charming surprise balancing poignancy and humor with rare delicacy.

Peter Debruge, Variety - A movie like “Rental Family” lives or dies by its tone, and the one Hikari strikes is reflected in the concerned creases of Fraser’s forehead: It’s maudlin and unconvincing, means well but isn’t above manipulating us for the desired emotional outcome.

**SYNOPSIS:**

Set against modern-day Tokyo, RENTAL FAMILY follows an American actor (Brendan Fraser) who struggles to find purpose until he lands an unusual gig: working for a Japanese ""rental family"" agency, playing stand-in roles for strangers. As he immerses himself in his clients' worlds, he begins to form genuine bonds that blur the lines between performance and reality. Confronting the moral complexities of his work, he rediscovers purpose, belonging, and the quiet beauty of human connection.

**CAST:**

* Brendan Fraser as Phillip Vandarploeug
* Takehiro Hira as Shinji
* Mari Yamamoto as Aiko
* Shannon Gorman as Mia Kawasaki
* Akira Emoto as Kikuo Hasegawa

**DIRECTED BY:** HIKARI

**SCREENPLAY BY:** HIKARI, Stephen Blahut

**PRODUCED BY:** Eddie Vaisman, Julia Lebedev, HIKARI, Shin Yamaguchi

**EXECUTIVE PRODUCERS:** Stephen Blahut, Brendan Fraser, Tomo Koizumi, Leonid Lebedev, Oren Moverman, Jennifer Semler

**DIRECTOR OF PHOTOGRAPHY:** Takurô Ishizaka

**PRODUCTION DESIGNER:** Norihiro Isoda, Masako Takayama

**EDITED BY:** Alan Baumgarten, Thomas A. Krueger

**COSTUME DESIGNER:** Meg Mochizuki

**MUSIC BY:** Jon Thor Birgisson, Alex Somers

**CASTING BY:** Kei Kawamura, Yumi Takada

**RUNTIME:** 103 Minutes

**RELEASE DATE:** November 21, 2025",28,53,1763469203.0,runway magazine film,teaser_trailer,2025-11-18,"'Rental Family' Review Thread I will continue to update this post as reviews come in.

[**Rotten Tomatoes:**](https://www.rottentomatoes.com/m/rental_family) Certified Fresh

**Critics Consensus:** A sweet-natured dramedy about faking human connection until you make it, *Rental Family* provides Brendan Fraser an ideal showcase for his sensitive star power while backing him up with a terrific ensemble.

|Critics|Score|**Number of Reviews**|Average Rating (Unofficial)|
|:-|:-|:-|:-|
|**All Critics**|87%|110|7.30/10|
|**Top Critics**|81%|26|6.80/10|

[**Metacritic:**](https://www.metacritic.com/movie/rental-family/) 68 (29 Reviews)

**Sample Reviews:**

Richard Roeper, [RogerEbert.com](http://RogerEbert.com) \- This is a beautiful and contemplative film, with lovely messaging and a couple of sly twists. **3.5/4**

Stephanie Merry, Washington Post - The arc of the film seems clear; we’re about to witness people rediscovering the importance of human connection. Grab the tissues! **2.5/4**

Peter Travers, The Travers Take - Brendan Fraser excels as a failed American actor adrift in Japan. Is his film a shameless soap opera or a far flintier look at human frailty? It’s more like both. **2.5/4**

Nell Minow, Movie Mom - One of the most heartwarming and humane films of the year. **A-**

Kyle Smith, Wall Street Journal - It’s a strange idea for a movie that, while lacking such structural niceties as an obvious goal to be met, proves an oddly touching experience, somber yet slightly absurd.

Randy Myers, San Jose Mercury News - It’s a testament to the cast, the screenwriting and Hikari that all these narrative threads weave together for an uplifting message about our need to connect with others and be part of a community. **3.5/4**

Katie Walsh, Tribune News Service - Wonderfully life-affirming and quietly resonant. **3.5/4**

Johnny Oleksinski, New York Post - Ultimately ""Rental Family"" doesn't aspire to be much more than genial, lovable and small. But not everything needs to be a whale. **3.5/4**

Jeannette Catsoulis, New York Times - Rental Family is as sweet and tender as spring lamb.

Jocelyn Noveck, Associated Press - The broader message may simply be that genuine connection, that holy grail we all crave, can sometimes be found in the oddest of places -- even in a bizarre no man's land between fake relationships and real ones. **2.5/4**

Barry Hertz, Globe and Mail - This is a movie so tiny and inoffensive that it immediately evaporates from memory.

Brian Truitt, USA Today - As it bounces between dad movie, film lovers flick and workplace comedy, “Rental Family” also makes its own connection between Fraser and the audience, reminding us he's a beloved Hollywood figure on quite a heartwarming hot streak. **3.5/4**

Adam Nayman, Toronto Star - What’s gruelling, then, is the way Hikari -- a talented visual stylist with an eye for urban landscapes -- belabours the various plot points. It’s as if she’s worried that if she doesn’t hold our hand at every turn, we’ll get lost. **1.5/4**

Tim Grierson, AV Club - Fraser walks through this aggressively sappy drama with the aura of simple goodness that has served him well. But such concentrated radiance starts to feel like a denial of the painful reality Rental Family ignores. **D+**

Robbie Collin, Daily Telegraph (UK) - It might not sound like much of a compliment, but Brendan Fraser is extraordinarily convincing as a marginally talented actor a few years past his sell-by date. **4/5**

India Block, London Evening Standard - It’s a deceptively fiddly role, an actor playing an actor, who winds up acting out various roles for real people. But it’s a part made for Fraser and his lovely big, sad eyes. **3/5**

Linda Marric, HeyUGuys - This is gentle, crowd-pleasing drama comedy powered by Fraser’s heroic comeback. It won’t break your heart — but it might quietly mend a small piece of it. **4/5**

Robert Daniels, Screen International - In a role requiring far less artifice than his physically transformative Oscar-winning performance in The Whale, Fraser puts a face to forlornness in an unconventional, endearing crowd pleaser.

Peter Howell, Toronto Star - Hikari’s fluid filmmaking is alert to nuance, humour and wisdom in unexpected places, and she makes Tokyo looks absolutely luminous.

Radheyan Simonpillai, Guardian - The new film from co-writer and director Hikari is enamoured (or even consumed) by the very artificiality it’s about, and too timid to scratch past the surface in a way that might threaten the easy laughs and mawkishness it’s ultimately after.

Alexander Mooney, Slant Magazine - The few glimpses we get of the supporting cast suggest a more exploratory film, but these strands only exist to be woven back into Philip’s formulaic journey of self-discovery. **1/4**

Brian Tallerico, [RogerEbert.com](http://RogerEbert.com) \- Its blatant sentimentality is thematically in tune with the plot.

David Ehrlich, IndieWire - This is a nice movie: the kind that’s lit brighter than a dentist’s office, scored by the lead singer of Sigur Rós, and aimed towards a heart-stirring conclusion about empathy, isolation, and the power that we all have to affect each other’s lives. **B-**

William Bibbiani, TheWrap - It’s easy to see what attracted Fraser to this material, since it’s almost mechanically designed to make him look good as an actor, and enchanting as a star.

Frank Scheck, The Hollywood Reporter - ...a dramedy that proves a charming surprise balancing poignancy and humor with rare delicacy.

Peter Debruge, Variety - A movie like “Rental Family” lives or dies by its tone, and the one Hikari strikes is reflected in the concerned creases of Fraser’s forehead: It’s maudlin and unconvincing, means well but isn’t above manipulating us for the desired emotional outcome.

**SYNOPSIS:**

Set against modern-day Tokyo, RENTAL FAMILY follows an American actor (Brendan Fraser) who struggles to find purpose until he lands an unusual gig: working for a Japanese ""rental family"" agency, playing stand-in roles for strangers. As he immerses himself in his clients' worlds, he begins to form genuine bonds that blur the lines between performance and reality. Confronting the moral complexities of his work, he rediscovers purpose, belonging, and the quiet beauty of human connection.

**CAST:**

* Brendan Fraser as Phillip Vandarploeug
* Takehiro Hira as Shinji
* Mari Yamamoto as Aiko
* Shannon Gorman as Mia Kawasaki
* Akira Emoto as Kikuo Hasegawa

**DIRECTED BY:** HIKARI

**SCREENPLAY BY:** HIKARI, Stephen Blahut

**PRODUCED BY:** Eddie Vaisman, Julia Lebedev, HIKARI, Shin Yamaguchi

**EXECUTIVE PRODUCERS:** Stephen Blahut, Brendan Fraser, Tomo Koizumi, Leonid Lebedev, Oren Moverman, Jennifer Semler

**DIRECTOR OF PHOTOGRAPHY:** Takurô Ishizaka

**PRODUCTION DESIGNER:** Norihiro Isoda, Masako Takayama

**EDITED BY:** Alan Baumgarten, Thomas A. Krueger

**COSTUME DESIGNER:** Meg Mochizuki

**MUSIC BY:** Jon Thor Birgisson, Alex Somers

**CASTING BY:** Kei Kawamura, Yumi Takada

**RUNTIME:** 103 Minutes

**RELEASE DATE:** November 21, 2025",0.9989,
1ow6hw1,boxoffice,'Keeper' Review Thread,"I will continue to update this post as reviews come in.

[**Rotten Tomatoes:**](https://www.rottentomatoes.com/m/keeper_2025) Rotten

**Critics Consensus:** More a collection of unsettling moments than an altogether cohesive story, *Keeper* is too half-baked to have much staying power despite a committed turn from Tatiana Maslany.

|Critics|Score|**Number of Reviews**|Average Rating (Unofficial)|
|:-|:-|:-|:-|
|**All Critics**|49%|51|5.80/10|
|**Top Critics**|38%|13|5.20/10|

[**Metacritic:**](https://www.metacritic.com/movie/keeper/) 52 (18 Reviews)

**Sample Reviews:**

Owen Gleiberman, Variety - The mood is low-key and naturalistic, yet a streak of trippy weirdness keeps intruding. And here’s the thing: The weird parts don’t add up. That’s likely by design, but that doesn’t make it good.

Alexander Mooney, Slant Magazine - Osgood Perkins mistakes abstruseness for surrealism, and an oppressive atmosphere for palpable tension. **1/4**

David Fear, Rolling Stone - You spend a good deal of Keeper forming theories about what’s going on... Once everything is revealed, however, you wish you’d gone back that previous ignorance that now seems like a state of bliss.

Jacob Oller, AV Club - A straightforward two-hander whose big genre pivots are as dull as its rote premise. Full Review | Original Score: C

Marina Ashioti, Little White Lies - There is ultimately no palpable desire to make the film’s emotional or genre undercurrents connect on any level. **2/5**

Zachary Lee, [RogerEbert.com](http://RogerEbert.com) \- It’s not short on visual style or atmospheric tension, ultimately, it’s a tedious genre exercise undone by an undercooked narrative and its allergy to mystery. **2/4**

William Bibbiani, TheWrap - A slapdash effort from an otherwise great artist.

Meagan Navarro, Bloody Disgusting - If you’re on the filmmaker’s unique, unhurried wavelength, Keeper makes for one engaging and original grim fairy tale that bides its time getting under your skin as romance curdles into one messed up nightmare. **4/5**

Jake Wilson, Sydney Morning Herald - Horror fans may be reminded of the chilly snicker of Ari Aster (Midsommar), probably Perkins’ nearest artistic cousin. But where Aster often strains for weirdness, Perkins’ gift is that he seems incapable of anything else. **3.5/5**

Jesse Hassenger, Guardian - Part of what makes Perkins’ film so refreshing is the way it prioritizes its visceral effect on an audience over a desire to bend that story into a modern relationship parable. **4/5**

Angie Han, The Hollywood Reporter - Keeper’s narrative lands as gossamer-thin and feather-light despite Maslany’s meaty performance. Better to think of this less as a story than a mood, a procession of unsettling dream logic.

Jeannette Catsoulis, New York Times - If some of the cabin’s lore is on the silly side, Maslany sells Liz’s terror so convincingly that the urge to giggle is dampened. Her lock on the film’s tone is absolute.

Alison Foreman, IndieWire - Lacking in chemistry, clarity, and conviction, Neon’s latest rendezvous with Perkins hits like a crumbling marriage that would serve everyone involved by ending as soon as possible. **D+**

**SYNOPSIS:**

Liz and Malcolm travel to a secluded cabin for a romantic anniversary getaway. However, Malcolm unexpectedly returns to the city, leaving Liz alone in the cabin, where she soon confronts a sinister presence and the cabin's chilling past.

**CAST:**

* Tatiana Maslany as Liz
* Rossif Sutherland as Malcolm

**DIRECTED BY:** Osgood Perkins

**SCREENPLAY BY:** Nick Lepard

**PRODUCED BY:** Chris Ferguson, Jesse Savath

**EXECUTIVE PRODUCERS:** Bonner Bellew, Fred Berger, Dave Caplan, John Hegeman, Brian Kavanaugh-Jones, Marlaina Mah, Tatiana Maslany, Laurie May, Peter Micelli, Noah Segal, Vince Totino

**DIRECTOR OF PHOTOGRAPHY:** Jeremy Cox

**PRODUCTION DESIGNER:** Danny Vermette

**EDITED BY:** Graham Fortin, Greg Ng

**COSTUME DESIGNER:** Mica Kayde

**MUSIC BY:** Edo Van Breemen

**CASTING BY:** Errin Lally, Annalese Tilling

**RUNTIME:** 99 Minutes

**RELEASE DATE:** November 14, 2025",151,194,1763053333.0,runway magazine film,teaser_trailer,2025-11-13,"'Keeper' Review Thread I will continue to update this post as reviews come in.

[**Rotten Tomatoes:**](https://www.rottentomatoes.com/m/keeper_2025) Rotten

**Critics Consensus:** More a collection of unsettling moments than an altogether cohesive story, *Keeper* is too half-baked to have much staying power despite a committed turn from Tatiana Maslany.

|Critics|Score|**Number of Reviews**|Average Rating (Unofficial)|
|:-|:-|:-|:-|
|**All Critics**|49%|51|5.80/10|
|**Top Critics**|38%|13|5.20/10|

[**Metacritic:**](https://www.metacritic.com/movie/keeper/) 52 (18 Reviews)

**Sample Reviews:**

Owen Gleiberman, Variety - The mood is low-key and naturalistic, yet a streak of trippy weirdness keeps intruding. And here’s the thing: The weird parts don’t add up. That’s likely by design, but that doesn’t make it good.

Alexander Mooney, Slant Magazine - Osgood Perkins mistakes abstruseness for surrealism, and an oppressive atmosphere for palpable tension. **1/4**

David Fear, Rolling Stone - You spend a good deal of Keeper forming theories about what’s going on... Once everything is revealed, however, you wish you’d gone back that previous ignorance that now seems like a state of bliss.

Jacob Oller, AV Club - A straightforward two-hander whose big genre pivots are as dull as its rote premise. Full Review | Original Score: C

Marina Ashioti, Little White Lies - There is ultimately no palpable desire to make the film’s emotional or genre undercurrents connect on any level. **2/5**

Zachary Lee, [RogerEbert.com](http://RogerEbert.com) \- It’s not short on visual style or atmospheric tension, ultimately, it’s a tedious genre exercise undone by an undercooked narrative and its allergy to mystery. **2/4**

William Bibbiani, TheWrap - A slapdash effort from an otherwise great artist.

Meagan Navarro, Bloody Disgusting - If you’re on the filmmaker’s unique, unhurried wavelength, Keeper makes for one engaging and original grim fairy tale that bides its time getting under your skin as romance curdles into one messed up nightmare. **4/5**

Jake Wilson, Sydney Morning Herald - Horror fans may be reminded of the chilly snicker of Ari Aster (Midsommar), probably Perkins’ nearest artistic cousin. But where Aster often strains for weirdness, Perkins’ gift is that he seems incapable of anything else. **3.5/5**

Jesse Hassenger, Guardian - Part of what makes Perkins’ film so refreshing is the way it prioritizes its visceral effect on an audience over a desire to bend that story into a modern relationship parable. **4/5**

Angie Han, The Hollywood Reporter - Keeper’s narrative lands as gossamer-thin and feather-light despite Maslany’s meaty performance. Better to think of this less as a story than a mood, a procession of unsettling dream logic.

Jeannette Catsoulis, New York Times - If some of the cabin’s lore is on the silly side, Maslany sells Liz’s terror so convincingly that the urge to giggle is dampened. Her lock on the film’s tone is absolute.

Alison Foreman, IndieWire - Lacking in chemistry, clarity, and conviction, Neon’s latest rendezvous with Perkins hits like a crumbling marriage that would serve everyone involved by ending as soon as possible. **D+**

**SYNOPSIS:**

Liz and Malcolm travel to a secluded cabin for a romantic anniversary getaway. However, Malcolm unexpectedly returns to the city, leaving Liz alone in the cabin, where she soon confronts a sinister presence and the cabin's chilling past.

**CAST:**

* Tatiana Maslany as Liz
* Rossif Sutherland as Malcolm

**DIRECTED BY:** Osgood Perkins

**SCREENPLAY BY:** Nick Lepard

**PRODUCED BY:** Chris Ferguson, Jesse Savath

**EXECUTIVE PRODUCERS:** Bonner Bellew, Fred Berger, Dave Caplan, John Hegeman, Brian Kavanaugh-Jones, Marlaina Mah, Tatiana Maslany, Laurie May, Peter Micelli, Noah Segal, Vince Totino

**DIRECTOR OF PHOTOGRAPHY:** Jeremy Cox

**PRODUCTION DESIGNER:** Danny Vermette

**EDITED BY:** Graham Fortin, Greg Ng

**COSTUME DESIGNER:** Mica Kayde

**MUSIC BY:** Edo Van Breemen

**CASTING BY:** Errin Lally, Annalese Tilling

**RUNTIME:** 99 Minutes

**RELEASE DATE:** November 14, 2025",-0.8453,
1oui5jv,boxoffice,'The Running Man' Review Thread,"I will continue to update this post as reviews come in.

[**Rotten Tomatoes:**](https://www.rottentomatoes.com/m/the_running_man_2025) Fresh

**Critics Consensus:** Spiritedly sprinting through grim source material, Edgar Wright's *The Running Man* doesn't live up to the director's high bar for inventive action extravaganzas but maintains a slick stride.

|Critics|Score|**Number of Reviews**|Average Rating (Unofficial)|
|:-|:-|:-|:-|
|**All Critics**|64%|212|6.20/10|
|**Top Critics**|53%|47|5.80/10|

[**Metacritic:**](https://www.metacritic.com/movie/the-running-man-2025/) 56 (52 Reviews)

**Sample Reviews:**

Shubhra Gupta, The Indian Express - ...Powell doesn’t have the depth to dig deeper than he does; neither does the film. Soon enough, it becomes a drag, and stays that way. **2.5/5**

Peter Travers, The Travers Take - Glen Powell runs for his life to win a reality TV jackpot in a remake of a dystopian Stephen King thriller that comes on like gangbusters—until it loses steam. **2.5/4**

Stephanie Zacharek, TIME Magazine - The Running Man is just a slog.

Jonathan Romney, Financial Times - It all somewhat comes undone in a confusing, slightly desperate coda but is otherwise a genial, bracingly manic entertainment. **3/5**

Sam Adams, Slate - It sparks to life only for brief periods.

Wendy Ide, Observer (UK) - It might not be ﻿especially sharp in its insights ﻿or tidy in its plotting, ﻿but it’s a rousing, cobweb-clearing blast of a movie﻿: a piece of propulsive popcorn entertainment that feels like a direct descendent of 1990s Paul Verhoeven.

Mark Kermode, Kermode and Mayo's Take (YouTube) - It's a romp.

Kate Stables, Sight &amp; Sound - Between the skillful action sequences, the winking gags and the ever-looming threat of Lee Pace’s masked master-hunter Chief McCone (whose gun and knife are inscribed ‘Fate’ and Destiny’), it’s a highly enjoyable thrill-ride for a good stretch of time.

Alison Willmore, New York Magazine/Vulture - The Running Man is just close enough to our reality for what it’s missing to feel hopelessly distracting, and what it’s missing, more than anything, are the online forces shaping our reality.

Rafer Guzman, Newsday - Arnold Schwarzenegger’s cheesiest movie is now also Glen Powell’s thanks to this plodding, uninspired remake. **0/4**

G. Allen Johnson, San Francisco Chronicle - The inherent problem with “The Running Man” is the actual running. **2/4**

David Jenkins, Little White Lies - The humour in the script is mostly juvenile and flat. **2/5**

Jesse Hassenger, AV Club - The movie succeeds on the level of invigorating pop entertainment more often that not, at least until it overstays its welcome in a distended, herky-jerk final half-hour. **B-**

Richard Whittaker, Austin Chronicle - When it’s really up to speed, The Running Man laps the competition. **3/5**

Manohla Dargis, New York Times - There’s nothing wrong (or incorrect!) about either Wright’s desire to please or the righteousness, and at times you can sense a bit of anger wafting off the screen, even if Wright and Powell mostly seem to be having a very good time.

Dominic Baez, Seattle Times - As a humorous action film, it’s an enjoyable experience. As a social commentary on a dystopian America, it mostly just trips over itself. **2.5/4**

Chris Klimek, Washington Post - Wright has an appealing and spry leading man in Glen Powell, who channels the boiling rage of his accidental-insurgent character, Ben Richards, far more persuasively than Ah-nold did. **3.5/4**

Adam Graham, Detroit News - Forget going the distance, this ""Running Man"" never makes it out of the starting gate. **D**

Amy Nicholson, Los Angeles Times - Instead of a funhouse mirror of what could be, it’s merely a smudged reflection of what is.

Nick Howells, London Evening Standard - This is far from a trainwreck (good company while chomping through a kilo of popcorn) but don’t run to the cinema. **3/5**

Clarisse Loughrey, Independent (UK) - What should, quite easily, feel like a mirror’s been smashed and its pieces methodically jammed between our ribs, feels closer to a friendly knock on the shoulder. The material’s all there, yet there’s none of the urgency. **2/5**

Barry Hertz, Globe and Mail - Presented with every opportunity to say or do something remotely new or compelling, Wright, typically a talented stylist, elects to shrug his shoulders, delivering a wafer-thin confection that is aggressively disinterested in both ideas and action.

Randy Myers, San Jose Mercury News - Really this is just an exceptionally well-made hot rod of an action film that powers over the finish line swiftly and sleekly. It's a lightning bolt of pure moviemaking magic. **3.5/4**

Johnny Oleksinski, New York Post - Where is Wright’s mastery of tone and zany-but-unnerving quick-cut style? It’s been replaced by a cacophony of assembly-line sci-fi noise in a blah “Blade Runner” that, depending on the scene, is either stupidly serious or seriously stupid. **1.5/4**

Philip De Semlyen, Time Out - It’s a movie that got up on the wrong side of the bed and compensated with four quadruple espressos.

Jake Wilson, Sydney Morning Herald - It isn’t an outright spoof like Wright’s Scott Pilgrim vs. the World, but it’s still knowingly silly... **3.5/5**

Larushka Ivan-Zadeh, [metro.co.uk](http://metro.co.uk) \- Yes, the third act gets a little convoluted, but you’re powered to the finish by Glen Powell’s absolutely unstoppable star charisma. **4/5**

Meagan Navarro, Bloody Disgusting - Wright quickly proves far too upbeat and optimistic for the material, yielding a brisk actioner that ultimately pulls its punches. **2/5**

Matt Zoller Seitz, [RogerEbert.com](http://RogerEbert.com) \- The relentless pace generates enough of an endorphin rush to power the movie beyond plausibility nitpicking. **2.5/4**

Adam Nayman, Toronto Star - Wright’s grim, grayed-out backdrop feels ripped from King’s pages, but the tone isn’t quite right. The filmmaker’s great gift is for pop uplift, and his buoyant sensibility is at odds with the heavy melancholy of King’s tale. **2.5/4**

Kristy Puchko - Mashable - The Running Man is a sloppy collage of violence, action, and cheap jokes that is far more style than substance.

Kristen Lopez, The Film Maven - There are fits and spurts of '80s action cheese but, for the most part, the script is wildly inconsistent in terms of tone while characters are wafer thin caricatures. **C-**

Owen Gleiberman, Variety - Released in 1987, “The Running Man” was a lumbering Arnold Schwarzenegger movie. You could say that Edgar Wright, the director of the new version, has made it into a decent Bruce Willis movie.

Robbie Collin, Daily Telegraph (UK) - It’s perhaps Wright’s first feature to feel, in a positive way, like the work of a director for hire: every flourish and trick here isn’t in service of a singular creative vision so much as a great, rumbling excitement machine. **5/5**

Kevin Maher, The Times (UK) - Well, at least we’ll always have the Cornetto trilogy. **1/5**

John Nugent, Empire Magazine - It's Wright's biggest, boldest canvas yet, and while it is less funny or flashily directed than his earlier fare, he doesn't miss a chance to rib American popular culture or the capitalist horrors it fostered, as King once did. **4/5**

David Ehrlich, IndieWire - The result is a semi-satirical action-thriller that strains — with lots of sweat but considerable success — to find the same harmony between its conflicting modes that its characters hope to strike between their conflicting motivations. **B**

Alonso Duralde, The Film Verdict - For all the targets that director and co-writer Edgar Wright hits with the story’s political and media satire, he allows the pacing to go slack, turning what should feel like an escalating set of stakes into an episodic series of vignettes.

Brian Truitt, USA Today - A lively, satirical stab at modern-day reality TV, scary big-brother technology, cultural dissension and rampant income inequality, all slathered in blood-soaked ultraviolence and bonkers charm. **3/4**

Peter Bradshaw, Guardian - The Running Man sometimes feels retro-futurist and steampunky, though it is always watchable and buoyant. Wright has hit a confident stride. **3/5**

Linda Marric, HeyUGuys - This is Wright’s most accomplished Hollywood film to date and Glen Powell proves once again that he is Tom Cruise’s rightful heir as cinema’s new favourite action man. **5/5** 

Jake Cole, Slant Magazine - In the second half, the film simplistically expands on the novel to bring Stephen King’s prescient critiques more fully into line with signifiers of the Trump era. **2/4**

David Rooney, The Hollywood Reporter - Edgar Wright’s update of the 1987 Arnold Schwarzenegger vehicle of the same name, while it has no shortage of action and adrenaline, ends up feeling hollow. It also fails to erase lingering doubts about Glen Powell’s viability as a leading man.

David Fear, Rolling Stone - Most filmmakers would have diluted the grit and genuine sense of moral free-fall. Wright doubles the dosage. Every adrenaline rush comes with a chaser of low rage and simmering despair.

William Bibbiani, TheWrap - The fact that it's released by Paramount plays like a punchline, and it’s unclear who’s getting punched.

Nick Schager, The Daily Beast - Largely faithful but unwilling to pick a funny or nasty lane, it’s the most impersonal film of its writer/director’s career, and a revolutionary thriller that too often falls back on establishment conventions.

Liz Shannon Miller, Consequence - The Running Man offers a more anarchic message than we might be used to from standard Hollywood blockbusters, but that message gets drowned out, leaving behind a loud violent romp that's almost a bit too on the nose for these loud violent times of ours. **B**

**SYNOPSIS:**

In a near-future society, The Running Man is the top-rated show on television—a deadly competition where contestants, known as Runners, must survive 30 days while being hunted by professional assassins, with every move broadcast to a bloodthirsty public and each day bringing a greater cash reward. Desperate to save his sick daughter, working-class Ben Richards (Glen Powell) is convinced by the show’s charming but ruthless producer, Dan Killian (Josh Brolin), to enter the game as a last resort. But Ben’s defiance, instincts, and grit turn him into an unexpected fan favorite—and a threat to the entire system. As ratings skyrocket, so does the danger, and Ben must outwit not just the Hunters, but a nation addicted to watching him fall.

**CAST:**

* Glen Powell as Ben Richards
* William H. Macy as Molie Jernigan
* Lee Pace as Evan McCone
* Emilia Jones as Amelia Williams
* Michael Cera as Elton Parrakis
* Daniel Ezra as Bradley Throckmorton
* Jayme Lawson as Sheila Richards
* Colman Domingo as Bobby Thompson
* Josh Brolin as Dan Killian

**DIRECTED BY:** Edgar Wright

**SCREENPLAY BY:** Michael Bacall, Edgar Wright

**BASED ON THE NOVEL BY:** Stephen King

**PRODUCED BY:** Simon Kinberg, Nira Park, Edgar Wright

**EXECUTIVE PRODUCERS:** George Linder, James Biddle, Rachael Prior, Audrey Chon, Pete Chiappetta, Anthony Tittanegro, Andrew Lary

**DIRECTOR OF PHOTOGRAPHY:** Chung-hoon Chung

**PRODUCTION DESIGNER:** Marcus Rowland

**EDITED BY:** Paul Machliss

**COSTUME DESIGNER:** Julian Day

**MUSIC BY:** Steven Price

**CASTING BY:** Kharmel Cochrane, Francine Maisler

**RUNTIME:** 133 Minutes

**RELEASE DATE:** November 14, 2025",447,415,1762887643.0,runway magazine film,teaser_trailer,2025-11-11,"'The Running Man' Review Thread I will continue to update this post as reviews come in.

[**Rotten Tomatoes:**](https://www.rottentomatoes.com/m/the_running_man_2025) Fresh

**Critics Consensus:** Spiritedly sprinting through grim source material, Edgar Wright's *The Running Man* doesn't live up to the director's high bar for inventive action extravaganzas but maintains a slick stride.

|Critics|Score|**Number of Reviews**|Average Rating (Unofficial)|
|:-|:-|:-|:-|
|**All Critics**|64%|212|6.20/10|
|**Top Critics**|53%|47|5.80/10|

[**Metacritic:**](https://www.metacritic.com/movie/the-running-man-2025/) 56 (52 Reviews)

**Sample Reviews:**

Shubhra Gupta, The Indian Express - ...Powell doesn’t have the depth to dig deeper than he does; neither does the film. Soon enough, it becomes a drag, and stays that way. **2.5/5**

Peter Travers, The Travers Take - Glen Powell runs for his life to win a reality TV jackpot in a remake of a dystopian Stephen King thriller that comes on like gangbusters—until it loses steam. **2.5/4**

Stephanie Zacharek, TIME Magazine - The Running Man is just a slog.

Jonathan Romney, Financial Times - It all somewhat comes undone in a confusing, slightly desperate coda but is otherwise a genial, bracingly manic entertainment. **3/5**

Sam Adams, Slate - It sparks to life only for brief periods.

Wendy Ide, Observer (UK) - It might not be ﻿especially sharp in its insights ﻿or tidy in its plotting, ﻿but it’s a rousing, cobweb-clearing blast of a movie﻿: a piece of propulsive popcorn entertainment that feels like a direct descendent of 1990s Paul Verhoeven.

Mark Kermode, Kermode and Mayo's Take (YouTube) - It's a romp.

Kate Stables, Sight &amp; Sound - Between the skillful action sequences, the winking gags and the ever-looming threat of Lee Pace’s masked master-hunter Chief McCone (whose gun and knife are inscribed ‘Fate’ and Destiny’), it’s a highly enjoyable thrill-ride for a good stretch of time.

Alison Willmore, New York Magazine/Vulture - The Running Man is just close enough to our reality for what it’s missing to feel hopelessly distracting, and what it’s missing, more than anything, are the online forces shaping our reality.

Rafer Guzman, Newsday - Arnold Schwarzenegger’s cheesiest movie is now also Glen Powell’s thanks to this plodding, uninspired remake. **0/4**

G. Allen Johnson, San Francisco Chronicle - The inherent problem with “The Running Man” is the actual running. **2/4**

David Jenkins, Little White Lies - The humour in the script is mostly juvenile and flat. **2/5**

Jesse Hassenger, AV Club - The movie succeeds on the level of invigorating pop entertainment more often that not, at least until it overstays its welcome in a distended, herky-jerk final half-hour. **B-**

Richard Whittaker, Austin Chronicle - When it’s really up to speed, The Running Man laps the competition. **3/5**

Manohla Dargis, New York Times - There’s nothing wrong (or incorrect!) about either Wright’s desire to please or the righteousness, and at times you can sense a bit of anger wafting off the screen, even if Wright and Powell mostly seem to be having a very good time.

Dominic Baez, Seattle Times - As a humorous action film, it’s an enjoyable experience. As a social commentary on a dystopian America, it mostly just trips over itself. **2.5/4**

Chris Klimek, Washington Post - Wright has an appealing and spry leading man in Glen Powell, who channels the boiling rage of his accidental-insurgent character, Ben Richards, far more persuasively than Ah-nold did. **3.5/4**

Adam Graham, Detroit News - Forget going the distance, this ""Running Man"" never makes it out of the starting gate. **D**

Amy Nicholson, Los Angeles Times - Instead of a funhouse mirror of what could be, it’s merely a smudged reflection of what is.

Nick Howells, London Evening Standard - This is far from a trainwreck (good company while chomping through a kilo of popcorn) but don’t run to the cinema. **3/5**

Clarisse Loughrey, Independent (UK) - What should, quite easily, feel like a mirror’s been smashed and its pieces methodically jammed between our ribs, feels closer to a friendly knock on the shoulder. The material’s all there, yet there’s none of the urgency. **2/5**

Barry Hertz, Globe and Mail - Presented with every opportunity to say or do something remotely new or compelling, Wright, typically a talented stylist, elects to shrug his shoulders, delivering a wafer-thin confection that is aggressively disinterested in both ideas and action.

Randy Myers, San Jose Mercury News - Really this is just an exceptionally well-made hot rod of an action film that powers over the finish line swiftly and sleekly. It's a lightning bolt of pure moviemaking magic. **3.5/4**

Johnny Oleksinski, New York Post - Where is Wright’s mastery of tone and zany-but-unnerving quick-cut style? It’s been replaced by a cacophony of assembly-line sci-fi noise in a blah “Blade Runner” that, depending on the scene, is either stupidly serious or seriously stupid. **1.5/4**

Philip De Semlyen, Time Out - It’s a movie that got up on the wrong side of the bed and compensated with four quadruple espressos.

Jake Wilson, Sydney Morning Herald - It isn’t an outright spoof like Wright’s Scott Pilgrim vs. the World, but it’s still knowingly silly... **3.5/5**

Larushka Ivan-Zadeh, [metro.co.uk](http://metro.co.uk) \- Yes, the third act gets a little convoluted, but you’re powered to the finish by Glen Powell’s absolutely unstoppable star charisma. **4/5**

Meagan Navarro, Bloody Disgusting - Wright quickly proves far too upbeat and optimistic for the material, yielding a brisk actioner that ultimately pulls its punches. **2/5**

Matt Zoller Seitz, [RogerEbert.com](http://RogerEbert.com) \- The relentless pace generates enough of an endorphin rush to power the movie beyond plausibility nitpicking. **2.5/4**

Adam Nayman, Toronto Star - Wright’s grim, grayed-out backdrop feels ripped from King’s pages, but the tone isn’t quite right. The filmmaker’s great gift is for pop uplift, and his buoyant sensibility is at odds with the heavy melancholy of King’s tale. **2.5/4**

Kristy Puchko - Mashable - The Running Man is a sloppy collage of violence, action, and cheap jokes that is far more style than substance.

Kristen Lopez, The Film Maven - There are fits and spurts of '80s action cheese but, for the most part, the script is wildly inconsistent in terms of tone while characters are wafer thin caricatures. **C-**

Owen Gleiberman, Variety - Released in 1987, “The Running Man” was a lumbering Arnold Schwarzenegger movie. You could say that Edgar Wright, the director of the new version, has made it into a decent Bruce Willis movie.

Robbie Collin, Daily Telegraph (UK) - It’s perhaps Wright’s first feature to feel, in a positive way, like the work of a director for hire: every flourish and trick here isn’t in service of a singular creative vision so much as a great, rumbling excitement machine. **5/5**

Kevin Maher, The Times (UK) - Well, at least we’ll always have the Cornetto trilogy. **1/5**

John Nugent, Empire Magazine - It's Wright's biggest, boldest canvas yet, and while it is less funny or flashily directed than his earlier fare, he doesn't miss a chance to rib American popular culture or the capitalist horrors it fostered, as King once did. **4/5**

David Ehrlich, IndieWire - The result is a semi-satirical action-thriller that strains — with lots of sweat but considerable success — to find the same harmony between its conflicting modes that its characters hope to strike between their conflicting motivations. **B**

Alonso Duralde, The Film Verdict - For all the targets that director and co-writer Edgar Wright hits with the story’s political and media satire, he allows the pacing to go slack, turning what should feel like an escalating set of stakes into an episodic series of vignettes.

Brian Truitt, USA Today - A lively, satirical stab at modern-day reality TV, scary big-brother technology, cultural dissension and rampant income inequality, all slathered in blood-soaked ultraviolence and bonkers charm. **3/4**

Peter Bradshaw, Guardian - The Running Man sometimes feels retro-futurist and steampunky, though it is always watchable and buoyant. Wright has hit a confident stride. **3/5**

Linda Marric, HeyUGuys - This is Wright’s most accomplished Hollywood film to date and Glen Powell proves once again that he is Tom Cruise’s rightful heir as cinema’s new favourite action man. **5/5** 

Jake Cole, Slant Magazine - In the second half, the film simplistically expands on the novel to bring Stephen King’s prescient critiques more fully into line with signifiers of the Trump era. **2/4**

David Rooney, The Hollywood Reporter - Edgar Wright’s update of the 1987 Arnold Schwarzenegger vehicle of the same name, while it has no shortage of action and adrenaline, ends up feeling hollow. It also fails to erase lingering doubts about Glen Powell’s viability as a leading man.

David Fear, Rolling Stone - Most filmmakers would have diluted the grit and genuine sense of moral free-fall. Wright doubles the dosage. Every adrenaline rush comes with a chaser of low rage and simmering despair.

William Bibbiani, TheWrap - The fact that it's released by Paramount plays like a punchline, and it’s unclear who’s getting punched.

Nick Schager, The Daily Beast - Largely faithful but unwilling to pick a funny or nasty lane, it’s the most impersonal film of its writer/director’s career, and a revolutionary thriller that too often falls back on establishment conventions.

Liz Shannon Miller, Consequence - The Running Man offers a more anarchic message than we might be used to from standard Hollywood blockbusters, but that message gets drowned out, leaving behind a loud violent romp that's almost a bit too on the nose for these loud violent times of ours. **B**

**SYNOPSIS:**

In a near-future society, The Running Man is the top-rated show on television—a deadly competition where contestants, known as Runners, must survive 30 days while being hunted by professional assassins, with every move broadcast to a bloodthirsty public and each day bringing a greater cash reward. Desperate to save his sick daughter, working-class Ben Richards (Glen Powell) is convinced by the show’s charming but ruthless producer, Dan Killian (Josh Brolin), to enter the game as a last resort. But Ben’s defiance, instincts, and grit turn him into an unexpected fan favorite—and a threat to the entire system. As ratings skyrocket, so does the danger, and Ben must outwit not just the Hunters, but a nation addicted to watching him fall.

**CAST:**

* Glen Powell as Ben Richards
* William H. Macy as Molie Jernigan
* Lee Pace as Evan McCone
* Emilia Jones as Amelia Williams
* Michael Cera as Elton Parrakis
* Daniel Ezra as Bradley Throckmorton
* Jayme Lawson as Sheila Richards
* Colman Domingo as Bobby Thompson
* Josh Brolin as Dan Killian

**DIRECTED BY:** Edgar Wright

**SCREENPLAY BY:** Michael Bacall, Edgar Wright

**BASED ON THE NOVEL BY:** Stephen King

**PRODUCED BY:** Simon Kinberg, Nira Park, Edgar Wright

**EXECUTIVE PRODUCERS:** George Linder, James Biddle, Rachael Prior, Audrey Chon, Pete Chiappetta, Anthony Tittanegro, Andrew Lary

**DIRECTOR OF PHOTOGRAPHY:** Chung-hoon Chung

**PRODUCTION DESIGNER:** Marcus Rowland

**EDITED BY:** Paul Machliss

**COSTUME DESIGNER:** Julian Day

**MUSIC BY:** Steven Price

**CASTING BY:** Kharmel Cochrane, Francine Maisler

**RUNTIME:** 133 Minutes

**RELEASE DATE:** November 14, 2025",0.9967,
1oua8y2,boxoffice,'Now You See Me: Now You Don't' Review Thread,"I will continue to update this post as reviews come in.

[**Rotten Tomatoes:**](https://www.rottentomatoes.com/m/now_you_see_me_now_you_dont_2025) Rotten

**Critics Consensus:** Getting the gang back together, *Now You See Me: Now You Don't* repeats a lot of the franchise's familiar tricks, although there's still charm in seeing these character pull the proverbial rabbit out of the hat.

|Critics|Score|**Number of Reviews**|Average Rating (Unofficial)|
|:-|:-|:-|:-|
|**All Critics**|59%|106|5.50/10|
|**Top Critics**|55%|31|5.60/10|

[**Metacritic:**](https://www.metacritic.com/movie/now-you-see-me-now-you-dont/) 50 (34 Reviews)

**Sample Reviews:**

Peter Travers, The Travers Take - Jesse Eisenberg and his magician crew plan a diamond heist, but slinky, shady Rosamund Pike steals this zircon of a movie. **2/4**

Kevin Maher, The Times (UK) - Hollywood’s most unlikely franchise returns inexplicably for a third outing... defined by the enervating sense that everyone involved, from cast to screenwriters to director Ruben Fleischer has simply, and in the most desultory way possible, turned up. **2/5**

Scaachi Koul, Slate - Now You See Me: Now You Don’t is, more than any of the other installments, a feature-length exposition dump.

Robbie Collin, Daily Telegraph (UK) - Were these \[tricks and stunts\] to be performed live on stage they would of course be impressive, but the fact they’re all obviously visual effects, and have been scripted to succeed magnificently, makes them feel about as magical as a baked potato. **1/5**

Mark Kermode, Kermode and Mayo's Take (YouTube) - The magic tricks are absolute rubbish.

Rafer Guzman, Newsday - Go in gullible, and you’ll leave reasonably entertained. **2/4**

Katie Walsh, Tribune News Service - Delightfully silly, frothy and ultimately quite stupid (in the best way). **2.5/4**

Anna McKibbin, Little White Lies - It’s hard not to enjoy the chaos that this sprawling cast leave in their wake. **3/5**

Nell Minow, Movie Mom - When I say that a better title might be: ""Now You See Me: Now You Don’t Think Too Hard,"" that doesn’t mean I didn’t thoroughly enjoy this third in what is being set up to be a ""Mission Impossible"" or ""Fast and Furious""-style franchise. **B+**

Sandra Hall, Sydney Morning Herald - ...it took a gang of \[writers\] to whip the script into its final form and the dialogue still lacks the necessary spark. **3/5**

Jesse Hassenger, Guardian - Thankfully, the actors seem specifically delighted to be in a series that doesn’t require a lot of fake gravitas, just straight-enough faces when someone intones that in these troubling times, we need magic more than ever. **3/5**

Sonia Rao, Washington Post - Their character arcs, too, disappear from memory as soon as the credits roll, a most unfortunate vanishing act. **1.5/4**

John Nugent, Empire Magazine - Now You Three Me, as it should be called, offers ample 2010s nostalgia, but not quite enough brainless fun lands successfully. Put this rabbit back in the hat. **2/5**

Alissa Wilkinson, New York Times - A little corny? Yeah, maybe. But hey, look: That’s movie magic.

Kyle Smith, Wall Street Journal - When everyone is amazingly amazing at being amazing, however, the experience is so rote that you’ll be rooting for something to go hideously wrong. Or at least for somebody to seem a little bit endangered once in a while.

Helen O'Hara, Time Out - Although the quips aren’t always sharp enough and the sleight of hand a little lacking, it takes a hard heart not to cheer as a few young victims of a broken system carve out their own little bit of magic. **3/5**

Matt Zoller Seitz, [RogerEbert.com](http://RogerEbert.com) \- It doesn’t add up to much, and it evaporates from the mind as soon as it’s over, but that was true of the other two movies, which made over $700 million globally despite mostly lukewarm reviews. … that’s another kind of magic trick. **2.5/4**

Kristy Puchko, Mashable - Now You See Me: Now You Don't is a jumble, not a puzzle.

Zaki Hasan, San Francisco Chronicle - To be clear, it’s all in service of a disposable lark, but it’s an enjoyable journey to go on all the same. Even the requisite “one last trick” lands with satisfying elegance. **3/4**

Caroline Siede, AV Club - The star-studded cast clearly loves making these movies together and that sense of enthusiasm goes a long way towards selling the knowingly ridiculous magic. **B**

Mark Kennedy, Associated Press - “Now You See Me: Now You Don’t” does what sequels apparently must do these days -- load up the characters, return to favorite bits and go global -- but nails the trick, a crowd-pleasing return. **3/4**

William Bibbiani, TheWrap - It’s a magic act without the storytelling, so every moment is the prestige, and none of it feels prestigious. It’s goofy and shallow and delightful and in a couple days I’ll forget I ever saw it.

Nick Schager, The Daily Beast - Its most impressive feat, however, is finding a way to somehow be even duller than its predecessors.

Sarah-Tai Black, Globe and Mail -For a franchise built on surprise and misdirection, the spectacle of Now You See Me: Now You Don’t is all too familiar and lacking in the sheer gusto and ridiculous flair that made the original movie such a hit.

Kate Erbland, IndieWire - I felt, if not magic, a generous dash of cinematic enchantment. Let’s make four more of these things. **B-**

Moira MacDonald, Seattle Times - Ultimately, “Now You See Me: Now You Don’t” is never quite as much fun as you expect it to be, particularly when Pike isn’t on screen. Despite a character intoning that we all “need magic more than ever,” this movie didn’t have enough of it. **2.5/4**

Linda Marric, HeyUGuys - This is pretty much more of the same of what we saw from the franchise before, and no amount of good acting could ever make it any less ridiculous, but let's not begrudge anyone the right to be entertained by a little bit of unapologetic nonsense. **3/5**

Tim Grierson, Screen International - Incoming director Ruben Fleischer keeps the action coming at a steady clip. But nearly 10 years after the last sequel, Now You Don’t fails to make the franchise’s limitations disappear.

Frank Scheck, The Hollywood Reporter - You start to long for the simplicity of a basic card trick. While Now You See Me: Now You Don’t proves undeniably entertaining, it’s more than a little exhausting as well.

Owen Gleiberman, Variety - \[Now You See Me: Now You Don't\] does it all in good fun. Which is all this movie is or needs to be.

Derek Smith, Slant Magazine - As with its predecessors, Now You See Me: Now You Don’t is completely uninterested in convincing its audience that any of the Four Horsemen’s bombastic tricks could ever be accomplished by any actual human being. **1.5/4**

**SYNOPSIS:**

The Four Horsemen return along with a new generation of illusionists performing mind-melding twists, turns, surprises, and magic unlike anything ever captured on film.

**CAST:**

* Jesse Eisenberg as J. Daniel ""Danny"" Atlas
* Woody Harrelson as Merritt McKinney
* Dave Franco as Jack Wilder
* Isla Fisher as Henley Reeves
* Justice Smith as Charlie Vanderberg
* Dominic Sessa as Bosco Leroy
* Ariana Greenblatt as June McClure
* &gt;!Lizzy Caplan as Lula May!&lt;
* Rosamund Pike as Veronika Vanderberg
* Morgan Freeman as Thaddeus Bradley

**DIRECTED BY:** Ruben Fleischer

**SCREENPLAY BY:** Seth Grahame-Smith, Michael Lesslie, Paul Wernick, Rhett Reese

**STORY BY:** Eric Warren Singer

**BASED ON CHARACTERS CREATED BY:** Boaz Yakin, Edward Ricourt

**PRODUCED BY:** Alex Kurtzman, Bobby Cohen

**EXECUTIVE PRODUCERS:** Ethan Smith, Chisom Ude

**DIRECTOR OF PHOTOGRAPHY:** George Richmond

**PRODUCTION DESIGNER:** David Scheunemann

**EDITED BY:** Stacey Schroeder

**COSTUME DESIGNER:** Sophie Canale

**MUSIC BY:** Brian Tyler

**CASTING BY:** Rich Delia

**RUNTIME:** 112 Minutes

**RELEASE DATE:** November 14, 2025",286,138,1762869788.0,runway magazine film,teaser_trailer,2025-11-11,"'Now You See Me: Now You Don't' Review Thread I will continue to update this post as reviews come in.

[**Rotten Tomatoes:**](https://www.rottentomatoes.com/m/now_you_see_me_now_you_dont_2025) Rotten

**Critics Consensus:** Getting the gang back together, *Now You See Me: Now You Don't* repeats a lot of the franchise's familiar tricks, although there's still charm in seeing these character pull the proverbial rabbit out of the hat.

|Critics|Score|**Number of Reviews**|Average Rating (Unofficial)|
|:-|:-|:-|:-|
|**All Critics**|59%|106|5.50/10|
|**Top Critics**|55%|31|5.60/10|

[**Metacritic:**](https://www.metacritic.com/movie/now-you-see-me-now-you-dont/) 50 (34 Reviews)

**Sample Reviews:**

Peter Travers, The Travers Take - Jesse Eisenberg and his magician crew plan a diamond heist, but slinky, shady Rosamund Pike steals this zircon of a movie. **2/4**

Kevin Maher, The Times (UK) - Hollywood’s most unlikely franchise returns inexplicably for a third outing... defined by the enervating sense that everyone involved, from cast to screenwriters to director Ruben Fleischer has simply, and in the most desultory way possible, turned up. **2/5**

Scaachi Koul, Slate - Now You See Me: Now You Don’t is, more than any of the other installments, a feature-length exposition dump.

Robbie Collin, Daily Telegraph (UK) - Were these \[tricks and stunts\] to be performed live on stage they would of course be impressive, but the fact they’re all obviously visual effects, and have been scripted to succeed magnificently, makes them feel about as magical as a baked potato. **1/5**

Mark Kermode, Kermode and Mayo's Take (YouTube) - The magic tricks are absolute rubbish.

Rafer Guzman, Newsday - Go in gullible, and you’ll leave reasonably entertained. **2/4**

Katie Walsh, Tribune News Service - Delightfully silly, frothy and ultimately quite stupid (in the best way). **2.5/4**

Anna McKibbin, Little White Lies - It’s hard not to enjoy the chaos that this sprawling cast leave in their wake. **3/5**

Nell Minow, Movie Mom - When I say that a better title might be: ""Now You See Me: Now You Don’t Think Too Hard,"" that doesn’t mean I didn’t thoroughly enjoy this third in what is being set up to be a ""Mission Impossible"" or ""Fast and Furious""-style franchise. **B+**

Sandra Hall, Sydney Morning Herald - ...it took a gang of \[writers\] to whip the script into its final form and the dialogue still lacks the necessary spark. **3/5**

Jesse Hassenger, Guardian - Thankfully, the actors seem specifically delighted to be in a series that doesn’t require a lot of fake gravitas, just straight-enough faces when someone intones that in these troubling times, we need magic more than ever. **3/5**

Sonia Rao, Washington Post - Their character arcs, too, disappear from memory as soon as the credits roll, a most unfortunate vanishing act. **1.5/4**

John Nugent, Empire Magazine - Now You Three Me, as it should be called, offers ample 2010s nostalgia, but not quite enough brainless fun lands successfully. Put this rabbit back in the hat. **2/5**

Alissa Wilkinson, New York Times - A little corny? Yeah, maybe. But hey, look: That’s movie magic.

Kyle Smith, Wall Street Journal - When everyone is amazingly amazing at being amazing, however, the experience is so rote that you’ll be rooting for something to go hideously wrong. Or at least for somebody to seem a little bit endangered once in a while.

Helen O'Hara, Time Out - Although the quips aren’t always sharp enough and the sleight of hand a little lacking, it takes a hard heart not to cheer as a few young victims of a broken system carve out their own little bit of magic. **3/5**

Matt Zoller Seitz, [RogerEbert.com](http://RogerEbert.com) \- It doesn’t add up to much, and it evaporates from the mind as soon as it’s over, but that was true of the other two movies, which made over $700 million globally despite mostly lukewarm reviews. … that’s another kind of magic trick. **2.5/4**

Kristy Puchko, Mashable - Now You See Me: Now You Don't is a jumble, not a puzzle.

Zaki Hasan, San Francisco Chronicle - To be clear, it’s all in service of a disposable lark, but it’s an enjoyable journey to go on all the same. Even the requisite “one last trick” lands with satisfying elegance. **3/4**

Caroline Siede, AV Club - The star-studded cast clearly loves making these movies together and that sense of enthusiasm goes a long way towards selling the knowingly ridiculous magic. **B**

Mark Kennedy, Associated Press - “Now You See Me: Now You Don’t” does what sequels apparently must do these days -- load up the characters, return to favorite bits and go global -- but nails the trick, a crowd-pleasing return. **3/4**

William Bibbiani, TheWrap - It’s a magic act without the storytelling, so every moment is the prestige, and none of it feels prestigious. It’s goofy and shallow and delightful and in a couple days I’ll forget I ever saw it.

Nick Schager, The Daily Beast - Its most impressive feat, however, is finding a way to somehow be even duller than its predecessors.

Sarah-Tai Black, Globe and Mail -For a franchise built on surprise and misdirection, the spectacle of Now You See Me: Now You Don’t is all too familiar and lacking in the sheer gusto and ridiculous flair that made the original movie such a hit.

Kate Erbland, IndieWire - I felt, if not magic, a generous dash of cinematic enchantment. Let’s make four more of these things. **B-**

Moira MacDonald, Seattle Times - Ultimately, “Now You See Me: Now You Don’t” is never quite as much fun as you expect it to be, particularly when Pike isn’t on screen. Despite a character intoning that we all “need magic more than ever,” this movie didn’t have enough of it. **2.5/4**

Linda Marric, HeyUGuys - This is pretty much more of the same of what we saw from the franchise before, and no amount of good acting could ever make it any less ridiculous, but let's not begrudge anyone the right to be entertained by a little bit of unapologetic nonsense. **3/5**

Tim Grierson, Screen International - Incoming director Ruben Fleischer keeps the action coming at a steady clip. But nearly 10 years after the last sequel, Now You Don’t fails to make the franchise’s limitations disappear.

Frank Scheck, The Hollywood Reporter - You start to long for the simplicity of a basic card trick. While Now You See Me: Now You Don’t proves undeniably entertaining, it’s more than a little exhausting as well.

Owen Gleiberman, Variety - \[Now You See Me: Now You Don't\] does it all in good fun. Which is all this movie is or needs to be.

Derek Smith, Slant Magazine - As with its predecessors, Now You See Me: Now You Don’t is completely uninterested in convincing its audience that any of the Four Horsemen’s bombastic tricks could ever be accomplished by any actual human being. **1.5/4**

**SYNOPSIS:**

The Four Horsemen return along with a new generation of illusionists performing mind-melding twists, turns, surprises, and magic unlike anything ever captured on film.

**CAST:**

* Jesse Eisenberg as J. Daniel ""Danny"" Atlas
* Woody Harrelson as Merritt McKinney
* Dave Franco as Jack Wilder
* Isla Fisher as Henley Reeves
* Justice Smith as Charlie Vanderberg
* Dominic Sessa as Bosco Leroy
* Ariana Greenblatt as June McClure
* &gt;!Lizzy Caplan as Lula May!&lt;
* Rosamund Pike as Veronika Vanderberg
* Morgan Freeman as Thaddeus Bradley

**DIRECTED BY:** Ruben Fleischer

**SCREENPLAY BY:** Seth Grahame-Smith, Michael Lesslie, Paul Wernick, Rhett Reese

**STORY BY:** Eric Warren Singer

**BASED ON CHARACTERS CREATED BY:** Boaz Yakin, Edward Ricourt

**PRODUCED BY:** Alex Kurtzman, Bobby Cohen

**EXECUTIVE PRODUCERS:** Ethan Smith, Chisom Ude

**DIRECTOR OF PHOTOGRAPHY:** George Richmond

**PRODUCTION DESIGNER:** David Scheunemann

**EDITED BY:** Stacey Schroeder

**COSTUME DESIGNER:** Sophie Canale

**MUSIC BY:** Brian Tyler

**CASTING BY:** Rich Delia

**RUNTIME:** 112 Minutes

**RELEASE DATE:** November 14, 2025",0.9986,
1opy2kq,boxoffice,'Nuremberg' Review Thread,"I will continue to update this post as reviews come in.

[**Rotten Tomatoes:**](https://www.rottentomatoes.com/m/nuremberg_2025) Fresh

**Critics Consensus:** Driven by a commanding performance from Russell Crowe, *Nuremberg* is a handsomely crafted historical drama, but its measured pacing and emotional restraint keep it from fully realizing the complexity of its subject.

|Critics|Score|**Number of Reviews**|Average Rating (Unofficial)|
|:-|:-|:-|:-|
|**All Critics**|68%|102|6.60/10|
|**Top Critics**|63%|24|7.30/10|

[**Metacritic:**](https://www.metacritic.com/movie/nuremberg/) 61 (26 Reviews)

**Sample Reviews:**

Leonard Maltin, [leonardmaltin.com](http://leonardmaltin.com) \- This movie isn’t consumed with self-importance, despite some obvious parallels to current events. This is entertainment that happens to be rooted in reality about a day of reckoning the likes of which the world hasn’t seen in a long, long time.

Mick LaSalle, San Francisco Chronicle - They pull it off, not seamlessly — there are scattered moments of narrative awkwardness — but effectively. By the end, “Nuremberg” feels like an important film. **3/4**

Nick Schager, The Daily Beast - Undone by storytelling that, however well-intentioned, coats its real-life tale in a corny Hollywood sheen.

Thelma Adams, AARP Movies for Grownups - Crowe’s impeccable German accent and hauteur are Oscar-wattage, complemented by restrained and resonant performances by Rami Malek as an American psychiatrist with his own agenda. **4/5**

Matt Zoller Seitz, [RogerEbert.com](http://RogerEbert.com) \- It wants to educate and inspire as well as entertain, and isn’t shy about those ambitions. **3/4**

Peter Travers, The Travers Take - What to do when a great actor is stuck in a not-so-great movie? You bite the bullet and watch anyway for Russell Crowe at his cunning, commanding best as Hermann Göring, a Nazi who may fool his shrink (an ouclassed Rami Malek) but never the world. **2.5/4**

Randy Myers, San Jose Mercury News - Nuremburg is long but doesn’t feel like it. It’s a solid film worth noting and heeding. **3.5/4**

Nell Minow, Movie Mom - ""Nuremberg"" is well paced, as a thriller, a courtroom drama, and an exploration of history and the human capacity for evil and for good. It is never didactic or heavy-handed. **A-**

Kyle Smith, Wall Street Journal - Like everyone else on hand, Mr. Woodall deserves a better director than he gets here, just as the audience deserves a better script than one that asks us to believe Göring was so clever he nearly dodged blame for the Holocaust.

Chris Hewitt, Minneapolis Star Tribune - It’s clear Vanderbilt wants us to be thinking about the present as he depicts the past. He also argues that what makes Göring’s behavior especially horrifying is that he was a person with a wife, a child and a serious lack of empathy. **3/4**

Ben Kenigsberg, New York Times - Nuremberg struggles to make dramatic sense of an even denser mass of material.

Barry Hertz, Globe and Mail - Considering the subject matter, it would be far too glib to suggest that Vanderbilt’s film is a cinematic mistrial. Yet given that the movie itself reduces history to a series of quips and tropes, maybe not. Guilty as charged.

Monica Hesse, Washington Post - My God, we should all see this movie. Show it again and again. **3/4**

Matthew Jackson, AV Club - Nuremberg works best when it’s loud, urgent, and almost hysterically earnest in its messaging, not because it’s a particularly new message, but because it once again feels like something someone must scream from the rooftops. **B**

Lindsey Bahr, Associated Press - It’s interesting, morally murky territory fitting of the filmmaker best known as the screenwriter of “Zodiac” that does gesture toward some provocative ideas... But it can’t quite synthesize its classical form with the bleak, sobering truths at its core. **2.5/4**

Brian Truitt, USA Today - An all-star period effort that leans entertaining, though gets deadly serious exactly when it needs to, the film hinges on the matching of wits between Rami Malek as an Army psychiatrist and Russell Crowe as one of the most evil men in the world. **3.5/4**

Rocco T. Thompson, Slant Magazine - As is the case with most period dramas, Nuremberg is in direct conversation with the moment it was made. **2.5/4**

Zachary Lee, [RogerEbert.com](http://RogerEbert.com) \- There’s an urgent, timely, and powerful message “Nuremberg” offers; I just wonder how many more it will convince through its stilted approach who aren’t already on Jackson’s side.

Radheyan Simonpillai, Guardian - The point Vanderbilt perhaps unintentionally skirts, is how ultimately hollow the spectacle at Nuremberg can feel; not just in his movie, but since prosecuting war crimes and establishing international law has done nothing to prevent atrocities in Gaza.

Tim Grierson, Screen International - The characters may contain degrees of shading, but they rarely come to life, leaving Nuremberg feeling like a professional but dusty reenactment.

Kate Erbland, IndieWire - It’s delivered in the most plain-faced way possible. There is no cat-and-mouse here. There are few surprises. **C+**

Matthew Creith, TheWrap - Nuremberg benefits not only from a terrifying performance from Crowe in a larger-than-life role like those that defined the early part of his career, but also from the ensemble of actors that makes it possible to doubt and also sympathize with the crimes.

Michael Rechtshaffen, The Hollywood Reporter - Backed by a roster of powerhouse performances led by Russell Crowe, Rami Malek and Michael Shannon, the commanding production looks like it could be an award-season contender.

Owen Gleiberman, Variety - Really, what Kelley seeks to explore -- and what the audience wants him to explore -- is the nature of evil, which is to say Göring’s relationship to his own crimes. And on that score, neither he nor the movie get very far.

**SYNOPSIS:**

The Allies, led by the unyielding chief prosecutor, Robert H. Jackson (Michael Shannon), have the task of ensuring the Nazi regime answers for the unveiled horrors of the Holocaust while a US Army psychiatrist (Rami Malek) is locked in a dramatic psychological duel with former Reichsmarschall Herman Göring (Russell Crowe).

**CAST:**

* Russell Crowe as Hermann Göring
* Rami Malek as Douglas Kelley
* Leo Woodall as Sgt. Howie Triest
* John Slattery as Burton C. Andrus
* Mark O'Brien as John Amen
* Colin Hanks as Gustave Gilbert
* Wrenn Schmidt as Elsie Douglas
* Lydia Peckham as Lila
* Richard E. Grant as David Maxwell Fyfe
* Michael Shannon as Robert H. Jackson

**DIRECTED BY:** James Vanderbilt

**SCREENPLAY BY:** James Vanderbilt

**BASED ON THE BOOK** ***THE NAZI AND THE PSYCHIATRIST*** **BY:** Jack El-Hai

**PRODUCED BY:** Richard Saperstein, Bradley J. Fischer, James Vanderbilt, Frank Smith, William Sherak, Benjamin Tappan, Cherilyn Hawrysh, István Major, George Freeman

**EXECUTIVE PRODUCERS:** Nikolett Barabas, Devon Boyd, Dave Chapman, Géza Deme, Jack El-Hai, Béla Hajnal, Tamás Hajnal, Paul Neinstein, W. Porter Payne Jr., Annie Saperstein, Brooke Saperstein, Beau Turpin

**DIRECTOR OF PHOTOGRAPHY:** Dariusz Wolski

**PRODUCTION DESIGNER:** Eve Stewart

**EDITED BY:** Tom Eagles

**COSTUME DESIGNER:** Bartholomew Cariss

**MUSIC BY:** Brian Tyler

**CASTING BY:** Adél Csemez, Gréti Fellner, Anna Kennedy, Suse Marquardt, John Papsidera

**RUNTIME:** 148 Minutes

**RELEASE DATE:** November 7, 2025",39,32,1762433482.0,runway magazine film,teaser_trailer,2025-11-06,"'Nuremberg' Review Thread I will continue to update this post as reviews come in.

[**Rotten Tomatoes:**](https://www.rottentomatoes.com/m/nuremberg_2025) Fresh

**Critics Consensus:** Driven by a commanding performance from Russell Crowe, *Nuremberg* is a handsomely crafted historical drama, but its measured pacing and emotional restraint keep it from fully realizing the complexity of its subject.

|Critics|Score|**Number of Reviews**|Average Rating (Unofficial)|
|:-|:-|:-|:-|
|**All Critics**|68%|102|6.60/10|
|**Top Critics**|63%|24|7.30/10|

[**Metacritic:**](https://www.metacritic.com/movie/nuremberg/) 61 (26 Reviews)

**Sample Reviews:**

Leonard Maltin, [leonardmaltin.com](http://leonardmaltin.com) \- This movie isn’t consumed with self-importance, despite some obvious parallels to current events. This is entertainment that happens to be rooted in reality about a day of reckoning the likes of which the world hasn’t seen in a long, long time.

Mick LaSalle, San Francisco Chronicle - They pull it off, not seamlessly — there are scattered moments of narrative awkwardness — but effectively. By the end, “Nuremberg” feels like an important film. **3/4**

Nick Schager, The Daily Beast - Undone by storytelling that, however well-intentioned, coats its real-life tale in a corny Hollywood sheen.

Thelma Adams, AARP Movies for Grownups - Crowe’s impeccable German accent and hauteur are Oscar-wattage, complemented by restrained and resonant performances by Rami Malek as an American psychiatrist with his own agenda. **4/5**

Matt Zoller Seitz, [RogerEbert.com](http://RogerEbert.com) \- It wants to educate and inspire as well as entertain, and isn’t shy about those ambitions. **3/4**

Peter Travers, The Travers Take - What to do when a great actor is stuck in a not-so-great movie? You bite the bullet and watch anyway for Russell Crowe at his cunning, commanding best as Hermann Göring, a Nazi who may fool his shrink (an ouclassed Rami Malek) but never the world. **2.5/4**

Randy Myers, San Jose Mercury News - Nuremburg is long but doesn’t feel like it. It’s a solid film worth noting and heeding. **3.5/4**

Nell Minow, Movie Mom - ""Nuremberg"" is well paced, as a thriller, a courtroom drama, and an exploration of history and the human capacity for evil and for good. It is never didactic or heavy-handed. **A-**

Kyle Smith, Wall Street Journal - Like everyone else on hand, Mr. Woodall deserves a better director than he gets here, just as the audience deserves a better script than one that asks us to believe Göring was so clever he nearly dodged blame for the Holocaust.

Chris Hewitt, Minneapolis Star Tribune - It’s clear Vanderbilt wants us to be thinking about the present as he depicts the past. He also argues that what makes Göring’s behavior especially horrifying is that he was a person with a wife, a child and a serious lack of empathy. **3/4**

Ben Kenigsberg, New York Times - Nuremberg struggles to make dramatic sense of an even denser mass of material.

Barry Hertz, Globe and Mail - Considering the subject matter, it would be far too glib to suggest that Vanderbilt’s film is a cinematic mistrial. Yet given that the movie itself reduces history to a series of quips and tropes, maybe not. Guilty as charged.

Monica Hesse, Washington Post - My God, we should all see this movie. Show it again and again. **3/4**

Matthew Jackson, AV Club - Nuremberg works best when it’s loud, urgent, and almost hysterically earnest in its messaging, not because it’s a particularly new message, but because it once again feels like something someone must scream from the rooftops. **B**

Lindsey Bahr, Associated Press - It’s interesting, morally murky territory fitting of the filmmaker best known as the screenwriter of “Zodiac” that does gesture toward some provocative ideas... But it can’t quite synthesize its classical form with the bleak, sobering truths at its core. **2.5/4**

Brian Truitt, USA Today - An all-star period effort that leans entertaining, though gets deadly serious exactly when it needs to, the film hinges on the matching of wits between Rami Malek as an Army psychiatrist and Russell Crowe as one of the most evil men in the world. **3.5/4**

Rocco T. Thompson, Slant Magazine - As is the case with most period dramas, Nuremberg is in direct conversation with the moment it was made. **2.5/4**

Zachary Lee, [RogerEbert.com](http://RogerEbert.com) \- There’s an urgent, timely, and powerful message “Nuremberg” offers; I just wonder how many more it will convince through its stilted approach who aren’t already on Jackson’s side.

Radheyan Simonpillai, Guardian - The point Vanderbilt perhaps unintentionally skirts, is how ultimately hollow the spectacle at Nuremberg can feel; not just in his movie, but since prosecuting war crimes and establishing international law has done nothing to prevent atrocities in Gaza.

Tim Grierson, Screen International - The characters may contain degrees of shading, but they rarely come to life, leaving Nuremberg feeling like a professional but dusty reenactment.

Kate Erbland, IndieWire - It’s delivered in the most plain-faced way possible. There is no cat-and-mouse here. There are few surprises. **C+**

Matthew Creith, TheWrap - Nuremberg benefits not only from a terrifying performance from Crowe in a larger-than-life role like those that defined the early part of his career, but also from the ensemble of actors that makes it possible to doubt and also sympathize with the crimes.

Michael Rechtshaffen, The Hollywood Reporter - Backed by a roster of powerhouse performances led by Russell Crowe, Rami Malek and Michael Shannon, the commanding production looks like it could be an award-season contender.

Owen Gleiberman, Variety - Really, what Kelley seeks to explore -- and what the audience wants him to explore -- is the nature of evil, which is to say Göring’s relationship to his own crimes. And on that score, neither he nor the movie get very far.

**SYNOPSIS:**

The Allies, led by the unyielding chief prosecutor, Robert H. Jackson (Michael Shannon), have the task of ensuring the Nazi regime answers for the unveiled horrors of the Holocaust while a US Army psychiatrist (Rami Malek) is locked in a dramatic psychological duel with former Reichsmarschall Herman Göring (Russell Crowe).

**CAST:**

* Russell Crowe as Hermann Göring
* Rami Malek as Douglas Kelley
* Leo Woodall as Sgt. Howie Triest
* John Slattery as Burton C. Andrus
* Mark O'Brien as John Amen
* Colin Hanks as Gustave Gilbert
* Wrenn Schmidt as Elsie Douglas
* Lydia Peckham as Lila
* Richard E. Grant as David Maxwell Fyfe
* Michael Shannon as Robert H. Jackson

**DIRECTED BY:** James Vanderbilt

**SCREENPLAY BY:** James Vanderbilt

**BASED ON THE BOOK** ***THE NAZI AND THE PSYCHIATRIST*** **BY:** Jack El-Hai

**PRODUCED BY:** Richard Saperstein, Bradley J. Fischer, James Vanderbilt, Frank Smith, William Sherak, Benjamin Tappan, Cherilyn Hawrysh, István Major, George Freeman

**EXECUTIVE PRODUCERS:** Nikolett Barabas, Devon Boyd, Dave Chapman, Géza Deme, Jack El-Hai, Béla Hajnal, Tamás Hajnal, Paul Neinstein, W. Porter Payne Jr., Annie Saperstein, Brooke Saperstein, Beau Turpin

**DIRECTOR OF PHOTOGRAPHY:** Dariusz Wolski

**PRODUCTION DESIGNER:** Eve Stewart

**EDITED BY:** Tom Eagles

**COSTUME DESIGNER:** Bartholomew Cariss

**MUSIC BY:** Brian Tyler

**CASTING BY:** Adél Csemez, Gréti Fellner, Anna Kennedy, Suse Marquardt, John Papsidera

**RUNTIME:** 148 Minutes

**RELEASE DATE:** November 7, 2025",0.9976,
1op1bji,boxoffice,'Die My Love' Review Thread,"I will continue to update this post as reviews come in.

[**Rotten Tomatoes:**](https://www.rottentomatoes.com/m/die_my_love_2025) Certified Fresh

**Critics Consensus:** A frenzied depiction of a common but oft-ignored experience, *Die My Love* might be too stylistically mannered to fully connect but gifts Jennifer Lawrence with one of her most vivid roles yet.

|Critics|Score|**Number of Reviews**|Average Rating (Unofficial)|
|:-|:-|:-|:-|
|**All Critics**|76%|175|7.00/10|
|**Top Critics**|88%|58|7.50/10|

[**Metacritic:**](https://www.metacritic.com/movie/die-my-love/) 72 (48 Reviews)

**Sample Reviews:**

Iana Murray, Empire Magazine - Lynne Ramsay’s raw and animalistic character study proves to be the perfect vehicle for Jennifer Lawrence. She’s never been better as a woman on the verge of a nervous breakdown. **4/5**

Adam Graham, Detroit News - ""Die My Love"" is a work of brutal honesty, emphasis on the brutal. **B+**

Shirley Li, The Atlantic - Lawrence is superb at exemplifying Grace’s confusion. She alternates fluidly between domestic tranquility and feral rage, often in the same scene. Even as Grace’s grasp on reality seems to slip, her turbulence comes off as entirely natural.

Coleman Spilde, [Salon.com](http://Salon.com) \- No one burns as brightly as Lawrence. Left to her own devices by a pandering script, she alone draws the line where loneliness ends and freedom begins, keeping “Die My Love” from plunging completely into its self-made inferno.

Wendy Ide, Observer (UK) - Scorsese, it’s reported, was convinced that no other actor could do justice to the complex character﻿. He may well be correct: Lawrence is thrillingly uninhibited and physically impulsive﻿.

Sheila O'Malley, [RogerEbert.com](http://RogerEbert.com) \- None of this is easy, and not much of it is fun. But 'Die My Love' is a wild and worthwhile ride. **3.5/4**

Mark Kermode, Kermode and Mayo's Take (YouTube) - Thank heaven that we have filmmakers like \[Lynne Ramsay\].

Peter Travers, The Travers Take - Lawrence gives a performance to die for in a devastating tragicomedy about postpartum depression that drives away her husband (Robert Pattinson). Scottish director Lynne Ramsey doesn’t know from comfort zones and she may push you too far. Let her push. **3/4**

Bill Goodykoontz, Arizona Republic - The definition of “movie star” is pretty fluid, but in “Die My Love,” it’s clear why Jennifer Lawrence is one. **4/5**

Sonia Rao, Washington Post - An astonishing lead performance by Jennifer Lawrence keeps Lynne Ramsay’s “Die My Love” from falling apart — which is ironic, given that the new film depicts her ripping at the seams. **2.5/4**

Katie Walsh, Tribune News Service - It is at times terrifying to be asked to dive into the cracked psyche of a brilliant but troubled mind with such immediacy and presence. How do you solve a problem like Grace? You can’t. She’s not a problem that wants to be solved. **3/4**

David Sexton, New Statesman - Jennifer Lawrence, who made the film while four months pregnant with her second child, is tremendous here. She is totally committed, her extraordinary face often seen not just in extreme close-up but right into the iris of the eye.

Jake Coyle, Associated Press - There’s plenty to admire in Ramsay’s uncompromising and delirious portrait of marital hell, particularly in the bracingly raw performance of Lawrence. The abandon with which she throws herself into the role is enough to make you exclaim “Mother!” **2.5/4**

David Fear, Rolling Stone - Even those who think Die My Love courts indulgence and incoherence to its own detriment will gape in awe at how Lawrence makes them feel this person coming apart at the seams.

Aisha Harris, NPR - The storytelling is too abstract and at a remove to fully lock in emotionally, and as Grace's descent takes unsurprising turns, I was reminded of other, more successful works conveying this delicate subject matter.

Clarisse Loughrey, Independent (UK) - It’s a fearsome, all-consuming spell of a film, and its effects are unshakeable. **5/5**

Alissa Wilkinson, New York Times - The result, in the end, is the kind of movie that polarizes.

Kimberley Jones, Austin Chronicle - Lawrence goes to some pretty dark places in her full-bodied rejection of domestic expectations. You’ll follow her there unquestioningly, just for the thrill of watching her set fire to everything around her. **3/5**

Danny Leigh, Financial Times - Old hands will brace for horror. And yes, knives are brandished. But Ramsay only toys with the scary stuff. It is just one tone among many in a wild, impressionistic drama about a woman losing her mind. **4/5**

Amy Nicholson, L.A. Weekly - As good and committed as Jennifer Lawrence is, there were times I wanted to rescue her from her own movie, to protect her from the fate of Faye Dunaway when “Mommie Dearest” turned another blond Oscar winner into a joke.

Tara Brady, Irish Times - Die My Love is uncompromising, hypnotic, brave and often indelible looking, even when the theatricality and fractured structure erode any emotional weight. **3/5**

Sandra Hall, Sydney Morning Herald - \[Jennifer Lawrence gives a heartfelt and inventive performance, infused with a dangerous and sardonic air of unpredictability. Without its many colours, the film could have degenerated into one long whinge. **3.5/5**

Kristy Puchko, Mashable - Die My Love is a radical and riveting melodrama that rejects sentimentality.

Wenlei Ma, The Nightly (AU) - Die My Love is a challenging experience that pokes and prods, makes you unsettled, gives you few answers and lets you languish in the discomfort. **3/5**

Randy Myers, San Jose Mercury News - Lawrence is mercurial and magnetic. Ramsay demands a lot from the Oscar winner, and Lawrence is up to the challenge. She is panther-like, vulnerable and furious. **3.5/4**

Barry Hertz, Globe and Mail - In a more controlled and less punishing film, Lawrence’s deeply committed performance would be the discussion of the year. Yet she has tossed herself to the wolves here, the star provided no care or cover by her director.

Richard Brody, The New Yorker - What’s lacking throughout, with this suppression of practicalities in favor of shocks and thrills, is imagination. Ramsay drowns her story in the extraordinary and can’t be bothered with what’s dramatic in the ordinary elements of her characters’ lives.

Nick Schager, The Daily Beast - With an uninhibited fieriness that’s rooted in profound need and longing, Lawrence—opposite a beleaguered Robert Pattinson—delivers one the finest performances of her career, energizing the writer/director’s portrait of feminine rage, sorrow, and mania.

Michael Ordoña, San Francisco Chronicle - It's a slow-burn psychological drama populated by imperfect people struggling with painful realities. Instead of a dramatic arc, it's a dramatic decline. **2/4**

Billie Melissa, Newsweek - Ramsay shines a light and lets it burn bright for the women who have all, at some point, uttered Grace's words: ""I'm right here, you just can't see me.""

Marshall Shaffer, Slant Magazine - Lynne Ramsay unleashes her most galaxy-brained concepts with a full-bodied commitment that should be the envy of filmmakers with similar ambitions. **3.5/4**

Linda Marric, HeyUGuys - Die, My Love confirms Ramsay once again as one of the most fearless filmmakers working today. **4/5**

Nick Howells, London Evening Standard - While not her finest, it’s a daring, full-throttle blast. So here’s to not waiting another eight years for more of the bonkers brilliance of Lynne Ramsay. **4/5**

Tim Robey, Daily Telegraph (UK) - No one does bored rage quite like Jennifer Lawrence. Her role in Die, My Love is a delirious showcase: prowling, feral, clawing at the walls. **4/5**

Jessica Kiang, Sight &amp; Sound - Ramsay’s extraordinarily vivid filmmaking unlocks a whole new level of fearless, full-body commitment from Jennifer Lawrence.

Tomris Laffly, AV Club - There is a lot of earned wisdom and lived-in pain in Ramsay’s masterwork. Swinging for the fences on all fours, Jennifer Lawrence delivers one of her most fearless performances to date in Ramsay’s psychosexual marital thriller. **A**

Justin Chang, The New Yorker - This adaptation of Ariana Harwicz’s novel feels less enhanced than overwhelmed by the flailing intensity of Ramsay’s approach; the director pushes her frayed-nerves formalism to punishing and, finally, unrevealing extremes.

Peter Howell, Toronto Star - Lynne Ramsay skilfully transforms a novel centred on maternal depression into a gripping and intense screen nail-biter, worthy of a booking at the Overlook Hotel multiplex.

Alison Willmore, New York Magazine/Vulture - \[Lawrence\] exudes such a gravitational force that she curves all the other performances in the film around her energy, with Pattinson a whiny, ineffectual boy in her orbit, and Sissy Spacek quietly concerned but in decline herself as Jackson’s mother.

Siddhant Adlakha, Observer - Although it eventually loses staying power, Lynne Ramsay’s ferocious relationship drama Die, My Love quickly seeps beneath your skin, practically holding you hostage in its initial half. **2.5/4**

Stephanie Zacharek, TIME Magazine - What Lawrence does in Die, My Love is so delicately textured, even within its bold expressiveness, and its fiery anger, that it leaves you scrambling for adjectives.

Dave Calhoun, Time Out - It’s a deeply raw and honest film. It’s bleak, but it also has a musical, black-comic, big-hearted spirit that pulls you through the despair. **5/5**

Esther Zuckerman, The Daily Beast - The second coming of Jennifer Lawrence is here, and it’s astounding.

Shubhra Gupta, The Indian Express - Motherhood is not always what it is cracked up to be, and only Ramsay can say it in this unflinching, clear-eyed fashion.

Raphael Abraham, Financial Times - The beautiful princess may well have settled down with that handsome woodcutter at the edge of the forest, but until now we never saw what happened after she had a baby. **4/5**

Brian Tallerico, [RogerEbert.com](http://RogerEbert.com) \- An unforgettable cinematic experience, a full-throated rejection of the simplistic manner in which we sometimes talk about complex mental and relationship issues. It’s a killer.

Jo-Ann Titmarsh, London Evening Standard - This blurring of what might be real and what is merely Grace’s imagination is discombobulating, but with all this time travelling and shape shifting, Ramsay provides a horrible glimpse into a psychotic’s mind. **4/5**

Kevin Maher, The Times (UK) - Nothing has dramatic impact. Nobody seems to believe anything they’re doing. **1/5**

Hannah Strong, Little White Lies - The cinema of Lynne Ramsay is cinema of the senses, raw and delicate and alive... Jennifer Lawrence completely understands this, inhibiting Grace with a total lack of vanity.

Tim Grierson, Screen International - While it would be inaccurate to call Die, My Love a dark comedy, Lawrence’s underrated comedic gifts come in handy as Grace (metaphorically) sets fire to the banal domestic trappings she resents around her.

David Rooney, The Hollywood Reporter - The closing stretch has a retroactive effect on everything that’s come before. It transforms Die My Love from a self-destructive solo show to a thoughtful examination of a complex relationship and all the patience and understanding it requires.

Chase Hutchinson, TheWrap - Even as it’s not Ramsay’s best film, even a minor work from the filmmaker is still better than just about any other director. There remains a haunting power that she’s able to wield over her audience.

Richard Lawson, Vanity Fair - Ramsay’s jumble of pictures and sound is bound together by Lawrence’s confident, fearless gravity. It’s quite something to behold: a comedic performance that manages convincing notes of devastation, or a dramatic turn that is also screamingly funny.

Sophie Monks Kaufman, Independent (UK) - Each of Ramsay’s previous films, save Ratcatcher, had source texts with knotty plots to scaffold her visions. Here, she brings out the big guns visually and in Lawrence’s performance too fast and Grace’s unhinged behaviour lacks the edge of surprise. **3/5**

Peter Bradshaw, Guardian - There is, simply, overwhelming muscular strength in this picture: in \[Lynne Ramsay's\] direction, in Paul Davies’s sound design, in the saturated colour of Seamus McGarvey’s cinematography, and of course in the performances themselves. **4/5**

Ryan Lattanzio, IndieWire - What Lawrence achieves here is extremely impressive, a marquee movie star throwing herself with abandon into a filmmaker’s warped and demandingly miserable vision. **B**

Owen Gleiberman, Variety - The burdens of motherhood can be every bit as staggering as the joys. Die My Love, for all of Ramsay’s talent, isn’t designed to explore that experience. It’s designed, rather, as a kind of thesis movie: reckless on the surface but overdetermined.

Nicholas Barber, [BBC.com](http://BBC.com) \- Ramsay's film-making flair lights up scene after scene, but as the narrative fragments, and reality and fantasy blur, you're left with the urge to read the novel to find out what's actually happening.

**SYNOPSIS:**

A portrait of a woman engulfed by love and madness.

**CAST:**

* Jennifer Lawrence as Grace
* Robert Pattinson as Jackson
* Lakeith Stanfield as Karl
* Sissy Spacek as Pam
* Nick Nolte as Harry

**DIRECTED BY:** Lynne Ramsay

**SCREENPLAY BY:** Edna Walsh, Lynne Ramsay, Alice Birch

**BASED ON THE BOOK BY:** Ariana Harwicz

**PRODUCED BY:** Martin Scorsese, Jennifer Lawrence, Justine Ciarrocchi, Molly Smith, Thad Luckinbill, Trent Luckinbill, Andrea Calderwood

**EXECUTIVE PRODUCERS:** Rachel Smith, Bruce Franklin, Rick Yorn, Chris Donnelly, Lynne Ramsay, Robert Pattinson, Jamin O'Brien, Ariana Harwicz

**CO-PRODUCERS:** Seth Spector, Daniel Angeles, Lisa Frechette

**DIRECTOR OF PHOTOGRAPHY:** Seamus McGarvey

**PRODUCTION DESIGNER:** Tim Grimes

**EDITED BY:** Toni Froschhammer

**COSTUME DESIGNER:** Catherine George

**MUSIC BY:** Raife Burchell, Lynne Ramsay, George Vjestica

**CASTING BY:** Lucy Pardee

**RUNTIME:** 118 Minutes

**RELEASE DATE:** November 7, 2025",88,136,1762345173.0,runway magazine film,teaser_trailer,2025-11-05,"'Die My Love' Review Thread I will continue to update this post as reviews come in.

[**Rotten Tomatoes:**](https://www.rottentomatoes.com/m/die_my_love_2025) Certified Fresh

**Critics Consensus:** A frenzied depiction of a common but oft-ignored experience, *Die My Love* might be too stylistically mannered to fully connect but gifts Jennifer Lawrence with one of her most vivid roles yet.

|Critics|Score|**Number of Reviews**|Average Rating (Unofficial)|
|:-|:-|:-|:-|
|**All Critics**|76%|175|7.00/10|
|**Top Critics**|88%|58|7.50/10|

[**Metacritic:**](https://www.metacritic.com/movie/die-my-love/) 72 (48 Reviews)

**Sample Reviews:**

Iana Murray, Empire Magazine - Lynne Ramsay’s raw and animalistic character study proves to be the perfect vehicle for Jennifer Lawrence. She’s never been better as a woman on the verge of a nervous breakdown. **4/5**

Adam Graham, Detroit News - ""Die My Love"" is a work of brutal honesty, emphasis on the brutal. **B+**

Shirley Li, The Atlantic - Lawrence is superb at exemplifying Grace’s confusion. She alternates fluidly between domestic tranquility and feral rage, often in the same scene. Even as Grace’s grasp on reality seems to slip, her turbulence comes off as entirely natural.

Coleman Spilde, [Salon.com](http://Salon.com) \- No one burns as brightly as Lawrence. Left to her own devices by a pandering script, she alone draws the line where loneliness ends and freedom begins, keeping “Die My Love” from plunging completely into its self-made inferno.

Wendy Ide, Observer (UK) - Scorsese, it’s reported, was convinced that no other actor could do justice to the complex character﻿. He may well be correct: Lawrence is thrillingly uninhibited and physically impulsive﻿.

Sheila O'Malley, [RogerEbert.com](http://RogerEbert.com) \- None of this is easy, and not much of it is fun. But 'Die My Love' is a wild and worthwhile ride. **3.5/4**

Mark Kermode, Kermode and Mayo's Take (YouTube) - Thank heaven that we have filmmakers like \[Lynne Ramsay\].

Peter Travers, The Travers Take - Lawrence gives a performance to die for in a devastating tragicomedy about postpartum depression that drives away her husband (Robert Pattinson). Scottish director Lynne Ramsey doesn’t know from comfort zones and she may push you too far. Let her push. **3/4**

Bill Goodykoontz, Arizona Republic - The definition of “movie star” is pretty fluid, but in “Die My Love,” it’s clear why Jennifer Lawrence is one. **4/5**

Sonia Rao, Washington Post - An astonishing lead performance by Jennifer Lawrence keeps Lynne Ramsay’s “Die My Love” from falling apart — which is ironic, given that the new film depicts her ripping at the seams. **2.5/4**

Katie Walsh, Tribune News Service - It is at times terrifying to be asked to dive into the cracked psyche of a brilliant but troubled mind with such immediacy and presence. How do you solve a problem like Grace? You can’t. She’s not a problem that wants to be solved. **3/4**

David Sexton, New Statesman - Jennifer Lawrence, who made the film while four months pregnant with her second child, is tremendous here. She is totally committed, her extraordinary face often seen not just in extreme close-up but right into the iris of the eye.

Jake Coyle, Associated Press - There’s plenty to admire in Ramsay’s uncompromising and delirious portrait of marital hell, particularly in the bracingly raw performance of Lawrence. The abandon with which she throws herself into the role is enough to make you exclaim “Mother!” **2.5/4**

David Fear, Rolling Stone - Even those who think Die My Love courts indulgence and incoherence to its own detriment will gape in awe at how Lawrence makes them feel this person coming apart at the seams.

Aisha Harris, NPR - The storytelling is too abstract and at a remove to fully lock in emotionally, and as Grace's descent takes unsurprising turns, I was reminded of other, more successful works conveying this delicate subject matter.

Clarisse Loughrey, Independent (UK) - It’s a fearsome, all-consuming spell of a film, and its effects are unshakeable. **5/5**

Alissa Wilkinson, New York Times - The result, in the end, is the kind of movie that polarizes.

Kimberley Jones, Austin Chronicle - Lawrence goes to some pretty dark places in her full-bodied rejection of domestic expectations. You’ll follow her there unquestioningly, just for the thrill of watching her set fire to everything around her. **3/5**

Danny Leigh, Financial Times - Old hands will brace for horror. And yes, knives are brandished. But Ramsay only toys with the scary stuff. It is just one tone among many in a wild, impressionistic drama about a woman losing her mind. **4/5**

Amy Nicholson, L.A. Weekly - As good and committed as Jennifer Lawrence is, there were times I wanted to rescue her from her own movie, to protect her from the fate of Faye Dunaway when “Mommie Dearest” turned another blond Oscar winner into a joke.

Tara Brady, Irish Times - Die My Love is uncompromising, hypnotic, brave and often indelible looking, even when the theatricality and fractured structure erode any emotional weight. **3/5**

Sandra Hall, Sydney Morning Herald - \[Jennifer Lawrence gives a heartfelt and inventive performance, infused with a dangerous and sardonic air of unpredictability. Without its many colours, the film could have degenerated into one long whinge. **3.5/5**

Kristy Puchko, Mashable - Die My Love is a radical and riveting melodrama that rejects sentimentality.

Wenlei Ma, The Nightly (AU) - Die My Love is a challenging experience that pokes and prods, makes you unsettled, gives you few answers and lets you languish in the discomfort. **3/5**

Randy Myers, San Jose Mercury News - Lawrence is mercurial and magnetic. Ramsay demands a lot from the Oscar winner, and Lawrence is up to the challenge. She is panther-like, vulnerable and furious. **3.5/4**

Barry Hertz, Globe and Mail - In a more controlled and less punishing film, Lawrence’s deeply committed performance would be the discussion of the year. Yet she has tossed herself to the wolves here, the star provided no care or cover by her director.

Richard Brody, The New Yorker - What’s lacking throughout, with this suppression of practicalities in favor of shocks and thrills, is imagination. Ramsay drowns her story in the extraordinary and can’t be bothered with what’s dramatic in the ordinary elements of her characters’ lives.

Nick Schager, The Daily Beast - With an uninhibited fieriness that’s rooted in profound need and longing, Lawrence—opposite a beleaguered Robert Pattinson—delivers one the finest performances of her career, energizing the writer/director’s portrait of feminine rage, sorrow, and mania.

Michael Ordoña, San Francisco Chronicle - It's a slow-burn psychological drama populated by imperfect people struggling with painful realities. Instead of a dramatic arc, it's a dramatic decline. **2/4**

Billie Melissa, Newsweek - Ramsay shines a light and lets it burn bright for the women who have all, at some point, uttered Grace's words: ""I'm right here, you just can't see me.""

Marshall Shaffer, Slant Magazine - Lynne Ramsay unleashes her most galaxy-brained concepts with a full-bodied commitment that should be the envy of filmmakers with similar ambitions. **3.5/4**

Linda Marric, HeyUGuys - Die, My Love confirms Ramsay once again as one of the most fearless filmmakers working today. **4/5**

Nick Howells, London Evening Standard - While not her finest, it’s a daring, full-throttle blast. So here’s to not waiting another eight years for more of the bonkers brilliance of Lynne Ramsay. **4/5**

Tim Robey, Daily Telegraph (UK) - No one does bored rage quite like Jennifer Lawrence. Her role in Die, My Love is a delirious showcase: prowling, feral, clawing at the walls. **4/5**

Jessica Kiang, Sight &amp; Sound - Ramsay’s extraordinarily vivid filmmaking unlocks a whole new level of fearless, full-body commitment from Jennifer Lawrence.

Tomris Laffly, AV Club - There is a lot of earned wisdom and lived-in pain in Ramsay’s masterwork. Swinging for the fences on all fours, Jennifer Lawrence delivers one of her most fearless performances to date in Ramsay’s psychosexual marital thriller. **A**

Justin Chang, The New Yorker - This adaptation of Ariana Harwicz’s novel feels less enhanced than overwhelmed by the flailing intensity of Ramsay’s approach; the director pushes her frayed-nerves formalism to punishing and, finally, unrevealing extremes.

Peter Howell, Toronto Star - Lynne Ramsay skilfully transforms a novel centred on maternal depression into a gripping and intense screen nail-biter, worthy of a booking at the Overlook Hotel multiplex.

Alison Willmore, New York Magazine/Vulture - \[Lawrence\] exudes such a gravitational force that she curves all the other performances in the film around her energy, with Pattinson a whiny, ineffectual boy in her orbit, and Sissy Spacek quietly concerned but in decline herself as Jackson’s mother.

Siddhant Adlakha, Observer - Although it eventually loses staying power, Lynne Ramsay’s ferocious relationship drama Die, My Love quickly seeps beneath your skin, practically holding you hostage in its initial half. **2.5/4**

Stephanie Zacharek, TIME Magazine - What Lawrence does in Die, My Love is so delicately textured, even within its bold expressiveness, and its fiery anger, that it leaves you scrambling for adjectives.

Dave Calhoun, Time Out - It’s a deeply raw and honest film. It’s bleak, but it also has a musical, black-comic, big-hearted spirit that pulls you through the despair. **5/5**

Esther Zuckerman, The Daily Beast - The second coming of Jennifer Lawrence is here, and it’s astounding.

Shubhra Gupta, The Indian Express - Motherhood is not always what it is cracked up to be, and only Ramsay can say it in this unflinching, clear-eyed fashion.

Raphael Abraham, Financial Times - The beautiful princess may well have settled down with that handsome woodcutter at the edge of the forest, but until now we never saw what happened after she had a baby. **4/5**

Brian Tallerico, [RogerEbert.com](http://RogerEbert.com) \- An unforgettable cinematic experience, a full-throated rejection of the simplistic manner in which we sometimes talk about complex mental and relationship issues. It’s a killer.

Jo-Ann Titmarsh, London Evening Standard - This blurring of what might be real and what is merely Grace’s imagination is discombobulating, but with all this time travelling and shape shifting, Ramsay provides a horrible glimpse into a psychotic’s mind. **4/5**

Kevin Maher, The Times (UK) - Nothing has dramatic impact. Nobody seems to believe anything they’re doing. **1/5**

Hannah Strong, Little White Lies - The cinema of Lynne Ramsay is cinema of the senses, raw and delicate and alive... Jennifer Lawrence completely understands this, inhibiting Grace with a total lack of vanity.

Tim Grierson, Screen International - While it would be inaccurate to call Die, My Love a dark comedy, Lawrence’s underrated comedic gifts come in handy as Grace (metaphorically) sets fire to the banal domestic trappings she resents around her.

David Rooney, The Hollywood Reporter - The closing stretch has a retroactive effect on everything that’s come before. It transforms Die My Love from a self-destructive solo show to a thoughtful examination of a complex relationship and all the patience and understanding it requires.

Chase Hutchinson, TheWrap - Even as it’s not Ramsay’s best film, even a minor work from the filmmaker is still better than just about any other director. There remains a haunting power that she’s able to wield over her audience.

Richard Lawson, Vanity Fair - Ramsay’s jumble of pictures and sound is bound together by Lawrence’s confident, fearless gravity. It’s quite something to behold: a comedic performance that manages convincing notes of devastation, or a dramatic turn that is also screamingly funny.

Sophie Monks Kaufman, Independent (UK) - Each of Ramsay’s previous films, save Ratcatcher, had source texts with knotty plots to scaffold her visions. Here, she brings out the big guns visually and in Lawrence’s performance too fast and Grace’s unhinged behaviour lacks the edge of surprise. **3/5**

Peter Bradshaw, Guardian - There is, simply, overwhelming muscular strength in this picture: in \[Lynne Ramsay's\] direction, in Paul Davies’s sound design, in the saturated colour of Seamus McGarvey’s cinematography, and of course in the performances themselves. **4/5**

Ryan Lattanzio, IndieWire - What Lawrence achieves here is extremely impressive, a marquee movie star throwing herself with abandon into a filmmaker’s warped and demandingly miserable vision. **B**

Owen Gleiberman, Variety - The burdens of motherhood can be every bit as staggering as the joys. Die My Love, for all of Ramsay’s talent, isn’t designed to explore that experience. It’s designed, rather, as a kind of thesis movie: reckless on the surface but overdetermined.

Nicholas Barber, [BBC.com](http://BBC.com) \- Ramsay's film-making flair lights up scene after scene, but as the narrative fragments, and reality and fantasy blur, you're left with the urge to read the novel to find out what's actually happening.

**SYNOPSIS:**

A portrait of a woman engulfed by love and madness.

**CAST:**

* Jennifer Lawrence as Grace
* Robert Pattinson as Jackson
* Lakeith Stanfield as Karl
* Sissy Spacek as Pam
* Nick Nolte as Harry

**DIRECTED BY:** Lynne Ramsay

**SCREENPLAY BY:** Edna Walsh, Lynne Ramsay, Alice Birch

**BASED ON THE BOOK BY:** Ariana Harwicz

**PRODUCED BY:** Martin Scorsese, Jennifer Lawrence, Justine Ciarrocchi, Molly Smith, Thad Luckinbill, Trent Luckinbill, Andrea Calderwood

**EXECUTIVE PRODUCERS:** Rachel Smith, Bruce Franklin, Rick Yorn, Chris Donnelly, Lynne Ramsay, Robert Pattinson, Jamin O'Brien, Ariana Harwicz

**CO-PRODUCERS:** Seth Spector, Daniel Angeles, Lisa Frechette

**DIRECTOR OF PHOTOGRAPHY:** Seamus McGarvey

**PRODUCTION DESIGNER:** Tim Grimes

**EDITED BY:** Toni Froschhammer

**COSTUME DESIGNER:** Catherine George

**MUSIC BY:** Raife Burchell, Lynne Ramsay, George Vjestica

**CASTING BY:** Lucy Pardee

**RUNTIME:** 118 Minutes

**RELEASE DATE:** November 7, 2025",0.9981,
