id,subreddit,title,text,score,num_comments,created_utc,query,event,date,combined_text,vader,finbert
1t276ek,fashion,Going to see Devil Wears Prada 2 then hosting the social event,,829,58,1777770068.0,devil wears prada 2,theatrical_release,2026-05-03,Going to see Devil Wears Prada 2 then hosting the social event,-0.6597,
1t1834o,fashion,Work outfits lately,Outfit no. 2 was a Friday where I went to dinner afterwards - very rare I wear stilettoes to work,630,53,1777674656.0,devil wears prada 2,theatrical_release,2026-05-01,Work outfits lately Outfit no. 2 was a Friday where I went to dinner afterwards - very rare I wear stilettoes to work,0.0,
1t0986w,fashion,Outfit for the Devil Wears Prada 2 Premiere,"Leopard Print top and faux leather leggings from Calzedonia, pumps from Arezzo, bag and sunglasses from Adidas, makeup by Carolina Herrera and nails by Risqué. ",12,3,1777583595.0,devil wears prada 2,theatrical_release,2026-04-30,"Outfit for the Devil Wears Prada 2 Premiere Leopard Print top and faux leather leggings from Calzedonia, pumps from Arezzo, bag and sunglasses from Adidas, makeup by Carolina Herrera and nails by Risqué.",-0.5574,
1t1ed2m,malefashionadvice,Shoes that give a bit of height but don’t look chunky/obvious?,"&amp;#x200B;

Hey everyone,

I’m looking for sneakers that give a bit of height/lift but don’t look like platform shoes. I want something that looks normal and clean, not chunky or exaggerated, but still gives a subtle boost (like \\\~2–4 cm).

Basically:

\\- Looks like a regular sneaker (preferably all black)

\\- Gives some height but not obvious visually

\\- Not bulky or “platform-looking”

\\- Comfortable for everyday wear

\\- Has a bit of space in the front (I think that’s called a roomy toe box?) - maybe I can add a cheeky insole

I like styles like Puma Cavens / retro basketball sneakers, but I’m open to anything that keeps that clean look while still adding height.

What are some good options that balance subtle lift + normal appearance?

Thanks 🙏",8,23,1777691809.0,devil wears prada 2,theatrical_release,2026-05-02,"Shoes that give a bit of height but don’t look chunky/obvious? &amp;#x200B;

Hey everyone,

I’m looking for sneakers that give a bit of height/lift but don’t look like platform shoes. I want something that looks normal and clean, not chunky or exaggerated, but still gives a subtle boost (like \\\~2–4 cm).

Basically:

\\- Looks like a regular sneaker (preferably all black)

\\- Gives some height but not obvious visually

\\- Not bulky or “platform-looking”

\\- Comfortable for everyday wear

\\- Has a bit of space in the front (I think that’s called a roomy toe box?) - maybe I can add a cheeky insole

I like styles like Puma Cavens / retro basketball sneakers, but I’m open to anything that keeps that clean look while still adding height.

What are some good options that balance subtle lift + normal appearance?

Thanks 🙏",0.9915,
1t01eib,malefashionadvice,Men suits - price vs quality,"I am in the market for a new suit and maybe a separate sport coat to update my closet. I wear a suit maybe 3-4 times a year work and sport coat 6 times a year.. is there any reason to spend extra money on a suit or will most be similar in style and structure,  just comfort? 

I see some of the box stores have sales and can get these them for 2-300 for suit vs 5-600 in the Jo’s a banks and other more specialty stores ",5,8,1777566688.0,devil wears prada 2,theatrical_release,2026-04-30,"Men suits - price vs quality I am in the market for a new suit and maybe a separate sport coat to update my closet. I wear a suit maybe 3-4 times a year work and sport coat 6 times a year.. is there any reason to spend extra money on a suit or will most be similar in style and structure,  just comfort? 

I see some of the box stores have sales and can get these them for 2-300 for suit vs 5-600 in the Jo’s a banks and other more specialty stores",0.3612,
1sy4hcp,malefashionadvice,25M looking to level up my jewelry game,"Hey everyone,

How are you all doing? Before I ask for my advice let me tell you a bit about me. I have a solid sense of fashion (I think so and have been told so), but I feel like my jewelry collection is the one area holding my fits back. I’m looking for general advice on how to build a better collection and how to style it effectively.

**The Context:**

* **Profile:** 25M, brown-skinned.
* **Current Daily Setup:** Usually a single pendant, a couple of rings, and standard ear piercings. This is my baseline, but I’m ready to move past the basics.
* **Aesthetic:** I’m looking for modern, sharp, or unique pieces. I'm ngl if you have any traditional style pieces too, shoot them my way
* **The Constraint:** I am based in **India** and want to buy locally to avoid international shipping/customs.

**What I’m looking for advice on:**

1. **Curation &amp; Styling:** How do you approach building a cohesive ""set""? I’d love tips on balancing proportions, mixing metals (Gold/Silver/Brass), and how to choose pieces that complement each other rather than competing for attention.
2. **Specific Items:** I’m actively hunting for a solid **signet ring** (or something distinct for the pinky) and **unique ear jewelry** that goes beyond standard studs. What should I be looking for in terms of ""character"" or design?
3. Market- Again I am majorly looking for Indian brands to cope my pieces from but then again if theres a particular piece that you think I would like, then please do tell me. (I'll try to find something similar here)

Just an FYI I tend to not wear anything too big but I'm ready to test the waters and diversify my collection. So please provide all the advice you can and help a brother out!! And thanks in advance",0,2,1777389640.0,devil wears prada 2,theatrical_release,2026-04-28,"25M looking to level up my jewelry game Hey everyone,

How are you all doing? Before I ask for my advice let me tell you a bit about me. I have a solid sense of fashion (I think so and have been told so), but I feel like my jewelry collection is the one area holding my fits back. I’m looking for general advice on how to build a better collection and how to style it effectively.

**The Context:**

* **Profile:** 25M, brown-skinned.
* **Current Daily Setup:** Usually a single pendant, a couple of rings, and standard ear piercings. This is my baseline, but I’m ready to move past the basics.
* **Aesthetic:** I’m looking for modern, sharp, or unique pieces. I'm ngl if you have any traditional style pieces too, shoot them my way
* **The Constraint:** I am based in **India** and want to buy locally to avoid international shipping/customs.

**What I’m looking for advice on:**

1. **Curation &amp; Styling:** How do you approach building a cohesive ""set""? I’d love tips on balancing proportions, mixing metals (Gold/Silver/Brass), and how to choose pieces that complement each other rather than competing for attention.
2. **Specific Items:** I’m actively hunting for a solid **signet ring** (or something distinct for the pinky) and **unique ear jewelry** that goes beyond standard studs. What should I be looking for in terms of ""character"" or design?
3. Market- Again I am majorly looking for Indian brands to cope my pieces from but then again if theres a particular piece that you think I would like, then please do tell me. (I'll try to find something similar here)

Just an FYI I tend to not wear anything too big but I'm ready to test the waters and diversify my collection. So please provide all the advice you can and help a brother out!! And thanks in advance",0.993,
1sxqxce,malefashionadvice,Robe worn by Oscar Isaac on BEEF,I am trying to find the robe that Oacar Isaac wears at the end of episode 2 in the second season of BEEF. I don’t even know what to google to find the correct textile. ,3,3,1777350105.0,devil wears prada 2,theatrical_release,2026-04-28,Robe worn by Oscar Isaac on BEEF I am trying to find the robe that Oacar Isaac wears at the end of episode 2 in the second season of BEEF. I don’t even know what to google to find the correct textile.,-0.296,
1swxpdu,malefashionadvice,Men's equivalent to the women's styles I like,"I'm currently looking for some men's clothes to wear over the summer, but I'm not drawn to any of the outfits I've seen on men. On the other hand, I have seen plenty of women's clothes I like, but I'll be spending most of the summer in my small conservative hometown where it isn't safe for me to wear women's clothes.

Here's some women's outfits that I've seen and liked the look of:

* White sleeveless jumper on top of black long-sleeve T-shirt, tucked into a red plaid pleated short skirt (mid-thigh length), black under-knee socks on top of fishnet tights, black platform loafers

* Purple and black striped oversized jumper on top of black long-sleeve T-shirt, tucked into a black lacey midi skirt (calf length), black under-knee socks and heeled ankle-height boots

* Purple and black striped oversized jumper on top of black long-sleeve T-shirt, not tucked into a black pleated short skirt (mid-thigh length), black under-knee socks on top of fishnet tights, black platform loafers

I'm looking for men's outfits with as similar a vibe to these as possible. (**in other words, not these exact clothes, but men's clothes with a reasonably similar aesthetic**) Given that it's summer, I'd prefer outfits with shorts, preferably shorter shorts as I just feel that anything near or especially past my knees looks awkward and frumpy on me. I'm also 170cm or 5'7"", which means that most men's shorts I've found end up being too long for my liking...

I live in Ireland, so if you're suggesting specific brands/items I'd obviously appreciate ones that ship here (preferably for a reasonable price) or can be found in a physical shop here.

EDIT: Just to clarify, I'm not looking for men's versions of these exact clothes (which I know is pretty much impossible), I'm looking for men's clothes with a similar vibe/aesthetic.

EDIT 2: More clarification",0,44,1777278724.0,devil wears prada 2,theatrical_release,2026-04-27,"Men's equivalent to the women's styles I like I'm currently looking for some men's clothes to wear over the summer, but I'm not drawn to any of the outfits I've seen on men. On the other hand, I have seen plenty of women's clothes I like, but I'll be spending most of the summer in my small conservative hometown where it isn't safe for me to wear women's clothes.

Here's some women's outfits that I've seen and liked the look of:

* White sleeveless jumper on top of black long-sleeve T-shirt, tucked into a red plaid pleated short skirt (mid-thigh length), black under-knee socks on top of fishnet tights, black platform loafers

* Purple and black striped oversized jumper on top of black long-sleeve T-shirt, tucked into a black lacey midi skirt (calf length), black under-knee socks and heeled ankle-height boots

* Purple and black striped oversized jumper on top of black long-sleeve T-shirt, not tucked into a black pleated short skirt (mid-thigh length), black under-knee socks on top of fishnet tights, black platform loafers

I'm looking for men's outfits with as similar a vibe to these as possible. (**in other words, not these exact clothes, but men's clothes with a reasonably similar aesthetic**) Given that it's summer, I'd prefer outfits with shorts, preferably shorter shorts as I just feel that anything near or especially past my knees looks awkward and frumpy on me. I'm also 170cm or 5'7"", which means that most men's shorts I've found end up being too long for my liking...

I live in Ireland, so if you're suggesting specific brands/items I'd obviously appreciate ones that ship here (preferably for a reasonable price) or can be found in a physical shop here.

EDIT: Just to clarify, I'm not looking for men's versions of these exact clothes (which I know is pretty much impossible), I'm looking for men's clothes with a similar vibe/aesthetic.

EDIT 2: More clarification",0.9824,
1swgzqh,malefashionadvice,Clarks footwear alternative?,"Clarks now a days are not as good as they used to be earlier. Also they start disappearing from Indian market. No new models launched. same old pieces are on discount year long. I used lot of pairs from Clarks including formal wear, sandals and slippers. 

Now my question is, Which brand you have shifted to from Clarks in the last 2-3 years?",0,3,1777231576.0,devil wears prada 2,theatrical_release,2026-04-26,"Clarks footwear alternative? Clarks now a days are not as good as they used to be earlier. Also they start disappearing from Indian market. No new models launched. same old pieces are on discount year long. I used lot of pairs from Clarks including formal wear, sandals and slippers. 

Now my question is, Which brand you have shifted to from Clarks in the last 2-3 years?",-0.5371,
1svlf22,malefashionadvice,Baggy jean brands??,"So I've been needing some new baggy jeans. i bought some about 8 months ago and they're already losing their stiching and i don't feel like redoing it again. I tried finding some other brands on insta and yt but i can't find any actual opinions that aren't sponsored. I'm 6'1 and 175 and usually wear a 34x32 or a 34x30 if they offer. i really just need some good brands with quality material. I need 2 or 3 new pairs, prefer a blue wash, black wash, and a gray or brown. Any brands?",0,6,1777145254.0,devil wears prada 2,theatrical_release,2026-04-25,"Baggy jean brands?? So I've been needing some new baggy jeans. i bought some about 8 months ago and they're already losing their stiching and i don't feel like redoing it again. I tried finding some other brands on insta and yt but i can't find any actual opinions that aren't sponsored. I'm 6'1 and 175 and usually wear a 34x32 or a 34x30 if they offer. i really just need some good brands with quality material. I need 2 or 3 new pairs, prefer a blue wash, black wash, and a gray or brown. Any brands?",0.4651,
1sux0mi,malefashionadvice,Looking for jeans that aren’t skinny but also no overly baggy.,I haven’t purchased jeans in years as all I wear are work style Dickes I cuff and cargo pants. My build is tall and skinny ( 6’2 170lbs ). ,18,57,1777076763.0,devil wears prada 2,theatrical_release,2026-04-25,Looking for jeans that aren’t skinny but also no overly baggy. I haven’t purchased jeans in years as all I wear are work style Dickes I cuff and cargo pants. My build is tall and skinny ( 6’2 170lbs ).,-0.4215,
1t15vud,movies,Has anyone seen The Devil Wears Prada 2? What did you think of it?,"I'm afraid to watch this movie and be disappointed. The first one is my absolute favorite movie, and I've watched it over and over again. Now I'm really afraid of being disappointed and having my whole experience ruined. When I saw the outfits online and the trailer itself, I already felt disappointed at that moment it looked so “ordinary.” Is this really a fashion movie, or just another drama?

It’s like Game of Thrones and Season 8 👀 

**Is it worth watching?**",0,70,1777669381.0,devil wears prada 2,theatrical_release,2026-05-01,"Has anyone seen The Devil Wears Prada 2? What did you think of it? I'm afraid to watch this movie and be disappointed. The first one is my absolute favorite movie, and I've watched it over and over again. Now I'm really afraid of being disappointed and having my whole experience ruined. When I saw the outfits online and the trailer itself, I already felt disappointed at that moment it looked so “ordinary.” Is this really a fashion movie, or just another drama?

It’s like Game of Thrones and Season 8 👀 

**Is it worth watching?**",-0.9074,
1t0g1zz,movies,Official Discussion Megathread (The Devil Wears Prada 2 / Hokum / Deep Water) plus throwbacks,"**New In Theaters**:

* [The Devil Wears Prada 2](https://old.reddit.com/r/movies/comments/1t0fybi/official_discussion_the_devil_wears_prada_2/?)
* [Hokum](https://old.reddit.com/r/movies/comments/1t0fyd1/official_discussion_hokum_spoilers/?)
* [Deep Water (2026)](https://old.reddit.com/r/movies/comments/1t0fyec/official_discussion_deep_water_2026/?)

**25th Anniversary Throwback Discussion Threads**:

* [One Night at McCool's](https://old.reddit.com/r/movies/comments/1t0fyg4/official_throwback_discussion_one_night_at/?)
* [Driven](https://old.reddit.com/r/movies/comments/1t0fyid/official_throwback_discussion_driven_spoilers/?)
* [Tone &amp; Country](https://old.reddit.com/r/movies/comments/1t0fyju/official_throwback_discussion_town_country/?)


**Still In Theaters**:

* [Michael](https://old.reddit.com/r/movies/comments/1su2nuj/official_discussion_michael_spoilers/)
* [Mother Mary](https://old.reddit.com/r/movies/comments/1su2nwe/official_discussion_mother_mary_spoilers/?)
* [Over Your Dead Body](https://old.reddit.com/r/movies/comments/1su2nxt/official_discussion_over_your_dead_body_spoilers/?)
* [Lee Cronin's The Mummy](https://old.reddit.com/r/movies/comments/1snngug/official_discussion_lee_cronins_the_mummy_spoilers/?)
* [Normal](https://old.reddit.com/r/movies/comments/1snngww/official_discussion_normal_spoilers/?)
* [Super Mario Galaxy](https://old.reddit.com/r/movies/comments/1sa4h2h/official_discussion_the_super_mario_galaxy_movie/)
* [The Drama](https://old.reddit.com/r/movies/comments/1sb0qvz/official_discussion_the_drama_spoilers/)


**New on Streaming**

* [Apex](https://old.reddit.com/r/movies/comments/1swg29u/official_discussion_apex_spoilers/)
* [Outcome](https://old.reddit.com/r/movies/comments/1sivj25/official_discussion_outcome_spoilers/?)
* [Thrash](https://old.reddit.com/r/movies/comments/1sivj3i/official_discussion_thrash_spoilers/?)
* [Pizza Movie](https://old.reddit.com/r/movies/comments/1sbx3zs/official_discussion_pizza_movie_spoilers/?)
* [Mike &amp; Nick &amp; Nick &amp; Alice](https://old.reddit.com/r/movies/comments/1sbx3wc/official_discussion_mike_nick_nick_alice_spoilers/?)
* [War Machine](https://old.reddit.com/r/movies/comments/1rt2x82/official_discussion_war_machine_2026_spoilers/?)
* [Peaky Blinders: The Immortal Man](https://old.reddit.com/r/movies/comments/1s0xuz4/official_discussion_peaky_blinders_the_immortal/?)",35,0,1777601142.0,devil wears prada 2,theatrical_release,2026-05-01,"Official Discussion Megathread (The Devil Wears Prada 2 / Hokum / Deep Water) plus throwbacks **New In Theaters**:

* [The Devil Wears Prada 2](https://old.reddit.com/r/movies/comments/1t0fybi/official_discussion_the_devil_wears_prada_2/?)
* [Hokum](https://old.reddit.com/r/movies/comments/1t0fyd1/official_discussion_hokum_spoilers/?)
* [Deep Water (2026)](https://old.reddit.com/r/movies/comments/1t0fyec/official_discussion_deep_water_2026/?)

**25th Anniversary Throwback Discussion Threads**:

* [One Night at McCool's](https://old.reddit.com/r/movies/comments/1t0fyg4/official_throwback_discussion_one_night_at/?)
* [Driven](https://old.reddit.com/r/movies/comments/1t0fyid/official_throwback_discussion_driven_spoilers/?)
* [Tone &amp; Country](https://old.reddit.com/r/movies/comments/1t0fyju/official_throwback_discussion_town_country/?)


**Still In Theaters**:

* [Michael](https://old.reddit.com/r/movies/comments/1su2nuj/official_discussion_michael_spoilers/)
* [Mother Mary](https://old.reddit.com/r/movies/comments/1su2nwe/official_discussion_mother_mary_spoilers/?)
* [Over Your Dead Body](https://old.reddit.com/r/movies/comments/1su2nxt/official_discussion_over_your_dead_body_spoilers/?)
* [Lee Cronin's The Mummy](https://old.reddit.com/r/movies/comments/1snngug/official_discussion_lee_cronins_the_mummy_spoilers/?)
* [Normal](https://old.reddit.com/r/movies/comments/1snngww/official_discussion_normal_spoilers/?)
* [Super Mario Galaxy](https://old.reddit.com/r/movies/comments/1sa4h2h/official_discussion_the_super_mario_galaxy_movie/)
* [The Drama](https://old.reddit.com/r/movies/comments/1sb0qvz/official_discussion_the_drama_spoilers/)


**New on Streaming**

* [Apex](https://old.reddit.com/r/movies/comments/1swg29u/official_discussion_apex_spoilers/)
* [Outcome](https://old.reddit.com/r/movies/comments/1sivj25/official_discussion_outcome_spoilers/?)
* [Thrash](https://old.reddit.com/r/movies/comments/1sivj3i/official_discussion_thrash_spoilers/?)
* [Pizza Movie](https://old.reddit.com/r/movies/comments/1sbx3zs/official_discussion_pizza_movie_spoilers/?)
* [Mike &amp; Nick &amp; Nick &amp; Alice](https://old.reddit.com/r/movies/comments/1sbx3wc/official_discussion_mike_nick_nick_alice_spoilers/?)
* [War Machine](https://old.reddit.com/r/movies/comments/1rt2x82/official_discussion_war_machine_2026_spoilers/?)
* [Peaky Blinders: The Immortal Man](https://old.reddit.com/r/movies/comments/1s0xuz4/official_discussion_peaky_blinders_the_immortal/?)",-0.9332,
1t0fybi,movies,Official Discussion - The Devil Wears Prada 2 [SPOILERS],"#Poll

**If you've seen the film, please rate it [at this poll](https://strawpoll.ai/poll/vote/W06rIJVX4daP)**

**If you haven't seen the film but would like to see the result of the poll [click here](https://strawpoll.ai/poll/results/W06rIJVX4daP)**

#Rankings

[Click here](https://strawpoll.ai/list/ItnAgr4mX7QR) to see the rankings of 2025 films

[Click here](https://youpoll.me/list/4/) to see the rankings for every poll done

---

## **The Devil Wears Prada 2 (2026)**

**Summary**

Andy Sachs navigates the evolving world of high fashion journalism as she reconnects with Miranda Priestly, forcing her to confront past choices and the cost of ambition in a rapidly changing industry.

**Director**
David Frankel

**Writer**
Aline Brosh McKenna

**Cast**

* Anne Hathaway as Andy Sachs
* Meryl Streep as Miranda Priestly
* Emily Blunt as Emily Charlton
* Stanley Tucci as Nigel
* Kenneth Branagh

**Rotten Tomatoes:** [78%](https://www.rottentomatoes.com/m/the_devil_wears_prada_2)

**Metacritic:** [62](https://www.metacritic.com/movie/the-devil-wears-prada-2/)

**VOD / Release**
Theatrical release

**Trailer**
[Official Trailer](https://www.youtube.com/watch?v=PMd1at7OwiE&amp;pp=ygUbZGV2aWwgd2VhcnMgcHJhZGEgMiB0cmFpbGVy)",409,1294,1777600865.0,devil wears prada 2,theatrical_release,2026-05-01,"Official Discussion - The Devil Wears Prada 2 [SPOILERS] #Poll

**If you've seen the film, please rate it [at this poll](https://strawpoll.ai/poll/vote/W06rIJVX4daP)**

**If you haven't seen the film but would like to see the result of the poll [click here](https://strawpoll.ai/poll/results/W06rIJVX4daP)**

#Rankings

[Click here](https://strawpoll.ai/list/ItnAgr4mX7QR) to see the rankings of 2025 films

[Click here](https://youpoll.me/list/4/) to see the rankings for every poll done

---

## **The Devil Wears Prada 2 (2026)**

**Summary**

Andy Sachs navigates the evolving world of high fashion journalism as she reconnects with Miranda Priestly, forcing her to confront past choices and the cost of ambition in a rapidly changing industry.

**Director**
David Frankel

**Writer**
Aline Brosh McKenna

**Cast**

* Anne Hathaway as Andy Sachs
* Meryl Streep as Miranda Priestly
* Emily Blunt as Emily Charlton
* Stanley Tucci as Nigel
* Kenneth Branagh

**Rotten Tomatoes:** [78%](https://www.rottentomatoes.com/m/the_devil_wears_prada_2)

**Metacritic:** [62](https://www.metacritic.com/movie/the-devil-wears-prada-2/)

**VOD / Release**
Theatrical release

**Trailer**
[Official Trailer](https://www.youtube.com/watch?v=PMd1at7OwiE&amp;pp=ygUbZGV2aWwgd2VhcnMgcHJhZGEgMiB0cmFpbGVy)",-0.9081,
1t0f6e4,movies,Wow - Devil Wears Prada 2 was SO good,"I actually thought it was better than the first and I’ve never said that about a sequel. ever.

  
really well done by the whole cast, but especially Stanley Tucci (Nigle) I’d say. 

Anne Hathaway was rather underwhelming in my opinion, but she never does it for me — she’s always ehh, a bit too vanilla and just existing in the background.

  
just my opinion &amp; I welcome other thoughts ",0,16,1777598734.0,devil wears prada 2,theatrical_release,2026-05-01,"Wow - Devil Wears Prada 2 was SO good I actually thought it was better than the first and I’ve never said that about a sequel. ever.

  
really well done by the whole cast, but especially Stanley Tucci (Nigle) I’d say. 

Anne Hathaway was rather underwhelming in my opinion, but she never does it for me — she’s always ehh, a bit too vanilla and just existing in the background.

  
just my opinion &amp; I welcome other thoughts",0.8472,
1t094dw,movies,Quotable Sequel,"Is there a sequel that is as quotable as the original?

Obviously there have been plenty of sequels that rival the original in quality and/or performance, but I haven't been able to find any sequel that is as ""quotable"" as the original film. This has been on my mind this week since The Devil Wears Prada 2 is coming out. When you have a movie so quotable that has spawned endless memes and phrases, I feel like you can't even try to replicate that kind of magic since it wasn't done on purpose in the first place. Can anyone recommend, or remind me, of any sequels that capture a similar magic to the original they are following or is this kind of consistency impossible?",14,148,1777583350.0,devil wears prada 2,theatrical_release,2026-04-30,"Quotable Sequel Is there a sequel that is as quotable as the original?

Obviously there have been plenty of sequels that rival the original in quality and/or performance, but I haven't been able to find any sequel that is as ""quotable"" as the original film. This has been on my mind this week since The Devil Wears Prada 2 is coming out. When you have a movie so quotable that has spawned endless memes and phrases, I feel like you can't even try to replicate that kind of magic since it wasn't done on purpose in the first place. Can anyone recommend, or remind me, of any sequels that capture a similar magic to the original they are following or is this kind of consistency impossible?",0.7882,
1szzfkn,movies,Should I rewatch The Devil Wears Prada before seeing the new movie?,"I watched the movie a few years ago, and I only have a vague idea of what happened. I am planning to see the new release this weekend, and I wonder if I should rewatch the first film beforehand. Also, is the new movie disappointing? I'm pretty excited about it, so I want to know if it's worth watching.",0,12,1777562830.0,devil wears prada 2,theatrical_release,2026-04-30,"Should I rewatch The Devil Wears Prada before seeing the new movie? I watched the movie a few years ago, and I only have a vague idea of what happened. I am planning to see the new release this weekend, and I wonder if I should rewatch the first film beforehand. Also, is the new movie disappointing? I'm pretty excited about it, so I want to know if it's worth watching.",-0.3142,
1sz2yl7,movies,'The Devil Wears Prada 2' - Review Thread,"*Miranda Priestly struggles against Emily Charlton, her former assistant turned rival executive, as they compete for advertising revenue amid declining print media, while Miranda nears retirement.*

Director: David Frankel

Cast: Anne Hathaway, Meryl Streep, Emily Blunt, Stanley Tucci, Kenneth Branagh, Simone Ashley, Caleb Hearon

**Rotten Tomatoes:** [79%](https://www.rottentomatoes.com/m/the_devil_wears_prada_2)

**Metacritic:** [62 / 100](https://www.metacritic.com/movie/the-devil-wears-prada-2/)

Some Reviews:

[Associated Press - Jake Coyle](https://apnews.com/article/devil-wears-prada-2-review-96196ecbcafcda928a8f23cfc7375a29)

&gt;In the workplace, this would be called progress. On the screen, it’s a setback. Everyone, even Miranda, is a bit too, well, nice in “The Devil Wears Prada 2.” We should relish every Streep performance. It’s been five years since she had a major role in a movie; a once constant joy of moviegoing has turned infrequent. I wouldn’t begrudge anyone who just wants to see her and these actors together again. But the movie, well stocked in Prada, could have used a bit more of Streep’s unflappable devil.

[The Independent - Clarisse Loughrey](https://www.the-independent.com/arts-entertainment/films/reviews/devil-wears-prada-2-review-sequel-b2964160.html) \- 4 / 5

&gt;Costume designer Molly Rogers replicates the first film’s ethos of bland but easily marketable looks, with plenty of corsets worn over crisp, white shirts and a T-bar necklace permanently around Andy’s neck. To the film’s credit, there’s also real style tucked into the periphery, as characters breeze past Richard Quinn florals and Lady Gaga, still in her Tim Burton demon era, performs on a runway of models in loose, patterned Seventies gowns and oversized hats. It’s a compromise. But, then, that’s what *The Devil Wears Prada 2* has turned out to be all about – it’s artistry snuck in beneath the commerce.

[Vulture - Bilge Ebiri](https://www.vulture.com/article/in-devil-wears-prada-2-class-struggle-meets-the-red-carpet.html) \- 6 / 10

&gt;Let’s not forget that the first *Devil Wears Prada* was produced by Twentieth Century Fox, a studio that effectively no longer exists, having been consumed some years ago by the Walt Disney Company. Maybe that’s why this new movie — in which billionaires, to paraphrase fellow Fox property Homer Simpson, are the cause of and solution to most of life’s problems — winds up feeling like even more of a fairy tale than the original. It’s probably going to make a billion dollars.

[Consequence - Liz Shannon Miller](https://consequence.net/2026/04/devil-wears-prada-2-review-meryl-streep/) \- 'C+'

&gt;In 2006, *The Devil Wears Prada* had no conception of being a time capsule for the golden days of magazine publishing — the might of *Runway* (and by extension, Miranda) was accepted as an rock-solid fact. The sequel’s choice to engage so directly with the way things have changed for the industry is *technically* a smart one. Except that after devoting so much screen time to the harsh truths about the state of “#content,” McKenna and director David Frankel still want a happy ending, and the one they come up with is a real *deus ex machina* move.

[Slant Magazine - Jake Cole](https://www.slantmagazine.com/film/the-devil-wears-prada-2-review-meryl-streep-anne-hathaway/) \- 2.5 / 4

&gt;Befitting its image-conscious milieu, *The Devil Wears Prada 2* has the aspartame fake-sweetness and zero-calorie comfort of its predecessor: It’s charming enough in the moment, but you’ll be hungry again half an hour later.

[The Telegraph - Robbie Collin](https://www.telegraph.co.uk/films/2026/04/29/the-devil-wears-prada-2-review/) \- 4 / 5

&gt;Does it all amount to much more than a millennial nostalgia bath? Perhaps not – and an avalanche of fashion-world cameos, from Lady Gaga to Donatella Versace, lend it an “officially endorsed” air that the original felt juicier without. Part of the genius of the earlier film was that it doubled as both send-up and celebration. This one skews towards the latter, and crosses its fingers that the party might have a few more years left in it yet.

[Rolling Stone - David Fear](https://www.rollingstone.com/tv-movies/tv-movie-reviews/devil-wears-prada-2-review-meryl-streep-anne-hathaway-1235546929/) \- 60 / 100

&gt;So, yeah, this sequel has its moments of fun. It may also serve some as a sobering reminder of how change no longer moves at a glacial pace since Andy Sachs first entered the glass doors of *Runway* and learned the ropes. Once upon a time, this sequel would have been the highlight of Fox’s release year, making millions that would have been funneled into a wide variety of other projects. Now, it’s ultimately destined to be just another thumbnail on a streamer, algorithmically nestled between a NatGeo doc on penguins and either a Star Wars or a Marvel franchise entry. Oh, don’t be ridiculous, some might say. *Everyone* wants this. Do we, really?

[Collider - Taylor Gates](https://collider.com/the-devil-wears-prada-2-review-anne-hathaway-meryl-streep-emily-blunt/) \- 8 / 10

&gt;The chemistry between the returning and new characters of *Runway* in *The Devil Wears Prada 2* is spot-on, making the film feel cohesive, and it successfully tackles crucial issues of our modern era that are relevant for 2026. While there may be one or two too many callbacks to the first film and a couple of unnecessary subplots, the sequel doesn’t rely entirely on nostalgia, nor does it strip away everything that made the original great. Maybe it’s not a perfect balance, but it’s pretty close to it. I don’t think I’ll be quoting this one as frequently as the first, but I certainly see myself grabbing some popcorn and peanut M&amp;M’s for a pretty epic double-feature in the future.

[IGN - Michael Peyton](https://www.ign.com/articles/the-devil-wears-prada-2-review) \- 7 / 10

&gt;The Devil Wear Prada 2 plays the hits. It’s a glossy, charming, and razor-sharp follow-up to the beloved 2006 original. Characters are allowed to grow and change, which is often admirable, but can also be frustrating when it comes to some legacy favorites. The movie is not nearly as biting as its predecessor, but it’s a serviceable successor for fans looking to return to the world of Runway magazine.

[USA Today - Brian Truitt](https://www.usatoday.com/story/entertainment/movies/2026/04/29/the-devil-wears-prada-2-movie-review/89814256007/) \- 3 / 4

&gt;While Hathaway and Tucci have a warm chemistry that they’re able to rekindle, the real throwback that works best is Andy and Emily’s relationship. There’s bonding, butting heads and everything in between as the movie works to develop Blunt’s character a little more, and it makes up for the stuff that doesn’t work. Like a forced relationship angle with Andy and nice-guy Australian contractor Peter (Patrick Brammall). He’s a forgettable addition whereas Justin Theroux is a standout as Blunt's hilariously awkward, AI-loving tech bro love interest. Like so much of this sequel, he interestingly feels inspired and real among the fiction. That, and a soft spot for reportage, may not seem fashionable for a “Devil Wears Prada” movie, but we’ll take it.

[The Wrap - William Bibbiani](https://www.thewrap.com/creative-content/movies/the-devil-wears-prada-2-review/) \- 5 / 10

&gt;We like to joke about how 'this meeting could have been an email' but if all 'The Devil Wears Prada 2' can offer is Anne Hathaway, Meryl Streep, Stanley Tucci and Emily Blunt on-screen together again, then this film could have been a Zoom call.

[Looper - Nina Starner](https://www.looper.com/2159379/the-devil-wears-prada-2-review/) \- 5 / 10

&gt;We didn't need The Devil Wears Prada 2 ... and unfortunately, it shows. This might be a legacy sequel, but it feels like a bad knockoff; the ""Channel"" to the original's ""Chanel.""

[AwardsWatch - Erik Anderson](https://awardswatch.com/the-devil-wears-prada-2-review-the-long-awaited-sequel-proves-that-fashion-is-always-in-vogue-b/) \- 'B+'

&gt;Not everything here works though; a side plot involving Andy being commissioned to write a tell all book on Miranda looms, heralding in the literal creation of the story that bears the film’s very name is a bit too on the nose, and a very late in the film reconciliation feels unearned. But these are small grievances. After all, am I reaching for the stars here? As viewers, we bring to a film not only what we know of these characters and how much we love or hate or love to hate them, but also who they are in the pantheon of cinema. I don’t know if this means there needs to be a threequel in this series but this trio will always be in dépêche mode.

[RogerEbert - Tomris Laffly](https://www.rogerebert.com/reviews/the-devil-wears-prada-2-meryl-streep-anne-hathaway-film-review-2026) \-  2.5 / 4

&gt;The film’s exceedingly naïve “good billionaire” angle aside, it’s nice to reunite with old characters that we love, witness a healthy dose of fan servicing—the finale &gt;!between Andy and Emily is especially shameless yet wonderful!&lt;—and get a glimpse of that braid-knit cerulean sweater again, which, I admit, I liked much better in its original lumpy form. But you can’t help but wish that this edition of the story was a bit more… *groundbreaking*. The movie takes us through new versions of the beats from the first film. This is good-natured, buoyant entertainment. It’s wearing well.

[The Guardian - Peter Bradshaw](https://www.theguardian.com/film/2026/apr/29/the-devil-wears-prada-2-review-meryl-streep) \- 3 / 5

&gt;It is a pleasure to see (most of) the old gang back, including screenwriter Aline Brosh McKenna and director David Frankel. (I groan at [the grumpy and obtuse response](https://www.theguardian.com/film/2006/oct/06/drama) I had to the first film, before watching it again on TV and epiphanically realising how great it is.) It’s very funny when Miranda hasn’t the smallest memory of who Andy is. Or has she? Justin Theroux is amusing as Emily’s grinningly daft-yet-sinister plutocrat boyfriend Benji.

[IndieWire - Kate Erbland](https://www.indiewire.com/criticism/movies/the-devil-wears-prada-2-review-meryl-streep-anne-hathaway-1235189949/) \- 'C+'

&gt;Seriously, when did everyone forget that this franchise is based on a dishy *roman à clef* in which Wintour is, hello, referred to as *the Devil?* That punch and pop is missing this time around, bespoke comedy replaced here with strictly off-the-rack endeavors. Fine enough, really, but if the first film was the kind of thing that never goes out of style, “The Devil Wears Prada 2” will last a season. That’s all.

[The Atlantic - David Sims](https://www.theatlantic.com/culture/2026/04/the-devil-wears-prada-2-movie-review/686990/)

&gt;Ahead of watching the sequel, I worried about what I thought would be a lazy parade of fan service; I feared that the movie would lob catchphrases and cameos at the audience like dead fish to a herd of clapping seals … But the magazine’s budgets are no longer limitless, the September issue is not quite as thick with glossy ads, and dreaded words such as *content* and *traffic* are bandied about during meetings that used to be focused on which passed appetizers would be served at an upcoming gala. The sequel thus finds a good reason to exist: It has plenty of breezy fun probing the dilemmas of modern media, without abandoning the glitz that made the original so enduring.

[nss magazine - Martina Barone](https://www.nssmag.com/en/lifestyle/45174/the-devil-wears-prada-2-review-publishing-crisis)

&gt;What makes watching *The Devil Wears Prada 2* enjoyable, and prevents audiences from feeling the need to underline how immortal the first film is at every frame, is the tone established by McKenna’s rhythmic writing, which in turn echoes Frankel’s direction and ends up resonating in the sparkling performances of the lead actors. Even the humor lands well, which is often the trickiest thing given the shifting cloak of comedy, never the same as years go by. The irony of *The Devil Wears Prada 2* is not domesticated, remaining faithful to the personality of its editor Miranda Priestly, and it is clever enough not to forget the times in which it arrives, where jokes about what can or cannot be said are not a jab at so-called political correctness, but rather a way to contextualize the world in which both we and the film find ourselves, understanding it, respecting it, and every now and then joking about it.

[Slash Film - BJ Colangelo](https://www.slashfilm.com/2160133/the-devil-wears-prada-2-movie-review/) \- 6 / 10

&gt;The characters remain inherently watchable so there's a baseline pleasure in returning to them, but that's ultimately the problem — affection does the heavy lifting that the storytelling won't. For a movie that insists on the value of artistry, it certainly plays like an expensive knock-off. I liked it fine, because I love these characters in this world, but ultimately... that's all.

[The Playlist - Gregory Ellwood](https://theplaylist.net/the-devil-wears-prada-2-review-meryl-streep-emily-blunt-anne-hathaway-20260429/) \- 'B'

&gt;The main cast is top-tier. Their chemistry is superb. And every time you think Blunt has hilariously stolen the movie from her co-stars, Streep, Hathaway, or Tucci pop up to remind you what powerhouses they are and steal it back. We’re not sure there will ever be another “Devil Wears Prada” installment, but be glad this one came along. At worst, to reinforce that shining memory of the original, at best to simply delight you for two hours. Hey, it might even be an improvement on that first flick. Wonder what we’ll think about the sequel 20 years from now. Assuming humans are even writing reviews, then…

[Next Best Picture - Dan Bayer](https://nextbestpicture.com/the-devil-wears-prada-2/) \- 6 / 10

&gt;While “The Devil Wears Prada 2” isn’t too sweet, it could certainly use more sour notes. The callbacks to the first film get the balance mostly right, but outside of those nicely judged moments, the film can sometimes feel like Miranda struggling with the new HR guidelines: Trying to be biting, but turning out toothless. Stopping the film dead in its tracks for an Italian fashion show/music video, while fun, completely ruins its momentum right when the plot is about to reach its climax. Frankel’s commercial instincts (and Theodore Shapiro’s updates of his underrated original score) keep it entertaining, but for a film with this premise, it feels a bit weightless. That can be a good thing, especially when the film focuses on its cast of characters figuring out how to solve professional problems. The film is enjoyable, fleet on its feet, and provides some food for thought. But when said food for thought is as heavy as it is here, one can’t help but wish it was given a bit more space to develop. There’s a valuable message here about the importance of print journalism and the danger of technology pushing human creativity and ingenuity aside. Still, the sharpness of “The Devil Wears Prada” has been so sanded down for the sequel that it lacks the bite to make it truly memorable.

[Variety - Guy Lodge](https://variety.com/2026/film/news/the-devil-wears-prada-2-review-1236731918/)

&gt;The good news is that “The Devil Wears Prada 2” is not willfully enshittified. It’s a sequel made with intelligence and respect for both its predecessor and the legions who still love it, so much so that it functions less as a follow-up than as a kind of tribute act, albeit one featuring all the original talent — picking out the comic and dramatic highs from the first film and faithfully replaying them with the same moves and cadences. But it is, by almost any metric, a lesser movie: narratively, emotionally and cinematically flatter, buoyed by game performances that nonetheless steadfastly fail to surprise. And in almost every way that it falls short, it illustrates something that’s been taken from mainstream Hollywood moviemaking since 2006.

[Fresh Fiction - Courtney Howard](https://freshfiction.tv/the-devil-wears-prada-2-review-anne-hathaway-and-meryl-streeps-legasequel-fumbles-the-designer-bag/) \- 2 / 5

&gt;A large portion of being a great executive assistant is anticipating the boss’s needs. That’s what journalism’s scrappy underling Andy Sachs learned in 2006’s THE DEVIL WEARS PRADA. She also learned how to strut in highly coveted Chanel boots and reject a life full of self-serving backstabbing simply by tossing her abrasively-ringtone’d Sidekick into Paris’ Fontaine des Fleuves. So it comes as a stinging irony that its sequel, arriving 20 years later, fails to anticipate its audience’s need for a rousing, or at least satisfying story in addition to the fantasy’s glitz, gloss and glam. It’s absolutely admirable that returning director David Frankel and writer Aline Brosh McKenna ground their dramatics in reality’s ever-evolving decay and disappearance of journalistic institutions, but their chosen narrative is a patchwork of thinly connected story whims containing no suspense or surprise, coated in lots of beautiful sequins.

[The Film Verdict - Alonso Duralde](https://thefilmverdict.com/the-devil-wears-prada-2-film-review) \- 55 / 100

&gt;That’s all? Fash-mag fantasy butts up against the realities of the 2026 media landscape, so whatever fun there is comes from referencing the vintage original | The first movie, for all its fluff, gave Miranda that eminently quotable “cerulean sweater” monologue, but this follow-up has nothing as interesting to say about fashion, or journalism, or life as anyone leads it. It’s sending nostalgia down the runway and expecting us to wear it, when the perfectly comfortable original already fits just right.",755,389,1777478284.0,devil wears prada 2,theatrical_release,2026-04-29,"'The Devil Wears Prada 2' - Review Thread *Miranda Priestly struggles against Emily Charlton, her former assistant turned rival executive, as they compete for advertising revenue amid declining print media, while Miranda nears retirement.*

Director: David Frankel

Cast: Anne Hathaway, Meryl Streep, Emily Blunt, Stanley Tucci, Kenneth Branagh, Simone Ashley, Caleb Hearon

**Rotten Tomatoes:** [79%](https://www.rottentomatoes.com/m/the_devil_wears_prada_2)

**Metacritic:** [62 / 100](https://www.metacritic.com/movie/the-devil-wears-prada-2/)

Some Reviews:

[Associated Press - Jake Coyle](https://apnews.com/article/devil-wears-prada-2-review-96196ecbcafcda928a8f23cfc7375a29)

&gt;In the workplace, this would be called progress. On the screen, it’s a setback. Everyone, even Miranda, is a bit too, well, nice in “The Devil Wears Prada 2.” We should relish every Streep performance. It’s been five years since she had a major role in a movie; a once constant joy of moviegoing has turned infrequent. I wouldn’t begrudge anyone who just wants to see her and these actors together again. But the movie, well stocked in Prada, could have used a bit more of Streep’s unflappable devil.

[The Independent - Clarisse Loughrey](https://www.the-independent.com/arts-entertainment/films/reviews/devil-wears-prada-2-review-sequel-b2964160.html) \- 4 / 5

&gt;Costume designer Molly Rogers replicates the first film’s ethos of bland but easily marketable looks, with plenty of corsets worn over crisp, white shirts and a T-bar necklace permanently around Andy’s neck. To the film’s credit, there’s also real style tucked into the periphery, as characters breeze past Richard Quinn florals and Lady Gaga, still in her Tim Burton demon era, performs on a runway of models in loose, patterned Seventies gowns and oversized hats. It’s a compromise. But, then, that’s what *The Devil Wears Prada 2* has turned out to be all about – it’s artistry snuck in beneath the commerce.

[Vulture - Bilge Ebiri](https://www.vulture.com/article/in-devil-wears-prada-2-class-struggle-meets-the-red-carpet.html) \- 6 / 10

&gt;Let’s not forget that the first *Devil Wears Prada* was produced by Twentieth Century Fox, a studio that effectively no longer exists, having been consumed some years ago by the Walt Disney Company. Maybe that’s why this new movie — in which billionaires, to paraphrase fellow Fox property Homer Simpson, are the cause of and solution to most of life’s problems — winds up feeling like even more of a fairy tale than the original. It’s probably going to make a billion dollars.

[Consequence - Liz Shannon Miller](https://consequence.net/2026/04/devil-wears-prada-2-review-meryl-streep/) \- 'C+'

&gt;In 2006, *The Devil Wears Prada* had no conception of being a time capsule for the golden days of magazine publishing — the might of *Runway* (and by extension, Miranda) was accepted as an rock-solid fact. The sequel’s choice to engage so directly with the way things have changed for the industry is *technically* a smart one. Except that after devoting so much screen time to the harsh truths about the state of “#content,” McKenna and director David Frankel still want a happy ending, and the one they come up with is a real *deus ex machina* move.

[Slant Magazine - Jake Cole](https://www.slantmagazine.com/film/the-devil-wears-prada-2-review-meryl-streep-anne-hathaway/) \- 2.5 / 4

&gt;Befitting its image-conscious milieu, *The Devil Wears Prada 2* has the aspartame fake-sweetness and zero-calorie comfort of its predecessor: It’s charming enough in the moment, but you’ll be hungry again half an hour later.

[The Telegraph - Robbie Collin](https://www.telegraph.co.uk/films/2026/04/29/the-devil-wears-prada-2-review/) \- 4 / 5

&gt;Does it all amount to much more than a millennial nostalgia bath? Perhaps not – and an avalanche of fashion-world cameos, from Lady Gaga to Donatella Versace, lend it an “officially endorsed” air that the original felt juicier without. Part of the genius of the earlier film was that it doubled as both send-up and celebration. This one skews towards the latter, and crosses its fingers that the party might have a few more years left in it yet.

[Rolling Stone - David Fear](https://www.rollingstone.com/tv-movies/tv-movie-reviews/devil-wears-prada-2-review-meryl-streep-anne-hathaway-1235546929/) \- 60 / 100

&gt;So, yeah, this sequel has its moments of fun. It may also serve some as a sobering reminder of how change no longer moves at a glacial pace since Andy Sachs first entered the glass doors of *Runway* and learned the ropes. Once upon a time, this sequel would have been the highlight of Fox’s release year, making millions that would have been funneled into a wide variety of other projects. Now, it’s ultimately destined to be just another thumbnail on a streamer, algorithmically nestled between a NatGeo doc on penguins and either a Star Wars or a Marvel franchise entry. Oh, don’t be ridiculous, some might say. *Everyone* wants this. Do we, really?

[Collider - Taylor Gates](https://collider.com/the-devil-wears-prada-2-review-anne-hathaway-meryl-streep-emily-blunt/) \- 8 / 10

&gt;The chemistry between the returning and new characters of *Runway* in *The Devil Wears Prada 2* is spot-on, making the film feel cohesive, and it successfully tackles crucial issues of our modern era that are relevant for 2026. While there may be one or two too many callbacks to the first film and a couple of unnecessary subplots, the sequel doesn’t rely entirely on nostalgia, nor does it strip away everything that made the original great. Maybe it’s not a perfect balance, but it’s pretty close to it. I don’t think I’ll be quoting this one as frequently as the first, but I certainly see myself grabbing some popcorn and peanut M&amp;M’s for a pretty epic double-feature in the future.

[IGN - Michael Peyton](https://www.ign.com/articles/the-devil-wears-prada-2-review) \- 7 / 10

&gt;The Devil Wear Prada 2 plays the hits. It’s a glossy, charming, and razor-sharp follow-up to the beloved 2006 original. Characters are allowed to grow and change, which is often admirable, but can also be frustrating when it comes to some legacy favorites. The movie is not nearly as biting as its predecessor, but it’s a serviceable successor for fans looking to return to the world of Runway magazine.

[USA Today - Brian Truitt](https://www.usatoday.com/story/entertainment/movies/2026/04/29/the-devil-wears-prada-2-movie-review/89814256007/) \- 3 / 4

&gt;While Hathaway and Tucci have a warm chemistry that they’re able to rekindle, the real throwback that works best is Andy and Emily’s relationship. There’s bonding, butting heads and everything in between as the movie works to develop Blunt’s character a little more, and it makes up for the stuff that doesn’t work. Like a forced relationship angle with Andy and nice-guy Australian contractor Peter (Patrick Brammall). He’s a forgettable addition whereas Justin Theroux is a standout as Blunt's hilariously awkward, AI-loving tech bro love interest. Like so much of this sequel, he interestingly feels inspired and real among the fiction. That, and a soft spot for reportage, may not seem fashionable for a “Devil Wears Prada” movie, but we’ll take it.

[The Wrap - William Bibbiani](https://www.thewrap.com/creative-content/movies/the-devil-wears-prada-2-review/) \- 5 / 10

&gt;We like to joke about how 'this meeting could have been an email' but if all 'The Devil Wears Prada 2' can offer is Anne Hathaway, Meryl Streep, Stanley Tucci and Emily Blunt on-screen together again, then this film could have been a Zoom call.

[Looper - Nina Starner](https://www.looper.com/2159379/the-devil-wears-prada-2-review/) \- 5 / 10

&gt;We didn't need The Devil Wears Prada 2 ... and unfortunately, it shows. This might be a legacy sequel, but it feels like a bad knockoff; the ""Channel"" to the original's ""Chanel.""

[AwardsWatch - Erik Anderson](https://awardswatch.com/the-devil-wears-prada-2-review-the-long-awaited-sequel-proves-that-fashion-is-always-in-vogue-b/) \- 'B+'

&gt;Not everything here works though; a side plot involving Andy being commissioned to write a tell all book on Miranda looms, heralding in the literal creation of the story that bears the film’s very name is a bit too on the nose, and a very late in the film reconciliation feels unearned. But these are small grievances. After all, am I reaching for the stars here? As viewers, we bring to a film not only what we know of these characters and how much we love or hate or love to hate them, but also who they are in the pantheon of cinema. I don’t know if this means there needs to be a threequel in this series but this trio will always be in dépêche mode.

[RogerEbert - Tomris Laffly](https://www.rogerebert.com/reviews/the-devil-wears-prada-2-meryl-streep-anne-hathaway-film-review-2026) \-  2.5 / 4

&gt;The film’s exceedingly naïve “good billionaire” angle aside, it’s nice to reunite with old characters that we love, witness a healthy dose of fan servicing—the finale &gt;!between Andy and Emily is especially shameless yet wonderful!&lt;—and get a glimpse of that braid-knit cerulean sweater again, which, I admit, I liked much better in its original lumpy form. But you can’t help but wish that this edition of the story was a bit more… *groundbreaking*. The movie takes us through new versions of the beats from the first film. This is good-natured, buoyant entertainment. It’s wearing well.

[The Guardian - Peter Bradshaw](https://www.theguardian.com/film/2026/apr/29/the-devil-wears-prada-2-review-meryl-streep) \- 3 / 5

&gt;It is a pleasure to see (most of) the old gang back, including screenwriter Aline Brosh McKenna and director David Frankel. (I groan at [the grumpy and obtuse response](https://www.theguardian.com/film/2006/oct/06/drama) I had to the first film, before watching it again on TV and epiphanically realising how great it is.) It’s very funny when Miranda hasn’t the smallest memory of who Andy is. Or has she? Justin Theroux is amusing as Emily’s grinningly daft-yet-sinister plutocrat boyfriend Benji.

[IndieWire - Kate Erbland](https://www.indiewire.com/criticism/movies/the-devil-wears-prada-2-review-meryl-streep-anne-hathaway-1235189949/) \- 'C+'

&gt;Seriously, when did everyone forget that this franchise is based on a dishy *roman à clef* in which Wintour is, hello, referred to as *the Devil?* That punch and pop is missing this time around, bespoke comedy replaced here with strictly off-the-rack endeavors. Fine enough, really, but if the first film was the kind of thing that never goes out of style, “The Devil Wears Prada 2” will last a season. That’s all.

[The Atlantic - David Sims](https://www.theatlantic.com/culture/2026/04/the-devil-wears-prada-2-movie-review/686990/)

&gt;Ahead of watching the sequel, I worried about what I thought would be a lazy parade of fan service; I feared that the movie would lob catchphrases and cameos at the audience like dead fish to a herd of clapping seals … But the magazine’s budgets are no longer limitless, the September issue is not quite as thick with glossy ads, and dreaded words such as *content* and *traffic* are bandied about during meetings that used to be focused on which passed appetizers would be served at an upcoming gala. The sequel thus finds a good reason to exist: It has plenty of breezy fun probing the dilemmas of modern media, without abandoning the glitz that made the original so enduring.

[nss magazine - Martina Barone](https://www.nssmag.com/en/lifestyle/45174/the-devil-wears-prada-2-review-publishing-crisis)

&gt;What makes watching *The Devil Wears Prada 2* enjoyable, and prevents audiences from feeling the need to underline how immortal the first film is at every frame, is the tone established by McKenna’s rhythmic writing, which in turn echoes Frankel’s direction and ends up resonating in the sparkling performances of the lead actors. Even the humor lands well, which is often the trickiest thing given the shifting cloak of comedy, never the same as years go by. The irony of *The Devil Wears Prada 2* is not domesticated, remaining faithful to the personality of its editor Miranda Priestly, and it is clever enough not to forget the times in which it arrives, where jokes about what can or cannot be said are not a jab at so-called political correctness, but rather a way to contextualize the world in which both we and the film find ourselves, understanding it, respecting it, and every now and then joking about it.

[Slash Film - BJ Colangelo](https://www.slashfilm.com/2160133/the-devil-wears-prada-2-movie-review/) \- 6 / 10

&gt;The characters remain inherently watchable so there's a baseline pleasure in returning to them, but that's ultimately the problem — affection does the heavy lifting that the storytelling won't. For a movie that insists on the value of artistry, it certainly plays like an expensive knock-off. I liked it fine, because I love these characters in this world, but ultimately... that's all.

[The Playlist - Gregory Ellwood](https://theplaylist.net/the-devil-wears-prada-2-review-meryl-streep-emily-blunt-anne-hathaway-20260429/) \- 'B'

&gt;The main cast is top-tier. Their chemistry is superb. And every time you think Blunt has hilariously stolen the movie from her co-stars, Streep, Hathaway, or Tucci pop up to remind you what powerhouses they are and steal it back. We’re not sure there will ever be another “Devil Wears Prada” installment, but be glad this one came along. At worst, to reinforce that shining memory of the original, at best to simply delight you for two hours. Hey, it might even be an improvement on that first flick. Wonder what we’ll think about the sequel 20 years from now. Assuming humans are even writing reviews, then…

[Next Best Picture - Dan Bayer](https://nextbestpicture.com/the-devil-wears-prada-2/) \- 6 / 10

&gt;While “The Devil Wears Prada 2” isn’t too sweet, it could certainly use more sour notes. The callbacks to the first film get the balance mostly right, but outside of those nicely judged moments, the film can sometimes feel like Miranda struggling with the new HR guidelines: Trying to be biting, but turning out toothless. Stopping the film dead in its tracks for an Italian fashion show/music video, while fun, completely ruins its momentum right when the plot is about to reach its climax. Frankel’s commercial instincts (and Theodore Shapiro’s updates of his underrated original score) keep it entertaining, but for a film with this premise, it feels a bit weightless. That can be a good thing, especially when the film focuses on its cast of characters figuring out how to solve professional problems. The film is enjoyable, fleet on its feet, and provides some food for thought. But when said food for thought is as heavy as it is here, one can’t help but wish it was given a bit more space to develop. There’s a valuable message here about the importance of print journalism and the danger of technology pushing human creativity and ingenuity aside. Still, the sharpness of “The Devil Wears Prada” has been so sanded down for the sequel that it lacks the bite to make it truly memorable.

[Variety - Guy Lodge](https://variety.com/2026/film/news/the-devil-wears-prada-2-review-1236731918/)

&gt;The good news is that “The Devil Wears Prada 2” is not willfully enshittified. It’s a sequel made with intelligence and respect for both its predecessor and the legions who still love it, so much so that it functions less as a follow-up than as a kind of tribute act, albeit one featuring all the original talent — picking out the comic and dramatic highs from the first film and faithfully replaying them with the same moves and cadences. But it is, by almost any metric, a lesser movie: narratively, emotionally and cinematically flatter, buoyed by game performances that nonetheless steadfastly fail to surprise. And in almost every way that it falls short, it illustrates something that’s been taken from mainstream Hollywood moviemaking since 2006.

[Fresh Fiction - Courtney Howard](https://freshfiction.tv/the-devil-wears-prada-2-review-anne-hathaway-and-meryl-streeps-legasequel-fumbles-the-designer-bag/) \- 2 / 5

&gt;A large portion of being a great executive assistant is anticipating the boss’s needs. That’s what journalism’s scrappy underling Andy Sachs learned in 2006’s THE DEVIL WEARS PRADA. She also learned how to strut in highly coveted Chanel boots and reject a life full of self-serving backstabbing simply by tossing her abrasively-ringtone’d Sidekick into Paris’ Fontaine des Fleuves. So it comes as a stinging irony that its sequel, arriving 20 years later, fails to anticipate its audience’s need for a rousing, or at least satisfying story in addition to the fantasy’s glitz, gloss and glam. It’s absolutely admirable that returning director David Frankel and writer Aline Brosh McKenna ground their dramatics in reality’s ever-evolving decay and disappearance of journalistic institutions, but their chosen narrative is a patchwork of thinly connected story whims containing no suspense or surprise, coated in lots of beautiful sequins.

[The Film Verdict - Alonso Duralde](https://thefilmverdict.com/the-devil-wears-prada-2-film-review) \- 55 / 100

&gt;That’s all? Fash-mag fantasy butts up against the realities of the 2026 media landscape, so whatever fun there is comes from referencing the vintage original | The first movie, for all its fluff, gave Miranda that eminently quotable “cerulean sweater” monologue, but this follow-up has nothing as interesting to say about fashion, or journalism, or life as anyone leads it. It’s sending nostalgia down the runway and expecting us to wear it, when the perfectly comfortable original already fits just right.",0.9997,
1symu01,movies,"New MPA/CARA Ratings and Reasons For The Week of Wednesday April 29, 2026.","PG-13

1.	**Bad Counselors** (for suggestive material.) Fathom Entertainment

2.	**Devil’s Mouth** (for violent content, bloody images, some language and suggestive material.) Amazon MGM Studios

3.	**Disclosure Day** (for action/violence, some bloody images and strong language.) Universal Studios

4.	**Young Washington** (for sequences of strong war violence and some bloody images.) Angel Studios
________________________________________________________________________________________________________________________________________________________________________________

R

1.	**Backrooms** (for language and some violent content/bloody images.) A24

2.	**Boulevard (SUBTITLED)** (for language, some sexuality, and teen drinking.) Sony Pictures Releasing

3.	**Good Sex** (for sexual content, language and brief drug use.) Netflix, Inc.

4.	**In The Grey** (for violence, language and a sexual reference.) Black Bear Releasing

5.	**Legend of the White Dragon** (for some violence.) Well Go USA, Inc.

6.	**The Dog Stars** (for strong violence, and language.) 20th Century Studios

7.	**The Last Sunrise** (for some sexuality, nudity and language.) Amazon MGM Studios

8.	**Verity** (For sexual content, some nudity, language, violence and bloody images.) Amazon MGM Studios",1,0,1777432343.0,devil wears prada 2,theatrical_release,2026-04-29,"New MPA/CARA Ratings and Reasons For The Week of Wednesday April 29, 2026. PG-13

1.	**Bad Counselors** (for suggestive material.) Fathom Entertainment

2.	**Devil’s Mouth** (for violent content, bloody images, some language and suggestive material.) Amazon MGM Studios

3.	**Disclosure Day** (for action/violence, some bloody images and strong language.) Universal Studios

4.	**Young Washington** (for sequences of strong war violence and some bloody images.) Angel Studios
________________________________________________________________________________________________________________________________________________________________________________

R

1.	**Backrooms** (for language and some violent content/bloody images.) A24

2.	**Boulevard (SUBTITLED)** (for language, some sexuality, and teen drinking.) Sony Pictures Releasing

3.	**Good Sex** (for sexual content, language and brief drug use.) Netflix, Inc.

4.	**In The Grey** (for violence, language and a sexual reference.) Black Bear Releasing

5.	**Legend of the White Dragon** (for some violence.) Well Go USA, Inc.

6.	**The Dog Stars** (for strong violence, and language.) 20th Century Studios

7.	**The Last Sunrise** (for some sexuality, nudity and language.) Amazon MGM Studios

8.	**Verity** (For sexual content, some nudity, language, violence and bloody images.) Amazon MGM Studios",-0.9823,
1sxi4ag,movies,"April 24-26 Box Office Recap – 'Michael' opens with a fantastic $97.2M domestically and $218.8M worldwide, the biggest ever for a biopic. Worldwide, 'The Super Mario Galaxy Movie' crosses $800M, while 'Project Hail Mary' crosses $600M.","Easily dancing to the top spot, the long-awaited ***Michael*** did not disappoint at all in its debut, breaking biopic records both domestically and overseas. Studios chose to avoid releasing anything else that would have some big numbers; ***Over Your Dead Body*** had a mediocre start, while ***Mother Mary*** flopped in its wide expansion.

The Top 10 earned a combined $146.9 million this weekend. That's up 4.3% from last year, when ***Sinners*** posted an incredible second weekend hold.

Debuting on first place, Lionsgate's ***Michael*** earned a dazzling $97.2 million in 3,955 theaters. That's the biggest ever debut for a music biopic, above ***Bohemian Rhapsody*** ($51 million) and ***Straight Outta Compton*** ($60.2 million), and Lionsgate's sixth biggest ever debut. It's also the biggest for any biopic, dethroning ***Oppenheimer*** ($82.4 million). It was also director Antoine Fuqua's biggest ever debut, far above ***The Equalizer 2*** ($36 million), and it's actually just one day away from outgrossing that film's domestic total ($102 million) to become his highest-grossing film.

There could be a lot of factors to explain why it opened this high. But the explanation is actually very simple.

It's Michael Jackson.

There are a lot of popular singers. The Beatles, Elvis Presley, Freddie Mercury, Elton John, Mick Jagger, Robert Plant, Madonna, Whitney Houston, Rihanna, Taylor Swift, Beyoncé, etc. They're all big. But Michael Jackson is in another level of popularity. His music has transcended every possible generation, whether it's kids, teens, adults or seniors. He's basically a four-quadrant singer, in ways that very, very few singers can get in. It's damn near impossible to find someone who never listened to ""Thriller"", ""Beat It"" or ""Billie Jean"", which puts him a level above all these singers. His music has been heard in remote corners of the world, further showing his presence. If there was a title for ""the most popular singer to ever exist"", Michael Jackson is a strong contender for that. 

And his popularity hasn't waned off in the 17 years since his death; he had 62.4 million monthly listeners in Spotify one month ago. With the film's release, that figure has grown to 71.7 million. That makes him the 22nd biggest artist in the site, above current popular names like Kendrick Lamar, Harry Styles, Sabrina Carpenter, Dua Lipa, Post Malone, Miley Cyrus, Adele and Beyoncé. When you make a biopic, the subject's popularity is something very important.

Lionsgate knew they had a potential hit in their hands, and heavily pushed it over the past weeks, including having Jaafar Jackson (Michael's nephew and the film's star) go viral through multiple interviews. They specifically sold this as ""the movie of a lifetime"", covering his childhood to the ""Bad Tour"". They highlighted the greatest hits, specifically recreating part of ""Thriller"". This is the formula that drove ***Bohemian Rhapsody*** to break numerous records back in 2018.

Now, there's the elephant in the room. Jackson's popularity has taken a dive due to multiple child sexual abuse accusations, which go all the way to the 90s. This has gained more notoriety in the past years, thanks to the documentary ***Leaving Neverland***. That led many to question how the film would integrate this. And in case you didn't know, the producers weren't planning to ignore it; they actually filmed part of it. 

Per a *Variety* report, the film would open in medias res in 1993 following the first allegations, with Jackson staring at his reflection as police arrive at his home in Neverland Ranch. The third act dealt with the impact of the allegations on Jackson's life. This was all shot, but due to a clause, it had to be completely discarded. It was discovered in a settlement with one of Jackson's accusers, Jordan Chandler, that the estate was forbidden from any mention of Chandler in film. 

This is why the film was delayed from its October 2025 date to its current date, as the producers had to re-write and shoot a whole new third act. Retooling the whole act cost $50 million, taking the film's budget to a steep $200 million. Lionsgate then started considering splitting the film in two parts, depending on how this film performs at the box office.

So how come audiences weren't swayed away from checking it out? Well, there's two reasons. For starters, the general audiences doesn't care over what happens behind the scenes of a film. The average moviegoer isn't checking background information of a film's development, and they couldn't care less. They only care if the film looks good or interests them. Something similar happened with ***World War Z***; the film had a very messy production that resulted in extensive re-shoots, but it was still a hit at the box office because no one cared about how difficult filming was. 

The second, and this is a very heavy thing to handle, is that a lot of people are mixed on the case. A lot of people believe them and condemn Jackson, but others either don't care or dismiss them as hoax, and others aren't even aware of it. Or maybe the fact that the film doesn't address any of that makes the decision to check it out even easier, as audiences just want to relive the ""Greatest Hits"" on the big screen. Of course, critics weren't impressed (a very poor 38% on RT), but Jackson's fans were already on board from the moment this was greenlit.

According to Lionsgate, 61% of the audience was female. As an evidence of Michael Jackson's popularity, it had a very diverse audience: 38% of the audience was black, 26% was Hispanic/Latino, 24% was Caucasian, and 6% was Asian. And you can't even say only boomers care about the film; 58% of the audience was 35 and under. This means that Gen Z and Millennials were its prime demographics.

Critics disliked the film, but the audience was more forgiving. They gave it a solid ""A–"" on CinemaScore. That's good word of mouth, although not quite as strong as other biopics, as those often get an ""A"". It's unlikely it can hold as well as ***Bohemian Rhapsody***, especially with a higher opening. But regardless, ***Michael*** should finish with over $270 million domestically, and there's the possibility that it could make it to $300 million. Whatever the case, it's guaranteed to pass ***Bohemian*** ($216 million) to become the highest-grossing music biopic domestically.

It doesn't look like ***The Super Mario Galaxy Movie*** is capable of dropping less than 40% on a weekend. With ***Michael***'s arrival, the film dropped 44% for $20.5 million. The film has amassed $385.8 million, which is $104.9 million behind the original through the same point. With ***The Devil Wears Prada 2*** set for a big debut next week, another rough drop is inevitable for ***Mario***. It looks like $450 million is out of reach.

In third place, ***Project Hail Mary*** refuses to slow down. It eased just 37% this weekend, earning $12.8 million. The film has earned $305 million domestically, and it looks to finish with around $330 million in the market.

After a soft start, ***Lee Cronin's The Mummy*** dropped a rough 59%, earning $5.5 million. Through 10 days, the film has made $23.3 million, and it looks like it will finish below $30 million domestically.

A24's ***The Drama*** keeps floating. It earned $2.6 million, which is off just 44% from last week. The film has earned a great $44.8 million so far.

Disney/Pixar's ***Hoppers*** eased a light 37%, grossing $1.9 million. The film's domestic total stands at $164.1 million.

***You, Me &amp; Tuscany*** doesn't have much life left. It dropped a poor 62%, earning just $1.4 million. With $17.6 million in the tank, it's now assured to miss $20 million.

IFC released Jorma Taccone's action comedy ***Over Your Dead Body*** in 1,550 theaters, but the film earned a mediocre $1.3 million. That's a very weak $899 per-theater average. Don't expect this to hang around for long.

In ninth place, A24 expanded David Lowery's ***Mother Mary*** to 1,103 theaters, but it could only muster $1.2 million. The film's rollout didn't do it any favors, with A24 only setting the release date two months ago. Mixed reviews (68% on RT) also probably dissuaded others from checking it. Given its $20 million budget, this is a flop. No need to cry for Anne Hathaway, though; she's got a new hit next week.

Rounding out the Top 10 was the concert film ***American YoungBoy***, which made $1.1 million despite playing in just 583 theaters.

David Mackenzie's thriller ***Fuze*** was released in 1,164 theaters, but it made just $1 million.

Sony Pictures Classics released the British drama ***I Swear*** in 645 theaters, where it debuted with a so-so $666,403.

Steven Soderbergh's ***The Christophers*** might not actually make it to a wide release, as the film actually lost screens on its third week, earning just $313,422 and taking its domestic total to a weak $1.3 million.

20th Century Studios re-released ***Fight Club*** in 700 theaters, but it made a poor $228,468. That takes its lifetime gross to $37.8 million.

# OVERSEAS

But regardless of how popular Michael Jackson is in North America, the real story is overseas, where he was even bigger. While Lionsgate is handling the domestic sales, the overseas performance was handled by Universal, which pulled an even more extensive marketing campaign. And it looks like it paid off.

***Michael*** debuted with a strong $121.6 million overseas, for a fantastic $218.8 million worldwide launch, the biggest ever for a biopic. In one single weekend, it overtook ***King Arthur*** ($204 million) to become Antoine Fuqua's highest grossing film worldwide. The biggest debuts were in the UK ($15.6M), France ($10.2M), Mexico ($9.8M), Brazil ($8.2M), Italy ($8.1M), Germany ($7.2M), Spain ($6.8M), Australia ($6.5M), China ($5.9M), Peru ($2.8M), and Netherlands ($2.4M). The one notable market where it didn't open was Japan, where it will open in mid June. Given Jackson's massive popularity in the country and how ***Bohemian Rhapsody*** performed insanely well ($115.6 million alone in Japan), expect big numbers there.

Given the strong debuts and how biopics tend to hold well, it looks like ***Michael*** is heading for a very healthy run across the world. Recouping that $200 million budget won't be any problem. It remains to be seen how high it can get, but $600 million worldwide should be an easy target.

***The Super Mario Galaxy Movie*** added $36.6 million overseas, for a $830.8 million worldwide total. It notably opened in its home country, Japan, with $9.8 million (although that's below the original's $13.5 million). It should still hit the billion milestone, even if it takes a while.

***Project Hail Mary*** added $12.2 million overseas, allowing it to cross $600 million worldwide. It should overtake ***The Martian*** ($630 million) by next week.

***Lee Cronin's The Mummy*** may be fizzling out domestically, but the overseas markets are here to save it. It added $12.4 million, for a $65.3 million worldwide total. Mexico ($4.2M), India ($2.7M), the UK ($2.5M), Spain ($2.3M) and France ($2M). Given its low $22 million budget, it's already profitable. 

With $67 million overseas, ***The Drama*** has now earned a damn great $111.8 million worldwide.

# FILMS THAT ENDED THEIR RUN THIS WEEK

None.

# THIS WEEKEND

Even with its impressive debut, ***Michael*** is not gonna keep the top spot on its second weekend. For there's another highly-anticipated film coming up to kickstart the summer season.

That's 20th Century Studios' ***The Devil Wears Prada 2***, the sequel to the 2006 hit. Meryl Streep, Anne Hathaway, Emily Blunt and Stanley Tucci are back as leads, and they're joined by Justin Theroux and Kenneth Branagh. The 2006 film was a huge hit, earning over $320 million worldwide, and that popularity has sustained over the past 20 years, with multiple quotes and scenes forming part of pop culture. Pre-sales are incredibly strong, which suggests you don't need to be an action blockbuster to open the summer season in a huge note.

# STREAMING DATA

Figures for the week of April 13 to April 19 on Netflix:  


|No.|Movie|Year|Studio|Weeks in Top 10|Views|Runtime|Hours viewed|
|:-|:-|:-|:-|:-|:-|:-|:-|
|1|*Thrash*|2026|Netflix|2|34,500,000|1:26|49,500,000|
|2|*180*|2026|Netflix|1|9,500,000|1:35|15,000,000|
|3|*Roommates*|2026|Netflix|1|8,800,000|1:47|15,700,000|
|4|*Sisu*|2023|Sony|1|4,500,000|1:31|6,900,000|
|5|*Toaster*|2026|Netflix|1|4,400,000|2:06|9,200,000|
|6|*KPop Demon Hunters*|2025|Netflix|44|4,400,000|1:40|7,400,000|
|7|*Sniper 2*|2002|Sony|1|3,600,000|1:31|5,500,000|
|8|*War Machine*|2026|Netflix|7|3,500,000|1:49|6,300,000|
|9|*Feel My Voice*|2026|Netflix|1|3,500,000|1:46|6,200,000|
|10|*Husband, Father, Killer: The Alyssa Pladl Story*|2026|Netflix|1|3,400,000|1:28|5,000,000|

***Thrash*** kept the top spot on its second week with 34.5 million views, taking its 10-day tally to 72.2 million views.

Two Netflix titles, ***180*** and ***Roommates*** debuted over the weekend, but none cracked 10 million views.

As you can see, don't expect ***KPop Demon Hunters*** to leave the Top 10 anytime soon.

***War Machine*** returned to the Top 10 with 3.5 million views, taking its lifetime total to 125.2 million views.

\_\_\_\_\_\_\_\_\_\_\_\_\_\_\_\_\_\_\_\_\_\_\_\_\_\_\_\_\_\_\_\_\_\_\_\_\_\_\_\_\_\_\_\_\_\_\_\_\_\_\_\_\_\_\_\_\_\_\_\_\_\_\_\_\_\_\_\_\_\_\_\_\_\_\_\_\_\_\_\_\_\_\_\_\_\_\_\_\_\_\_\_

If you're interested in following the box office, come join us in r/BoxOffice.",424,186,1777327039.0,devil wears prada 2,theatrical_release,2026-04-27,"April 24-26 Box Office Recap – 'Michael' opens with a fantastic $97.2M domestically and $218.8M worldwide, the biggest ever for a biopic. Worldwide, 'The Super Mario Galaxy Movie' crosses $800M, while 'Project Hail Mary' crosses $600M. Easily dancing to the top spot, the long-awaited ***Michael*** did not disappoint at all in its debut, breaking biopic records both domestically and overseas. Studios chose to avoid releasing anything else that would have some big numbers; ***Over Your Dead Body*** had a mediocre start, while ***Mother Mary*** flopped in its wide expansion.

The Top 10 earned a combined $146.9 million this weekend. That's up 4.3% from last year, when ***Sinners*** posted an incredible second weekend hold.

Debuting on first place, Lionsgate's ***Michael*** earned a dazzling $97.2 million in 3,955 theaters. That's the biggest ever debut for a music biopic, above ***Bohemian Rhapsody*** ($51 million) and ***Straight Outta Compton*** ($60.2 million), and Lionsgate's sixth biggest ever debut. It's also the biggest for any biopic, dethroning ***Oppenheimer*** ($82.4 million). It was also director Antoine Fuqua's biggest ever debut, far above ***The Equalizer 2*** ($36 million), and it's actually just one day away from outgrossing that film's domestic total ($102 million) to become his highest-grossing film.

There could be a lot of factors to explain why it opened this high. But the explanation is actually very simple.

It's Michael Jackson.

There are a lot of popular singers. The Beatles, Elvis Presley, Freddie Mercury, Elton John, Mick Jagger, Robert Plant, Madonna, Whitney Houston, Rihanna, Taylor Swift, Beyoncé, etc. They're all big. But Michael Jackson is in another level of popularity. His music has transcended every possible generation, whether it's kids, teens, adults or seniors. He's basically a four-quadrant singer, in ways that very, very few singers can get in. It's damn near impossible to find someone who never listened to ""Thriller"", ""Beat It"" or ""Billie Jean"", which puts him a level above all these singers. His music has been heard in remote corners of the world, further showing his presence. If there was a title for ""the most popular singer to ever exist"", Michael Jackson is a strong contender for that. 

And his popularity hasn't waned off in the 17 years since his death; he had 62.4 million monthly listeners in Spotify one month ago. With the film's release, that figure has grown to 71.7 million. That makes him the 22nd biggest artist in the site, above current popular names like Kendrick Lamar, Harry Styles, Sabrina Carpenter, Dua Lipa, Post Malone, Miley Cyrus, Adele and Beyoncé. When you make a biopic, the subject's popularity is something very important.

Lionsgate knew they had a potential hit in their hands, and heavily pushed it over the past weeks, including having Jaafar Jackson (Michael's nephew and the film's star) go viral through multiple interviews. They specifically sold this as ""the movie of a lifetime"", covering his childhood to the ""Bad Tour"". They highlighted the greatest hits, specifically recreating part of ""Thriller"". This is the formula that drove ***Bohemian Rhapsody*** to break numerous records back in 2018.

Now, there's the elephant in the room. Jackson's popularity has taken a dive due to multiple child sexual abuse accusations, which go all the way to the 90s. This has gained more notoriety in the past years, thanks to the documentary ***Leaving Neverland***. That led many to question how the film would integrate this. And in case you didn't know, the producers weren't planning to ignore it; they actually filmed part of it. 

Per a *Variety* report, the film would open in medias res in 1993 following the first allegations, with Jackson staring at his reflection as police arrive at his home in Neverland Ranch. The third act dealt with the impact of the allegations on Jackson's life. This was all shot, but due to a clause, it had to be completely discarded. It was discovered in a settlement with one of Jackson's accusers, Jordan Chandler, that the estate was forbidden from any mention of Chandler in film. 

This is why the film was delayed from its October 2025 date to its current date, as the producers had to re-write and shoot a whole new third act. Retooling the whole act cost $50 million, taking the film's budget to a steep $200 million. Lionsgate then started considering splitting the film in two parts, depending on how this film performs at the box office.

So how come audiences weren't swayed away from checking it out? Well, there's two reasons. For starters, the general audiences doesn't care over what happens behind the scenes of a film. The average moviegoer isn't checking background information of a film's development, and they couldn't care less. They only care if the film looks good or interests them. Something similar happened with ***World War Z***; the film had a very messy production that resulted in extensive re-shoots, but it was still a hit at the box office because no one cared about how difficult filming was. 

The second, and this is a very heavy thing to handle, is that a lot of people are mixed on the case. A lot of people believe them and condemn Jackson, but others either don't care or dismiss them as hoax, and others aren't even aware of it. Or maybe the fact that the film doesn't address any of that makes the decision to check it out even easier, as audiences just want to relive the ""Greatest Hits"" on the big screen. Of course, critics weren't impressed (a very poor 38% on RT), but Jackson's fans were already on board from the moment this was greenlit.

According to Lionsgate, 61% of the audience was female. As an evidence of Michael Jackson's popularity, it had a very diverse audience: 38% of the audience was black, 26% was Hispanic/Latino, 24% was Caucasian, and 6% was Asian. And you can't even say only boomers care about the film; 58% of the audience was 35 and under. This means that Gen Z and Millennials were its prime demographics.

Critics disliked the film, but the audience was more forgiving. They gave it a solid ""A–"" on CinemaScore. That's good word of mouth, although not quite as strong as other biopics, as those often get an ""A"". It's unlikely it can hold as well as ***Bohemian Rhapsody***, especially with a higher opening. But regardless, ***Michael*** should finish with over $270 million domestically, and there's the possibility that it could make it to $300 million. Whatever the case, it's guaranteed to pass ***Bohemian*** ($216 million) to become the highest-grossing music biopic domestically.

It doesn't look like ***The Super Mario Galaxy Movie*** is capable of dropping less than 40% on a weekend. With ***Michael***'s arrival, the film dropped 44% for $20.5 million. The film has amassed $385.8 million, which is $104.9 million behind the original through the same point. With ***The Devil Wears Prada 2*** set for a big debut next week, another rough drop is inevitable for ***Mario***. It looks like $450 million is out of reach.

In third place, ***Project Hail Mary*** refuses to slow down. It eased just 37% this weekend, earning $12.8 million. The film has earned $305 million domestically, and it looks to finish with around $330 million in the market.

After a soft start, ***Lee Cronin's The Mummy*** dropped a rough 59%, earning $5.5 million. Through 10 days, the film has made $23.3 million, and it looks like it will finish below $30 million domestically.

A24's ***The Drama*** keeps floating. It earned $2.6 million, which is off just 44% from last week. The film has earned a great $44.8 million so far.

Disney/Pixar's ***Hoppers*** eased a light 37%, grossing $1.9 million. The film's domestic total stands at $164.1 million.

***You, Me &amp; Tuscany*** doesn't have much life left. It dropped a poor 62%, earning just $1.4 million. With $17.6 million in the tank, it's now assured to miss $20 million.

IFC released Jorma Taccone's action comedy ***Over Your Dead Body*** in 1,550 theaters, but the film earned a mediocre $1.3 million. That's a very weak $899 per-theater average. Don't expect this to hang around for long.

In ninth place, A24 expanded David Lowery's ***Mother Mary*** to 1,103 theaters, but it could only muster $1.2 million. The film's rollout didn't do it any favors, with A24 only setting the release date two months ago. Mixed reviews (68% on RT) also probably dissuaded others from checking it. Given its $20 million budget, this is a flop. No need to cry for Anne Hathaway, though; she's got a new hit next week.

Rounding out the Top 10 was the concert film ***American YoungBoy***, which made $1.1 million despite playing in just 583 theaters.

David Mackenzie's thriller ***Fuze*** was released in 1,164 theaters, but it made just $1 million.

Sony Pictures Classics released the British drama ***I Swear*** in 645 theaters, where it debuted with a so-so $666,403.

Steven Soderbergh's ***The Christophers*** might not actually make it to a wide release, as the film actually lost screens on its third week, earning just $313,422 and taking its domestic total to a weak $1.3 million.

20th Century Studios re-released ***Fight Club*** in 700 theaters, but it made a poor $228,468. That takes its lifetime gross to $37.8 million.

# OVERSEAS

But regardless of how popular Michael Jackson is in North America, the real story is overseas, where he was even bigger. While Lionsgate is handling the domestic sales, the overseas performance was handled by Universal, which pulled an even more extensive marketing campaign. And it looks like it paid off.

***Michael*** debuted with a strong $121.6 million overseas, for a fantastic $218.8 million worldwide launch, the biggest ever for a biopic. In one single weekend, it overtook ***King Arthur*** ($204 million) to become Antoine Fuqua's highest grossing film worldwide. The biggest debuts were in the UK ($15.6M), France ($10.2M), Mexico ($9.8M), Brazil ($8.2M), Italy ($8.1M), Germany ($7.2M), Spain ($6.8M), Australia ($6.5M), China ($5.9M), Peru ($2.8M), and Netherlands ($2.4M). The one notable market where it didn't open was Japan, where it will open in mid June. Given Jackson's massive popularity in the country and how ***Bohemian Rhapsody*** performed insanely well ($115.6 million alone in Japan), expect big numbers there.

Given the strong debuts and how biopics tend to hold well, it looks like ***Michael*** is heading for a very healthy run across the world. Recouping that $200 million budget won't be any problem. It remains to be seen how high it can get, but $600 million worldwide should be an easy target.

***The Super Mario Galaxy Movie*** added $36.6 million overseas, for a $830.8 million worldwide total. It notably opened in its home country, Japan, with $9.8 million (although that's below the original's $13.5 million). It should still hit the billion milestone, even if it takes a while.

***Project Hail Mary*** added $12.2 million overseas, allowing it to cross $600 million worldwide. It should overtake ***The Martian*** ($630 million) by next week.

***Lee Cronin's The Mummy*** may be fizzling out domestically, but the overseas markets are here to save it. It added $12.4 million, for a $65.3 million worldwide total. Mexico ($4.2M), India ($2.7M), the UK ($2.5M), Spain ($2.3M) and France ($2M). Given its low $22 million budget, it's already profitable. 

With $67 million overseas, ***The Drama*** has now earned a damn great $111.8 million worldwide.

# FILMS THAT ENDED THEIR RUN THIS WEEK

None.

# THIS WEEKEND

Even with its impressive debut, ***Michael*** is not gonna keep the top spot on its second weekend. For there's another highly-anticipated film coming up to kickstart the summer season.

That's 20th Century Studios' ***The Devil Wears Prada 2***, the sequel to the 2006 hit. Meryl Streep, Anne Hathaway, Emily Blunt and Stanley Tucci are back as leads, and they're joined by Justin Theroux and Kenneth Branagh. The 2006 film was a huge hit, earning over $320 million worldwide, and that popularity has sustained over the past 20 years, with multiple quotes and scenes forming part of pop culture. Pre-sales are incredibly strong, which suggests you don't need to be an action blockbuster to open the summer season in a huge note.

# STREAMING DATA

Figures for the week of April 13 to April 19 on Netflix:  


|No.|Movie|Year|Studio|Weeks in Top 10|Views|Runtime|Hours viewed|
|:-|:-|:-|:-|:-|:-|:-|:-|
|1|*Thrash*|2026|Netflix|2|34,500,000|1:26|49,500,000|
|2|*180*|2026|Netflix|1|9,500,000|1:35|15,000,000|
|3|*Roommates*|2026|Netflix|1|8,800,000|1:47|15,700,000|
|4|*Sisu*|2023|Sony|1|4,500,000|1:31|6,900,000|
|5|*Toaster*|2026|Netflix|1|4,400,000|2:06|9,200,000|
|6|*KPop Demon Hunters*|2025|Netflix|44|4,400,000|1:40|7,400,000|
|7|*Sniper 2*|2002|Sony|1|3,600,000|1:31|5,500,000|
|8|*War Machine*|2026|Netflix|7|3,500,000|1:49|6,300,000|
|9|*Feel My Voice*|2026|Netflix|1|3,500,000|1:46|6,200,000|
|10|*Husband, Father, Killer: The Alyssa Pladl Story*|2026|Netflix|1|3,400,000|1:28|5,000,000|

***Thrash*** kept the top spot on its second week with 34.5 million views, taking its 10-day tally to 72.2 million views.

Two Netflix titles, ***180*** and ***Roommates*** debuted over the weekend, but none cracked 10 million views.

As you can see, don't expect ***KPop Demon Hunters*** to leave the Top 10 anytime soon.

***War Machine*** returned to the Top 10 with 3.5 million views, taking its lifetime total to 125.2 million views.

\_\_\_\_\_\_\_\_\_\_\_\_\_\_\_\_\_\_\_\_\_\_\_\_\_\_\_\_\_\_\_\_\_\_\_\_\_\_\_\_\_\_\_\_\_\_\_\_\_\_\_\_\_\_\_\_\_\_\_\_\_\_\_\_\_\_\_\_\_\_\_\_\_\_\_\_\_\_\_\_\_\_\_\_\_\_\_\_\_\_\_\_

If you're interested in following the box office, come join us in r/BoxOffice.",0.9974,
1swvpuk,movies,Why do people love Devil Wears Prada?,"just curious, I’ve seen the movie and it’s ok to me, not the most memorable. I was very surprised to learn how popular it is through YouTube and now that the sequel is coming out it’s very apparent that the movie is extremely popular. Out of curiosity what is it about the movie that you like? I will say that it’s a bit funny. No judgements",0,32,1777271744.0,devil wears prada 2,theatrical_release,2026-04-27,"Why do people love Devil Wears Prada? just curious, I’ve seen the movie and it’s ok to me, not the most memorable. I was very surprised to learn how popular it is through YouTube and now that the sequel is coming out it’s very apparent that the movie is extremely popular. Out of curiosity what is it about the movie that you like? I will say that it’s a bit funny. No judgements",0.9318,
1svckvd,movies,Movie recs?,"This is my (EXTREMELY) long list of top movies.

1. List A is Old Hollywood romance classics

2. List B is quirky mixed pop-culture favorites

3. List C is fun feminine rom-com / teen movie comfort films.

List A:

\* An Affair to Remember (1957)

\* His Girl Friday (1940)

\* Casablanca (1942)

\* It Happened One Night (1934)

\* Now, Voyager (1942)

\* Brief Encounter (1945)

\* Roman Holiday (1953)

\* Sabrina (1954)

\* Love Affair (1939)

\* Dark Victory (1939)

\* Random Harvest (1942)

\* Waterloo Bridge (1940)

\* Camille (1936)

\* The Ghost and Mrs. Muir (1947)

\* Bringing Up Baby (1938)

\* The Philadelphia Story (1940)

\* My Man Godfrey (1936)

\* Midnight (1930)

List B:

\* Pippi Longstocking (1969)

\* The Godfather (1972)

\* The Godfather Part II (1974)

\* The Godfather Part III (1990)

\* Showgirls (1995)

\* The Shining (1980)

\* American Gigolo (1980)

\* Dirty Dancing (1987)

\* Chinatown (1974)

\* Fatso (1980)

\* Diner (1982)

\* Dick Tracy (1990)

\* Bonnie and Clyde (1967)

\* Willy Wonka &amp; the Chocolate Factory (1971)

\* Cool Hand Luke (1967)

\* The Money Pit (1986)

\* The Treasure of the Sierra Madre (1948)

\* Hardbodies (1984)

\* Footloose (1984)

\* An American in Paris (1951)

\* Ishtar (1987)

\* G.I. Jane (1997)

\* Sid and Nancy (1986)

\* Fahrenheit 9/11 (2004)

\* The Breakfast Club (1985)

\* From Here to Eternity (1953)

\* Seven Samurai (1954)

\* Annie Hall (1977)

List C

\* Juno (2007)

\* Hannah Montana: The Movie (2009)

\* The Devil Wears Prada (2006)

\* She’s the Man (2006)

\* Freaky Friday (2003)

\* Camp Rock (2008)

\* 10 Things I Hate About You (1999)

\* Sydney White (2007)

\* Easy A (2010)

\* La La Land (2016)

\* Mean Girls (2004)

\* How to Lose a Guy in 10 Days (2003)

\* Just Like Heaven (2005)

\* 13 Going on 30 (2004)

\* (500) Days of Summer (2009)

\* Eternal Sunshine of the Spotless Mind (2004)

\* The Notebook (2004)

\* The Lizzie McGuire Movie (2003)

\* She’s All That (1999)

\* Serendipity (2001)

\* The Prince &amp; Me (2004)

\* The Proposal (2009)

\* Made of Honor (2008)

\* Crazy, Stupid, Love. (2011)

\* The Parent Trap (1998)

\* Notting Hill (1999)

\* When Harry Met Sally… (1989)

\* Sixteen Candles (1984)

\* My Girl (1991)

\* Wild Child (2008)

\* The House Bunny (2008)

\* John Tucker Must Die (2006)",0,10,1777124593.0,devil wears prada 2,theatrical_release,2026-04-25,"Movie recs? This is my (EXTREMELY) long list of top movies.

1. List A is Old Hollywood romance classics

2. List B is quirky mixed pop-culture favorites

3. List C is fun feminine rom-com / teen movie comfort films.

List A:

\* An Affair to Remember (1957)

\* His Girl Friday (1940)

\* Casablanca (1942)

\* It Happened One Night (1934)

\* Now, Voyager (1942)

\* Brief Encounter (1945)

\* Roman Holiday (1953)

\* Sabrina (1954)

\* Love Affair (1939)

\* Dark Victory (1939)

\* Random Harvest (1942)

\* Waterloo Bridge (1940)

\* Camille (1936)

\* The Ghost and Mrs. Muir (1947)

\* Bringing Up Baby (1938)

\* The Philadelphia Story (1940)

\* My Man Godfrey (1936)

\* Midnight (1930)

List B:

\* Pippi Longstocking (1969)

\* The Godfather (1972)

\* The Godfather Part II (1974)

\* The Godfather Part III (1990)

\* Showgirls (1995)

\* The Shining (1980)

\* American Gigolo (1980)

\* Dirty Dancing (1987)

\* Chinatown (1974)

\* Fatso (1980)

\* Diner (1982)

\* Dick Tracy (1990)

\* Bonnie and Clyde (1967)

\* Willy Wonka &amp; the Chocolate Factory (1971)

\* Cool Hand Luke (1967)

\* The Money Pit (1986)

\* The Treasure of the Sierra Madre (1948)

\* Hardbodies (1984)

\* Footloose (1984)

\* An American in Paris (1951)

\* Ishtar (1987)

\* G.I. Jane (1997)

\* Sid and Nancy (1986)

\* Fahrenheit 9/11 (2004)

\* The Breakfast Club (1985)

\* From Here to Eternity (1953)

\* Seven Samurai (1954)

\* Annie Hall (1977)

List C

\* Juno (2007)

\* Hannah Montana: The Movie (2009)

\* The Devil Wears Prada (2006)

\* She’s the Man (2006)

\* Freaky Friday (2003)

\* Camp Rock (2008)

\* 10 Things I Hate About You (1999)

\* Sydney White (2007)

\* Easy A (2010)

\* La La Land (2016)

\* Mean Girls (2004)

\* How to Lose a Guy in 10 Days (2003)

\* Just Like Heaven (2005)

\* 13 Going on 30 (2004)

\* (500) Days of Summer (2009)

\* Eternal Sunshine of the Spotless Mind (2004)

\* The Notebook (2004)

\* The Lizzie McGuire Movie (2003)

\* She’s All That (1999)

\* Serendipity (2001)

\* The Prince &amp; Me (2004)

\* The Proposal (2009)

\* Made of Honor (2008)

\* Crazy, Stupid, Love. (2011)

\* The Parent Trap (1998)

\* Notting Hill (1999)

\* When Harry Met Sally… (1989)

\* Sixteen Candles (1984)

\* My Girl (1991)

\* Wild Child (2008)

\* The House Bunny (2008)

\* John Tucker Must Die (2006)",0.9201,
1sy2h4a,movies,'Hokum' - Review Thread,"*When novelist Ohm Bauman (Adam Scott) retreats to a remote inn to scatter his parents' ashes, he is consumed by tales of a witch haunting the honeymoon suite. Disturbing visions and a shocking disappearance forces him to confront dark corners of his past.* Releases May 1st

Director: Damian McCarthy ('Oddity', 'Caveat')

Cast: Adam Scott, David Wilmot, Florence Ordesh

**Rotten Tomatoes:** [97%](https://www.rottentomatoes.com/m/hokum/reviews)

**Metacritic:** [81 / 100](https://www.metacritic.com/movie/hokum/)

Some Reviews:

[The Playlist - Monica Castillo](https://theplaylist.net/hokum-review-adam-scott-is-haunted-by-a-hotel-full-of-scares-death-secrets-sxsw-20260317/) \- 'A'

&gt;“Hokum” feels like a throwback to classic horror movies, where the gore is minimal but the mental frights are plentiful. Scott’s role as an embittered writer-turned-investigator is fascinating to watch and feels in line with James Caan’s performance in “Misery.” What could have easily been an overstuffed confluence of ideas – a haunted house, a ghost, a witch, a murder, oh my! – comes together so effectively because of McCarthy’s masterful command of what scares audiences.

[The Mary Sue - Rachel Leishman](https://www.themarysue.com/sxsw-hokum-review-you-will-be-afraid-of-the-dark-after-this-adam-scott-film/) \- 5 / 5

&gt;*Hokum* is the kind of horror movie we all need. And it proves McCarthy’s place as one of the kings of the modern age of horror stories. Just….maybe don’t go into a haunted hotel after watching this one.

[InSession Film - James D. Williams](https://insessionfilm.com/movie-review-panic-fest-2026-hokum/) \- 'A-'

&gt;Adam Scott’s performance as Ohm is one of his most layered yet. On the surface, he’s a lonely, alcoholic asshole who isn’t interested in much of what anyone has to say. Beneath that, he’s someone carrying a lot of built‑up trauma. The employees at the hotel all have different qualities and characteristics that make them interesting to follow throughout the film. One of my favorite things about the movie was the moody, dream‑like cinematography from Cole Hogan. McCarthy and Hogan also collaborated on McCarthy’s last film, *Oddity*, so it’s no surprise they were able to deliver another film filled with beautiful, haunting, and nerve‑wracking images. McCarthy has created his own universe with his past two movies.

[Bloody-Disgusting - Meagan Navarro](https://bloody-disgusting.com/reviews/3940760/hokum-review-sxsw-scary-folkloric-horror/) \- 4.5 / 5

&gt;*Hokum* so thoroughly invests you in Ohm’s off-kilter quest, one that keeps raising new intrigues and questions, and in a way that’s not easily predicted. The full scope of terror takes a while to arrive for the sake of building anticipation, such nail-biting anticipation that explodes in a folkloric freakout, yet it still holds you firmly in its grip. McCarthy dangles close to the precipice of bleakness, but ultimately rewards with a magical story about storytelling and the ability to heal. *Hokum* just also happens to be really freaking scary. But, as Jerry explains to Ohm, you have to be open to it.

[RogerEbert - Brian Tallerico](https://www.rogerebert.com/reviews/hokum-adam-scott-film-review-2026) \- 3.5 / 4

&gt;Tales of Irish witches have been told for generations not just to scare people but because they tap into something true. “Hokum” rises above so many films like it because it takes its character’s plight seriously, never winking at the audience, even as the impossible happens. Dismiss the folk tales at your own peril.

[Deep Focus Review - Brian Eggert](https://www.deepfocusreview.com/reviews/hokum/) \- 3.5 / 4

&gt;McCarthy’s execution is near perfect - more than folk horror or supernatural terror, *Hokum* thrives on its character work. Venerable works of horror, from ***Rosemary’s Baby*** (1968) to ***The Babadook***[ ](https://www.deepfocusreview.com/reviews/the-babadook/)(2011), find ways to take internal psychological concerns and externalize them. They last because their narrative thrust is compelled by more than base shocks. *Hokum* does this thoughtfully, which only enhances the scares.

[The Wrap - Chase Hutchinson](https://www.thewrap.com/industry-news/business/hokum-review-adam-scott-damian-mccarthy-stephen-king-esque-horror-stunner/) \- 90 / 100

&gt;Everything from the meticulous production design by Til Frohlich to the rich cinematography by Colm Hogan gives this film added weight, immersing you in the many gloomy corners of the hotel. Each detail makes the rooms—and what lies beneath—feel boundless even as they are suffocating. There is much that remains wonderfully beguiling in the film, and plenty of moments that rattle you to your core that won’t be spoiled here. What can be said is that the way both Ohm and McCarthy find their respective endings proves deeply meaningful. It’s a meaning that may require you to look more closely into the film’s darkness, but you’ll find a profoundly terrifying and ultimately moving vision awaiting you there.

[The Blogging Banshee - Molly Henery](https://thebloggingbanshee.com/2026/04/16/overlook-2026-review-hokum/) \- 9 / 10

&gt;*Hokum* is one of the most frightening films of the year, combining mystery, drama, and folklore to create a nightmarish work of art. This is likely McCarthy’s best and most horrifying film yet, which is really saying something, considering how fantastic both *Caveat* and *Oddity* are. He knows how to create a compelling story while still crafting big scares. Scott makes a triumphant return to horror, proving he can deliver drama and terror just as well as he does comedy.

[Nerdist - Kyle Anderson](https://nerdist.com/article/hokum-review-adam-scott-haunted-hotel-horror-movie/) \- 4 / 5

&gt;I love it when a voice in horror grows without changing their ethos. Getting NEON on board, plus a Hollywood star, doesn’t make *Hokum* any less Irish or any less weird. Ghosts, witches, and an effed-up, bug-eyed donkey man. I loved it all. Like the best haunted houses, this one gives you plenty of chills while you can’t help smiling.

[Dread Central - Josh Korngut](https://www.dreadcentral.com/reviews/561691/hokum-gratuitously-frightening-hotel-horrors-sxsw-2026-review/) \- 4 / 5

&gt;From a narrative device involving a tape recorder filled with the doomed voice messages of a dead woman, to the resurgence of McCarthy’s uncanny rabbit motif, and a supernatural villain so frightening you may find yourself leaving the lights on for days after viewing, *Hokum* ultimately reveals itself as the work from a master of spooky cinema.

[The People's Movies - Sean Wilson](https://thepeoplesmovies.com/hokum-review/) \- 4 / 5

&gt;There are jump scares, some predictable and others less so, but it’s Scott’s psychological descent that keeps us arrested, while McCarthy, in his usual manner, assimilates the worlds of the living and the dead smoothly. In fact, it’s often the former that yields the most antagonism with spiritual activity often arising out of a very human sense of apathy, ignorance or outright malice – McCarthy’s ability to locate these subtexts shows an acute awareness of folk fable conventions that stretch back millennia. It remains an enjoyable ride even if we’re familiar with the essential ingredients – the key lies in McCarthy’s ability to dust off the layers of familiarity, peeling back years of horror conventions to make them gleam anew.

[Filmink - Anthony O'Connor](https://www.filmink.com.au/reviews/hokum/) \- 16 / 20

&gt;Deliciously creepy, full of grand performances from a mostly Irish cast (big props to the wonderful David Wilmot) and utilising folkloric elements cleverly, *Hokum* is an effective, classic spookshow that is very likely to crawl under your skin and have you scribbling chalk circles around your bed.

[Slant Magazine - Rocco T. Thompson](https://www.slantmagazine.com/film/hokum-review-adam-scott-damian-mccarthy/) \- 3 / 4

&gt;*Hokum* feels more substantial than McCarthy’s previous efforts. All of the filmmaker’s signature obsessions are present and accounted for, but there’s a more personal, impactful story that exists marginal to them, unfolding within the man at its center. This can make *Hokum*’s guiding enigmas, its ominous dumbwaiters and uncanny rabbit men, feel a bit random and undernourished, but the film’s emotional climax is a powerful one.

[SlashFilm - Ryan Scott](https://www.slashfilm.com/2124327/hokum-horror-movie-review/) \- 8 / 10

&gt;It frequently feels like so much modern horror has to have a gimmick or a way in that attempts to elevate it. ""Horror as a metaphor for grief and trauma"" is a big example that filmmakers love to turn to lately. What's refreshing about McCarthy is that he's just making original horror movies with compelling stories that are fun to watch. Hollywood is inevitably going to recognize his talents and he's going to be making much bigger movies before we know it. For the time being, it's worth enjoying his little horrific delights.

[Sight &amp; Sound - Anton Bitel](https://www.bfi.org.uk/sight-and-sound/reviews/hokum-damian-mccarthys-horror-finds-human-story-amid-all-creepy-grotesquerie) \- Positive

&gt;To appreciate McCarthy’s surreal take on genre, the viewer, like Ohm, must learn to embrace the ridiculous and irrational side of life and death. Part of the uncanny pleasure of Hokum is its elegant overdetermination. Amid all the creepy grotesquerie and black comedy, McCarthy tells a human story that is more than mere hokum.

[FandomWire - Alan French](https://fandomwire.com/hokum-sxsw-review-adam-scott/) \- 8 / 10

&gt;McCarthy puts together an amazing combination of visual storytelling, Irish folklore, and pathos. Scott gives a fantastic performance that is worth the price of admission alone. The Neon boost definitely helps, but McCarthy is proving to be one of our most unique horror storytellers, and *Hokum* will only add to that development.

[IndieWire - Katie Rife](https://www.indiewire.com/criticism/movies/hokum-review-adam-scott-1235184840/) \- 'B+'

&gt;McCarthy loses focus after this symphony of tightly controlled terror midway through the second act, adding a little too much backstory and a few too many scenes to the film’s denouement. Still, when “Hokum” works, it really works. It’s straightforward, but that’s OK — we’ve had a lot of attempts to “elevate” the horror genre over the past decade or so. Instead, it’s just a good old-fashioned ghost story, the kind you’d tell over a campfire to scare children. And it’s a hair-raising one at that.

[Nexus Point News - Kyle Silagyi](https://nexuspointnews.com/review-hokum/) \- 3.5 / 5

&gt;Occasional insufficiencies with the script and characterization hold ***Hokum*** back from being a truly exceptional picture, but there’s enough throughout that’s genuinely masterful to make it worth a watch. McCarthy’s ability to establish a foreboding atmosphere teeming with tension—and maintain it throughout the majority of the runtime—is endlessly commendable, with several sequences genuinely feeling as though they had been ripped from one’s nightmares and projected onto a screen. The folded-in elements of Irish folklore help to differentiate it enough from other haunted setting movies, with these components coalescing with the cinematography, sound mixing, and thoroughly unnerving creature design to craft a final product that, while familiar, still feels singular and unique. It’s far from the most thematically rich or narratively nuanced horror film ever conceived, but in its strongest moments, it’s a dread-steeped atmospheric masterstroke that delivers in the way of visceral scares. Speaking from experience, an afternoon screening may be advised.

[Next Best Picture - Dan Bayer](https://nextbestpicture.com/hokum/) \- 7 / 10

&gt;As a ghost story, though, “Hokum” doesn’t put a foot wrong. The film has the hushed, intimate quality of a good campfire ghost story, setting it up with both the opening scene and a monologue from the Inn’s owner, telling a couple of scared kids the story of the witch who lived in the woods and preyed on the lost, dragging them on a tour of the underworld from which they would not return the same, if they returned at all. Augmented by a diorama filled with creepy carvings of screaming children, the scene introduces Bilberry Woods as a storybook location, populated with individuals who feel all too real in their human foibles. Both natural and supernatural forces are at work here, and McCarthy mixes them together in an intoxicating cocktail of horror. While it may be indebted to more modern storytelling methods than his previous features, “Hokum” still possesses enough of McCarthy’s dark magic that it will hold you in a vice grip all the way through. Considering how played-out many horror films feel nowadays, McCarthy’s mastery at scaring the audience is cause for celebration.

[Collider - Ross Bonaime](https://collider.com/hokum-review-adam-scott-damian-mccarthy/) \- 7 / 10

&gt;When it focuses specifically on the scares, *Hokum* is an effectively disconcerting film that relies on time-honored basics to really get under the viewer’s skin. While it might not be too concerned about answers or a deeper understanding of what’s going on within the lore and mysteries, it more than makes up for it with its frightening approach to horror. Hopefully, we’ll see more films in the future like *Hokum* and *undertone* that embrace the good old-fashioned way of doing horror to keep this trend going.",776,183,1777385237.0,runway magazine film,theatrical_release,2026-04-28,"'Hokum' - Review Thread *When novelist Ohm Bauman (Adam Scott) retreats to a remote inn to scatter his parents' ashes, he is consumed by tales of a witch haunting the honeymoon suite. Disturbing visions and a shocking disappearance forces him to confront dark corners of his past.* Releases May 1st

Director: Damian McCarthy ('Oddity', 'Caveat')

Cast: Adam Scott, David Wilmot, Florence Ordesh

**Rotten Tomatoes:** [97%](https://www.rottentomatoes.com/m/hokum/reviews)

**Metacritic:** [81 / 100](https://www.metacritic.com/movie/hokum/)

Some Reviews:

[The Playlist - Monica Castillo](https://theplaylist.net/hokum-review-adam-scott-is-haunted-by-a-hotel-full-of-scares-death-secrets-sxsw-20260317/) \- 'A'

&gt;“Hokum” feels like a throwback to classic horror movies, where the gore is minimal but the mental frights are plentiful. Scott’s role as an embittered writer-turned-investigator is fascinating to watch and feels in line with James Caan’s performance in “Misery.” What could have easily been an overstuffed confluence of ideas – a haunted house, a ghost, a witch, a murder, oh my! – comes together so effectively because of McCarthy’s masterful command of what scares audiences.

[The Mary Sue - Rachel Leishman](https://www.themarysue.com/sxsw-hokum-review-you-will-be-afraid-of-the-dark-after-this-adam-scott-film/) \- 5 / 5

&gt;*Hokum* is the kind of horror movie we all need. And it proves McCarthy’s place as one of the kings of the modern age of horror stories. Just….maybe don’t go into a haunted hotel after watching this one.

[InSession Film - James D. Williams](https://insessionfilm.com/movie-review-panic-fest-2026-hokum/) \- 'A-'

&gt;Adam Scott’s performance as Ohm is one of his most layered yet. On the surface, he’s a lonely, alcoholic asshole who isn’t interested in much of what anyone has to say. Beneath that, he’s someone carrying a lot of built‑up trauma. The employees at the hotel all have different qualities and characteristics that make them interesting to follow throughout the film. One of my favorite things about the movie was the moody, dream‑like cinematography from Cole Hogan. McCarthy and Hogan also collaborated on McCarthy’s last film, *Oddity*, so it’s no surprise they were able to deliver another film filled with beautiful, haunting, and nerve‑wracking images. McCarthy has created his own universe with his past two movies.

[Bloody-Disgusting - Meagan Navarro](https://bloody-disgusting.com/reviews/3940760/hokum-review-sxsw-scary-folkloric-horror/) \- 4.5 / 5

&gt;*Hokum* so thoroughly invests you in Ohm’s off-kilter quest, one that keeps raising new intrigues and questions, and in a way that’s not easily predicted. The full scope of terror takes a while to arrive for the sake of building anticipation, such nail-biting anticipation that explodes in a folkloric freakout, yet it still holds you firmly in its grip. McCarthy dangles close to the precipice of bleakness, but ultimately rewards with a magical story about storytelling and the ability to heal. *Hokum* just also happens to be really freaking scary. But, as Jerry explains to Ohm, you have to be open to it.

[RogerEbert - Brian Tallerico](https://www.rogerebert.com/reviews/hokum-adam-scott-film-review-2026) \- 3.5 / 4

&gt;Tales of Irish witches have been told for generations not just to scare people but because they tap into something true. “Hokum” rises above so many films like it because it takes its character’s plight seriously, never winking at the audience, even as the impossible happens. Dismiss the folk tales at your own peril.

[Deep Focus Review - Brian Eggert](https://www.deepfocusreview.com/reviews/hokum/) \- 3.5 / 4

&gt;McCarthy’s execution is near perfect - more than folk horror or supernatural terror, *Hokum* thrives on its character work. Venerable works of horror, from ***Rosemary’s Baby*** (1968) to ***The Babadook***[ ](https://www.deepfocusreview.com/reviews/the-babadook/)(2011), find ways to take internal psychological concerns and externalize them. They last because their narrative thrust is compelled by more than base shocks. *Hokum* does this thoughtfully, which only enhances the scares.

[The Wrap - Chase Hutchinson](https://www.thewrap.com/industry-news/business/hokum-review-adam-scott-damian-mccarthy-stephen-king-esque-horror-stunner/) \- 90 / 100

&gt;Everything from the meticulous production design by Til Frohlich to the rich cinematography by Colm Hogan gives this film added weight, immersing you in the many gloomy corners of the hotel. Each detail makes the rooms—and what lies beneath—feel boundless even as they are suffocating. There is much that remains wonderfully beguiling in the film, and plenty of moments that rattle you to your core that won’t be spoiled here. What can be said is that the way both Ohm and McCarthy find their respective endings proves deeply meaningful. It’s a meaning that may require you to look more closely into the film’s darkness, but you’ll find a profoundly terrifying and ultimately moving vision awaiting you there.

[The Blogging Banshee - Molly Henery](https://thebloggingbanshee.com/2026/04/16/overlook-2026-review-hokum/) \- 9 / 10

&gt;*Hokum* is one of the most frightening films of the year, combining mystery, drama, and folklore to create a nightmarish work of art. This is likely McCarthy’s best and most horrifying film yet, which is really saying something, considering how fantastic both *Caveat* and *Oddity* are. He knows how to create a compelling story while still crafting big scares. Scott makes a triumphant return to horror, proving he can deliver drama and terror just as well as he does comedy.

[Nerdist - Kyle Anderson](https://nerdist.com/article/hokum-review-adam-scott-haunted-hotel-horror-movie/) \- 4 / 5

&gt;I love it when a voice in horror grows without changing their ethos. Getting NEON on board, plus a Hollywood star, doesn’t make *Hokum* any less Irish or any less weird. Ghosts, witches, and an effed-up, bug-eyed donkey man. I loved it all. Like the best haunted houses, this one gives you plenty of chills while you can’t help smiling.

[Dread Central - Josh Korngut](https://www.dreadcentral.com/reviews/561691/hokum-gratuitously-frightening-hotel-horrors-sxsw-2026-review/) \- 4 / 5

&gt;From a narrative device involving a tape recorder filled with the doomed voice messages of a dead woman, to the resurgence of McCarthy’s uncanny rabbit motif, and a supernatural villain so frightening you may find yourself leaving the lights on for days after viewing, *Hokum* ultimately reveals itself as the work from a master of spooky cinema.

[The People's Movies - Sean Wilson](https://thepeoplesmovies.com/hokum-review/) \- 4 / 5

&gt;There are jump scares, some predictable and others less so, but it’s Scott’s psychological descent that keeps us arrested, while McCarthy, in his usual manner, assimilates the worlds of the living and the dead smoothly. In fact, it’s often the former that yields the most antagonism with spiritual activity often arising out of a very human sense of apathy, ignorance or outright malice – McCarthy’s ability to locate these subtexts shows an acute awareness of folk fable conventions that stretch back millennia. It remains an enjoyable ride even if we’re familiar with the essential ingredients – the key lies in McCarthy’s ability to dust off the layers of familiarity, peeling back years of horror conventions to make them gleam anew.

[Filmink - Anthony O'Connor](https://www.filmink.com.au/reviews/hokum/) \- 16 / 20

&gt;Deliciously creepy, full of grand performances from a mostly Irish cast (big props to the wonderful David Wilmot) and utilising folkloric elements cleverly, *Hokum* is an effective, classic spookshow that is very likely to crawl under your skin and have you scribbling chalk circles around your bed.

[Slant Magazine - Rocco T. Thompson](https://www.slantmagazine.com/film/hokum-review-adam-scott-damian-mccarthy/) \- 3 / 4

&gt;*Hokum* feels more substantial than McCarthy’s previous efforts. All of the filmmaker’s signature obsessions are present and accounted for, but there’s a more personal, impactful story that exists marginal to them, unfolding within the man at its center. This can make *Hokum*’s guiding enigmas, its ominous dumbwaiters and uncanny rabbit men, feel a bit random and undernourished, but the film’s emotional climax is a powerful one.

[SlashFilm - Ryan Scott](https://www.slashfilm.com/2124327/hokum-horror-movie-review/) \- 8 / 10

&gt;It frequently feels like so much modern horror has to have a gimmick or a way in that attempts to elevate it. ""Horror as a metaphor for grief and trauma"" is a big example that filmmakers love to turn to lately. What's refreshing about McCarthy is that he's just making original horror movies with compelling stories that are fun to watch. Hollywood is inevitably going to recognize his talents and he's going to be making much bigger movies before we know it. For the time being, it's worth enjoying his little horrific delights.

[Sight &amp; Sound - Anton Bitel](https://www.bfi.org.uk/sight-and-sound/reviews/hokum-damian-mccarthys-horror-finds-human-story-amid-all-creepy-grotesquerie) \- Positive

&gt;To appreciate McCarthy’s surreal take on genre, the viewer, like Ohm, must learn to embrace the ridiculous and irrational side of life and death. Part of the uncanny pleasure of Hokum is its elegant overdetermination. Amid all the creepy grotesquerie and black comedy, McCarthy tells a human story that is more than mere hokum.

[FandomWire - Alan French](https://fandomwire.com/hokum-sxsw-review-adam-scott/) \- 8 / 10

&gt;McCarthy puts together an amazing combination of visual storytelling, Irish folklore, and pathos. Scott gives a fantastic performance that is worth the price of admission alone. The Neon boost definitely helps, but McCarthy is proving to be one of our most unique horror storytellers, and *Hokum* will only add to that development.

[IndieWire - Katie Rife](https://www.indiewire.com/criticism/movies/hokum-review-adam-scott-1235184840/) \- 'B+'

&gt;McCarthy loses focus after this symphony of tightly controlled terror midway through the second act, adding a little too much backstory and a few too many scenes to the film’s denouement. Still, when “Hokum” works, it really works. It’s straightforward, but that’s OK — we’ve had a lot of attempts to “elevate” the horror genre over the past decade or so. Instead, it’s just a good old-fashioned ghost story, the kind you’d tell over a campfire to scare children. And it’s a hair-raising one at that.

[Nexus Point News - Kyle Silagyi](https://nexuspointnews.com/review-hokum/) \- 3.5 / 5

&gt;Occasional insufficiencies with the script and characterization hold ***Hokum*** back from being a truly exceptional picture, but there’s enough throughout that’s genuinely masterful to make it worth a watch. McCarthy’s ability to establish a foreboding atmosphere teeming with tension—and maintain it throughout the majority of the runtime—is endlessly commendable, with several sequences genuinely feeling as though they had been ripped from one’s nightmares and projected onto a screen. The folded-in elements of Irish folklore help to differentiate it enough from other haunted setting movies, with these components coalescing with the cinematography, sound mixing, and thoroughly unnerving creature design to craft a final product that, while familiar, still feels singular and unique. It’s far from the most thematically rich or narratively nuanced horror film ever conceived, but in its strongest moments, it’s a dread-steeped atmospheric masterstroke that delivers in the way of visceral scares. Speaking from experience, an afternoon screening may be advised.

[Next Best Picture - Dan Bayer](https://nextbestpicture.com/hokum/) \- 7 / 10

&gt;As a ghost story, though, “Hokum” doesn’t put a foot wrong. The film has the hushed, intimate quality of a good campfire ghost story, setting it up with both the opening scene and a monologue from the Inn’s owner, telling a couple of scared kids the story of the witch who lived in the woods and preyed on the lost, dragging them on a tour of the underworld from which they would not return the same, if they returned at all. Augmented by a diorama filled with creepy carvings of screaming children, the scene introduces Bilberry Woods as a storybook location, populated with individuals who feel all too real in their human foibles. Both natural and supernatural forces are at work here, and McCarthy mixes them together in an intoxicating cocktail of horror. While it may be indebted to more modern storytelling methods than his previous features, “Hokum” still possesses enough of McCarthy’s dark magic that it will hold you in a vice grip all the way through. Considering how played-out many horror films feel nowadays, McCarthy’s mastery at scaring the audience is cause for celebration.

[Collider - Ross Bonaime](https://collider.com/hokum-review-adam-scott-damian-mccarthy/) \- 7 / 10

&gt;When it focuses specifically on the scares, *Hokum* is an effectively disconcerting film that relies on time-honored basics to really get under the viewer’s skin. While it might not be too concerned about answers or a deeper understanding of what’s going on within the lore and mysteries, it more than makes up for it with its frightening approach to horror. Hopefully, we’ll see more films in the future like *Hokum* and *undertone* that embrace the good old-fashioned way of doing horror to keep this trend going.",-0.9899,
1t2hsvd,boxoffice,🇪🇸 Spain Box Office Saturday May 2,,12,0,1777804117.0,devil wears prada 2,theatrical_release,2026-05-03,🇪🇸 Spain Box Office Saturday May 2,0.0,
1t2ewl4,boxoffice,🇮🇹 Italian box office Saturday May 2: The Devil Wears Prada 2 Surpasses 💶11 Million,"Source:

https://cineguru.screenweek.it/2026/05/il-diavolo-veste-prada-2-supera-gli-11-milioni-il-box-office-di-sabato-2-maggio-49902/

\&gt;The top spot is held masterfully by The Devil Wears Prada 2, with a Saturday gross of €3,101,094 and an average of €4,713 in 658 theaters. Compared to May 1st, the drop is only 2%, but the total since April 29th is already €11,354,824. The film is keeping pace with Inside Out 2 but faster than Barbie , as can be seen in the infographics below. With this kind of trend, Prada 2 can easily reach €20 million. Furthermore, between today and Monday, May 4th, the film will surpass The Devil Wears Prada, which totaled €14,313,005.

\&gt;Michael is in second place with €1,350,032 (-33% from seven days ago but in line with May 1st) and an average of €2,188 in 617 theaters (637 seven days ago). The Michael Jackson biopic is performing very well, having grossed €12,207,492 since April 22nd; currently, Michael has a higher overall box office than Bohemian Rhapsody , which, after eleven days in theaters, had reached €11,799,859.",34,2,1777793966.0,devil wears prada 2,theatrical_release,2026-05-03,"🇮🇹 Italian box office Saturday May 2: The Devil Wears Prada 2 Surpasses 💶11 Million Source:

https://cineguru.screenweek.it/2026/05/il-diavolo-veste-prada-2-supera-gli-11-milioni-il-box-office-di-sabato-2-maggio-49902/

\&gt;The top spot is held masterfully by The Devil Wears Prada 2, with a Saturday gross of €3,101,094 and an average of €4,713 in 658 theaters. Compared to May 1st, the drop is only 2%, but the total since April 29th is already €11,354,824. The film is keeping pace with Inside Out 2 but faster than Barbie , as can be seen in the infographics below. With this kind of trend, Prada 2 can easily reach €20 million. Furthermore, between today and Monday, May 4th, the film will surpass The Devil Wears Prada, which totaled €14,313,005.

\&gt;Michael is in second place with €1,350,032 (-33% from seven days ago but in line with May 1st) and an average of €2,188 in 617 theaters (637 seven days ago). The Michael Jackson biopic is performing very well, having grossed €12,207,492 since April 22nd; currently, Michael has a higher overall box office than Bohemian Rhapsody , which, after eleven days in theaters, had reached €11,799,859.",-0.8464,
1t241md,boxoffice,SK Saturday Update: Super Mario and Devil Wears Prada 2 keep the top 2 spots,"|Movies|Monday-Monday Drop|Tuesday-Tuesday Drop|Wednesday-Wednesday Drop|Thursday-Thursday Drop|Friday-Friday Drop|Saturday-Saturday Drop|Sunday-Sunday Drop|Week-Week Drop|
|:-|:-|:-|:-|:-|:-|:-|:-|:-|
|Salmokji|11%|\+29%|\+36%|\+111%|\+69%|13%|||
|Project Hail Mary|3%|\+13%|24%|\+10%|\+26%|44%|||
|The Man Who Lives With the King|30%|15%|47%|42%|18%|58%||,|

**Super Mario Galaxy:** Not a great day as the movie had a steeper drop than anyone could have anticipated. Still will win the weekend, but will say the 5-day opening weekend will hit 625k admits. Presales 174k, and the children's day is Tuesday. Thinking a total of about 1.5 to 1.8 million admits as animated films do benefit the most from a massive children's day.

**Devil Wears Prada 2**: The movie is going to be frontloaded as presales are down to 93k tickets. 5-day opening weekend will be around 725k admits. Thinking a total of about 1.5 million admits.

**Salmokji:** Another insane day as Salmokji has crossed 2.5 million admits as the movie is on its way to a total of 3 million admits for its entire run.

**Project Hail Mary:** The movie sees a decent day as it is still aiming for a total in the area of 2.7 million admits.

**The Man Who Lives With the King:** Another meh day as the movie is looking at its last couple of weekends of making anything.",29,4,1777761526.0,devil wears prada 2,theatrical_release,2026-05-02,"SK Saturday Update: Super Mario and Devil Wears Prada 2 keep the top 2 spots |Movies|Monday-Monday Drop|Tuesday-Tuesday Drop|Wednesday-Wednesday Drop|Thursday-Thursday Drop|Friday-Friday Drop|Saturday-Saturday Drop|Sunday-Sunday Drop|Week-Week Drop|
|:-|:-|:-|:-|:-|:-|:-|:-|:-|
|Salmokji|11%|\+29%|\+36%|\+111%|\+69%|13%|||
|Project Hail Mary|3%|\+13%|24%|\+10%|\+26%|44%|||
|The Man Who Lives With the King|30%|15%|47%|42%|18%|58%||,|

**Super Mario Galaxy:** Not a great day as the movie had a steeper drop than anyone could have anticipated. Still will win the weekend, but will say the 5-day opening weekend will hit 625k admits. Presales 174k, and the children's day is Tuesday. Thinking a total of about 1.5 to 1.8 million admits as animated films do benefit the most from a massive children's day.

**Devil Wears Prada 2**: The movie is going to be frontloaded as presales are down to 93k tickets. 5-day opening weekend will be around 725k admits. Thinking a total of about 1.5 million admits.

**Salmokji:** Another insane day as Salmokji has crossed 2.5 million admits as the movie is on its way to a total of 3 million admits for its entire run.

**Project Hail Mary:** The movie sees a decent day as it is still aiming for a total in the area of 2.7 million admits.

**The Man Who Lives With the King:** Another meh day as the movie is looking at its last couple of weekends of making anything.",0.9388,
1t1w3tt,boxoffice,In China Vanishing Point swoops into the lead on the 2nd day of the Labor Day Holidays with $8.40M/$14.77M. A +32% increase from yesterday. It will now aim for a $23-24M weekend. Cold War 1994 drops to 2nd with $6.96M/$15.17M. A slightly faltering The Devil Wears Prada 2 in 3rd adds $1.98M/$6.84M,"#**Daily Box Office (May 2nd 2026 - Labor Day Holiday Day 2)**

The market hits ¥170.0M/$24.90M. Up +4% from yesterday and up +252% from last week.

The Horror movie **The Caged Butterfly** has surpassed the ¥100M mark today. It has become only the 4th Domestic Horror movie to surpass this mark in history and only the 2nd one after 2020 only behind its predescesor from 2024.

---

**Province map of the day:** 

https://i.imgur.com/R0Pp2Y0.png

Vanishing Point takes over the map and pretty much dominates.

**In Metropolitan cities:** 

Cold War 1994 wins Guangzhou, Shanghai, Shenzhen, Beijing, Wuhan and Nanjing

Vanishing Point wins Chongqing, Chengdu, Hangzhou and Suzhou 

**City tiers:**

Vanishing Point climbs to 1st in T2 and T3 and 2nd in T1.

**Tier 1**: Cold War 1994&gt;Vanishing Point&gt;The Devil Wears Prada 2

**Tier 2**: Vanishing Point&gt;Cold War 1994&gt;The Devil Wears Prada 2

**Tier 3**: Vanishing Point&gt;Cold War 1994&gt;Dear You

**Tier 4**: Vanishing Point&gt;Cold War 1994&gt;Being Towards Death

---

|# | Movie |Gross|%YD| %LW|Screenings|Admisions(Today)|Total Gross|Projected Total Gross|
:----------- |:-----------|:-----------:|:-----------:|:-----------:|:-----------:|:--------:|:-----------:|:-----------:| 
1|**Vanishing Point**      |$8.40M  |+32% |      |99769 |1.60M |$14.77M  |$74M-$84M
2|**Cold War 1994**        |$6.96M  |-15% |      |120069|1.20M |$15.17M  |$63M-$66M 
3|**The Devil Wears Prada 2**|$1.98M |-19%|      |42634 |0.33M |$6.84M   |$15M-$19M 
4|**Being Towards Death**  |$1.74M  |-18% |      |55494 |0.35M |$5.48M   |$14M-$15M 
5|**No one is closer than we**|$1.15M |+9%|      |11214 |0.16M |$2.21M   |$5M-$7M 
6|**Dear You**             |$1.11M  |+14% |      |10034 |0.23M |$4.61M   |$12M-$14M 
7|**Michael**              |$0.70M  |+38% |-63%  |24483 |0.11M |$7.86M   |$10M-$11M 
8|**GG BOND: RACE THROUGH TIME**|$0.68M |-10%|   |33853 |0.14M |$1.44M   |$3M-$6M 
9|The Caged Butterfly      |$0.42M  |+36% |-40%  |19202 |0.09M |$14.80M  |$17M-$19M
10|Super Mario Galaxy Movie|$0.39M  |+70% |-30%  |8174  |0.07M |$19.54M  |$21M-$23M
11|Hoppers                 |$0.29M  |+124%|+17%  |5382  |0.05M |$24.92M  |$25M-$27M 
12|Project Hail Mary       |$0.21M  |+75% |-65%  |2144  |0.03M |$39.93M  |$40M-$41M
13|All The Good Eyes(Pre-Scr)|$0.12M|-30% |      |6111  |0.02M |$0.35M   |

New releases marked in **bold**

---


**Pre-Sales map for tomorrow**

https://i.imgur.com/iv2GIet.png

Vanishing Point dominates pre-sales for the 3rd day of the Holidays.

---

**IMAX Screenings distribution**

Cold War 1994 dominates IMAX screenings today and will continue to do so going forward. The Devil Wears Prada 2 continues to bleed screenings as Michael and PHM gain them back.

||Movie|IMAX Screeninsgs Today|IMAX Screeninsgs Tomorrow|Change|
:----------- |:-----------:|:-----------:|:-----------:|:-----------:|:-----------:|:-----------:|:-----------:|
1|Cold War 1994                       |3558   |3381 |-177
2|The Devil Wears Prada 2             |560    |517  |-43
3|Michael                             |516    |542  |+26
4|Project Hail Mary                   |134    |229  |+95

---

###**Cold War 1994**

Cold War 1994 adds ¥47.5M/$6.96M on the 2nd day of the May/Labor Day holiday. Crosses ¥100M/$14.6M today.

Weekend still aiming for $21-22M

**Cold War 1994 vs Cold War 2/1**

https://i.imgur.com/xZQljxm.png

**Screen Distribution Split:** Regular: $13.55M    , IMAX: $1.23M   , Rest: $0.29M 

**WoM figures:**

Opens with a strong 9.6 on Taopiaopiao

Maoyan: , Taopiaopiao: 9.6 , Douban: 7.2

|#|FRI|SAT|SUN|MON|TUE|WED|THU|Total|
|:-----------:|:-----------:|:-----------:|:-----------:|:-----------:|:-----------:|:-----------:|:-----------:|:-----------:|:-----------:|							
|First  Week |$8.21M|$6.96M| | | | | |$15.17M	
		
	
**Scheduled showings update for Cold War 1994 for the next few days:**

|Day |  Number of Showings |Presales|Projection
:----------- |:-----------:|:-----------:|:-----------:|
Today|122032|$1.06M|$6.93M-$7.20M
Sunday|109630|$764k|$6.06M-$6.13M
Monday|89646|$127k|$5.50M-$5.70M

---

###**Vanishing Point**

Well that happened a day sooner as expected. And by quite a big distance no less as Vanishing Point rides the strong reception to the top with a fantastic ¥57.5M/$8.40M 2nd day of the Holidays. 

Could increase again tomorrow.

Weekend will now be aiming for $23-24M


**Screen Distribution Split:** Regular: $14.57M , Rest: $0.14M 

**WoM figures:**

After a pretty strong 9.5 on Maoyan and 7.7 on Douban it interestingly opens with a pretty lackluster 9.0 on Taopiaopiao.

Maoyan: 9.5 , Taopiaopiao: 9.0 , Douban: 7.7

|#|FRI|SAT|SUN|MON|TUE|WED|THU|Total|
|:-----------:|:-----------:|:-----------:|:-----------:|:-----------:|:-----------:|:-----------:|:-----------:|:-----------:|:-----------:|							
|First  Week |$6.37M|$8.40M| | | | | |$14.77M	
		
	
**Scheduled showings update for Vanishing Point for the next few days:**

|Day |  Number of Showings |Presales|Projection
:----------- |:-----------:|:-----------:|:-----------:|
Today|95748|$1.07M|$6.41M-$6.79M
Sunday|110412|$1.29M|$8.87M-$9.25M
Monday|89581|$221k|$8.44M-$9.07M

---


###**The Devil Wears Prada 2**

The Devil Wears Prada 2 remains 3rd but the trend is not exactly positive as it grossed ¥13.5M/$1.98M today compared to Thunderbolts which grossed ¥17M/$2.36M on the same day last year. 

4 day Holiday opening weekend projections drop to $8-9M


**The Debvil Wears Prada 2 vs Thunderbolts:**

https://i.imgur.com/UctZUiz.png

**Screen Distribution Split:** Regular: $6.11M    , IMAX: $0.48M   , Rest: $0.23M 

**WoM figures:**

Maoyan: 9.5 , Taopiaopiao: 9.5 , Douban: 6.6

|#|THU|FRI|SAT|SUN|MON|TUE|WED|Total|
|:-----------:|:-----------:|:-----------:|:-----------:|:-----------:|:-----------:|:-----------:|:-----------:|:-----------:|:-----------:|							
|First  Week |$2.40M|$2.46M|$1.98M| | | | |$6.84M	
		
	
**Scheduled showings update for The Devil Wears Prada 2 for the next few days:**

|Day |  Number of Showings |Presales|Projection
:----------- |:-----------:|:-----------:|:-----------:|
Today|43467|$490k|$2.21M-$2.25M
Sunday|36702|$395k|$1.68M-$1.75M
Monday|29528|$74k|$1.51M-$1.57M

---


###**Michael**

Michael grossed ¥4.80M/$0.70M on Saturday. Not quite as strong as projected. Weekend projections downgraded back to $1.6-1.7M(-65%)

Now would be a decent ammount below Bohemian Rhapsody's 2nd weekend of ¥16.3M/$2.42M

**Michael vs Bohemian Rhapsody:**

https://i.imgur.com/DpeqdI1.png

**Screen Distribution Split:** Regular: $5.35M    , IMAX: $1.87M   , Rest: $0.59M 

**WoM figures:**

Maoyan: 9.5 , Taopiaopiao: 9.4 , Douban: 7.5

|#|FRI|SAT|SUN|MON|TUE|WED|THU|Total|
|:-----------:|:-----------:|:-----------:|:-----------:|:-----------:|:-----------:|:-----------:|:-----------:|:-----------:|:-----------:|							
|First  Week |$1.56M|$1.91M|$1.32M|$0.47M|$0.43M|$0.42M|$0.54M|$6.65M	
|Second  Week |$0.51M|$0.70M| | | | | |$7.86M	
|%± LW|-67%||| | | | | |
	
**Scheduled showings update for Michael for the next few days:**

|Day |  Number of Showings |Presales|Projection
:----------- |:-----------:|:-----------:|:-----------:|
Today|24042|$211k|$0.82M-$0.83M
Sunday|100578|$135k|$0.47M-$0.48M
Monday|7840|$28k|$0.40M-$0.42M

---


#**Release Schedule:**

A table including upcoming movies in the next month alongside trailers linked in the name of the movie, Want To See data from both Maoyan and Taopiaopiao alongside the Gender split and genre. 

Remember Want To See is not pre-sales. Its just an anticipation metric. A checkbox of sorts saying your interested in an upcoming movie.

Not all movies are included since a lot are just too small to be worth covering. 

---

**May**

| Movie |Maoyan WTS|Daily Increase| Taopiaopiao WTS|Daily Increase|M/W %|Genre|Release Date|3rd party media projections
:----------- |:-----------:|:-----------:|:-----------:|:-----------:|:-----------:|:-----------:|:-----------:|:-----------:|
[Mortal Kombat II](https://vod.pipi.cn/fec9203cvodtransbj1251246104/33b8b9245145403722890582563/v.f42905.mp4) |27k|+1k|14k|+1k|75/25|Action/Fantasy|08.05|
[Love Battle](https://i.imgur.com/yT3kgKV.jpeg) |35k|+1k|50k|+1k|20/80|Romance/Comedy|20.05|
[Be Yourself](https://vod.pipi.cn/fec9203cvodtransbj1251246104/43e695815145403722808184482/v.f42905.mp4) |21k|+1k|20k|+1k|31/69|Romance/Comedy|20.05|
[Star Wars: Mandalorian &amp; Grogu](https://vod.pipi.cn/fec9203cvodtransbj1251246104/ae3ca3b05145403723990636789/v.f42905.mp4) |17k|+3k|24k|+3k|63/37|Actiiom/Sci-Fi|20.05|$5M
[All The Good Eyes](https://vod.pipi.cn/fec9203cvodtransbj1251246104/0a6e64625145403721118746297/v.f42905.mp4) |25k|+1k|13k|+1k|34/66|Drama/Romance/Crime|23.05|",24,31,1777742900.0,devil wears prada 2,theatrical_release,2026-05-02,"In China Vanishing Point swoops into the lead on the 2nd day of the Labor Day Holidays with $8.40M/$14.77M. A +32% increase from yesterday. It will now aim for a $23-24M weekend. Cold War 1994 drops to 2nd with $6.96M/$15.17M. A slightly faltering The Devil Wears Prada 2 in 3rd adds $1.98M/$6.84M #**Daily Box Office (May 2nd 2026 - Labor Day Holiday Day 2)**

The market hits ¥170.0M/$24.90M. Up +4% from yesterday and up +252% from last week.

The Horror movie **The Caged Butterfly** has surpassed the ¥100M mark today. It has become only the 4th Domestic Horror movie to surpass this mark in history and only the 2nd one after 2020 only behind its predescesor from 2024.

---

**Province map of the day:** 

https://i.imgur.com/R0Pp2Y0.png

Vanishing Point takes over the map and pretty much dominates.

**In Metropolitan cities:** 

Cold War 1994 wins Guangzhou, Shanghai, Shenzhen, Beijing, Wuhan and Nanjing

Vanishing Point wins Chongqing, Chengdu, Hangzhou and Suzhou 

**City tiers:**

Vanishing Point climbs to 1st in T2 and T3 and 2nd in T1.

**Tier 1**: Cold War 1994&gt;Vanishing Point&gt;The Devil Wears Prada 2

**Tier 2**: Vanishing Point&gt;Cold War 1994&gt;The Devil Wears Prada 2

**Tier 3**: Vanishing Point&gt;Cold War 1994&gt;Dear You

**Tier 4**: Vanishing Point&gt;Cold War 1994&gt;Being Towards Death

---

|# | Movie |Gross|%YD| %LW|Screenings|Admisions(Today)|Total Gross|Projected Total Gross|
:----------- |:-----------|:-----------:|:-----------:|:-----------:|:-----------:|:--------:|:-----------:|:-----------:| 
1|**Vanishing Point**      |$8.40M  |+32% |      |99769 |1.60M |$14.77M  |$74M-$84M
2|**Cold War 1994**        |$6.96M  |-15% |      |120069|1.20M |$15.17M  |$63M-$66M 
3|**The Devil Wears Prada 2**|$1.98M |-19%|      |42634 |0.33M |$6.84M   |$15M-$19M 
4|**Being Towards Death**  |$1.74M  |-18% |      |55494 |0.35M |$5.48M   |$14M-$15M 
5|**No one is closer than we**|$1.15M |+9%|      |11214 |0.16M |$2.21M   |$5M-$7M 
6|**Dear You**             |$1.11M  |+14% |      |10034 |0.23M |$4.61M   |$12M-$14M 
7|**Michael**              |$0.70M  |+38% |-63%  |24483 |0.11M |$7.86M   |$10M-$11M 
8|**GG BOND: RACE THROUGH TIME**|$0.68M |-10%|   |33853 |0.14M |$1.44M   |$3M-$6M 
9|The Caged Butterfly      |$0.42M  |+36% |-40%  |19202 |0.09M |$14.80M  |$17M-$19M
10|Super Mario Galaxy Movie|$0.39M  |+70% |-30%  |8174  |0.07M |$19.54M  |$21M-$23M
11|Hoppers                 |$0.29M  |+124%|+17%  |5382  |0.05M |$24.92M  |$25M-$27M 
12|Project Hail Mary       |$0.21M  |+75% |-65%  |2144  |0.03M |$39.93M  |$40M-$41M
13|All The Good Eyes(Pre-Scr)|$0.12M|-30% |      |6111  |0.02M |$0.35M   |

New releases marked in **bold**

---


**Pre-Sales map for tomorrow**

https://i.imgur.com/iv2GIet.png

Vanishing Point dominates pre-sales for the 3rd day of the Holidays.

---

**IMAX Screenings distribution**

Cold War 1994 dominates IMAX screenings today and will continue to do so going forward. The Devil Wears Prada 2 continues to bleed screenings as Michael and PHM gain them back.

||Movie|IMAX Screeninsgs Today|IMAX Screeninsgs Tomorrow|Change|
:----------- |:-----------:|:-----------:|:-----------:|:-----------:|:-----------:|:-----------:|:-----------:|
1|Cold War 1994                       |3558   |3381 |-177
2|The Devil Wears Prada 2             |560    |517  |-43
3|Michael                             |516    |542  |+26
4|Project Hail Mary                   |134    |229  |+95

---

###**Cold War 1994**

Cold War 1994 adds ¥47.5M/$6.96M on the 2nd day of the May/Labor Day holiday. Crosses ¥100M/$14.6M today.

Weekend still aiming for $21-22M

**Cold War 1994 vs Cold War 2/1**

https://i.imgur.com/xZQljxm.png

**Screen Distribution Split:** Regular: $13.55M    , IMAX: $1.23M   , Rest: $0.29M 

**WoM figures:**

Opens with a strong 9.6 on Taopiaopiao

Maoyan: , Taopiaopiao: 9.6 , Douban: 7.2

|#|FRI|SAT|SUN|MON|TUE|WED|THU|Total|
|:-----------:|:-----------:|:-----------:|:-----------:|:-----------:|:-----------:|:-----------:|:-----------:|:-----------:|:-----------:|							
|First  Week |$8.21M|$6.96M| | | | | |$15.17M	
		
	
**Scheduled showings update for Cold War 1994 for the next few days:**

|Day |  Number of Showings |Presales|Projection
:----------- |:-----------:|:-----------:|:-----------:|
Today|122032|$1.06M|$6.93M-$7.20M
Sunday|109630|$764k|$6.06M-$6.13M
Monday|89646|$127k|$5.50M-$5.70M

---

###**Vanishing Point**

Well that happened a day sooner as expected. And by quite a big distance no less as Vanishing Point rides the strong reception to the top with a fantastic ¥57.5M/$8.40M 2nd day of the Holidays. 

Could increase again tomorrow.

Weekend will now be aiming for $23-24M


**Screen Distribution Split:** Regular: $14.57M , Rest: $0.14M 

**WoM figures:**

After a pretty strong 9.5 on Maoyan and 7.7 on Douban it interestingly opens with a pretty lackluster 9.0 on Taopiaopiao.

Maoyan: 9.5 , Taopiaopiao: 9.0 , Douban: 7.7

|#|FRI|SAT|SUN|MON|TUE|WED|THU|Total|
|:-----------:|:-----------:|:-----------:|:-----------:|:-----------:|:-----------:|:-----------:|:-----------:|:-----------:|:-----------:|							
|First  Week |$6.37M|$8.40M| | | | | |$14.77M	
		
	
**Scheduled showings update for Vanishing Point for the next few days:**

|Day |  Number of Showings |Presales|Projection
:----------- |:-----------:|:-----------:|:-----------:|
Today|95748|$1.07M|$6.41M-$6.79M
Sunday|110412|$1.29M|$8.87M-$9.25M
Monday|89581|$221k|$8.44M-$9.07M

---


###**The Devil Wears Prada 2**

The Devil Wears Prada 2 remains 3rd but the trend is not exactly positive as it grossed ¥13.5M/$1.98M today compared to Thunderbolts which grossed ¥17M/$2.36M on the same day last year. 

4 day Holiday opening weekend projections drop to $8-9M


**The Debvil Wears Prada 2 vs Thunderbolts:**

https://i.imgur.com/UctZUiz.png

**Screen Distribution Split:** Regular: $6.11M    , IMAX: $0.48M   , Rest: $0.23M 

**WoM figures:**

Maoyan: 9.5 , Taopiaopiao: 9.5 , Douban: 6.6

|#|THU|FRI|SAT|SUN|MON|TUE|WED|Total|
|:-----------:|:-----------:|:-----------:|:-----------:|:-----------:|:-----------:|:-----------:|:-----------:|:-----------:|:-----------:|							
|First  Week |$2.40M|$2.46M|$1.98M| | | | |$6.84M	
		
	
**Scheduled showings update for The Devil Wears Prada 2 for the next few days:**

|Day |  Number of Showings |Presales|Projection
:----------- |:-----------:|:-----------:|:-----------:|
Today|43467|$490k|$2.21M-$2.25M
Sunday|36702|$395k|$1.68M-$1.75M
Monday|29528|$74k|$1.51M-$1.57M

---


###**Michael**

Michael grossed ¥4.80M/$0.70M on Saturday. Not quite as strong as projected. Weekend projections downgraded back to $1.6-1.7M(-65%)

Now would be a decent ammount below Bohemian Rhapsody's 2nd weekend of ¥16.3M/$2.42M

**Michael vs Bohemian Rhapsody:**

https://i.imgur.com/DpeqdI1.png

**Screen Distribution Split:** Regular: $5.35M    , IMAX: $1.87M   , Rest: $0.59M 

**WoM figures:**

Maoyan: 9.5 , Taopiaopiao: 9.4 , Douban: 7.5

|#|FRI|SAT|SUN|MON|TUE|WED|THU|Total|
|:-----------:|:-----------:|:-----------:|:-----------:|:-----------:|:-----------:|:-----------:|:-----------:|:-----------:|:-----------:|							
|First  Week |$1.56M|$1.91M|$1.32M|$0.47M|$0.43M|$0.42M|$0.54M|$6.65M	
|Second  Week |$0.51M|$0.70M| | | | | |$7.86M	
|%± LW|-67%||| | | | | |
	
**Scheduled showings update for Michael for the next few days:**

|Day |  Number of Showings |Presales|Projection
:----------- |:-----------:|:-----------:|:-----------:|
Today|24042|$211k|$0.82M-$0.83M
Sunday|100578|$135k|$0.47M-$0.48M
Monday|7840|$28k|$0.40M-$0.42M

---


#**Release Schedule:**

A table including upcoming movies in the next month alongside trailers linked in the name of the movie, Want To See data from both Maoyan and Taopiaopiao alongside the Gender split and genre. 

Remember Want To See is not pre-sales. Its just an anticipation metric. A checkbox of sorts saying your interested in an upcoming movie.

Not all movies are included since a lot are just too small to be worth covering. 

---

**May**

| Movie |Maoyan WTS|Daily Increase| Taopiaopiao WTS|Daily Increase|M/W %|Genre|Release Date|3rd party media projections
:----------- |:-----------:|:-----------:|:-----------:|:-----------:|:-----------:|:-----------:|:-----------:|:-----------:|
[Mortal Kombat II](https://vod.pipi.cn/fec9203cvodtransbj1251246104/33b8b9245145403722890582563/v.f42905.mp4) |27k|+1k|14k|+1k|75/25|Action/Fantasy|08.05|
[Love Battle](https://i.imgur.com/yT3kgKV.jpeg) |35k|+1k|50k|+1k|20/80|Romance/Comedy|20.05|
[Be Yourself](https://vod.pipi.cn/fec9203cvodtransbj1251246104/43e695815145403722808184482/v.f42905.mp4) |21k|+1k|20k|+1k|31/69|Romance/Comedy|20.05|
[Star Wars: Mandalorian &amp; Grogu](https://vod.pipi.cn/fec9203cvodtransbj1251246104/ae3ca3b05145403723990636789/v.f42905.mp4) |17k|+3k|24k|+3k|63/37|Actiiom/Sci-Fi|20.05|$5M
[All The Good Eyes](https://vod.pipi.cn/fec9203cvodtransbj1251246104/0a6e64625145403721118746297/v.f42905.mp4) |25k|+1k|13k|+1k|34/66|Drama/Romance/Crime|23.05|",-0.9782,
1t1us6p,boxoffice,"‘Devil Wears Prada 2’ In Vogue With Current $115M WW, ‘Michael’ Dancing The Weekend Away To $413M+ Cume – Global Box Office Update",,228,40,1777739897.0,devil wears prada 2,theatrical_release,2026-05-02,"‘Devil Wears Prada 2’ In Vogue With Current $115M WW, ‘Michael’ Dancing The Weekend Away To $413M+ Cume – Global Box Office Update",0.0,
1t1sw9i,boxoffice,"Per Deadline, 'The Devil Wears Prada 2' earned a 76% definite recommend score on PostTrak. The audience was 75% female, as well as 48% Caucasian, 28% Hispanic/Latino, 12% Black, and 7% Asian. 51% of the audience came for the cast, 43% for the actresses, and 42% because it’s a franchise they love.",,164,96,1777735526.0,devil wears prada 2,theatrical_release,2026-05-02,"Per Deadline, 'The Devil Wears Prada 2' earned a 76% definite recommend score on PostTrak. The audience was 75% female, as well as 48% Caucasian, 28% Hispanic/Latino, 12% Black, and 7% Asian. 51% of the audience came for the cast, 43% for the actresses, and 42% because it’s a franchise they love.",0.6705,
1t1sd4j,boxoffice,"‘The Devil Wears Prada 2’ Still The Hot Stepper With $32.5M Friday/$75M-$80M U.S. Opening, Up To $82.1M INT And $114.6M WW Through Friday; ‘Michael’ Platinum With $51M (-48%) – Box Office Update",,357,117,1777734316.0,devil wears prada 2,theatrical_release,2026-05-02,"‘The Devil Wears Prada 2’ Still The Hot Stepper With $32.5M Friday/$75M-$80M U.S. Opening, Up To $82.1M INT And $114.6M WW Through Friday; ‘Michael’ Platinum With $51M (-48%) – Box Office Update",-0.6597,
1t1pqvu,boxoffice,🇯🇵 JAPAN Box Office Saturday May 2 (Golden Week),,50,29,1777728052.0,devil wears prada 2,theatrical_release,2026-05-02,🇯🇵 JAPAN Box Office Saturday May 2 (Golden Week),0.0,
1t1mn0m,boxoffice,"Amazing labour's day in Italy. Best one ever at box office, Devil wears Prada 2 has reached 8,25 m € in just 3 days, Michael at 10,86 m €. Great weekend incoming",,71,5,1777719162.0,devil wears prada 2,theatrical_release,2026-05-02,"Amazing labour's day in Italy. Best one ever at box office, Devil wears Prada 2 has reached 8,25 m € in just 3 days, Michael at 10,86 m €. Great weekend incoming",0.8442,
1t1k64e,boxoffice,🇪🇸 Spain Box Office Friday May 1,,85,13,1777710674.0,devil wears prada 2,theatrical_release,2026-05-02,🇪🇸 Spain Box Office Friday May 1,0.0,
1t1h4gy,boxoffice,🇹🇭 Thailand box office Thursday April 30: The Devil Wears Prada 2 opened excellent (140% compared to Barbie and 210% compared to Wicked),,26,0,1777700376.0,devil wears prada 2,theatrical_release,2026-05-02,🇹🇭 Thailand box office Thursday April 30: The Devil Wears Prada 2 opened excellent (140% compared to Barbie and 210% compared to Wicked),-0.6249,
1t1ewk2,boxoffice,'The Devil Wears Prada 2' gets an A– on CinemaScore,,397,55,1777693420.0,devil wears prada 2,theatrical_release,2026-05-02,'The Devil Wears Prada 2' gets an A– on CinemaScore,-0.6597,
1t1dnz3,boxoffice,"Looks like $22M FRI for #TheDevilWearsPrada2, giving it a $32M opening day. Expecting weekend to be around $70-75M.",,316,150,1777689805.0,devil wears prada 2,theatrical_release,2026-05-02,"Looks like $22M FRI for #TheDevilWearsPrada2, giving it a $32M opening day. Expecting weekend to be around $70-75M.",0.5994,
1t1cml4,boxoffice,SK Friday update: Insanity as Mario will win weekend as Devil Wears Prada 2 seems frontloaded,"|Movies|Monday-Monday Drop|Tuesday-Tuesday Drop|Wednesday-Wednesday Drop|Thursday-Thursday Drop|Friday-Friday Drop|Saturday-Saturday Drop|Sunday-Sunday Drop|Week-Week Drop|
|:-|:-|:-|:-|:-|:-|:-|:-|:-|
|Salmokji|11%|\+29%|\+36%|\+111%|\+69%||||
|Project Hail Mary|3%|\+13%|24%|\+10%|\+26%||||
|The Man Who Lives With the King|30%|15%|47%|42%|18%|||,|

**Super Mario Galaxy:** And the movie increased by 391%, as the movie seems likely to play more like a family animated film than a fan-driven movie. The incredible boost has now raised the 5-day opening weekend to 700k to 750k admits, as tomorrow should be about the same or even just slightly bigger. Presales sitting at 174k tickets. I have the feeling that we can make the announcement that Mario will win the weekend.

**Devil Wears Prada 2**: A weaker jump than I anticipated as the movie jumped only 81% from yesterday. I will pull back expectations to be in the range of 750k to 800k admits for its 5-day opening weekend.

**Salmokji:** Another strong ridiculous day as the movie will cross 2.5 million admits tomorrow. Thinking the movie has enough in the tank to hit 3 million admits after a crazy holiday period.

**Project Hail Mary:** The movie continues to stay afloat as the movie is set to cross 2.6 million admits tomorrow.

**The Man Who Lives With the King:** Another meh day as the film is still coming to a final 16.8 million admits total.",26,17,1777686858.0,devil wears prada 2,theatrical_release,2026-05-02,"SK Friday update: Insanity as Mario will win weekend as Devil Wears Prada 2 seems frontloaded |Movies|Monday-Monday Drop|Tuesday-Tuesday Drop|Wednesday-Wednesday Drop|Thursday-Thursday Drop|Friday-Friday Drop|Saturday-Saturday Drop|Sunday-Sunday Drop|Week-Week Drop|
|:-|:-|:-|:-|:-|:-|:-|:-|:-|
|Salmokji|11%|\+29%|\+36%|\+111%|\+69%||||
|Project Hail Mary|3%|\+13%|24%|\+10%|\+26%||||
|The Man Who Lives With the King|30%|15%|47%|42%|18%|||,|

**Super Mario Galaxy:** And the movie increased by 391%, as the movie seems likely to play more like a family animated film than a fan-driven movie. The incredible boost has now raised the 5-day opening weekend to 700k to 750k admits, as tomorrow should be about the same or even just slightly bigger. Presales sitting at 174k tickets. I have the feeling that we can make the announcement that Mario will win the weekend.

**Devil Wears Prada 2**: A weaker jump than I anticipated as the movie jumped only 81% from yesterday. I will pull back expectations to be in the range of 750k to 800k admits for its 5-day opening weekend.

**Salmokji:** Another strong ridiculous day as the movie will cross 2.5 million admits tomorrow. Thinking the movie has enough in the tank to hit 3 million admits after a crazy holiday period.

**Project Hail Mary:** The movie continues to stay afloat as the movie is set to cross 2.6 million admits tomorrow.

**The Man Who Lives With the King:** Another meh day as the film is still coming to a final 16.8 million admits total.",0.9467,
1t16duh,boxoffice,"‘The Devil Wears Prada 2’ The Hot Stepper With $33M Friday/$75M-$80M U.S. Opening; ‘Michael’ Eyes Strong $12-13.5M/$45M (-54%), Ahead Of ‘Mario’ ($2.5M/$11.2M, -45%), ‘Project Hail Mary’ ($2.35M/$9M, -29%); ‘Hokum’ Opening To $2.6M/$6M – Box Office Update",,157,70,1777670531.0,devil wears prada 2,theatrical_release,2026-05-01,"‘The Devil Wears Prada 2’ The Hot Stepper With $33M Friday/$75M-$80M U.S. Opening; ‘Michael’ Eyes Strong $12-13.5M/$45M (-54%), Ahead Of ‘Mario’ ($2.5M/$11.2M, -45%), ‘Project Hail Mary’ ($2.35M/$9M, -29%); ‘Hokum’ Opening To $2.6M/$6M – Box Office Update",-0.2023,
1t101ux,boxoffice,In China Cold War 1994 tops May/Labor Day with $8.21M. Projected a $21-22M opening weekend. Vanishing Point in 2nd strong with $6.37M and will aim for a $18-19M wkd. The Devil Wears Prada 2 in 3rd adds $2.46M/$4.86M. Still on track for a $9-10M 4 day Holiday opening. Michael adds $0.51M(-67%)/$7.16M,"#**Daily Box Office (May 1st 2026 - Labor Day Holiday Day 1)**

The market hits ¥163.4M/$23.93M. Up +292% from yesterday and up +533% from last week.

---

**Province map of the day:** 

https://i.imgur.com/p5eEwWh.png

Cold War 1994 and Vanishing Point dominates on Labor Day.

**In Metropolitan cities:** 

Cold War 1994 wins Guangzhou, Shanghai, Shenzhen, Chongqing, Beijing, Wuhan, Chengdu, Nanjing, Hangzhou and Suzhou 

**City tiers:**

Cold War 1994 tops T1-T3. Vanishing Point wins T4.

**Tier 1**: Cold War 1994&gt;The Devil Wears Prada 2&gt;Vanishing Point

**Tier 2**: Cold War 1994&gt;Vanishing Point&gt;The Devil Wears Prada 2

**Tier 3**: Cold War 1994&gt;Vanishing Point&gt;Being Towards Death

**Tier 4**: Vanishing Point&gt;Cold War 1994&gt;Being Towards Death

---

|# | Movie |Gross|%YD| %LW|Screenings|Admisions(Today)|Total Gross|Projected Total Gross|
:----------- |:-----------|:-----------:|:-----------:|:-----------:|:-----------:|:--------:|:-----------:|:-----------:| 
1|**Cold War 1994**        |$8.21M  |     |      |141418|1.50M |$8.21M   |$68M-$75M 
2|**Vanishing Point**      |$6.37M  |     |      |95944 |1.20M |$6.37M   |$46M-$52M
3|**The Devil Wears Prada 2**|$2.46M |+3% |      |58003 |0.41M |$4.86M   |$16M-$20M 
4|**Being Towards Death**  |$2.13M  |     |      |76222 |0.42M |$3.74M   |$14M-$20M 
5|**No one is closer than we**|$1.06M |   |      |9519  |0.12M |$1.06M   |$4M-$6M 
6|**Dear You**             |$0.98M  |+78% |      |7644  |0.20M |$3.50M   |$10M-$12M 
7|**GG BOND: RACE THROUGH TIME**|$0.76M |   |    |38659 |0.16M |$0.76M   |$3M-$6M 
8|**Michael**              |$0.51M  |-5%  |-67%  |6816  |0.08M |$7.16M   |$11M-$12M 
9|The Caged Butterfly      |$0.31M  |-24% |+2%   |8766  |0.07M |$14.38M  |$17M-$19M
10|Super Mario Galaxy Movie|$0.23M  |+54% |+92%  |4352  |0.04M |$19.15M  |$21M-$23M
11|All The Good Eyes(Pre-Scr)|$0.17M|     |      |9634  |0.03M |$0.23M   |
12|Hoppers                 |$0.13M  |+12% |+320% |2760  |0.02M |$24.63M  |$25M-$28M 
13|Project Hail Mary       |$0.12M  |-45% |-45%  |905   |0.02M |$39.72M  |$40M-$41M

New releases marked in **bold**

---


**Pre-Sales map for tomorrow**

https://i.imgur.com/CpUKmlu.png

Cold War 1944 and Vanishing Point dominate pre-sales for the 2nd day of the Holidays.

---

**IMAX Screenings distribution**

Cold War 1994 dominates IMAX screenings today and will continue to do so going forward. The Devil Wears Prada 2 continues to bleed screenings as Michael and PHM get some back.

||Movie|IMAX Screeninsgs Today|IMAX Screeninsgs Tomorrow|Change|
:----------- |:-----------:|:-----------:|:-----------:|:-----------:|:-----------:|:-----------:|:-----------:|
1|Cold War 1994                       |3695   |3598 |-97
2|The Devil Wears Prada 2             |733    |528  |-205
3|Michael                             |308    |494  |+186
4|Project Hail Mary                   |59     |123  |+64

---

###**Cold War 1994**

Cold War 1994 opens with ¥55.9M/$8.21M on May/Labor Day. A solid opening day but below Cold War 2 which opened with ¥100M in 2016.

Weekend aiming for $21-22M

**Screen Distribution Split:** Regular: $7.31M    , IMAX: $0.61M   , Rest: $0.15M 

**WoM figures:**

Opens with an ok 7.2 on Douban.

Maoyan: , Taopiaopiao: , Douban: 7.2

|#|FRI|SAT|SUN|MON|TUE|WED|THU|Total|
|:-----------:|:-----------:|:-----------:|:-----------:|:-----------:|:-----------:|:-----------:|:-----------:|:-----------:|:-----------:|							
|First  Week |$8.21M| | | | | | |$8.21M	
		
	
**Scheduled showings update for Cold War 1994 for the next few days:**

|Day |  Number of Showings |Presales|Projection
:----------- |:-----------:|:-----------:|:-----------:|
Today|141418|$2.09M|$8.50M-$8.80M
Saturday|122032|$1.06M|$6.93M-$7.20M
Sunday|97000|$215k|$6.23M-$6.55M

---

###**Vanishing Point**

Vanishing Point handinly beats projections opening with a strong ¥43.5M/$6.37M opening day. Might even increase tomorrow on the 2nd day of the Holidays.

Weekend will be aiming for $18-20M


**Screen Distribution Split:** Regular: $6.30M , Rest: $0.07M 

**WoM figures:**

Opens with a strong 9.5 on Maoyan and a good 7.7 on Douban.

Maoyan: 9.5 , Taopiaopiao: , Douban: 7.7

|#|FRI|SAT|SUN|MON|TUE|WED|THU|Total|
|:-----------:|:-----------:|:-----------:|:-----------:|:-----------:|:-----------:|:-----------:|:-----------:|:-----------:|:-----------:|							
|First  Week |$6.37M| | | | | | |$6.37M	
		
	
**Scheduled showings update for Vanishing Point for the next few days:**

|Day |  Number of Showings |Presales|Projection
:----------- |:-----------:|:-----------:|:-----------:|
Today|95944|1.36M|$4.40M-$5.10M
Saturday|95748|$1.07M|$6.41M-$6.79M
Sunday|74244|$205k|$5.90M-$6.59M

---


###**The Devil Wears Prada 2**

The Devil Wears Prada 2 drops to 3rd today after grossing ¥16.8M/$2.46M on Labor Day. Unlike Thunderbolts last year it actually increase a bit from its Labor Day Eve opening day. However Thunderbolts still made slightly more at ¥16.9M 

4 day Holiday opening weekend projections remain at $9-10M


**The Debvil Wears Prada 2 vs Thunderbolts:**

https://i.imgur.com/Vn3re6K.png

**Screen Distribution Split:** Regular: $4.29M    , IMAX: $0.39M   , Rest: $0.18M 

**WoM figures:**

Holds the 9.5 across both Maoyan and Taopiaopiao. Opens with a meh 6.6 score on Douban.

I chuckled at this Douban review

&gt;The impact of AI depicted in the movie is likely real, because the movie itself appears to be generated by AI. 

Maoyan: 9.5 , Taopiaopiao: 9.5 , Douban: 6.6

|#|THU|FRI|SAT|SUN|MON|TUE|WED|Total|
|:-----------:|:-----------:|:-----------:|:-----------:|:-----------:|:-----------:|:-----------:|:-----------:|:-----------:|:-----------:|							
|First  Week |$2.40M|$2.46M| | | | | |$4.86M	
		
	
**Scheduled showings update for The Devil Wears Prada 2 for the next few days:**

|Day |  Number of Showings |Presales|Projection
:----------- |:-----------:|:-----------:|:-----------:|
Today|57683|$621k|$2.67M-$2.70M
Saturday|43467|$490k|$2.21M-$2.25M
Sunday|31343|$95k|$1.99M-$2.04M

---


###**Michael**

Michael grossed ¥3.52M/$0.51M on Friday. -67% from its opening Friday and slightly below projections however the full weekend projections have actually increased to $2-2.2M(-56%)

Slightly below Bohemian Rhapsody's 2nd weekend of ¥16.3/M$2.42M

**Michael vs Bohemian Rhapsody:**

https://i.imgur.com/fXp33Wl.png

**Screen Distribution Split:** Regular: $4.77M    , IMAX: $1.79M   , Rest: $0.55M 

**WoM figures:**

Maoyan: 9.5 , Taopiaopiao: 9.4 , Douban: 7.5

|#|FRI|SAT|SUN|MON|TUE|WED|THU|Total|
|:-----------:|:-----------:|:-----------:|:-----------:|:-----------:|:-----------:|:-----------:|:-----------:|:-----------:|:-----------:|							
|First  Week |$1.56M|$1.91M|$1.32M|$0.47M|$0.43M|$0.42M|$0.54M|$6.65M	
|Second  Week |$0.51M| | | | | | |$7.16M	
|%± LW|-67%||| | | | | |
	
**Scheduled showings update for Michael for the next few days:**

|Day |  Number of Showings |Presales|Projection
:----------- |:-----------:|:-----------:|:-----------:|
Today|6563|$157k|$0.53M-$0.65M
Saturday|24042|$211k|$0.82M-$0.83M
Sunday|8238|$33k|$0.73M-$0.82M

---


#**Release Schedule:**

A table including upcoming movies in the next month alongside trailers linked in the name of the movie, Want To See data from both Maoyan and Taopiaopiao alongside the Gender split and genre. 

Remember Want To See is not pre-sales. Its just an anticipation metric. A checkbox of sorts saying your interested in an upcoming movie.

Not all movies are included since a lot are just too small to be worth covering. 

---

**May**

| Movie |Maoyan WTS|Daily Increase| Taopiaopiao WTS|Daily Increase|M/W %|Genre|Release Date|3rd party media projections
:----------- |:-----------:|:-----------:|:-----------:|:-----------:|:-----------:|:-----------:|:-----------:|:-----------:|
[Mortal Kombat II](https://vod.pipi.cn/fec9203cvodtransbj1251246104/33b8b9245145403722890582563/v.f42905.mp4) |26k|+1k|14k|+1k|75/25|Action/Fantasy|08.05|
[Love Battle](https://i.imgur.com/yT3kgKV.jpeg) |35k|+1k|50k|+1k|20/80|Romance/Comedy|20.05|
[Be Yourself](https://vod.pipi.cn/fec9203cvodtransbj1251246104/43e695815145403722808184482/v.f42905.mp4) |21k|+1k|19k|+1k|31/69|Romance/Comedy|20.05|
[Star Wars: Mandalorian &amp; Grogu](https://vod.pipi.cn/fec9203cvodtransbj1251246104/ae3ca3b05145403723990636789/v.f42905.mp4) |14k|+3k|21k|+4k|63/37|Actiiom/Sci-Fi|20.05|$5M
[All The Good Eyes](https://vod.pipi.cn/fec9203cvodtransbj1251246104/0a6e64625145403721118746297/v.f42905.mp4) |24k|+1k|13k|+1k|34/66|Drama/Romance/Crime|23.05|",32,15,1777656603.0,devil wears prada 2,theatrical_release,2026-05-01,"In China Cold War 1994 tops May/Labor Day with $8.21M. Projected a $21-22M opening weekend. Vanishing Point in 2nd strong with $6.37M and will aim for a $18-19M wkd. The Devil Wears Prada 2 in 3rd adds $2.46M/$4.86M. Still on track for a $9-10M 4 day Holiday opening. Michael adds $0.51M(-67%)/$7.16M #**Daily Box Office (May 1st 2026 - Labor Day Holiday Day 1)**

The market hits ¥163.4M/$23.93M. Up +292% from yesterday and up +533% from last week.

---

**Province map of the day:** 

https://i.imgur.com/p5eEwWh.png

Cold War 1994 and Vanishing Point dominates on Labor Day.

**In Metropolitan cities:** 

Cold War 1994 wins Guangzhou, Shanghai, Shenzhen, Chongqing, Beijing, Wuhan, Chengdu, Nanjing, Hangzhou and Suzhou 

**City tiers:**

Cold War 1994 tops T1-T3. Vanishing Point wins T4.

**Tier 1**: Cold War 1994&gt;The Devil Wears Prada 2&gt;Vanishing Point

**Tier 2**: Cold War 1994&gt;Vanishing Point&gt;The Devil Wears Prada 2

**Tier 3**: Cold War 1994&gt;Vanishing Point&gt;Being Towards Death

**Tier 4**: Vanishing Point&gt;Cold War 1994&gt;Being Towards Death

---

|# | Movie |Gross|%YD| %LW|Screenings|Admisions(Today)|Total Gross|Projected Total Gross|
:----------- |:-----------|:-----------:|:-----------:|:-----------:|:-----------:|:--------:|:-----------:|:-----------:| 
1|**Cold War 1994**        |$8.21M  |     |      |141418|1.50M |$8.21M   |$68M-$75M 
2|**Vanishing Point**      |$6.37M  |     |      |95944 |1.20M |$6.37M   |$46M-$52M
3|**The Devil Wears Prada 2**|$2.46M |+3% |      |58003 |0.41M |$4.86M   |$16M-$20M 
4|**Being Towards Death**  |$2.13M  |     |      |76222 |0.42M |$3.74M   |$14M-$20M 
5|**No one is closer than we**|$1.06M |   |      |9519  |0.12M |$1.06M   |$4M-$6M 
6|**Dear You**             |$0.98M  |+78% |      |7644  |0.20M |$3.50M   |$10M-$12M 
7|**GG BOND: RACE THROUGH TIME**|$0.76M |   |    |38659 |0.16M |$0.76M   |$3M-$6M 
8|**Michael**              |$0.51M  |-5%  |-67%  |6816  |0.08M |$7.16M   |$11M-$12M 
9|The Caged Butterfly      |$0.31M  |-24% |+2%   |8766  |0.07M |$14.38M  |$17M-$19M
10|Super Mario Galaxy Movie|$0.23M  |+54% |+92%  |4352  |0.04M |$19.15M  |$21M-$23M
11|All The Good Eyes(Pre-Scr)|$0.17M|     |      |9634  |0.03M |$0.23M   |
12|Hoppers                 |$0.13M  |+12% |+320% |2760  |0.02M |$24.63M  |$25M-$28M 
13|Project Hail Mary       |$0.12M  |-45% |-45%  |905   |0.02M |$39.72M  |$40M-$41M

New releases marked in **bold**

---


**Pre-Sales map for tomorrow**

https://i.imgur.com/CpUKmlu.png

Cold War 1944 and Vanishing Point dominate pre-sales for the 2nd day of the Holidays.

---

**IMAX Screenings distribution**

Cold War 1994 dominates IMAX screenings today and will continue to do so going forward. The Devil Wears Prada 2 continues to bleed screenings as Michael and PHM get some back.

||Movie|IMAX Screeninsgs Today|IMAX Screeninsgs Tomorrow|Change|
:----------- |:-----------:|:-----------:|:-----------:|:-----------:|:-----------:|:-----------:|:-----------:|
1|Cold War 1994                       |3695   |3598 |-97
2|The Devil Wears Prada 2             |733    |528  |-205
3|Michael                             |308    |494  |+186
4|Project Hail Mary                   |59     |123  |+64

---

###**Cold War 1994**

Cold War 1994 opens with ¥55.9M/$8.21M on May/Labor Day. A solid opening day but below Cold War 2 which opened with ¥100M in 2016.

Weekend aiming for $21-22M

**Screen Distribution Split:** Regular: $7.31M    , IMAX: $0.61M   , Rest: $0.15M 

**WoM figures:**

Opens with an ok 7.2 on Douban.

Maoyan: , Taopiaopiao: , Douban: 7.2

|#|FRI|SAT|SUN|MON|TUE|WED|THU|Total|
|:-----------:|:-----------:|:-----------:|:-----------:|:-----------:|:-----------:|:-----------:|:-----------:|:-----------:|:-----------:|							
|First  Week |$8.21M| | | | | | |$8.21M	
		
	
**Scheduled showings update for Cold War 1994 for the next few days:**

|Day |  Number of Showings |Presales|Projection
:----------- |:-----------:|:-----------:|:-----------:|
Today|141418|$2.09M|$8.50M-$8.80M
Saturday|122032|$1.06M|$6.93M-$7.20M
Sunday|97000|$215k|$6.23M-$6.55M

---

###**Vanishing Point**

Vanishing Point handinly beats projections opening with a strong ¥43.5M/$6.37M opening day. Might even increase tomorrow on the 2nd day of the Holidays.

Weekend will be aiming for $18-20M


**Screen Distribution Split:** Regular: $6.30M , Rest: $0.07M 

**WoM figures:**

Opens with a strong 9.5 on Maoyan and a good 7.7 on Douban.

Maoyan: 9.5 , Taopiaopiao: , Douban: 7.7

|#|FRI|SAT|SUN|MON|TUE|WED|THU|Total|
|:-----------:|:-----------:|:-----------:|:-----------:|:-----------:|:-----------:|:-----------:|:-----------:|:-----------:|:-----------:|							
|First  Week |$6.37M| | | | | | |$6.37M	
		
	
**Scheduled showings update for Vanishing Point for the next few days:**

|Day |  Number of Showings |Presales|Projection
:----------- |:-----------:|:-----------:|:-----------:|
Today|95944|1.36M|$4.40M-$5.10M
Saturday|95748|$1.07M|$6.41M-$6.79M
Sunday|74244|$205k|$5.90M-$6.59M

---


###**The Devil Wears Prada 2**

The Devil Wears Prada 2 drops to 3rd today after grossing ¥16.8M/$2.46M on Labor Day. Unlike Thunderbolts last year it actually increase a bit from its Labor Day Eve opening day. However Thunderbolts still made slightly more at ¥16.9M 

4 day Holiday opening weekend projections remain at $9-10M


**The Debvil Wears Prada 2 vs Thunderbolts:**

https://i.imgur.com/Vn3re6K.png

**Screen Distribution Split:** Regular: $4.29M    , IMAX: $0.39M   , Rest: $0.18M 

**WoM figures:**

Holds the 9.5 across both Maoyan and Taopiaopiao. Opens with a meh 6.6 score on Douban.

I chuckled at this Douban review

&gt;The impact of AI depicted in the movie is likely real, because the movie itself appears to be generated by AI. 

Maoyan: 9.5 , Taopiaopiao: 9.5 , Douban: 6.6

|#|THU|FRI|SAT|SUN|MON|TUE|WED|Total|
|:-----------:|:-----------:|:-----------:|:-----------:|:-----------:|:-----------:|:-----------:|:-----------:|:-----------:|:-----------:|							
|First  Week |$2.40M|$2.46M| | | | | |$4.86M	
		
	
**Scheduled showings update for The Devil Wears Prada 2 for the next few days:**

|Day |  Number of Showings |Presales|Projection
:----------- |:-----------:|:-----------:|:-----------:|
Today|57683|$621k|$2.67M-$2.70M
Saturday|43467|$490k|$2.21M-$2.25M
Sunday|31343|$95k|$1.99M-$2.04M

---


###**Michael**

Michael grossed ¥3.52M/$0.51M on Friday. -67% from its opening Friday and slightly below projections however the full weekend projections have actually increased to $2-2.2M(-56%)

Slightly below Bohemian Rhapsody's 2nd weekend of ¥16.3/M$2.42M

**Michael vs Bohemian Rhapsody:**

https://i.imgur.com/fXp33Wl.png

**Screen Distribution Split:** Regular: $4.77M    , IMAX: $1.79M   , Rest: $0.55M 

**WoM figures:**

Maoyan: 9.5 , Taopiaopiao: 9.4 , Douban: 7.5

|#|FRI|SAT|SUN|MON|TUE|WED|THU|Total|
|:-----------:|:-----------:|:-----------:|:-----------:|:-----------:|:-----------:|:-----------:|:-----------:|:-----------:|:-----------:|							
|First  Week |$1.56M|$1.91M|$1.32M|$0.47M|$0.43M|$0.42M|$0.54M|$6.65M	
|Second  Week |$0.51M| | | | | | |$7.16M	
|%± LW|-67%||| | | | | |
	
**Scheduled showings update for Michael for the next few days:**

|Day |  Number of Showings |Presales|Projection
:----------- |:-----------:|:-----------:|:-----------:|
Today|6563|$157k|$0.53M-$0.65M
Saturday|24042|$211k|$0.82M-$0.83M
Sunday|8238|$33k|$0.73M-$0.82M

---


#**Release Schedule:**

A table including upcoming movies in the next month alongside trailers linked in the name of the movie, Want To See data from both Maoyan and Taopiaopiao alongside the Gender split and genre. 

Remember Want To See is not pre-sales. Its just an anticipation metric. A checkbox of sorts saying your interested in an upcoming movie.

Not all movies are included since a lot are just too small to be worth covering. 

---

**May**

| Movie |Maoyan WTS|Daily Increase| Taopiaopiao WTS|Daily Increase|M/W %|Genre|Release Date|3rd party media projections
:----------- |:-----------:|:-----------:|:-----------:|:-----------:|:-----------:|:-----------:|:-----------:|:-----------:|
[Mortal Kombat II](https://vod.pipi.cn/fec9203cvodtransbj1251246104/33b8b9245145403722890582563/v.f42905.mp4) |26k|+1k|14k|+1k|75/25|Action/Fantasy|08.05|
[Love Battle](https://i.imgur.com/yT3kgKV.jpeg) |35k|+1k|50k|+1k|20/80|Romance/Comedy|20.05|
[Be Yourself](https://vod.pipi.cn/fec9203cvodtransbj1251246104/43e695815145403722808184482/v.f42905.mp4) |21k|+1k|19k|+1k|31/69|Romance/Comedy|20.05|
[Star Wars: Mandalorian &amp; Grogu](https://vod.pipi.cn/fec9203cvodtransbj1251246104/ae3ca3b05145403723990636789/v.f42905.mp4) |14k|+3k|21k|+4k|63/37|Actiiom/Sci-Fi|20.05|$5M
[All The Good Eyes](https://vod.pipi.cn/fec9203cvodtransbj1251246104/0a6e64625145403721118746297/v.f42905.mp4) |24k|+1k|13k|+1k|34/66|Drama/Romance/Crime|23.05|",-0.9485,
1t0zcls,boxoffice,JAPAN BOX OFFICE MAY 1 [Golden Week]. Devil wears the prada 2 has a spectacular OD during golden week rush. WOM is overwhelmingly positive. Looks like 10-13 million dollar OW.,,120,43,1777655101.0,devil wears prada 2,theatrical_release,2026-05-01,JAPAN BOX OFFICE MAY 1 [Golden Week]. Devil wears the prada 2 has a spectacular OD during golden week rush. WOM is overwhelmingly positive. Looks like 10-13 million dollar OW.,0.0516,
1t0w3nx,boxoffice,"‘The Devil Wears Prada 2’ Strikes A Pose Thursday Night With $10M Previews, $50.5M WW – Box Office Update",,276,129,1777648114.0,devil wears prada 2,theatrical_release,2026-05-01,"‘The Devil Wears Prada 2’ Strikes A Pose Thursday Night With $10M Previews, $50.5M WW – Box Office Update",-0.7845,
1t0u0ly,boxoffice,Brazil mid-week (27-29 april). Michael already became the 5th best selling movie of the year while Devil Wears Prada 2 starts strong,,42,2,1777643453.0,devil wears prada 2,theatrical_release,2026-05-01,Brazil mid-week (27-29 april). Michael already became the 5th best selling movie of the year while Devil Wears Prada 2 starts strong,0.4767,
1t0rs42,boxoffice,'The Devil Wears Prada 2' Rotten Tomatoes Verified Audience Score Thread,"I will continue to update this post as the score changes.

**Rotten Tomatoes Popcornmeter:** Hot

**Audience Says:** N/A

|Audience|Score|**Number of Reviews**|**Average Rating**|
|:-|:-|:-|:-|
|**Verified Audience**|88%|1,000+|4.5/5|
|**All Audience**|84%|1,000+|4.3/5|

**Verified Audience Score History:**

* 88% (4.5/5) at 500+
* 88% (4.5/5) at 1,000+

[**Rotten Tomatoes:**](https://www.rottentomatoes.com/m/the_devil_wears_prada_2) Certified Fresh

**Critics Consensus:** Meryl Streep still wears Miranda Priestly like a finely-tailored suit in this sinfully enjoyable sequel, which is dressed to the nines in off-the-rack wish fulfillment and some trenchant observations about the state of modern media.

|Critics|Score|**Number of Reviews**|Average Rating (Unofficial)|
|:-|:-|:-|:-|
|**All Critics**|77%|224|6.60/10|
|**Top Critics**|73%|55||

[**Metacritic:**](https://www.metacritic.com/movie/the-devil-wears-prada-2/) 63 (54 Reviews)

**SYNOPSIS:**

Almost twenty years after making their iconic turns as Miranda, Andy, Emily and Nigel—Meryl Streep, Anne Hathaway, Emily Blunt and Stanley Tucci return to the fashionable streets of New York City and the sleek offices of Runway Magazine in the eagerly awaited sequel to the 2006 phenomenon that defined a generation.

**CAST:**

* Meryl Streep as Miranda Priestly
* Anne Hathaway as Andrea ""Andy"" Sachs
* Emily Blunt as Emily Charlton
* Stanley Tucci as Nigel Kipling
* Kenneth Branagh as Stuart
* Simone Ashley as Amari Mari
* Lucy Liu as Sasha Barnes
* Patrick Brammall as Peter
* Caleb Hearon as Charlie
* Helen J. Shen as Jin
* Pauline Chalamet
* B.J. Novak as Jay Ravitz
* Tracie Thoms as Lily
* Tibor Feldman as Irv Ravitz

**DIRECTED BY:** David Frankel

**SCREENPLAY BY:** Aline Brosh Mckenna

**BASED ON CHARACTERS CREATED BY:** Lauren Weisberger

**PRODUCED BY:** Wendy Finerman

**EXECUTIVE PRODUCERS:** Michael Bederman, Karen Rosenfelt, Aline Brosh McKenna

**DIRECTOR OF PHOTOGRAPHY:** Florian Ballhaus

**PRODUCTION DESIGNER:** Jess Gonchor

**EDITED BY:** Andrew Marcus

**COSTUME DESIGNER:** Molly Rogers

**MUSIC BY:** Theodore Shapiro

**MUSIC SUPERVISOR:** Julia Michels

**CASTING BY:** Ellen Lewis, Shayna Markowitz

**RUNTIME:** 119 Minutes

**RELEASE DATE:** May 1, 2026",165,110,1777637852.0,devil wears prada 2,theatrical_release,2026-05-01,"'The Devil Wears Prada 2' Rotten Tomatoes Verified Audience Score Thread I will continue to update this post as the score changes.

**Rotten Tomatoes Popcornmeter:** Hot

**Audience Says:** N/A

|Audience|Score|**Number of Reviews**|**Average Rating**|
|:-|:-|:-|:-|
|**Verified Audience**|88%|1,000+|4.5/5|
|**All Audience**|84%|1,000+|4.3/5|

**Verified Audience Score History:**

* 88% (4.5/5) at 500+
* 88% (4.5/5) at 1,000+

[**Rotten Tomatoes:**](https://www.rottentomatoes.com/m/the_devil_wears_prada_2) Certified Fresh

**Critics Consensus:** Meryl Streep still wears Miranda Priestly like a finely-tailored suit in this sinfully enjoyable sequel, which is dressed to the nines in off-the-rack wish fulfillment and some trenchant observations about the state of modern media.

|Critics|Score|**Number of Reviews**|Average Rating (Unofficial)|
|:-|:-|:-|:-|
|**All Critics**|77%|224|6.60/10|
|**Top Critics**|73%|55||

[**Metacritic:**](https://www.metacritic.com/movie/the-devil-wears-prada-2/) 63 (54 Reviews)

**SYNOPSIS:**

Almost twenty years after making their iconic turns as Miranda, Andy, Emily and Nigel—Meryl Streep, Anne Hathaway, Emily Blunt and Stanley Tucci return to the fashionable streets of New York City and the sleek offices of Runway Magazine in the eagerly awaited sequel to the 2006 phenomenon that defined a generation.

**CAST:**

* Meryl Streep as Miranda Priestly
* Anne Hathaway as Andrea ""Andy"" Sachs
* Emily Blunt as Emily Charlton
* Stanley Tucci as Nigel Kipling
* Kenneth Branagh as Stuart
* Simone Ashley as Amari Mari
* Lucy Liu as Sasha Barnes
* Patrick Brammall as Peter
* Caleb Hearon as Charlie
* Helen J. Shen as Jin
* Pauline Chalamet
* B.J. Novak as Jay Ravitz
* Tracie Thoms as Lily
* Tibor Feldman as Irv Ravitz

**DIRECTED BY:** David Frankel

**SCREENPLAY BY:** Aline Brosh Mckenna

**BASED ON CHARACTERS CREATED BY:** Lauren Weisberger

**PRODUCED BY:** Wendy Finerman

**EXECUTIVE PRODUCERS:** Michael Bederman, Karen Rosenfelt, Aline Brosh McKenna

**DIRECTOR OF PHOTOGRAPHY:** Florian Ballhaus

**PRODUCTION DESIGNER:** Jess Gonchor

**EDITED BY:** Andrew Marcus

**COSTUME DESIGNER:** Molly Rogers

**MUSIC BY:** Theodore Shapiro

**MUSIC SUPERVISOR:** Julia Michels

**CASTING BY:** Ellen Lewis, Shayna Markowitz

**RUNTIME:** 119 Minutes

**RELEASE DATE:** May 1, 2026",-0.2656,
1t0qn2t,boxoffice,Germany Box Office - The Devil Wears Prada 2 is tracking to open in 1st place with the 2nd biggest opening weekend of the year and the 18th biggest opening weekend of the decade. Michael is set to increase +0.2% during it´s 2nd weekend.,"https://preview.redd.it/vt1t9dv5giyg1.jpg?width=490&amp;format=pjpg&amp;auto=webp&amp;s=fc7222944c220d5bb67d91434b5e304d18012291

https://preview.redd.it/b2fj6ct6giyg1.jpg?width=495&amp;format=pjpg&amp;auto=webp&amp;s=eac15881be0425294f5191ac89925cdcff66d889

https://preview.redd.it/ejjc1z1bgiyg1.jpg?width=495&amp;format=pjpg&amp;auto=webp&amp;s=1363b39a1d4f664ed8088a6c8ca0eac7a80da917

* This is another tough weekend for projections, due to the the holiday today. The last time with a holiday weekend like this was in 2020 when cinemas were closed and before then it was in 2015, which is already 11 years agoand that weekend had much more cinema friendly weather, while this time temperatures are expected to go up to 28 degrees Celsius.

Hoever, thanks to some strong film, german movie theaters might be able to defy the summer weather for once, though.

The Devil Wears Prada 2 is currently tracking to sell Ca. 607.5K tickets during the actual opening weekend and Ca. 750K tickets incl. wednesday previews. This film is currently expected to have the 2nd biggest opening weekend of the year and the 18th biggest opening weekend since the pandemic started.

As a comparison, the first film opened with 562.498 tickets and ended up with a total of 2.980.719 tickets.

**Top 10 Biggest 2026 Opening Weekends:**

|**Nr.**|Film|Opening Weekend (Ticket Sales)|Theaters (Opening Weekend)|Average (Opening Weekend)|Release Date|
|:-|:-|:-|:-|:-|:-|
|**1**|The Super Mario Galaxy Movie (U)|953.163|678|1.406|April 1st, 2026|
|**2**|The Devil Wears Prada 2 (BV)|Ca. 607.500|724|Ca. 839|April 30th, 2026|
|**3**|Michael (U)|424.096|691|614|April 23rd, 2026|
|**4**|Extrawurst (SC)|344.967|679|508|January 15th, 2026|
|**5**|The Housemaid (LEO)|264.504|502|527|January 15th, 2026|
|**6**|The Three Investigators - Isle of Death (COL)|236.428|639|370|January 22nd, 2026|
|**7**|Woodwalkers 2 (SC)|208.408|569|366|January 29th, 2026|
|**8**|Project Hail Mary (COL)|208.066|592|351|March 19th, 2026|
|**9**|Hoppers (BV)|201.716|622|324|March 5th, 2026|
|**10**|Horst Schlämmer sucht das Glück (LEO)|187.208|671|279|March 26th, 2026|
|**Dropped Out**|Reminders of Him (U)|169.293|521|325|March 12th, 2026|

**Top 10 Biggest Anne Hathaway Opening Weekends:**

|**Nr.**|Film|Opening Weekend (Ticket Sales)|Theaters (Opening Weekend)|Average (Opening Weekend)|Release Date|
|:-|:-|:-|:-|:-|:-|
|**1**|The Dark Knight Rises|857.332|718|1.194|July 26th, 2012|
|**2**|The Devil Wears Prada 2|Ca. 607.500|724|Ca. 839|April 30th, 2026|
|**3**|The Devil Wears Prada|562.498|559|1.006|October 12th, 2006|
|**4**|Alice in Wonderland (2010)|543.814|452|1.203|March 4th, 2010|
|**5**|Interstellar|373.118|652|572|November 6th, 2014|
|**6**|Rio 2|283.852|686|414|April 3rd, 2014|
|**7**|The Princess Diaries|275.361|450|612|December 20th, 2001|
|**8**|Valentine´s Day|273.309|410|667|February 11th, 2010|
|**9**|Brokeback Mountain|224.285|149|1.505|March 9th, 2006|
|**10**|Rio|222.084|724|307|April 7th. 2011|
|**Dropped Out**|Get Smart|209.121|548|382|July 17th, 2008|

**Top 10 Biggest Meryl Streep Opening Weekends:**

|**Nr.**|Film|Opening Weekend (Ticket Sales)|Theaters (Opening Weekend)|Average (Opening Weekend)|Release Date|
|:-|:-|:-|:-|:-|:-|
|**1**|The Devil Wears Prada 2|Ca. 607.500|724|Ca. 839|April 30th, 2026|
|**2**|The Devil Wears Prada|562.498|559|1.006|October 12th, 2006|
|**3**|Mamma Mia!|540.060|611|884|July 17th, 2008|
|**4**|Mamma Mia! Here We Go Again|342.934|793|432|July 19th, 2018|
|**5**|A.I. - Artificial Intelligence|320.144|670|478|September 13th, 2001|
|**6**|The House of the Spirits|266.576|219|1.217|October 21st,1993|
|**7**|Death Becomes Her|248.373|208|1.194|December 17th,1992|
|**8**|It´s Complicated|226.193|552|410|January 21st, 2010|
|**9**|Hoppers|201.716|622|324|March 5th, 2026|
|**10**|Mary Poppins Returns|194.527|607|320|December 20th, 2018|
|**Dropped Out**|Lemony Snicket's A Series of Unfortunate Events|193.033|398|485|January 27th, 2005|

* Tom &amp; Jerry: Forbidden Compass is significantly underperforming previous Tom &amp; Jerry theatrical release, as was expected.

|**Nr.**|Film|Opening Weekend (Ticket Sales)|Theaters (Opening Weekend)|Average (Opening Weekend)|Release Date|
|:-|:-|:-|:-|:-|:-|
|**1**|Tom &amp; Jerry|75.788|485|156|August 12th, 2021|
|**2**|Tom &amp; Jerry - The Movie|61.980|175|354|October 1st, 1992|
|**3**|Tom and Jerry - Forbidden Compass|Ca. 12.500|350|Ca. 36|April 30th, 2026|

* Michael is completely unimpressed by the huge opening weekend of The Devil Wears Prada 2 and is set to become the 10th 2026 film to surpass 1 million tickets sold, during the weekend.

The Super Matio Galaxy Movie continues to do well, but worse than the first film, which had a 5th weekend of 234.835 tickets -46% and a 5th weekend total of 4.386.801 tickets.

Project Hail Mary has now surpassed The Martian´s Final Total of 1.367.614 tickets &amp; €14.912.841.

**The current projection for the Weekend:**

1. The Devil Wears Prada 2 - 607.500 tickets/ 750.000 tickets (New)
2. Michael - 425.000 tickets +0.2%/ 1.055.000 tickets (2nd Weekend)
3. Der Super Mario Galaxy Film - 200.000 tickets +3.5%/ 3.255.000 tickets (5th Weekend)
4. Project Hail Mary - 52.500 tickets -14.5%/ 1.425.000 tickets (7th Weekend)
5. Lee Cronin´s The Mummy - 40.000 tickets -7.2%/ 182.500 tickets (3rd Weekend)

?. The Magic Faraway Tree - 32.500 tickets/ 35.000 tickets (New)

?. Tom &amp; Jerry: Forbidden Compass - 12.500 tickets/ 15.000 tickets (New)

* My post about this weekend´s final numbers will be released next week, probably on tuesday or wednesday.",33,10,1777634696.0,devil wears prada 2,theatrical_release,2026-05-01,"Germany Box Office - The Devil Wears Prada 2 is tracking to open in 1st place with the 2nd biggest opening weekend of the year and the 18th biggest opening weekend of the decade. Michael is set to increase +0.2% during it´s 2nd weekend. https://preview.redd.it/vt1t9dv5giyg1.jpg?width=490&amp;format=pjpg&amp;auto=webp&amp;s=fc7222944c220d5bb67d91434b5e304d18012291

https://preview.redd.it/b2fj6ct6giyg1.jpg?width=495&amp;format=pjpg&amp;auto=webp&amp;s=eac15881be0425294f5191ac89925cdcff66d889

https://preview.redd.it/ejjc1z1bgiyg1.jpg?width=495&amp;format=pjpg&amp;auto=webp&amp;s=1363b39a1d4f664ed8088a6c8ca0eac7a80da917

* This is another tough weekend for projections, due to the the holiday today. The last time with a holiday weekend like this was in 2020 when cinemas were closed and before then it was in 2015, which is already 11 years agoand that weekend had much more cinema friendly weather, while this time temperatures are expected to go up to 28 degrees Celsius.

Hoever, thanks to some strong film, german movie theaters might be able to defy the summer weather for once, though.

The Devil Wears Prada 2 is currently tracking to sell Ca. 607.5K tickets during the actual opening weekend and Ca. 750K tickets incl. wednesday previews. This film is currently expected to have the 2nd biggest opening weekend of the year and the 18th biggest opening weekend since the pandemic started.

As a comparison, the first film opened with 562.498 tickets and ended up with a total of 2.980.719 tickets.

**Top 10 Biggest 2026 Opening Weekends:**

|**Nr.**|Film|Opening Weekend (Ticket Sales)|Theaters (Opening Weekend)|Average (Opening Weekend)|Release Date|
|:-|:-|:-|:-|:-|:-|
|**1**|The Super Mario Galaxy Movie (U)|953.163|678|1.406|April 1st, 2026|
|**2**|The Devil Wears Prada 2 (BV)|Ca. 607.500|724|Ca. 839|April 30th, 2026|
|**3**|Michael (U)|424.096|691|614|April 23rd, 2026|
|**4**|Extrawurst (SC)|344.967|679|508|January 15th, 2026|
|**5**|The Housemaid (LEO)|264.504|502|527|January 15th, 2026|
|**6**|The Three Investigators - Isle of Death (COL)|236.428|639|370|January 22nd, 2026|
|**7**|Woodwalkers 2 (SC)|208.408|569|366|January 29th, 2026|
|**8**|Project Hail Mary (COL)|208.066|592|351|March 19th, 2026|
|**9**|Hoppers (BV)|201.716|622|324|March 5th, 2026|
|**10**|Horst Schlämmer sucht das Glück (LEO)|187.208|671|279|March 26th, 2026|
|**Dropped Out**|Reminders of Him (U)|169.293|521|325|March 12th, 2026|

**Top 10 Biggest Anne Hathaway Opening Weekends:**

|**Nr.**|Film|Opening Weekend (Ticket Sales)|Theaters (Opening Weekend)|Average (Opening Weekend)|Release Date|
|:-|:-|:-|:-|:-|:-|
|**1**|The Dark Knight Rises|857.332|718|1.194|July 26th, 2012|
|**2**|The Devil Wears Prada 2|Ca. 607.500|724|Ca. 839|April 30th, 2026|
|**3**|The Devil Wears Prada|562.498|559|1.006|October 12th, 2006|
|**4**|Alice in Wonderland (2010)|543.814|452|1.203|March 4th, 2010|
|**5**|Interstellar|373.118|652|572|November 6th, 2014|
|**6**|Rio 2|283.852|686|414|April 3rd, 2014|
|**7**|The Princess Diaries|275.361|450|612|December 20th, 2001|
|**8**|Valentine´s Day|273.309|410|667|February 11th, 2010|
|**9**|Brokeback Mountain|224.285|149|1.505|March 9th, 2006|
|**10**|Rio|222.084|724|307|April 7th. 2011|
|**Dropped Out**|Get Smart|209.121|548|382|July 17th, 2008|

**Top 10 Biggest Meryl Streep Opening Weekends:**

|**Nr.**|Film|Opening Weekend (Ticket Sales)|Theaters (Opening Weekend)|Average (Opening Weekend)|Release Date|
|:-|:-|:-|:-|:-|:-|
|**1**|The Devil Wears Prada 2|Ca. 607.500|724|Ca. 839|April 30th, 2026|
|**2**|The Devil Wears Prada|562.498|559|1.006|October 12th, 2006|
|**3**|Mamma Mia!|540.060|611|884|July 17th, 2008|
|**4**|Mamma Mia! Here We Go Again|342.934|793|432|July 19th, 2018|
|**5**|A.I. - Artificial Intelligence|320.144|670|478|September 13th, 2001|
|**6**|The House of the Spirits|266.576|219|1.217|October 21st,1993|
|**7**|Death Becomes Her|248.373|208|1.194|December 17th,1992|
|**8**|It´s Complicated|226.193|552|410|January 21st, 2010|
|**9**|Hoppers|201.716|622|324|March 5th, 2026|
|**10**|Mary Poppins Returns|194.527|607|320|December 20th, 2018|
|**Dropped Out**|Lemony Snicket's A Series of Unfortunate Events|193.033|398|485|January 27th, 2005|

* Tom &amp; Jerry: Forbidden Compass is significantly underperforming previous Tom &amp; Jerry theatrical release, as was expected.

|**Nr.**|Film|Opening Weekend (Ticket Sales)|Theaters (Opening Weekend)|Average (Opening Weekend)|Release Date|
|:-|:-|:-|:-|:-|:-|
|**1**|Tom &amp; Jerry|75.788|485|156|August 12th, 2021|
|**2**|Tom &amp; Jerry - The Movie|61.980|175|354|October 1st, 1992|
|**3**|Tom and Jerry - Forbidden Compass|Ca. 12.500|350|Ca. 36|April 30th, 2026|

* Michael is completely unimpressed by the huge opening weekend of The Devil Wears Prada 2 and is set to become the 10th 2026 film to surpass 1 million tickets sold, during the weekend.

The Super Matio Galaxy Movie continues to do well, but worse than the first film, which had a 5th weekend of 234.835 tickets -46% and a 5th weekend total of 4.386.801 tickets.

Project Hail Mary has now surpassed The Martian´s Final Total of 1.367.614 tickets &amp; €14.912.841.

**The current projection for the Weekend:**

1. The Devil Wears Prada 2 - 607.500 tickets/ 750.000 tickets (New)
2. Michael - 425.000 tickets +0.2%/ 1.055.000 tickets (2nd Weekend)
3. Der Super Mario Galaxy Film - 200.000 tickets +3.5%/ 3.255.000 tickets (5th Weekend)
4. Project Hail Mary - 52.500 tickets -14.5%/ 1.425.000 tickets (7th Weekend)
5. Lee Cronin´s The Mummy - 40.000 tickets -7.2%/ 182.500 tickets (3rd Weekend)

?. The Magic Faraway Tree - 32.500 tickets/ 35.000 tickets (New)

?. Tom &amp; Jerry: Forbidden Compass - 12.500 tickets/ 15.000 tickets (New)

* My post about this weekend´s final numbers will be released next week, probably on tuesday or wednesday.",-0.9678,
1t0pizs,boxoffice,"Russia and CIS box office brief May, 1st. Prada had huge opening day in CIS countries. Local releases will dominate on May holidays in Russia, Undertone opened on 7th place.","Huge opening day for **The Devil Wears Prada 2** in CIS countries with $355k and 56 327 admissions reported so far. The biggest since Avatar 3 in December and probably among the Top10 best ever. Hard to say how much it will be frontloaded but right now we can expect at least $1.6-1.7 mln opening weekend. 

Once again those numbers are from CIS countries, mainly Kazakhstan, not from Russia. 

**Michael** is holding well with only 12% week-to-week drop. $77k on Thurday with $995k total.

Local movies will dominate during May holidays in Russia (two long weekends May 1-3 and May 9-11). All unofficial or pirated releases are paused till May, 11. Rather unexpectedly criminal drama Kommersant ($213k on Thursday) is pulling away from war dramas Angels of Ladoga ($167k) and Litvyak ($83k). 

**The Drama** added $125k yesterday with 580 mln RUB or $7.55 mln total. 905k admissions in Russia, already passed million admissions with CIS countries included. Still heading for around $10 mln final gross.  

**Undertone** opened on 7th with $50k. Around $250-260k opening weekend. Another canadian horror **Bodycam** grossed $26k yesterday and **Beast** made $25k. Abysmally poor opening day for british family film **Flavia** (around $5500) thanks to no advertising and ridiculous 16+ rating.

**La Grazia** is making huge money in some art-house theaters with outrageous ticket prices up to 2000-2200 roubles ($25-27). Already banked around $160k including previews. 



",12,6,1777631262.0,devil wears prada 2,theatrical_release,2026-05-01,"Russia and CIS box office brief May, 1st. Prada had huge opening day in CIS countries. Local releases will dominate on May holidays in Russia, Undertone opened on 7th place. Huge opening day for **The Devil Wears Prada 2** in CIS countries with $355k and 56 327 admissions reported so far. The biggest since Avatar 3 in December and probably among the Top10 best ever. Hard to say how much it will be frontloaded but right now we can expect at least $1.6-1.7 mln opening weekend. 

Once again those numbers are from CIS countries, mainly Kazakhstan, not from Russia. 

**Michael** is holding well with only 12% week-to-week drop. $77k on Thurday with $995k total.

Local movies will dominate during May holidays in Russia (two long weekends May 1-3 and May 9-11). All unofficial or pirated releases are paused till May, 11. Rather unexpectedly criminal drama Kommersant ($213k on Thursday) is pulling away from war dramas Angels of Ladoga ($167k) and Litvyak ($83k). 

**The Drama** added $125k yesterday with 580 mln RUB or $7.55 mln total. 905k admissions in Russia, already passed million admissions with CIS countries included. Still heading for around $10 mln final gross.  

**Undertone** opened on 7th with $50k. Around $250-260k opening weekend. Another canadian horror **Bodycam** grossed $26k yesterday and **Beast** made $25k. Abysmally poor opening day for british family film **Flavia** (around $5500) thanks to no advertising and ridiculous 16+ rating.

**La Grazia** is making huge money in some art-house theaters with outrageous ticket prices up to 2000-2200 roubles ($25-27). Already banked around $160k including previews.",-0.9809,
1t0n1j3,boxoffice,🇮🇹 Italian box office Thursday April 24: The Devil Wears Prada 2 Soars Over 💶 5 Million in Only 2 Days,"Source:

https://cineguru.screenweek.it/2026/05/il-diavolo-veste-prada-2-vola-oltre-i-5-milioni-il-box-office-di-giovedi-30-aprile-49871/

\&gt;After a stellar start, The Devil Wears Prada 2 repeated its success, grossing €2,363,758 on its second day (down just 13% from its debut), averaging €3,875 in 610 theaters, for a total of €5,081,447. Given the numbers, the film starring Meryl Streep and Anne Hathaway may have easily surpassed the €10 million mark by Sunday night. After two days in theaters, Inside Out 2 —to name another phenomenally successful sequel—had grossed €4,983,761; Barbie , on the other hand, had grossed €3,997,697.",47,11,1777622734.0,devil wears prada 2,theatrical_release,2026-05-01,"🇮🇹 Italian box office Thursday April 24: The Devil Wears Prada 2 Soars Over 💶 5 Million in Only 2 Days Source:

https://cineguru.screenweek.it/2026/05/il-diavolo-veste-prada-2-vola-oltre-i-5-milioni-il-box-office-di-giovedi-30-aprile-49871/

\&gt;After a stellar start, The Devil Wears Prada 2 repeated its success, grossing €2,363,758 on its second day (down just 13% from its debut), averaging €3,875 in 610 theaters, for a total of €5,081,447. Given the numbers, the film starring Meryl Streep and Anne Hathaway may have easily surpassed the €10 million mark by Sunday night. After two days in theaters, Inside Out 2 —to name another phenomenally successful sequel—had grossed €4,983,761; Barbie , on the other hand, had grossed €3,997,697.",0.296,
1t0kw0c,boxoffice,Box Office Report weekend prediction: May 1 - 3,http://www.boxofficereport.com/predictions/predictions20260430.html ,51,20,1777615446.0,devil wears prada 2,theatrical_release,2026-05-01,Box Office Report weekend prediction: May 1 - 3 http://www.boxofficereport.com/predictions/predictions20260430.html,0.0,
1t0i4c6,boxoffice,Looks like $9.5M previews for #TheDevilWearsPrada2. Initial audience reception is good. Expecting the weekend to be around $75M.,,433,169,1777606937.0,devil wears prada 2,theatrical_release,2026-05-01,Looks like $9.5M previews for #TheDevilWearsPrada2. Initial audience reception is good. Expecting the weekend to be around $75M.,0.6597,
1t0hf8j,boxoffice,Box Office: 'Devil Wears Prada 2' Banking $10M+ Previews,,177,64,1777604878.0,devil wears prada 2,theatrical_release,2026-05-01,Box Office: 'Devil Wears Prada 2' Banking $10M+ Previews,-0.6597,
1t0f039,boxoffice,Summer 2026 Top 10 predictions,"With the summer movie season starting tomorrow, here are my predictions of how the top 10 will look like.

1. Spider-Man: Brand New Day (1.3B WW/480M DOM)

It's spider-man, of course it will make a billion, but this is a street-level spider-man movie so the ceiling is noticeably lower and is also releasing in a crowded period. People will once again realize that trailer views do not translate to box office gross.

2. The Odyssey: (1.25B WW/420M DOM)

Christopher Nolan is on another level right now. If he could get Oppenheimer, a dialogue heavy movie to near a billion, a massive, visually-driven epic could go even further. Before people bring up barbenheimer, Oppenheimer still legged out very well from its opening and even beat barbie in some countries.

3. Toy Story 5: (850M WW/330M DOM)

5th movie in the franchise and the 4th movie was already pushing it. Not much to say here. Can't expect them all to make a billion.

4. Minions and Monsters: (760M WW/290M DOM)

Just like how we are seeing weak audience reception affect the Mario movie, I think the same will happen here, especially with it releasing in a crowded period.

5. Disclosure Day: (650M WW/210M DOM)

It's Steven Spielberg making a UFO Movie. Close Encounters adjusted is the ceiling for this one.

6. The Devil Wears Prada 2: (610M WW/210M DOM)

The original has aged into a cult favorite. Legacy sequels have been performing well lately, so I expect the same to happen here.

7. Moana: (560M WW/230M DOM)

Trailer looks like shit, and it is releasing only 2 years after the last one which got mixed reception and is releasing in a crowded period.

8. Supergirl: (330M WW/170M DOM)

Not a very well known character, and superman was dead overseas. Don't expect much here.

9. Mandalorian and Grogu: (285M WW/165M DOM)

Releasing 5 years too late, and this movie has no hook. This will make solo look like a hit.

10. Mortal Kombat II: (260M WW/120M DOM)

Video Game movies tend to do very well nowadays and the first one was a hit on HBO. I can see this one doing decently.

",0,43,1777598252.0,devil wears prada 2,theatrical_release,2026-05-01,"Summer 2026 Top 10 predictions With the summer movie season starting tomorrow, here are my predictions of how the top 10 will look like.

1. Spider-Man: Brand New Day (1.3B WW/480M DOM)

It's spider-man, of course it will make a billion, but this is a street-level spider-man movie so the ceiling is noticeably lower and is also releasing in a crowded period. People will once again realize that trailer views do not translate to box office gross.

2. The Odyssey: (1.25B WW/420M DOM)

Christopher Nolan is on another level right now. If he could get Oppenheimer, a dialogue heavy movie to near a billion, a massive, visually-driven epic could go even further. Before people bring up barbenheimer, Oppenheimer still legged out very well from its opening and even beat barbie in some countries.

3. Toy Story 5: (850M WW/330M DOM)

5th movie in the franchise and the 4th movie was already pushing it. Not much to say here. Can't expect them all to make a billion.

4. Minions and Monsters: (760M WW/290M DOM)

Just like how we are seeing weak audience reception affect the Mario movie, I think the same will happen here, especially with it releasing in a crowded period.

5. Disclosure Day: (650M WW/210M DOM)

It's Steven Spielberg making a UFO Movie. Close Encounters adjusted is the ceiling for this one.

6. The Devil Wears Prada 2: (610M WW/210M DOM)

The original has aged into a cult favorite. Legacy sequels have been performing well lately, so I expect the same to happen here.

7. Moana: (560M WW/230M DOM)

Trailer looks like shit, and it is releasing only 2 years after the last one which got mixed reception and is releasing in a crowded period.

8. Supergirl: (330M WW/170M DOM)

Not a very well known character, and superman was dead overseas. Don't expect much here.

9. Mandalorian and Grogu: (285M WW/165M DOM)

Releasing 5 years too late, and this movie has no hook. This will make solo look like a hit.

10. Mortal Kombat II: (260M WW/120M DOM)

Video Game movies tend to do very well nowadays and the first one was a hit on HBO. I can see this one doing decently.",-0.8409,
1t08ewq,boxoffice,"This weekend's location count for Disney / 20th Century's The Devil Wears Prada 2 is 4,150 locations.",,75,20,1777581763.0,devil wears prada 2,theatrical_release,2026-04-30,"This weekend's location count for Disney / 20th Century's The Devil Wears Prada 2 is 4,150 locations.",-0.6597,
1t07jy5,boxoffice,In China The Devil Wears Prada 2 opens on top on Labor Day Eve with $2.40M. Projected a $9-10M 4 day Holiday weekend. Michael in 4th adds $0.54M/$6.65M. Cold War 1994 opening day pre-sales hit $2.09M. Projected a $8.5-8.8M opening day tomorrow ahead of Vanishing Point which is aiming for $4.4-5.1M.,"#**Daily Box Office (April 30th 2026)**

The market hits ¥41.4M/$6.06M. Up +133% from yesterday and up +207% from last week.

**Masters of The Universe** has been aproved for a release.

A **New Gods: Wukong** movies by Light Chasser Animation has been registered for production. It joins the now quite extensive list of 4-5 Wukong movies in active development.

---

**Province map of the day:** 

https://i.imgur.com/44nsM5s.png

The Devil Wears Prada 2 mostly dominates on its opening day but doesn't cleen sweep.

**In Metropolitan cities:** 

Michael wins Guangzhou, Shanghai, Chongqing, Beijing, Wuhan, Chengdu, Nanjing, Hangzhou and Suzhou 

Dear You wins Guangzhou and Shenzhen


**City tiers:**

The Devil Wears Prada 2 tops every tier on its opening day.

**Tier 1**: The Devil Wears Prada 2&gt;Dear You&gt;Michael

**Tier 2**: The Devil Wears Prada 2&gt;Michael&gt;Being Towards Death

**Tier 3**: The Devil Wears Prada 2&gt;Dear You&gt;Being Towards Death

**Tier 4**: The Devil Wears Prada 2&gt;The Caged Butterfly&gt;Being Towards Death

---

|# | Movie |Gross|%YD| %LW|Screenings|Admisions(Today)|Total Gross|Projected Total Gross|
:----------- |:-----------|:-----------:|:-----------:|:-----------:|:-----------:|:--------:|:-----------:|:-----------:| 
1|**The Devil Wears Prada 2**|$2.40M |    |      |90538 |0.39M |$2.40M   |$19M-$22M 
2|Being Towards Death(Pre-Scr)|$0.56M|+87%|      |23243 |0.10M |$1.61M   |$17M-$22M 
3|**Dear You**             |$0.55M  |     |      |13049 |0.11M |$2.52M   |$8M-$11M 
4|**Michael**              |$0.54M  |+29% |      |42610 |0.09M |$6.65M   |$10M-$11M 
5|The Caged Butterfly      |$0.41M  |+78% |+71%  |35246 |0.08M |$14.07M  |$16M-$18M
6|It's OK                  |$0.27M  |+18% |-23%  |24496 |0.06M |$27.61M  |$28M-$31M
7|Project Hail Mary        |$0.22M  |+38% |+10%  |13078 |0.03M |$39.60M  |$40M-$41M
8|Nobody But You 2         |$0.22M  |+5%  |+30%  |16450 |0.04M |$4.03M   |$4M-$5M  
9|Super Mario Galaxy Movie |$0.15M  |+115%|+150% |16740 |0.03M |$18.92M  |$21M-$22M
10|Pegasus 3               |$0.14M  |+17% |+8%   |14137 |0.02M |$640.10M |$640M-$641M   
11|Hoppers                 |$0.12M  |+50% |+320% |7630  |0.02M |$24.50M  |$25M-$28M 
12|Now I Met Her           |$0.08M  |+15% |-33%  |15394 |0.02M |$11.12M  |$11M-$13M  

New releases marked in **bold**

---


**Pre-Sales map for tomorrow**

https://i.imgur.com/E50GFbI.png

Cold War 1944 and Vanishing Point dominate pre-sales for May/Labor Day.

---

**IMAX Screenings distribution**

The Devil Wears Prada 2 dominates IMAX screenings today but that will only last 1 day as tomorrow Cold War 1994 will take over.

||Movie|IMAX Screeninsgs Today|IMAX Screeninsgs Tomorrow|Change|
:----------- |:-----------:|:-----------:|:-----------:|:-----------:|:-----------:|:-----------:|:-----------:|
1|The Devil Wears Prada 2             |2844   |717  |-2127
2|Michael                             |945    |282  |-663
3|Project Hail Mary                   |89     |51   |-38
4|Cold War 1994                       |0      |3705 |+3705

---


###**The Devil Wears Prada 2**

The Devil Wears Prada 2 opens with ¥16.4M/$2.40M on Thursday. A solid opening day but slightly below Thunderbolts ¥17.6M opening day last year.

4 day Holiday opening will be aiming for $9-10M


**Michael vs Bohemian Rhapsody:**

https://i.imgur.com/IVzRzah.png

**Screen Distribution Split:** Regular: $2.03M    , IMAX: $0.26M   , Rest: $0.10M 

**WoM figures:**

Opens with a good 9.5 across both Maoyan and Taopiaopiao.

Maoyan: 9.5 , Taopiaopiao: 9.5 , Douban: 

|#|THU|FRI|SAT|SUN|MON|TUE|WED|Total|
|:-----------:|:-----------:|:-----------:|:-----------:|:-----------:|:-----------:|:-----------:|:-----------:|:-----------:|:-----------:|							
|First  Week |$2.40M| | | | | | |$2.40M	
		
	
**Scheduled showings update for The Devil Wears Prada 2 for the next few days:**

|Day |  Number of Showings |Presales|Projection
:----------- |:-----------:|:-----------:|:-----------:|
Today|43051|796k|$2.30M-$2.60M
Friday|57683|$621k|$2.67M-$2.70M
Saturday|32943|$114k|$2.34M-$2.57M
Sunday|15879|$33k|$2.14M-$2.32M

---


###**Michael**

Michael grossed ¥3.69M/$0.54M on Thursday. As all the other movies in the top 10 it increases on Labor Day Eve.

First day in the run thats above Bohemian Rhapsody's comparable ¥3.51M/$0.52M 1st Thursday.

The 2nd weekend even though boosted by the Holidays will be aiming for just $1.4-1.8M(-66%)

**Michael vs Bohemian Rhapsody:**

https://i.imgur.com/UNNyZel.png

**Screen Distribution Split:** Regular: $4.38M    , IMAX: $1.71M   , Rest: $0.52M 

**WoM figures:**

Maoyan: 9.5 , Taopiaopiao: 9.4 , Douban: 7.5

|#|FRI|SAT|SUN|MON|TUE|WED|THU|Total|
|:-----------:|:-----------:|:-----------:|:-----------:|:-----------:|:-----------:|:-----------:|:-----------:|:-----------:|:-----------:|							
|First  Week |$1.56M|$1.91M|$1.32M|$0.47M|$0.43M|$0.42M|$0.54M|$6.65M	
		
	
**Scheduled showings update for Michael for the next few days:**

|Day |  Number of Showings |Presales|Projection
:----------- |:-----------:|:-----------:|:-----------:|
Today|43051|$100k|$0.45M-$0.54M
Friday|6563|$157k|$0.53M-$0.65M
Saturday|16427|$51k|$0.47M-$0.62M
Sunday|3241|$13k|$0.45M-$0.55M

---

**May/Labor Day:**

Cold War 1944 pre-sales exceed $2M as Vanishing Point reaches $1.36M.

Opening day projections for tomorrow:

**Cold War 1994:** $8.5-8.8M

**Vanishing Point:** $4.3-5.2M

**Being Towards Death:** $2.2-2.6M

**No one is closer than we:** $1.0-1.4M

|Days till release |The Devil Wears Prada 2 |Cold War 1994 |Vanishing Point |Being Towards Death|No one is closer than we
:----------- |:-----------:|:-----------:|:-----------:|:-----------:|:-----------:|:-----------:|:-----------:|  
9|/          |$68k/35764   |$20k/13736  |$12k/15106 |/        | 
8|/          |$191k/44903  |$137k/19293 |$52k/19940 |/        |   
7|$8k/2229   |$287k/51261  |$189k/23937 |$64k/23680 |/        |   
6|$58k/25865 |$381k/56830  |$228k/28028 |$76k/27293 |$17k/618 | 
5|$119k/33312|$504k/61504  |$287k/31672 |$92k/30186 |$50k/2502| 
4|$178k/38107|$622k/65409  |$361k/35037 |$106k/32512|$64k/2911| 
3|$248k/42532|$776k/75163  |$429k/42752 |$122k/38461|$149k/3320  		
2|$347k/51432|$955k/100446 |$532k/61598 |$153k/52881|$173k/5256|
1|$482k/76051|$1.24M/126317|$690k/81680 |$200k/68731|$300k/7790| 
0|$796k/90311|$2.09M/141380|$1.36M/94544|$436k/77036|$794k/9696|	
*Gross/Screenings

---

**Cold War 1994 opening day pre-sales:**

Cold War 1994 opening day pre-sales hit a $2.09M final. Comps slightly decrease on the last day.  

Official opening day projections at $8.5-8.8M going into tomorrow. 


|Days till release | Cold War 1994 | The Dumpling Queen |Twilight of the Warriors: Walled In|Formed Police Unit|The Last Frenzy
:----------- |:-----------:|:-----------:|:-----------:|:-----------:|:-----------:|:-----------:|:-----------:|  
9|$68k/35764   |$134k/33024  |$150k/15614 |$1.06M/56021 |$290k/20336| 
8|$191k/44903  |$170k/38242  |$183k/17194 |$1.21M/61626 |$347k/22999|  
7|$287k/51261  |$213k/42585  |$220k/18623 |$1.37M/66430 |$409k/25908|   
6|$381k/56830  |$257k/46788  |$286k/20771	|$1.55M/72098 |$502k/29226| 
5|$504k/61504  |$312k/53911  |$370k/23034	|$1.73M/77845 |$656k/33264| 
4|$622k/65409  |$384k/59615  |$452k/26097 |$2.00M/87942 |$806k/39722| 
3|$776k/75163  |$469k/67561  |$533k/29654 |$2.31M/97680 |$953k/46208| 		
2|$955k/100446 |$562k/83337  |$609k/35366 |$2.65M/112430|$1.13M/56073|
1|$1.24M/126317|$695k/98097  |$698k/41285 |$3.27M/125706|$1.43M/65663| 
0|$2.09M/141380|$1.20M/108262|$1.17M/45547|$5.84M/134942|$2.63M/92383|	
Opening Day|/|$6.21M	   |$6.91M      |$18.74M      |$11.98M |
Comp       |Average: $9.85M|$10.82M     |$12.37M       |$6.70M  |$9.52M
*Gross/Screenings

---


#**Release Schedule:**

A table including upcoming movies in the next month alongside trailers linked in the name of the movie, Want To See data from both Maoyan and Taopiaopiao alongside the Gender split and genre. 

Remember Want To See is not pre-sales. Its just an anticipation metric. A checkbox of sorts saying your interested in an upcoming movie.

Not all movies are included since a lot are just too small to be worth covering. 

---

**May**

| Movie |Maoyan WTS|Daily Increase| Taopiaopiao WTS|Daily Increase|M/W %|Genre|Release Date|3rd party media projections
:----------- |:-----------:|:-----------:|:-----------:|:-----------:|:-----------:|:-----------:|:-----------:|:-----------:|
[Mortal Kombat II](https://vod.pipi.cn/fec9203cvodtransbj1251246104/33b8b9245145403722890582563/v.f42905.mp4) |26k|+1k|14k|+1k|75/25|Action/Fantasy|08.05|
[Love Battle](https://i.imgur.com/yT3kgKV.jpeg) |34k|+1k|49k|+1k|20/80|Romance/Comedy|20.05|
[Be Yourself](https://vod.pipi.cn/fec9203cvodtransbj1251246104/43e695815145403722808184482/v.f42905.mp4) |21k|+1k|18k|+1k|31/69|Romance/Comedy|20.05|
[Star Wars: Mandalorian &amp; Grogu](https://vod.pipi.cn/fec9203cvodtransbj1251246104/ae3ca3b05145403723990636789/v.f42905.mp4) |11k|+1k|17k|+1k|63/37|Actiiom/Sci-Fi|20.05|$5M
[All The Good Eyes](https://vod.pipi.cn/fec9203cvodtransbj1251246104/0a6e64625145403721118746297/v.f42905.mp4) |23k|+1k|12k|+1k|34/66|Drama/Romance/Crime|23.05|",31,14,1777579916.0,devil wears prada 2,theatrical_release,2026-04-30,"In China The Devil Wears Prada 2 opens on top on Labor Day Eve with $2.40M. Projected a $9-10M 4 day Holiday weekend. Michael in 4th adds $0.54M/$6.65M. Cold War 1994 opening day pre-sales hit $2.09M. Projected a $8.5-8.8M opening day tomorrow ahead of Vanishing Point which is aiming for $4.4-5.1M. #**Daily Box Office (April 30th 2026)**

The market hits ¥41.4M/$6.06M. Up +133% from yesterday and up +207% from last week.

**Masters of The Universe** has been aproved for a release.

A **New Gods: Wukong** movies by Light Chasser Animation has been registered for production. It joins the now quite extensive list of 4-5 Wukong movies in active development.

---

**Province map of the day:** 

https://i.imgur.com/44nsM5s.png

The Devil Wears Prada 2 mostly dominates on its opening day but doesn't cleen sweep.

**In Metropolitan cities:** 

Michael wins Guangzhou, Shanghai, Chongqing, Beijing, Wuhan, Chengdu, Nanjing, Hangzhou and Suzhou 

Dear You wins Guangzhou and Shenzhen


**City tiers:**

The Devil Wears Prada 2 tops every tier on its opening day.

**Tier 1**: The Devil Wears Prada 2&gt;Dear You&gt;Michael

**Tier 2**: The Devil Wears Prada 2&gt;Michael&gt;Being Towards Death

**Tier 3**: The Devil Wears Prada 2&gt;Dear You&gt;Being Towards Death

**Tier 4**: The Devil Wears Prada 2&gt;The Caged Butterfly&gt;Being Towards Death

---

|# | Movie |Gross|%YD| %LW|Screenings|Admisions(Today)|Total Gross|Projected Total Gross|
:----------- |:-----------|:-----------:|:-----------:|:-----------:|:-----------:|:--------:|:-----------:|:-----------:| 
1|**The Devil Wears Prada 2**|$2.40M |    |      |90538 |0.39M |$2.40M   |$19M-$22M 
2|Being Towards Death(Pre-Scr)|$0.56M|+87%|      |23243 |0.10M |$1.61M   |$17M-$22M 
3|**Dear You**             |$0.55M  |     |      |13049 |0.11M |$2.52M   |$8M-$11M 
4|**Michael**              |$0.54M  |+29% |      |42610 |0.09M |$6.65M   |$10M-$11M 
5|The Caged Butterfly      |$0.41M  |+78% |+71%  |35246 |0.08M |$14.07M  |$16M-$18M
6|It's OK                  |$0.27M  |+18% |-23%  |24496 |0.06M |$27.61M  |$28M-$31M
7|Project Hail Mary        |$0.22M  |+38% |+10%  |13078 |0.03M |$39.60M  |$40M-$41M
8|Nobody But You 2         |$0.22M  |+5%  |+30%  |16450 |0.04M |$4.03M   |$4M-$5M  
9|Super Mario Galaxy Movie |$0.15M  |+115%|+150% |16740 |0.03M |$18.92M  |$21M-$22M
10|Pegasus 3               |$0.14M  |+17% |+8%   |14137 |0.02M |$640.10M |$640M-$641M   
11|Hoppers                 |$0.12M  |+50% |+320% |7630  |0.02M |$24.50M  |$25M-$28M 
12|Now I Met Her           |$0.08M  |+15% |-33%  |15394 |0.02M |$11.12M  |$11M-$13M  

New releases marked in **bold**

---


**Pre-Sales map for tomorrow**

https://i.imgur.com/E50GFbI.png

Cold War 1944 and Vanishing Point dominate pre-sales for May/Labor Day.

---

**IMAX Screenings distribution**

The Devil Wears Prada 2 dominates IMAX screenings today but that will only last 1 day as tomorrow Cold War 1994 will take over.

||Movie|IMAX Screeninsgs Today|IMAX Screeninsgs Tomorrow|Change|
:----------- |:-----------:|:-----------:|:-----------:|:-----------:|:-----------:|:-----------:|:-----------:|
1|The Devil Wears Prada 2             |2844   |717  |-2127
2|Michael                             |945    |282  |-663
3|Project Hail Mary                   |89     |51   |-38
4|Cold War 1994                       |0      |3705 |+3705

---


###**The Devil Wears Prada 2**

The Devil Wears Prada 2 opens with ¥16.4M/$2.40M on Thursday. A solid opening day but slightly below Thunderbolts ¥17.6M opening day last year.

4 day Holiday opening will be aiming for $9-10M


**Michael vs Bohemian Rhapsody:**

https://i.imgur.com/IVzRzah.png

**Screen Distribution Split:** Regular: $2.03M    , IMAX: $0.26M   , Rest: $0.10M 

**WoM figures:**

Opens with a good 9.5 across both Maoyan and Taopiaopiao.

Maoyan: 9.5 , Taopiaopiao: 9.5 , Douban: 

|#|THU|FRI|SAT|SUN|MON|TUE|WED|Total|
|:-----------:|:-----------:|:-----------:|:-----------:|:-----------:|:-----------:|:-----------:|:-----------:|:-----------:|:-----------:|							
|First  Week |$2.40M| | | | | | |$2.40M	
		
	
**Scheduled showings update for The Devil Wears Prada 2 for the next few days:**

|Day |  Number of Showings |Presales|Projection
:----------- |:-----------:|:-----------:|:-----------:|
Today|43051|796k|$2.30M-$2.60M
Friday|57683|$621k|$2.67M-$2.70M
Saturday|32943|$114k|$2.34M-$2.57M
Sunday|15879|$33k|$2.14M-$2.32M

---


###**Michael**

Michael grossed ¥3.69M/$0.54M on Thursday. As all the other movies in the top 10 it increases on Labor Day Eve.

First day in the run thats above Bohemian Rhapsody's comparable ¥3.51M/$0.52M 1st Thursday.

The 2nd weekend even though boosted by the Holidays will be aiming for just $1.4-1.8M(-66%)

**Michael vs Bohemian Rhapsody:**

https://i.imgur.com/UNNyZel.png

**Screen Distribution Split:** Regular: $4.38M    , IMAX: $1.71M   , Rest: $0.52M 

**WoM figures:**

Maoyan: 9.5 , Taopiaopiao: 9.4 , Douban: 7.5

|#|FRI|SAT|SUN|MON|TUE|WED|THU|Total|
|:-----------:|:-----------:|:-----------:|:-----------:|:-----------:|:-----------:|:-----------:|:-----------:|:-----------:|:-----------:|							
|First  Week |$1.56M|$1.91M|$1.32M|$0.47M|$0.43M|$0.42M|$0.54M|$6.65M	
		
	
**Scheduled showings update for Michael for the next few days:**

|Day |  Number of Showings |Presales|Projection
:----------- |:-----------:|:-----------:|:-----------:|
Today|43051|$100k|$0.45M-$0.54M
Friday|6563|$157k|$0.53M-$0.65M
Saturday|16427|$51k|$0.47M-$0.62M
Sunday|3241|$13k|$0.45M-$0.55M

---

**May/Labor Day:**

Cold War 1944 pre-sales exceed $2M as Vanishing Point reaches $1.36M.

Opening day projections for tomorrow:

**Cold War 1994:** $8.5-8.8M

**Vanishing Point:** $4.3-5.2M

**Being Towards Death:** $2.2-2.6M

**No one is closer than we:** $1.0-1.4M

|Days till release |The Devil Wears Prada 2 |Cold War 1994 |Vanishing Point |Being Towards Death|No one is closer than we
:----------- |:-----------:|:-----------:|:-----------:|:-----------:|:-----------:|:-----------:|:-----------:|  
9|/          |$68k/35764   |$20k/13736  |$12k/15106 |/        | 
8|/          |$191k/44903  |$137k/19293 |$52k/19940 |/        |   
7|$8k/2229   |$287k/51261  |$189k/23937 |$64k/23680 |/        |   
6|$58k/25865 |$381k/56830  |$228k/28028 |$76k/27293 |$17k/618 | 
5|$119k/33312|$504k/61504  |$287k/31672 |$92k/30186 |$50k/2502| 
4|$178k/38107|$622k/65409  |$361k/35037 |$106k/32512|$64k/2911| 
3|$248k/42532|$776k/75163  |$429k/42752 |$122k/38461|$149k/3320  		
2|$347k/51432|$955k/100446 |$532k/61598 |$153k/52881|$173k/5256|
1|$482k/76051|$1.24M/126317|$690k/81680 |$200k/68731|$300k/7790| 
0|$796k/90311|$2.09M/141380|$1.36M/94544|$436k/77036|$794k/9696|	
*Gross/Screenings

---

**Cold War 1994 opening day pre-sales:**

Cold War 1994 opening day pre-sales hit a $2.09M final. Comps slightly decrease on the last day.  

Official opening day projections at $8.5-8.8M going into tomorrow. 


|Days till release | Cold War 1994 | The Dumpling Queen |Twilight of the Warriors: Walled In|Formed Police Unit|The Last Frenzy
:----------- |:-----------:|:-----------:|:-----------:|:-----------:|:-----------:|:-----------:|:-----------:|  
9|$68k/35764   |$134k/33024  |$150k/15614 |$1.06M/56021 |$290k/20336| 
8|$191k/44903  |$170k/38242  |$183k/17194 |$1.21M/61626 |$347k/22999|  
7|$287k/51261  |$213k/42585  |$220k/18623 |$1.37M/66430 |$409k/25908|   
6|$381k/56830  |$257k/46788  |$286k/20771	|$1.55M/72098 |$502k/29226| 
5|$504k/61504  |$312k/53911  |$370k/23034	|$1.73M/77845 |$656k/33264| 
4|$622k/65409  |$384k/59615  |$452k/26097 |$2.00M/87942 |$806k/39722| 
3|$776k/75163  |$469k/67561  |$533k/29654 |$2.31M/97680 |$953k/46208| 		
2|$955k/100446 |$562k/83337  |$609k/35366 |$2.65M/112430|$1.13M/56073|
1|$1.24M/126317|$695k/98097  |$698k/41285 |$3.27M/125706|$1.43M/65663| 
0|$2.09M/141380|$1.20M/108262|$1.17M/45547|$5.84M/134942|$2.63M/92383|	
Opening Day|/|$6.21M	   |$6.91M      |$18.74M      |$11.98M |
Comp       |Average: $9.85M|$10.82M     |$12.37M       |$6.70M  |$9.52M
*Gross/Screenings

---


#**Release Schedule:**

A table including upcoming movies in the next month alongside trailers linked in the name of the movie, Want To See data from both Maoyan and Taopiaopiao alongside the Gender split and genre. 

Remember Want To See is not pre-sales. Its just an anticipation metric. A checkbox of sorts saying your interested in an upcoming movie.

Not all movies are included since a lot are just too small to be worth covering. 

---

**May**

| Movie |Maoyan WTS|Daily Increase| Taopiaopiao WTS|Daily Increase|M/W %|Genre|Release Date|3rd party media projections
:----------- |:-----------:|:-----------:|:-----------:|:-----------:|:-----------:|:-----------:|:-----------:|:-----------:|
[Mortal Kombat II](https://vod.pipi.cn/fec9203cvodtransbj1251246104/33b8b9245145403722890582563/v.f42905.mp4) |26k|+1k|14k|+1k|75/25|Action/Fantasy|08.05|
[Love Battle](https://i.imgur.com/yT3kgKV.jpeg) |34k|+1k|49k|+1k|20/80|Romance/Comedy|20.05|
[Be Yourself](https://vod.pipi.cn/fec9203cvodtransbj1251246104/43e695815145403722808184482/v.f42905.mp4) |21k|+1k|18k|+1k|31/69|Romance/Comedy|20.05|
[Star Wars: Mandalorian &amp; Grogu](https://vod.pipi.cn/fec9203cvodtransbj1251246104/ae3ca3b05145403723990636789/v.f42905.mp4) |11k|+1k|17k|+1k|63/37|Actiiom/Sci-Fi|20.05|$5M
[All The Good Eyes](https://vod.pipi.cn/fec9203cvodtransbj1251246104/0a6e64625145403721118746297/v.f42905.mp4) |23k|+1k|12k|+1k|34/66|Drama/Romance/Crime|23.05|",-0.9988,
1t0778s,boxoffice,"SK Thursday Update: Salmokji, Devil Prada 2, Mario and PHM is boosting the box office, a great holiday weekend is coming!","|Movies|Monday-Monday Drop|Tuesday-Tuesday Drop|Wednesday-Wednesday Drop|Thursday-Thursday Drop|Friday-Friday Drop|Saturday-Saturday Drop|Sunday-Sunday Drop|Week-Week Drop|
|:-|:-|:-|:-|:-|:-|:-|:-|:-|
|Salmokji|11%|\+29%|\+36%|\+111%|||||
|Project Hail Mary|3%|\+13%|24%|\+10%|||||
|The Man Who Lives With the King|30%|15%|47%|42%||||overnight|

**Super Mario Galaxy:** Scores did inch up over night as the movie now has a 95 on CGV, but stayed steady with an 8.6 on megabox. Presales continue to skyrocket as presales are sitting at a whopping 241k tickets. Tomorrow is a holiday, and Tuesday is Children day so Mario is about to put up 5 very impressive days. It is pretty much locked to have a 5-day opening weekend north of 600k admits especially as tomorrow and Saturday will put huge totals, and Sunday drop should be pretty tame. Honestly, I am so intrigued to see if this plays like a family movie, because this weekend could get really interesting.

**Devil Wears Prada 2**: Audience scores dropped just slightly on megabox, down to an 8.6 from 8.7, while CGV stays steady at a 93. Presales are still pretty stable at 144k, as I upgrade my expectation to 800k admits for its 5-day opening weekend, as the movie will benefit from the holidays.

**Salmokji:** A ridiculous day as the movie jumps back into first place, might lose it tomorrow to Mario or Devil Prada 2, but what an awesome run as the movie could cross 2.5 million admits on Sunday.

**Project Hail Mary:** The movie continues to survive the onslaught of new releases, but the cracks in the armor are starting to shine through.

**The Man Who Lives With the King:** Another harsh drop, with everything still in favorable conditions for the movie, as the movie will soon see some huge drops.",26,6,1777579166.0,devil wears prada 2,theatrical_release,2026-04-30,"SK Thursday Update: Salmokji, Devil Prada 2, Mario and PHM is boosting the box office, a great holiday weekend is coming! |Movies|Monday-Monday Drop|Tuesday-Tuesday Drop|Wednesday-Wednesday Drop|Thursday-Thursday Drop|Friday-Friday Drop|Saturday-Saturday Drop|Sunday-Sunday Drop|Week-Week Drop|
|:-|:-|:-|:-|:-|:-|:-|:-|:-|
|Salmokji|11%|\+29%|\+36%|\+111%|||||
|Project Hail Mary|3%|\+13%|24%|\+10%|||||
|The Man Who Lives With the King|30%|15%|47%|42%||||overnight|

**Super Mario Galaxy:** Scores did inch up over night as the movie now has a 95 on CGV, but stayed steady with an 8.6 on megabox. Presales continue to skyrocket as presales are sitting at a whopping 241k tickets. Tomorrow is a holiday, and Tuesday is Children day so Mario is about to put up 5 very impressive days. It is pretty much locked to have a 5-day opening weekend north of 600k admits especially as tomorrow and Saturday will put huge totals, and Sunday drop should be pretty tame. Honestly, I am so intrigued to see if this plays like a family movie, because this weekend could get really interesting.

**Devil Wears Prada 2**: Audience scores dropped just slightly on megabox, down to an 8.6 from 8.7, while CGV stays steady at a 93. Presales are still pretty stable at 144k, as I upgrade my expectation to 800k admits for its 5-day opening weekend, as the movie will benefit from the holidays.

**Salmokji:** A ridiculous day as the movie jumps back into first place, might lose it tomorrow to Mario or Devil Prada 2, but what an awesome run as the movie could cross 2.5 million admits on Sunday.

**Project Hail Mary:** The movie continues to survive the onslaught of new releases, but the cracks in the armor are starting to shine through.

**The Man Who Lives With the King:** Another harsh drop, with everything still in favorable conditions for the movie, as the movie will soon see some huge drops.",0.9936,
1t04y8r,boxoffice,Devil Wears Prada 2 debuts with 3.3/5 ⭐️on Allocine in France equivalent to B Cinemascore,,78,31,1777574293.0,devil wears prada 2,theatrical_release,2026-04-30,Devil Wears Prada 2 debuts with 3.3/5 ⭐️on Allocine in France equivalent to B Cinemascore,-0.6597,
1t02aca,boxoffice,Brazil::Devil Wears Prada 2 pulls R$6.1M on previews. Preparing for a massive opening,,82,30,1777568601.0,devil wears prada 2,theatrical_release,2026-04-30,Brazil::Devil Wears Prada 2 pulls R$6.1M on previews. Preparing for a massive opening,0.0,
1szsask,boxoffice,"In Italy The Devil Wears Prada 2 opened with €2.7 million, the 12th biggest OD of all time",,64,15,1777545309.0,devil wears prada 2,theatrical_release,2026-04-30,"In Italy The Devil Wears Prada 2 opened with €2.7 million, the 12th biggest OD of all time",-0.6597,
1szgzga,boxoffice,"SK Wednesday Update: Devil Wears Prada 2 has a great day, but meh scores. Mario audience scores are equally meh.","|Movies|Monday-Monday Drop|Tuesday-Tuesday Drop|Wednesday-Wednesday Drop|Thursday-Thursday Drop|Friday-Friday Drop|Saturday-Saturday Drop|Sunday-Sunday Drop|Week-Week Drop|
|:-|:-|:-|:-|:-|:-|:-|:-|:-|
|Salmokji|11%|\+29%|\+36%||||||
|Project Hail Mary|3%|\+13%|24%||||||
|The Man Who Lives With the King|30%|15%|47%||||||

**Super Mario Galaxy:** A pretty meh opening day, but the movie will be heavily focused on the weekend as presales have already jumped to 175k admits. I could see a 5-day opening weekend of between 400k and 600k admits. Scores are pretty forgettable with an 8.6 on Megabox and a 94 on CGV. Anime was the best comp for the movie, maybe it is due to being a Japanese product?

**Devil Wears Prada 2**: Comps were nearly on point as F1 proved to be nearly spot on. Feeling like the movie will be frontloaded as presales dropped to 127k admits. Thinking the 5-day opening weekend will be around 600k-750k admits. Scores are pretty forgettable at 8.7 on megabox and a 93 on CGV.

**Salmokji:** A fantastic day as the movie crossed 2.1 million admits and will cross 2.2 million admits on Friday. Still thinking 2.5 million admits is pretty safe.

**Project Hail Mary:** The movie has a nice drop, but is being propped up by cultural day, so let’s see what the weekend has in store. It is losing about half of its theaters, so don’t be surprised by a drop above 40% this weekend.

**The Man Who Lives With the King:** Feels like the death week as a drop this big on cultural day usually means the movie will take a huge hit. Will cross 16.8 million admits safely still!",31,15,1777509928.0,devil wears prada 2,theatrical_release,2026-04-30,"SK Wednesday Update: Devil Wears Prada 2 has a great day, but meh scores. Mario audience scores are equally meh. |Movies|Monday-Monday Drop|Tuesday-Tuesday Drop|Wednesday-Wednesday Drop|Thursday-Thursday Drop|Friday-Friday Drop|Saturday-Saturday Drop|Sunday-Sunday Drop|Week-Week Drop|
|:-|:-|:-|:-|:-|:-|:-|:-|:-|
|Salmokji|11%|\+29%|\+36%||||||
|Project Hail Mary|3%|\+13%|24%||||||
|The Man Who Lives With the King|30%|15%|47%||||||

**Super Mario Galaxy:** A pretty meh opening day, but the movie will be heavily focused on the weekend as presales have already jumped to 175k admits. I could see a 5-day opening weekend of between 400k and 600k admits. Scores are pretty forgettable with an 8.6 on Megabox and a 94 on CGV. Anime was the best comp for the movie, maybe it is due to being a Japanese product?

**Devil Wears Prada 2**: Comps were nearly on point as F1 proved to be nearly spot on. Feeling like the movie will be frontloaded as presales dropped to 127k admits. Thinking the 5-day opening weekend will be around 600k-750k admits. Scores are pretty forgettable at 8.7 on megabox and a 93 on CGV.

**Salmokji:** A fantastic day as the movie crossed 2.1 million admits and will cross 2.2 million admits on Friday. Still thinking 2.5 million admits is pretty safe.

**Project Hail Mary:** The movie has a nice drop, but is being propped up by cultural day, so let’s see what the weekend has in store. It is losing about half of its theaters, so don’t be surprised by a drop above 40% this weekend.

**The Man Who Lives With the King:** Feels like the death week as a drop this big on cultural day usually means the movie will take a huge hit. Will cross 16.8 million admits safely still!",0.9958,
1szf8nu,boxoffice,Weekend Preview: DEVIL WEARS PRADA 2 Will Walk the Runway in Style with Potential $100M Bow,,92,22,1777505374.0,devil wears prada 2,theatrical_release,2026-04-29,Weekend Preview: DEVIL WEARS PRADA 2 Will Walk the Runway in Style with Potential $100M Bow,-0.7297,
1sze7lv,boxoffice,"Box Office Weekend Forecast: THE DEVIL WEARS PRADA 2 ($70-95M) Set to Join MICHAEL’s ($42.1M, -57%) Sophomore Frame in Grand Fashion on the Summer Movie Opening Stage",,172,53,1777502765.0,devil wears prada 2,theatrical_release,2026-04-29,"Box Office Weekend Forecast: THE DEVIL WEARS PRADA 2 ($70-95M) Set to Join MICHAEL’s ($42.1M, -57%) Sophomore Frame in Grand Fashion on the Summer Movie Opening Stage",-0.2342,
1sz9pgy,boxoffice,In China Michael leads on Wednesday with $0.42M/$6.11M. The Devil Wears Prada 2 final opening day pre-sales hit $796k. Projected a $2.3-2.6M opening day tomorrow into a $9-11M 4 day Holiday weekend. Cold War 1994 opening day pre-sales hit $1.24M. Projected a $7.6-9.2M start on Labor Day(May 1st),"#**Daily Box Office (April 29th 2026)**

The market hits ¥17.4M/$2.54M. Up +13% from yesterday and up +31% from last week.

Wang Changtian the chairman of Enlight Media gave some slight updates on some of the companies long term projects. **Big Fish &amp; Begonia 2** remains on a tentative 2028 date. A question about **Ne Zha 3** and **Monkey King 2** was answered with a PR ""we have many long term projects in development and announcements will be made once they are done and release dates are rdy to be confirmed"". So essentialy neither is really anywhere near completion. Not that there was much doubt. **Monkey King 2** is likely 2028 at the earlist while **Ne Zha 3** is a year if not 2 after that and closer to 2030.

On the live action long term from. Zhang Yimous **Three-Body Problem** movie is still in the script writting and pre-production stage.


As for more soon to be stuff. **Supergirl** has been confirmed for release in China. **Jaws** will be releasing on May 15th while Cristopher Nolan's **Memento** will be releasing on May 29th and will have IMAX screenings.

---

**Province map of the day:** 

https://i.imgur.com/y1yNtXS.png

Michael mostly dominates on Wednesday but already starts losing ground. Tomorrow it will get displaced by The Devil Wears Prada 2.

**In Metropolitan cities:** 

Michael wins Guangzhou, Shanghai, Chongqing, Beijing, Wuhan, Chengdu, Nanjing, Hangzhou and Suzhou 

Dear You wins Guangzhou and Shenzhen


**City tiers:**

The Caged Butterfly climbs to 1st in T4.

**Tier 1**: Michael&gt;Dear You&gt;Project Hail Mary

**Tier 2**: Michael&gt;Being Towards Death&gt;It's OK

**Tier 3**: Dear You&gt;Michael&gt;Being Towards Death

**Tier 4**: The Caged Butterfly&gt;Michael&gt;Being Towards Death

---

|# | Movie |Gross|%YD| %LW|Screenings|Admisions(Today)|Total Gross|Projected Total Gross|
:----------- |:-----------|:-----------:|:-----------:|:-----------:|:-----------:|:--------:|:-----------:|:-----------:| 
1|**Michael**              |$0.42M   |-1% |      |55863 |0.07M |$6.11M   |$9M-$12M 
2|Being Towards Death(Pre-Scr)|$0.30M|+14%|      |21314 |0.05M |$1.05M   | 
3|The Caged Butterfly      |$0.23M  |+13% |-4%   |39067 |0.05M |$13.66M  |$14M-$17M
4|It's OK                  |$0.23M  |+6%  |-36%  |50144 |0.05M |$27.34M  |$28M-$31M
5|Dear You(Pre-Scr)        |$0.22M  |+10% |      |6739  |0.05M |$1.58M   |$7M-$11M 
6|Nobody But You 2         |$0.21M  |+178%|+5%   |23339 |0.04M |$3.81M   |$4M-$5M  
7|Project Hail Mary        |$0.16M  |-10% |-20%  |18011 |0.04M |$39.38M  |$40M-$41M    
8|Pegasus 3                |$0.12M  |+8%  |-8%   |17817 |0.03M |$639.96M |$640M-$641M   
9|Hoppers                  |$0.08M  |+91% |+165% |7564  |0.01M |$24.38M  |$25M-$28M 
10|Now I Met Her           |$0.07M  |+3%  |-46%  |21114 |0.01M |$11.04M  |$11M-$13M  
11|Super Mario Galaxy Movie|$0.07M  |+35% |+16%  |17852 |0.01M |$18.77M  |$21M-$22M

New releases marked in **bold**

---


**Pre-Sales map for tomorrow**

https://i.imgur.com/Rs9alZl.png

The Devil Wears Prada 2 dominates pre-sales for its opening day tomorrow.

---

**IMAX Screenings distribution**

Michael dominates the IMAX screenings for its last day before The Devil Wears Prada 2 takes over tomorrow.

||Movie|IMAX Screeninsgs Today|IMAX Screeninsgs Tomorrow|Change|
:----------- |:-----------:|:-----------:|:-----------:|:-----------:|:-----------:|:-----------:|:-----------:|
1|Michael                             |2606   |919  |-1687
2|Project Hail Mary                   |238    |231  |-7
3|The Devil Wears Prada 2             |165    |231  |+2703

---


###**Michael**

Michael grossed ¥2.91M/$0.42M on Wednesday. Good day to day hold as we approach the Holidays. Tomorrow it should increase on the eve of the Labor Day Holidays.

 Below Bohemian Rhapsody's ¥4.08M/$0.61M 1st Wednesday.

We'l see how well it holds up against all the new movies releasing in the next 2 days as well as with the majority of PLF's where Michael has been doing well. Although it will keep some IMAX screenings going forward.

**Michael vs Bohemian Rhapsody:**

https://i.imgur.com/IVzRzah.png

**Screen Distribution Split:** Regular: $3.92M    , IMAX: $1.65M   , Rest: $0.50M 

**WoM figures:**

Maoyan: 9.5 , Taopiaopiao: 9.4 , Douban: 7.5

|#|FRI|SAT|SUN|MON|TUE|WED|THU|Total|
|:-----------:|:-----------:|:-----------:|:-----------:|:-----------:|:-----------:|:-----------:|:-----------:|:-----------:|:-----------:|							
|First  Week |$1.56M|$1.91M|$1.32M|$0.47M|$0.43M|$0.42M| |$6.11M	
		
	
**Scheduled showings update for Michael for the next few days:**

|Day |  Number of Showings |Presales|Projection
:----------- |:-----------:|:-----------:|:-----------:|
Today|56636|$74k|$0.40M-$0.41M
Thursday|43051|$100k|$0.45M-$0.54M
Friday|5637|$50k|$0.50M-$0.57M

---

###**Project Hail Mary**

Project Hail Mary drops to 7th grossing ¥1.10M/$0.16M on Wednesday. 

It will also increase tomorrow but after that it will likely struggle more as a pretty old holdover.

**Screen Distribution Split:** Regular: $26.00M    , IMAX: $11.10M   , Rest: $2.31M 

**WoM figures:**

Maoyan: 9.1       , Taopiaopiao: 9.2      , Douban: 8.6

|#|FRI|SAT|SUN|MON|TUE|WED|THU|Total|
|:-----------:|:-----------:|:-----------:|:-----------:|:-----------:|:-----------:|:-----------:|:-----------:|:-----------:|:-----------:|								
|Fifth Week |$0.44M|$1.02M|$0.78M|$0.20M|$0.20M|$0.20M|$0.20M|$37.65M
|Sixth  Week |$0.22M|$0.60M|$0.43M|$0.14M|$0.18M|$0.16M| |	$39.38M
|%± LW|-50%|-41%|-45%|-30%|-10%|-20%| | |			

**Scheduled showings update for Project Hail Mary for the next few days:**

|Day |  Number of Showings |Presales|Projection
:----------- |:-----------:|:-----------:|:-----------:|
Today18240|$38k|$0.15M-$0.17M
Thursday|13155|$55k|$0.17M-$0.22M
Friday|602|$12k|$0.10M-$0.20M

---

**May/Labor Day:**

Cold War 1944 continues to lead pre-sales for May 1st Labor Day convincingly.

|Days till release |The Devil Wears Prada 2 |Cold War 1994 |Vanishing Point |Being Towards Death|No one is closer than we
:----------- |:-----------:|:-----------:|:-----------:|:-----------:|:-----------:|:-----------:|:-----------:|  
9|/          |$68k/35764   |$20k/13736 |$12k/15106 |/        | 
8|/          |$191k/44903  |$137k/19293|$52k/19940 |/        |   
7|$8k/2229   |$287k/51261  |$189k/23937|$64k/23680 |/        |   
6|$58k/25865 |$381k/56830  |$228k/28028|$76k/27293 |$17k/618 | 
5|$119k/33312|$504k/61504  |$287k/31672|$92k/30186 |$50k/2502| 
4|$178k/38107|$622k/65409  |$361k/35037|$106k/32512|$64k/2911| 
3|$248k/42532|$776k/75163  |$429k/42752|$122k/38461|$149k/3320  		
2|$347k/51432|$955k/100446 |$532k/61598|$153k/52881|$173k/5256|
1|$482k/76051|$1.24M/126317|$690k/81680|$200k/68731|$300k/7790| 
0|$796k/90311|             |           |||	
*Gross/Screenings

---

**Cold War 1994 opening day pre-sales:**

Cold War 1994 opening day pre-sales exceed $1.2M as all comps again increase today. Its now exceeded the final pre-sales of last years Labor Day Champion The Dumpling Queen.

Official opening day projections only slighly increase on the high end now at $7.6-9.2M


|Days till release | Cold War 1994 | The Dumpling Queen |Twilight of the Warriors: Walled In|Formed Police Unit|The Last Frenzy
:----------- |:-----------:|:-----------:|:-----------:|:-----------:|:-----------:|:-----------:|:-----------:|  
9|$68k/35764   |$134k/33024  |$150k/15614 |$1.06M/56021 |$290k/20336| 
8|$191k/44903  |$170k/38242  |$183k/17194 |$1.21M/61626 |$347k/22999|  
7|$287k/51261  |$213k/42585  |$220k/18623 |$1.37M/66430 |$409k/25908|   
6|$381k/56830  |$257k/46788  |$286k/20771	|$1.55M/72098 |$502k/29226| 
5|$504k/61504  |$312k/53911  |$370k/23034	|$1.73M/77845 |$656k/33264| 
4|$622k/65409  |$384k/59615  |$452k/26097 |$2.00M/87942 |$806k/39722| 
3|$776k/75163  |$469k/67561  |$533k/29654 |$2.31M/97680 |$953k/46208| 		
2|$955k/100446 |$562k/83337  |$609k/35366 |$2.65M/112430|$1.13M/56073|
1|$1.24M/126317|$695k/98097  |$698k/41285 |$3.27M/125706|$1.43M/65663| 
0|             |$1.20M/108262|$1.17M/45547|$5.84M/134942|$2.63M/92383|	
Opening Day|/|$6.21M	   |$6.91M      |$18.74M      |$11.98M |
Comp       |Average: $10.22M|$11.09M     |$12.28M       |$7.12M  |$10.40M
*Gross/Screenings

---

**The Devil Wears Prada 2:**

**The Devil Wears Prada 2** opening day pre-sales have a pretty subpar finish. 

Official opening day projections remain around $2.3-2.6M


|Days till release | The Devil Wears Prada 2 | Thunderbolts |Wuthering Heights |Fantastic Four
:----------- |:-----------:|:-----------:|:-----------:|:-----------:|:-----------:|:-----------:|:-----------:|  
8|/          |/          |$2k/2042   |/          ||   
7|$8k/2229   |/          |$8k/3897   |$2k/2677   ||   
6|$58k/25865 |/          |$17k/4857  |$15k/6992  || 
5|$119k/33312|/          |$25k/5428  |$39k/9088  || 
4|$178k/38107|$143k/31015|$34k/5960  |$65k/11095 || 
3|$248k/42532|$234k/43450|$48k/7183  |$113k/14695|| 		
2|$347k/51432|$343k/57244|$63k/9134  |$178k/19592||
1|$482k/76051|$487k/57244|$83k/12235 |$303k/35148|| 
0|$796k/90311|$824k/89134|$121k/14778|$611k/45327||	
Opening Day|/|$2.47M     |$0.30M     |$1.74M     ||
Comp       |Average: $2.20M|$2.38M  |$1.98M      |$2.26M  
*Gross/Screenings

---


#**Release Schedule:**

A table including upcoming movies in the next month alongside trailers linked in the name of the movie, Want To See data from both Maoyan and Taopiaopiao alongside the Gender split and genre. 

Remember Want To See is not pre-sales. Its just an anticipation metric. A checkbox of sorts saying your interested in an upcoming movie.

Not all movies are included since a lot are just too small to be worth covering. 

---

**May/Labor Day Holidays(30.4-5.5)**

| Movie |Maoyan WTS|Daily Increase| Taopiaopiao WTS|Daily Increase|M/W %|Genre|Release Date|3rd party media projections
:----------- |:-----------:|:-----------:|:-----------:|:-----------:|:-----------:|:-----------:|:-----------:|:-----------:|
[Vanishing Point](https://vod.pipi.cn/fec9203cvodtransbj1251246104/0a6e64625145403721118746297/v.f42905.mp4) |82k|+3k|36k|+1k|33/67|Thriller/Crime|01.05|$16-32M
[Cold War 1944](https://vod.pipi.cn/fec9203cvodtransbj1251246104/0a6e64625145403721118746297/v.f42905.mp4) |81k|+2k|108k|+3k|75/25|Drama/Action/Crime|01.05|$51-74M
[Being Toward Death](https://vod.pipi.cn/fec9203cvodtransbj1251246104/7978f4ba5145403722772255413/v.f42905.mp4) |26k|+1k|13k|+1k|38/62|Drama|01.05|$12-22M
[Once a Thief](https://vod.pipi.cn/fec9203cvodtransbj1251246104/7978f4ba5145403722772255413/v.f42905.mp4) |33k|+1k|24k|+1k|47/53|Drama/Comedy/Action|03.05|$4-6M",32,21,1777492494.0,devil wears prada 2,theatrical_release,2026-04-29,"In China Michael leads on Wednesday with $0.42M/$6.11M. The Devil Wears Prada 2 final opening day pre-sales hit $796k. Projected a $2.3-2.6M opening day tomorrow into a $9-11M 4 day Holiday weekend. Cold War 1994 opening day pre-sales hit $1.24M. Projected a $7.6-9.2M start on Labor Day(May 1st) #**Daily Box Office (April 29th 2026)**

The market hits ¥17.4M/$2.54M. Up +13% from yesterday and up +31% from last week.

Wang Changtian the chairman of Enlight Media gave some slight updates on some of the companies long term projects. **Big Fish &amp; Begonia 2** remains on a tentative 2028 date. A question about **Ne Zha 3** and **Monkey King 2** was answered with a PR ""we have many long term projects in development and announcements will be made once they are done and release dates are rdy to be confirmed"". So essentialy neither is really anywhere near completion. Not that there was much doubt. **Monkey King 2** is likely 2028 at the earlist while **Ne Zha 3** is a year if not 2 after that and closer to 2030.

On the live action long term from. Zhang Yimous **Three-Body Problem** movie is still in the script writting and pre-production stage.


As for more soon to be stuff. **Supergirl** has been confirmed for release in China. **Jaws** will be releasing on May 15th while Cristopher Nolan's **Memento** will be releasing on May 29th and will have IMAX screenings.

---

**Province map of the day:** 

https://i.imgur.com/y1yNtXS.png

Michael mostly dominates on Wednesday but already starts losing ground. Tomorrow it will get displaced by The Devil Wears Prada 2.

**In Metropolitan cities:** 

Michael wins Guangzhou, Shanghai, Chongqing, Beijing, Wuhan, Chengdu, Nanjing, Hangzhou and Suzhou 

Dear You wins Guangzhou and Shenzhen


**City tiers:**

The Caged Butterfly climbs to 1st in T4.

**Tier 1**: Michael&gt;Dear You&gt;Project Hail Mary

**Tier 2**: Michael&gt;Being Towards Death&gt;It's OK

**Tier 3**: Dear You&gt;Michael&gt;Being Towards Death

**Tier 4**: The Caged Butterfly&gt;Michael&gt;Being Towards Death

---

|# | Movie |Gross|%YD| %LW|Screenings|Admisions(Today)|Total Gross|Projected Total Gross|
:----------- |:-----------|:-----------:|:-----------:|:-----------:|:-----------:|:--------:|:-----------:|:-----------:| 
1|**Michael**              |$0.42M   |-1% |      |55863 |0.07M |$6.11M   |$9M-$12M 
2|Being Towards Death(Pre-Scr)|$0.30M|+14%|      |21314 |0.05M |$1.05M   | 
3|The Caged Butterfly      |$0.23M  |+13% |-4%   |39067 |0.05M |$13.66M  |$14M-$17M
4|It's OK                  |$0.23M  |+6%  |-36%  |50144 |0.05M |$27.34M  |$28M-$31M
5|Dear You(Pre-Scr)        |$0.22M  |+10% |      |6739  |0.05M |$1.58M   |$7M-$11M 
6|Nobody But You 2         |$0.21M  |+178%|+5%   |23339 |0.04M |$3.81M   |$4M-$5M  
7|Project Hail Mary        |$0.16M  |-10% |-20%  |18011 |0.04M |$39.38M  |$40M-$41M    
8|Pegasus 3                |$0.12M  |+8%  |-8%   |17817 |0.03M |$639.96M |$640M-$641M   
9|Hoppers                  |$0.08M  |+91% |+165% |7564  |0.01M |$24.38M  |$25M-$28M 
10|Now I Met Her           |$0.07M  |+3%  |-46%  |21114 |0.01M |$11.04M  |$11M-$13M  
11|Super Mario Galaxy Movie|$0.07M  |+35% |+16%  |17852 |0.01M |$18.77M  |$21M-$22M

New releases marked in **bold**

---


**Pre-Sales map for tomorrow**

https://i.imgur.com/Rs9alZl.png

The Devil Wears Prada 2 dominates pre-sales for its opening day tomorrow.

---

**IMAX Screenings distribution**

Michael dominates the IMAX screenings for its last day before The Devil Wears Prada 2 takes over tomorrow.

||Movie|IMAX Screeninsgs Today|IMAX Screeninsgs Tomorrow|Change|
:----------- |:-----------:|:-----------:|:-----------:|:-----------:|:-----------:|:-----------:|:-----------:|
1|Michael                             |2606   |919  |-1687
2|Project Hail Mary                   |238    |231  |-7
3|The Devil Wears Prada 2             |165    |231  |+2703

---


###**Michael**

Michael grossed ¥2.91M/$0.42M on Wednesday. Good day to day hold as we approach the Holidays. Tomorrow it should increase on the eve of the Labor Day Holidays.

 Below Bohemian Rhapsody's ¥4.08M/$0.61M 1st Wednesday.

We'l see how well it holds up against all the new movies releasing in the next 2 days as well as with the majority of PLF's where Michael has been doing well. Although it will keep some IMAX screenings going forward.

**Michael vs Bohemian Rhapsody:**

https://i.imgur.com/IVzRzah.png

**Screen Distribution Split:** Regular: $3.92M    , IMAX: $1.65M   , Rest: $0.50M 

**WoM figures:**

Maoyan: 9.5 , Taopiaopiao: 9.4 , Douban: 7.5

|#|FRI|SAT|SUN|MON|TUE|WED|THU|Total|
|:-----------:|:-----------:|:-----------:|:-----------:|:-----------:|:-----------:|:-----------:|:-----------:|:-----------:|:-----------:|							
|First  Week |$1.56M|$1.91M|$1.32M|$0.47M|$0.43M|$0.42M| |$6.11M	
		
	
**Scheduled showings update for Michael for the next few days:**

|Day |  Number of Showings |Presales|Projection
:----------- |:-----------:|:-----------:|:-----------:|
Today|56636|$74k|$0.40M-$0.41M
Thursday|43051|$100k|$0.45M-$0.54M
Friday|5637|$50k|$0.50M-$0.57M

---

###**Project Hail Mary**

Project Hail Mary drops to 7th grossing ¥1.10M/$0.16M on Wednesday. 

It will also increase tomorrow but after that it will likely struggle more as a pretty old holdover.

**Screen Distribution Split:** Regular: $26.00M    , IMAX: $11.10M   , Rest: $2.31M 

**WoM figures:**

Maoyan: 9.1       , Taopiaopiao: 9.2      , Douban: 8.6

|#|FRI|SAT|SUN|MON|TUE|WED|THU|Total|
|:-----------:|:-----------:|:-----------:|:-----------:|:-----------:|:-----------:|:-----------:|:-----------:|:-----------:|:-----------:|								
|Fifth Week |$0.44M|$1.02M|$0.78M|$0.20M|$0.20M|$0.20M|$0.20M|$37.65M
|Sixth  Week |$0.22M|$0.60M|$0.43M|$0.14M|$0.18M|$0.16M| |	$39.38M
|%± LW|-50%|-41%|-45%|-30%|-10%|-20%| | |			

**Scheduled showings update for Project Hail Mary for the next few days:**

|Day |  Number of Showings |Presales|Projection
:----------- |:-----------:|:-----------:|:-----------:|
Today18240|$38k|$0.15M-$0.17M
Thursday|13155|$55k|$0.17M-$0.22M
Friday|602|$12k|$0.10M-$0.20M

---

**May/Labor Day:**

Cold War 1944 continues to lead pre-sales for May 1st Labor Day convincingly.

|Days till release |The Devil Wears Prada 2 |Cold War 1994 |Vanishing Point |Being Towards Death|No one is closer than we
:----------- |:-----------:|:-----------:|:-----------:|:-----------:|:-----------:|:-----------:|:-----------:|  
9|/          |$68k/35764   |$20k/13736 |$12k/15106 |/        | 
8|/          |$191k/44903  |$137k/19293|$52k/19940 |/        |   
7|$8k/2229   |$287k/51261  |$189k/23937|$64k/23680 |/        |   
6|$58k/25865 |$381k/56830  |$228k/28028|$76k/27293 |$17k/618 | 
5|$119k/33312|$504k/61504  |$287k/31672|$92k/30186 |$50k/2502| 
4|$178k/38107|$622k/65409  |$361k/35037|$106k/32512|$64k/2911| 
3|$248k/42532|$776k/75163  |$429k/42752|$122k/38461|$149k/3320  		
2|$347k/51432|$955k/100446 |$532k/61598|$153k/52881|$173k/5256|
1|$482k/76051|$1.24M/126317|$690k/81680|$200k/68731|$300k/7790| 
0|$796k/90311|             |           |||	
*Gross/Screenings

---

**Cold War 1994 opening day pre-sales:**

Cold War 1994 opening day pre-sales exceed $1.2M as all comps again increase today. Its now exceeded the final pre-sales of last years Labor Day Champion The Dumpling Queen.

Official opening day projections only slighly increase on the high end now at $7.6-9.2M


|Days till release | Cold War 1994 | The Dumpling Queen |Twilight of the Warriors: Walled In|Formed Police Unit|The Last Frenzy
:----------- |:-----------:|:-----------:|:-----------:|:-----------:|:-----------:|:-----------:|:-----------:|  
9|$68k/35764   |$134k/33024  |$150k/15614 |$1.06M/56021 |$290k/20336| 
8|$191k/44903  |$170k/38242  |$183k/17194 |$1.21M/61626 |$347k/22999|  
7|$287k/51261  |$213k/42585  |$220k/18623 |$1.37M/66430 |$409k/25908|   
6|$381k/56830  |$257k/46788  |$286k/20771	|$1.55M/72098 |$502k/29226| 
5|$504k/61504  |$312k/53911  |$370k/23034	|$1.73M/77845 |$656k/33264| 
4|$622k/65409  |$384k/59615  |$452k/26097 |$2.00M/87942 |$806k/39722| 
3|$776k/75163  |$469k/67561  |$533k/29654 |$2.31M/97680 |$953k/46208| 		
2|$955k/100446 |$562k/83337  |$609k/35366 |$2.65M/112430|$1.13M/56073|
1|$1.24M/126317|$695k/98097  |$698k/41285 |$3.27M/125706|$1.43M/65663| 
0|             |$1.20M/108262|$1.17M/45547|$5.84M/134942|$2.63M/92383|	
Opening Day|/|$6.21M	   |$6.91M      |$18.74M      |$11.98M |
Comp       |Average: $10.22M|$11.09M     |$12.28M       |$7.12M  |$10.40M
*Gross/Screenings

---

**The Devil Wears Prada 2:**

**The Devil Wears Prada 2** opening day pre-sales have a pretty subpar finish. 

Official opening day projections remain around $2.3-2.6M


|Days till release | The Devil Wears Prada 2 | Thunderbolts |Wuthering Heights |Fantastic Four
:----------- |:-----------:|:-----------:|:-----------:|:-----------:|:-----------:|:-----------:|:-----------:|  
8|/          |/          |$2k/2042   |/          ||   
7|$8k/2229   |/          |$8k/3897   |$2k/2677   ||   
6|$58k/25865 |/          |$17k/4857  |$15k/6992  || 
5|$119k/33312|/          |$25k/5428  |$39k/9088  || 
4|$178k/38107|$143k/31015|$34k/5960  |$65k/11095 || 
3|$248k/42532|$234k/43450|$48k/7183  |$113k/14695|| 		
2|$347k/51432|$343k/57244|$63k/9134  |$178k/19592||
1|$482k/76051|$487k/57244|$83k/12235 |$303k/35148|| 
0|$796k/90311|$824k/89134|$121k/14778|$611k/45327||	
Opening Day|/|$2.47M     |$0.30M     |$1.74M     ||
Comp       |Average: $2.20M|$2.38M  |$1.98M      |$2.26M  
*Gross/Screenings

---


#**Release Schedule:**

A table including upcoming movies in the next month alongside trailers linked in the name of the movie, Want To See data from both Maoyan and Taopiaopiao alongside the Gender split and genre. 

Remember Want To See is not pre-sales. Its just an anticipation metric. A checkbox of sorts saying your interested in an upcoming movie.

Not all movies are included since a lot are just too small to be worth covering. 

---

**May/Labor Day Holidays(30.4-5.5)**

| Movie |Maoyan WTS|Daily Increase| Taopiaopiao WTS|Daily Increase|M/W %|Genre|Release Date|3rd party media projections
:----------- |:-----------:|:-----------:|:-----------:|:-----------:|:-----------:|:-----------:|:-----------:|:-----------:|
[Vanishing Point](https://vod.pipi.cn/fec9203cvodtransbj1251246104/0a6e64625145403721118746297/v.f42905.mp4) |82k|+3k|36k|+1k|33/67|Thriller/Crime|01.05|$16-32M
[Cold War 1944](https://vod.pipi.cn/fec9203cvodtransbj1251246104/0a6e64625145403721118746297/v.f42905.mp4) |81k|+2k|108k|+3k|75/25|Drama/Action/Crime|01.05|$51-74M
[Being Toward Death](https://vod.pipi.cn/fec9203cvodtransbj1251246104/7978f4ba5145403722772255413/v.f42905.mp4) |26k|+1k|13k|+1k|38/62|Drama|01.05|$12-22M
[Once a Thief](https://vod.pipi.cn/fec9203cvodtransbj1251246104/7978f4ba5145403722772255413/v.f42905.mp4) |33k|+1k|24k|+1k|47/53|Drama/Comedy/Action|03.05|$4-6M",-0.9716,
1sz3287,boxoffice,'The Devil Wears Prada 2' Review Thread,"I will continue to update this post as reviews come in.

[**Rotten Tomatoes:**](https://www.rottentomatoes.com/m/the_devil_wears_prada_2) Certified Fresh

**Critics Consensus:** Meryl Streep still wears Miranda Priestly like a finely-tailored suit in this sinfully enjoyable sequel, which is dressed to the nines in off-the-rack wish fulfillment and some trenchant observations about the state of modern media.

|Critics|Score|**Number of Reviews**|Average Rating (Unofficial)|
|:-|:-|:-|:-|
|**All Critics**|77%|224|6.60/10|
|**Top Critics**|73%|55||

[**Metacritic:**](https://www.metacritic.com/movie/the-devil-wears-prada-2/) 63 (54 Reviews)

**Sample Reviews:**

Radheyan Simonpillai, CBC Radio - The Devil Wears Prada 2 can’t live up to the glory or the glamour of the original. But that's exactly its point. And it makes it beautifully.

Erin Strecker, Us Weekly **3/4** \- As one might expect, it can’t hold a candle to the impactful original, but happily, as with a vintage designer bag, there’s still plenty of charm left.

Peter Travers, The Travers Take **3/4** \- Even when the sequel loses momentum, and it does like to repeat itself, Meryl Streep, Anne Hathaway, Emily Blunt and Stanley Tucci are comic virtuosos not to be resisted. That’s all.

Annie Berke, The New Republic - The Devil Wears Prada 2 just tries to do too much in its two-hour running time. It’s the cinematic equivalent of a cargo pant.

Rafer Guzman, Newsday **2/4** \- Fans of the beloved original film will best appreciate this stitched-together sequel.

Stephanie Zacharek, TIME Magazine - The Devil Wears Prada 2, imperfect as it is, is actually a better movie than its predecessor.

Mark Kermode, Kermode and Mayo's Take (YouTube) - None of the plot makes any sense at all.

Dana Stevens, Slate - This sparkly sequel provides a satisfying balance between nostalgic callbacks and intelligent updates to suit a more contemporary, if sadder, media landscape.

Adam Graham, Detroit News **B-** \- While it's not as fun as it was the first time around, ""Prada 2"" gives viewers more to think about than just high fashion. It's an appropriately stylish move.

Bill Goodykoontz, Arizona Republic **3/5** \- It's all too much on the surface, not enough underneath. In other words, fans of the first film will love it.

Beth Webb, Empire Magazine **3/5** \- A sequel that serves its characters with a fresh story instead of relying solely on the tropes of its predecessor. This high-fashion tale could have benefited from higher stakes, but Streep and company remain as in vogue as ever.

Sara Michelle Fetters, [MovieFreak.com](http://MovieFreak.com) **2.5/4** \- The new film is like a pleasant visit with old friends; just don’t go into it anticipating anything more than that.

Deborah Ross, The Spectator - While the landscape has moved on, the characters have remained the same and halfway through I started to drift. Another blow is that it’s become more sentimental and less satirical. In other words, it’s not as good as the original.

Nell Minow, Movie Mom **B+** \- Witty barbs, fabulous fashion, a touch of romance, some big name cameos, top performances, and a surprise superstar; it’s thoughtful enough to have some meaning but light enough to be entertaining, as imperishably classic as a little black dress.

Philip De Semlyen, Time Out **4/5** \- Streep, of course, can sell the idea that Miranda has erased Andy from her mind with a single raised eyebrow. She’s staggeringly good here, spinning through Miranda’s Rolodex of stinging guilt trips and waspy put downs like she’s never been away.

Manohla Dargis, New York Times - \[Frankel\] wisely gives his four main performers plenty of room to show off their comic timing; they’re clearly enjoying themselves, which heightens the pleasure of watching talented actors getting their collective groove on.

Johnny Oleksinski, New York Post **3/4** \- A good time, even if the high-pressure world of Vogue, er, Runway magazine is no longer the epitome of New York luxury and glamour it was back in the aughts.

Jonathan Romney, Financial Times **2/5** \- Beloved zingers from the 2006 collection are reworked for fond recognition, but that only makes DWP2 all the more stale, no matter how many personality cameos (Donatella Versace et al) it is sprinkled with.

Katie Walsh, Tribune News Service **3.5/4** \- It’s bigger, better and it resonates with the cultural zeitgeist while maintaining the spirit, style and wit of the original. Like Andy, the sequel is older, and wiser.

Amy Nicholson, Los Angeles Times - I wonder what Wintour will make of this diminished avatar pursuing the same promotion that she herself just claimed at Condé Nast as global head of content. Content is to prestige journalism what Shein is to Chanel.

Kristen Lopez, The Film Maven **D+** \- The first Devil Wears Prada was certainly an artifact of the 2000s and this sequel is too, in that it's a soul-less nostalgia grab with some interesting opinions it doesn't really want to dive into.

Robbie Collin, Daily Telegraph (UK) **4/5** \- Hathaway and Streep are at the respective peaks of their comedic powers.

Sandra Hall, Sydney Morning Herald **4/5** \- The script is an artful blending of the new and the old, the serious and the silly, and the production is even more sumptuous than the original.

Randy Myers, San Jose Mercury News **2/4** \- Yes, it is indeed a pleasure to hang out with these characters again, and there are a few good laughs here and there. But The Devil Wears Prada 2 feels like it came off the rack before it was ready. It feels about as groundbreaking as florals in spring.

Bilge Ebiri, New York Magazine/Vulture - This remains a great part for Hathaway, who can hint at all sorts of neuroses beneath a character’s surface pep.

Lillian Crawford, Little White Lies **4/5** \- The Devil Wears Prada 2 scratches every itch a legacy sequel ought... But if the first film is Tom Ford and Calvin Klein then this time it’s Vivienne Westwood and Alexander McQueen -- less slick, and with something darker underneath.

Nikki Gemmell, The Australian **4/5** \- This deliciously funny fluff of a film is wrapped around a passionate, surprisingly affecting cry for the integrity of traditional journalism.

Odie Henderson, Boston Globe **3/4** \- Miranda is given more depth this time, which softens her just a tad, but it forces the viewer to root for her success. That would bug me, but “The Devil Wears Prada 2” successfully gives journalists a bigger villain to hiss at and resent.

Johanna Schneller, Globe and Mail - I suppose money is the real subject of The Devil Wears Prada 2. The problem is, Brosh McKenna and Frankel don’t know whether it’s good or bad.

Tony Bravo, San Francisco Chronicle - Thankfully, “The Devil Wears Prada 2” is not the sad Temu redo it could have been. The devil is truly in the film’s details, and fans will no doubt spend the next 20 years parsing every line of dialogue and every outfit, as they did the first movie.

Monica Castillo, AV Club **B-** \- Although not all of the jokes and emotional beats land, The Devil Wears Prada 2 still gets the essence of what made the original a hit. The characters, slightly changed by time and their industry’s winds of change, are still compelling.

David Sims, The Atlantic - It has plenty of breezy fun probing the dilemmas of modern media, without abandoning the glitz that made the original so enduring.

Linda Marric, HeyUGuys **4/5** \- The devil’s still got it, even if Miranda’s been defanged. Human Resources be damned!

Caroline Siede, Girl Culture (Substack) **B-** \- For all its icy barbs and timely themes, The Devil Wears Prada 2 ultimately serves up a pretty big slice of angel food cake, which is nice while you’re watching but doesn’t leave much to chew on the way the first film did.

Donald Clarke, Irish Times **3/5** \- \[It\] does provide a soothing evening in the dark, but one feels this may be one of those so-so sequels that, a few years after it has progressed to streaming, seems to have scarcely ever existed.

Peter Bradshaw, Guardian **3/5** \- This is good-natured, buoyant entertainment. It’s wearing well.

Clarisse Loughrey, Independent (UK) **4/5** \- So yes, The Devil Wears Prada 2 hits painfully home, and perpetual job insecurity is hardly exclusive to the media world. Yet even for those who can’t relate, there’s still plenty of the indulgent, fondant pleasures to take part in.

Kevin Maher, The Times (UK) **4/5** \- It helps too, of course, that Streep has a handy foil in Hathaway, who once again injects Andy with just the right hint of perky naivety to maintain her status as the clueless straight woman to her co-star’s scheming diva.

Jake Coyle, Associated Press **2/4** \- I wouldn’t begrudge anyone who just wants to see her and these actors together again. But the movie, well stocked in Prada, could have used a bit more of Streep’s unflappable devil.

Brian Truitt, USA Today **3/4** \- Rifle through all the fabulous fashion that you naturally expect in “The Devil Wears Prada 2,” and you might be surprised -- and, if you type for a living, rather excited -- to find a thoughtful examination of modern journalism.

Moira MacDonald, Seattle Times **2/4** \- “The Devil Wears Prada 2” gives us a lot to look at, and Hathaway and Blunt in particular are a pleasure, but it’s flat Champagne: maybe worth drinking in a pinch, but unsatisfying.

Justin Chang, The New Yorker - The Devil Wears Prada 2 is selling a truckload of preposterous goods, but it sells them awfully well, with unfeigned assurance, conviction, and the appropriate ratio of cynicism to hope.

Kyle Smith, Wall Street Journal - Somehow, arriving an entire generation after its predecessor, “Devil 2” feels rushed and slapdash, as though it were thrown together to capitalize on the (well-earned) success of the 2006 feature.

Guy Lodge, Variety - None of the stars here is slacking, and their combined, easily resumed chemistry ensures that this sequel, for good long stretches, feels like old times -- even if it’s hard to imagine fans of its predecessor cherishing repeat viewings.

David Rooney, The Hollywood Reporter - It’s difficult to imagine anyone being terribly upset by anything in The Devil Wears Prada 2. It’s pretty and polished and as featherweight as a fawning magazine puff piece; it will doubtless make a fortune.

Tomris Laffly, [RogerEbert.com](http://RogerEbert.com) **2.5/4** \- The movie goes out of its way to give us the fans what we want … but what it forgets to do is take the audience on a character-driven journey, as in the first movie, where everyone feels essential and every dot is connected.

David Fear, Rolling Stone - For journalists, this is a horror movie now matter how stylish and dazzling you dress it up. Every victory is given the full ""Prada"" treatment and is still explicitly stated as being Pyrrhic.

William Bibbiani, TheWrap - We like to joke about how 'this meeting could have been an email' but if all 'The Devil Wears Prada 2' can offer is Anne Hathaway, Meryl Streep, Stanley Tucci and Emily Blunt on-screen together again, then this film could have been a Zoom call.

Kate Erbland, IndieWire **C+** \- If it ain’t broke… well, maybe don’t make a whole sequel about it? More optimistically, if this sequel is giving the fans more of what they loved in the first place, at least it’s not wholly disastrous or oddly insulting. It’s fine.

Jake Cole, Slant Magazine **2.5.4** \- The film has the zero-calorie comfort of its predecessor, even if it leaves you feeling hungry half an hour later.

Liz Shannon Miller, Consequence **C+** \- It’s kind of like making a movie about the real tragedies of climate change, and ending it with the reveal of a magic machine that will fix everything, at least for now.

Alonso Duralde, The Film Verdict - A new Prada must absolutely acknowledge how awful the media biz is doing these days, but the returning creators haven’t figured how not to poop their own party.

David Sexton, New Statesman - \[The original\] performed a similar sleight of hand in notionally addressing the challenges of being a working woman, while actually delivering high-end wish fulfilment. The Devil Wears Prada 2 does it again.

Matt Singer, ScreenCrush **7/10** \- A model sequel.

Nick Schager, The Daily Beast - Despite looking great, it comes off as a humdrum knockoff of yesterday’s fashion.

**SYNOPSIS:**

Almost twenty years after making their iconic turns as Miranda, Andy, Emily and Nigel—Meryl Streep, Anne Hathaway, Emily Blunt and Stanley Tucci return to the fashionable streets of New York City and the sleek offices of Runway Magazine in the eagerly awaited sequel to the 2006 phenomenon that defined a generation.

**CAST:**

* Meryl Streep as Miranda Priestly
* Anne Hathaway as Andrea ""Andy"" Sachs
* Emily Blunt as Emily Charlton
* Stanley Tucci as Nigel Kipling
* Kenneth Branagh as Stuart
* Simone Ashley as Amari Mari
* Justin Theroux as Benji Barnes
* Lucy Liu as Sasha Barnes
* Patrick Brammall as Peter
* Caleb Hearon as Charlie
* Helen J. Shen as Jin
* Pauline Chalamet
* B.J. Novak as Jay Ravitz
* Tracie Thoms as Lily
* Tibor Feldman as Irv Ravitz

**DIRECTED BY:** David Frankel

**SCREENPLAY BY:** Aline Brosh Mckenna

**BASED ON CHARACTERS CREATED BY:** Lauren Weisberger

**PRODUCED BY:** Wendy Finerman

**EXECUTIVE PRODUCERS:** Michael Bederman, Karen Rosenfelt, Aline Brosh McKenna

**DIRECTOR OF PHOTOGRAPHY:** Florian Ballhaus

**PRODUCTION DESIGNER:** Jess Gonchor

**EDITED BY:** Andrew Marcus

**COSTUME DESIGNER:** Molly Rogers

**MUSIC BY:** Theodore Shapiro

**MUSIC SUPERVISOR:** Julia Michels

**CASTING BY:** Ellen Lewis, Shayna Markowitz

**RUNTIME:** 119 Minutes

**RELEASE DATE:** May 1, 2026",312,154,1777478489.0,devil wears prada 2,theatrical_release,2026-04-29,"'The Devil Wears Prada 2' Review Thread I will continue to update this post as reviews come in.

[**Rotten Tomatoes:**](https://www.rottentomatoes.com/m/the_devil_wears_prada_2) Certified Fresh

**Critics Consensus:** Meryl Streep still wears Miranda Priestly like a finely-tailored suit in this sinfully enjoyable sequel, which is dressed to the nines in off-the-rack wish fulfillment and some trenchant observations about the state of modern media.

|Critics|Score|**Number of Reviews**|Average Rating (Unofficial)|
|:-|:-|:-|:-|
|**All Critics**|77%|224|6.60/10|
|**Top Critics**|73%|55||

[**Metacritic:**](https://www.metacritic.com/movie/the-devil-wears-prada-2/) 63 (54 Reviews)

**Sample Reviews:**

Radheyan Simonpillai, CBC Radio - The Devil Wears Prada 2 can’t live up to the glory or the glamour of the original. But that's exactly its point. And it makes it beautifully.

Erin Strecker, Us Weekly **3/4** \- As one might expect, it can’t hold a candle to the impactful original, but happily, as with a vintage designer bag, there’s still plenty of charm left.

Peter Travers, The Travers Take **3/4** \- Even when the sequel loses momentum, and it does like to repeat itself, Meryl Streep, Anne Hathaway, Emily Blunt and Stanley Tucci are comic virtuosos not to be resisted. That’s all.

Annie Berke, The New Republic - The Devil Wears Prada 2 just tries to do too much in its two-hour running time. It’s the cinematic equivalent of a cargo pant.

Rafer Guzman, Newsday **2/4** \- Fans of the beloved original film will best appreciate this stitched-together sequel.

Stephanie Zacharek, TIME Magazine - The Devil Wears Prada 2, imperfect as it is, is actually a better movie than its predecessor.

Mark Kermode, Kermode and Mayo's Take (YouTube) - None of the plot makes any sense at all.

Dana Stevens, Slate - This sparkly sequel provides a satisfying balance between nostalgic callbacks and intelligent updates to suit a more contemporary, if sadder, media landscape.

Adam Graham, Detroit News **B-** \- While it's not as fun as it was the first time around, ""Prada 2"" gives viewers more to think about than just high fashion. It's an appropriately stylish move.

Bill Goodykoontz, Arizona Republic **3/5** \- It's all too much on the surface, not enough underneath. In other words, fans of the first film will love it.

Beth Webb, Empire Magazine **3/5** \- A sequel that serves its characters with a fresh story instead of relying solely on the tropes of its predecessor. This high-fashion tale could have benefited from higher stakes, but Streep and company remain as in vogue as ever.

Sara Michelle Fetters, [MovieFreak.com](http://MovieFreak.com) **2.5/4** \- The new film is like a pleasant visit with old friends; just don’t go into it anticipating anything more than that.

Deborah Ross, The Spectator - While the landscape has moved on, the characters have remained the same and halfway through I started to drift. Another blow is that it’s become more sentimental and less satirical. In other words, it’s not as good as the original.

Nell Minow, Movie Mom **B+** \- Witty barbs, fabulous fashion, a touch of romance, some big name cameos, top performances, and a surprise superstar; it’s thoughtful enough to have some meaning but light enough to be entertaining, as imperishably classic as a little black dress.

Philip De Semlyen, Time Out **4/5** \- Streep, of course, can sell the idea that Miranda has erased Andy from her mind with a single raised eyebrow. She’s staggeringly good here, spinning through Miranda’s Rolodex of stinging guilt trips and waspy put downs like she’s never been away.

Manohla Dargis, New York Times - \[Frankel\] wisely gives his four main performers plenty of room to show off their comic timing; they’re clearly enjoying themselves, which heightens the pleasure of watching talented actors getting their collective groove on.

Johnny Oleksinski, New York Post **3/4** \- A good time, even if the high-pressure world of Vogue, er, Runway magazine is no longer the epitome of New York luxury and glamour it was back in the aughts.

Jonathan Romney, Financial Times **2/5** \- Beloved zingers from the 2006 collection are reworked for fond recognition, but that only makes DWP2 all the more stale, no matter how many personality cameos (Donatella Versace et al) it is sprinkled with.

Katie Walsh, Tribune News Service **3.5/4** \- It’s bigger, better and it resonates with the cultural zeitgeist while maintaining the spirit, style and wit of the original. Like Andy, the sequel is older, and wiser.

Amy Nicholson, Los Angeles Times - I wonder what Wintour will make of this diminished avatar pursuing the same promotion that she herself just claimed at Condé Nast as global head of content. Content is to prestige journalism what Shein is to Chanel.

Kristen Lopez, The Film Maven **D+** \- The first Devil Wears Prada was certainly an artifact of the 2000s and this sequel is too, in that it's a soul-less nostalgia grab with some interesting opinions it doesn't really want to dive into.

Robbie Collin, Daily Telegraph (UK) **4/5** \- Hathaway and Streep are at the respective peaks of their comedic powers.

Sandra Hall, Sydney Morning Herald **4/5** \- The script is an artful blending of the new and the old, the serious and the silly, and the production is even more sumptuous than the original.

Randy Myers, San Jose Mercury News **2/4** \- Yes, it is indeed a pleasure to hang out with these characters again, and there are a few good laughs here and there. But The Devil Wears Prada 2 feels like it came off the rack before it was ready. It feels about as groundbreaking as florals in spring.

Bilge Ebiri, New York Magazine/Vulture - This remains a great part for Hathaway, who can hint at all sorts of neuroses beneath a character’s surface pep.

Lillian Crawford, Little White Lies **4/5** \- The Devil Wears Prada 2 scratches every itch a legacy sequel ought... But if the first film is Tom Ford and Calvin Klein then this time it’s Vivienne Westwood and Alexander McQueen -- less slick, and with something darker underneath.

Nikki Gemmell, The Australian **4/5** \- This deliciously funny fluff of a film is wrapped around a passionate, surprisingly affecting cry for the integrity of traditional journalism.

Odie Henderson, Boston Globe **3/4** \- Miranda is given more depth this time, which softens her just a tad, but it forces the viewer to root for her success. That would bug me, but “The Devil Wears Prada 2” successfully gives journalists a bigger villain to hiss at and resent.

Johanna Schneller, Globe and Mail - I suppose money is the real subject of The Devil Wears Prada 2. The problem is, Brosh McKenna and Frankel don’t know whether it’s good or bad.

Tony Bravo, San Francisco Chronicle - Thankfully, “The Devil Wears Prada 2” is not the sad Temu redo it could have been. The devil is truly in the film’s details, and fans will no doubt spend the next 20 years parsing every line of dialogue and every outfit, as they did the first movie.

Monica Castillo, AV Club **B-** \- Although not all of the jokes and emotional beats land, The Devil Wears Prada 2 still gets the essence of what made the original a hit. The characters, slightly changed by time and their industry’s winds of change, are still compelling.

David Sims, The Atlantic - It has plenty of breezy fun probing the dilemmas of modern media, without abandoning the glitz that made the original so enduring.

Linda Marric, HeyUGuys **4/5** \- The devil’s still got it, even if Miranda’s been defanged. Human Resources be damned!

Caroline Siede, Girl Culture (Substack) **B-** \- For all its icy barbs and timely themes, The Devil Wears Prada 2 ultimately serves up a pretty big slice of angel food cake, which is nice while you’re watching but doesn’t leave much to chew on the way the first film did.

Donald Clarke, Irish Times **3/5** \- \[It\] does provide a soothing evening in the dark, but one feels this may be one of those so-so sequels that, a few years after it has progressed to streaming, seems to have scarcely ever existed.

Peter Bradshaw, Guardian **3/5** \- This is good-natured, buoyant entertainment. It’s wearing well.

Clarisse Loughrey, Independent (UK) **4/5** \- So yes, The Devil Wears Prada 2 hits painfully home, and perpetual job insecurity is hardly exclusive to the media world. Yet even for those who can’t relate, there’s still plenty of the indulgent, fondant pleasures to take part in.

Kevin Maher, The Times (UK) **4/5** \- It helps too, of course, that Streep has a handy foil in Hathaway, who once again injects Andy with just the right hint of perky naivety to maintain her status as the clueless straight woman to her co-star’s scheming diva.

Jake Coyle, Associated Press **2/4** \- I wouldn’t begrudge anyone who just wants to see her and these actors together again. But the movie, well stocked in Prada, could have used a bit more of Streep’s unflappable devil.

Brian Truitt, USA Today **3/4** \- Rifle through all the fabulous fashion that you naturally expect in “The Devil Wears Prada 2,” and you might be surprised -- and, if you type for a living, rather excited -- to find a thoughtful examination of modern journalism.

Moira MacDonald, Seattle Times **2/4** \- “The Devil Wears Prada 2” gives us a lot to look at, and Hathaway and Blunt in particular are a pleasure, but it’s flat Champagne: maybe worth drinking in a pinch, but unsatisfying.

Justin Chang, The New Yorker - The Devil Wears Prada 2 is selling a truckload of preposterous goods, but it sells them awfully well, with unfeigned assurance, conviction, and the appropriate ratio of cynicism to hope.

Kyle Smith, Wall Street Journal - Somehow, arriving an entire generation after its predecessor, “Devil 2” feels rushed and slapdash, as though it were thrown together to capitalize on the (well-earned) success of the 2006 feature.

Guy Lodge, Variety - None of the stars here is slacking, and their combined, easily resumed chemistry ensures that this sequel, for good long stretches, feels like old times -- even if it’s hard to imagine fans of its predecessor cherishing repeat viewings.

David Rooney, The Hollywood Reporter - It’s difficult to imagine anyone being terribly upset by anything in The Devil Wears Prada 2. It’s pretty and polished and as featherweight as a fawning magazine puff piece; it will doubtless make a fortune.

Tomris Laffly, [RogerEbert.com](http://RogerEbert.com) **2.5/4** \- The movie goes out of its way to give us the fans what we want … but what it forgets to do is take the audience on a character-driven journey, as in the first movie, where everyone feels essential and every dot is connected.

David Fear, Rolling Stone - For journalists, this is a horror movie now matter how stylish and dazzling you dress it up. Every victory is given the full ""Prada"" treatment and is still explicitly stated as being Pyrrhic.

William Bibbiani, TheWrap - We like to joke about how 'this meeting could have been an email' but if all 'The Devil Wears Prada 2' can offer is Anne Hathaway, Meryl Streep, Stanley Tucci and Emily Blunt on-screen together again, then this film could have been a Zoom call.

Kate Erbland, IndieWire **C+** \- If it ain’t broke… well, maybe don’t make a whole sequel about it? More optimistically, if this sequel is giving the fans more of what they loved in the first place, at least it’s not wholly disastrous or oddly insulting. It’s fine.

Jake Cole, Slant Magazine **2.5.4** \- The film has the zero-calorie comfort of its predecessor, even if it leaves you feeling hungry half an hour later.

Liz Shannon Miller, Consequence **C+** \- It’s kind of like making a movie about the real tragedies of climate change, and ending it with the reveal of a magic machine that will fix everything, at least for now.

Alonso Duralde, The Film Verdict - A new Prada must absolutely acknowledge how awful the media biz is doing these days, but the returning creators haven’t figured how not to poop their own party.

David Sexton, New Statesman - \[The original\] performed a similar sleight of hand in notionally addressing the challenges of being a working woman, while actually delivering high-end wish fulfilment. The Devil Wears Prada 2 does it again.

Matt Singer, ScreenCrush **7/10** \- A model sequel.

Nick Schager, The Daily Beast - Despite looking great, it comes off as a humdrum knockoff of yesterday’s fashion.

**SYNOPSIS:**

Almost twenty years after making their iconic turns as Miranda, Andy, Emily and Nigel—Meryl Streep, Anne Hathaway, Emily Blunt and Stanley Tucci return to the fashionable streets of New York City and the sleek offices of Runway Magazine in the eagerly awaited sequel to the 2006 phenomenon that defined a generation.

**CAST:**

* Meryl Streep as Miranda Priestly
* Anne Hathaway as Andrea ""Andy"" Sachs
* Emily Blunt as Emily Charlton
* Stanley Tucci as Nigel Kipling
* Kenneth Branagh as Stuart
* Simone Ashley as Amari Mari
* Justin Theroux as Benji Barnes
* Lucy Liu as Sasha Barnes
* Patrick Brammall as Peter
* Caleb Hearon as Charlie
* Helen J. Shen as Jin
* Pauline Chalamet
* B.J. Novak as Jay Ravitz
* Tracie Thoms as Lily
* Tibor Feldman as Irv Ravitz

**DIRECTED BY:** David Frankel

**SCREENPLAY BY:** Aline Brosh Mckenna

**BASED ON CHARACTERS CREATED BY:** Lauren Weisberger

**PRODUCED BY:** Wendy Finerman

**EXECUTIVE PRODUCERS:** Michael Bederman, Karen Rosenfelt, Aline Brosh McKenna

**DIRECTOR OF PHOTOGRAPHY:** Florian Ballhaus

**PRODUCTION DESIGNER:** Jess Gonchor

**EDITED BY:** Andrew Marcus

**COSTUME DESIGNER:** Molly Rogers

**MUSIC BY:** Theodore Shapiro

**MUSIC SUPERVISOR:** Julia Michels

**CASTING BY:** Ellen Lewis, Shayna Markowitz

**RUNTIME:** 119 Minutes

**RELEASE DATE:** May 1, 2026",0.9996,
1sz201d,boxoffice,Predictions for Summer Box Office Top 10?,"With the summer movie season being May 1st through Labor Day on September 7th- What does your 10 look like? Expecting a big underperformance or a specific dark horse surprise? Put your bets here!

Always like seeing Dan Murrell do his and track it through the season- [https://youtu.be/Fg1CHWtSGMY?si=GLlj7IPdGvu02oeR](https://youtu.be/Fg1CHWtSGMY?si=GLlj7IPdGvu02oeR) about 26 mins in

His list looks like-

1. Toy story 5
2. Spider-Man: BND
3. Moana
4. Minions &amp; Monsters
5. The Odyssey
6. The Devil Wears Prada 2
7. The Mandalorian &amp; Grogu
8. Supergirl
9. Scary Movie 6
10. Disclosure Day

I may put Mortal Kombat II and Masters of the Universe at 9 &amp; 10 respectively, but it's hard to argue the top 7 or 8 aren't in there in some order. 

",12,36,1777476248.0,devil wears prada 2,theatrical_release,2026-04-29,"Predictions for Summer Box Office Top 10? With the summer movie season being May 1st through Labor Day on September 7th- What does your 10 look like? Expecting a big underperformance or a specific dark horse surprise? Put your bets here!

Always like seeing Dan Murrell do his and track it through the season- [https://youtu.be/Fg1CHWtSGMY?si=GLlj7IPdGvu02oeR](https://youtu.be/Fg1CHWtSGMY?si=GLlj7IPdGvu02oeR) about 26 mins in

His list looks like-

1. Toy story 5
2. Spider-Man: BND
3. Moana
4. Minions &amp; Monsters
5. The Odyssey
6. The Devil Wears Prada 2
7. The Mandalorian &amp; Grogu
8. Supergirl
9. Scary Movie 6
10. Disclosure Day

I may put Mortal Kombat II and Masters of the Universe at 9 &amp; 10 respectively, but it's hard to argue the top 7 or 8 aren't in there in some order.",-0.3923,
1sz1k98,boxoffice,"r/BoxOffice Long Range Forecast: 'Backrooms', 'The Breadwinner', 'Power Ballad', and 'Pressure'","Before you comment, read these two rules:

#**1. Please provide specific numbers for your predictions. Don't do like ""It'll make less than this or that"" or ""double this movie or half this movie"". We want a real prediction.**

#**2. Given that a lot of parent comments do not even bother to give predictions, we are establishing a new rule. The parent comment must provide a prediction with specific numbers. The rest of the replies to the comment do not have to make a prediction, but the parent comment absolutely has to. Any parent comment without a prediction will be eliminated.**

Welcome to the newest edition of r/BoxOffice Long Range Forecast. And just like that, the 2026 summer season officially begins.

We're making long range predictions for films, 4 weeks out from their premieres. You will predict the opening weekend, domestic total and worldwide gross of these films. These predictions will be open for 48 hours and the results will be polled to form a consensus and posted the next week.

So let's meet the four films for the week and analyze each pro and con.

#**Backrooms**

The film is directed by Kane Parsons and written by Will Soodik. It is based on Parsons' web series and inspired by the ""Backrooms"" creepypasta, and stars Chiwetel Ejiofor, Renate Reinsve, Mark Duplass, Finn Bennett, Lukita Maxwell and Avan Jogia. In the film, a therapist ventures into an otherworldly dimension in search of her missing patient.

#**The Breadwinner**

The film is directed by Eric Appel (*Weird: The Al Yankovic Story*) from a script by Nate Bargatze and Dan Lagana. The film stars Bargatze, Mandy Moore, Colin Jost, Zach Cherry, Martin Herlihy, Kumail Nanjiani, and Will Forte. After his wife ends up landing a deal on *Shark Tank*, Nate Wilcox has to become a stay-at-home dad.

#**Power Ballad**

The film is directed and co-written by John Carney (*Once*, *Begin Again*, *Sing Street* and *Flora and Son*) and starring Paul Rudd, Nick Jonas, Havana Rose Liu, and Jack Reynor. Rick Power, a washed-up wedding singer, and Danny Wilson, a fading boy-band star, bond over music and a late-night jam session. When Danny turns Rick's song into a hit, Rick sets out to reclaim the recognition he believes he deserves.

#**Pressure**

The film is directed and edited by Anthony Maras (*Hotel Mumbai*), written by Maras and David Haig, and is based on Haig's 2014 stage play. It stars Andrew Scott, Brendan Fraser, Kerry Condon, Chris Messina, and Damian Lewis. In the tense 72 hours before D-Day, and with the fate of the free world hanging in the balance, the film follows General Dwight D. Eisenhower and Captain James Stagg as they face an impossible choice: launch the largest and most dangerous seaborne invasion in history or risk losing the war altogether.

Now that you met this week's new release, let's look at some pros and cons.

#**PROS**

- *Backrooms* has become an Internet phenomenon ever since its inception in 2019, maintaining strong popularity among Gen Z (a core demographic for horror titles). The concept's mythology is fascinating, with many users over the years offering more meanings and expanding on the concept. One of these is Kane Parsons, who created a web series for YouTube that went viral, and is now directing this. And so far, it looks damn great, maintaing the eerie atmosphere and suspense, while also offering something that could attract non-fans. Every single news about the film is also going viral, indicating strong audience interest and awareness. With the weak slate of horror over the past weeks, this could be a big attraction for horror fans. If A24 plays its cards well, it could have its biggest opening weekend yet. The studio has grown in the past years, with many titles crossing $100 million worldwide, and it wouldn't be surprising if *Backrooms* joins that club.

- *The Breadwinner* is targeting families looking for a comedy during the summer season. This marks Nate Bargatze's film debut, and he already has a following; it was reported that his comedy tours were the highest-grossing in 2024 and 2025, which is very notable for a stand-up comedian. That could lead to some interest in this film.

- *Power Ballad*, like other John Carney titles, is aiming for music fans. Carney has made a few films, but they're all crowd-pleasers and most of them succeed at the box office. And it's not like this film will be any different; it's sitting at a great 92% on RT so far. Having Paul Rudd and Nick Jonas as stars facing each other in comedic form could also attract regulars.

- *Pressure* could benefit from war aficionados interested in further exploring D-Day. After all, it's an important event with so much material to adapt. And judging by the performance of *Nuremberg* (a small film that quietly made its way to $72 million worldwide), it's clear there's an audience for small war dramas. But it's also the kind of film that could find success outside America, particularly in Europe.

#**CONS**

- Adapting Internet phenomenons into movies or shows can be hit-and-miss. There aren't a lot of those based on creepypastas, except for *Slender Man*, which was a big failure. Now in fairness, *Slender Man* was already too late in the game and there was zero buzz, which is the contrary to *Backrooms*. But Kane Parsons hasn't directed a single film, and it remains to be seen if he will successfully translate the concept for casuals. If he doesn't, expect the film to be front-loaded.

- *The Breadwinner* suffers from the same problems that plagued other theatrical comedies. The theatrical comedy has been struggling in attracting audiences due to its move to streaming, and the film's premise (""a father is forced to stay home and realizes how difficult parenting is"") has been repeated ad nauseam for decades. Bargatze may have his fans, but he's an unproven star for film, leading to some questioning if his fans will follow. And like other comedies, this might struggle outside America.

- *Power Ballad* is not getting a big push from Lionsgate, despite John Carney being known for creating many crowd-pleasers. And even with Rudd and Jonas attached, there's only so much their presence can do to boost a premise like this. Especially when it's releasing in a competitive summer season.

- *Pressure* might revolve around D-Day, but its focus is more on the decision making, and we all know how that ended up, killing all the suspense. It shows signs of action sequences, but those might be limited compared to its focus on the dialogue scenes. And despite how beloved he is, Brendan Fraser didn't have much luck with *Rental Family* last year, and a point of discussion is that he looks miscast as Eisenhower.

And here's the past results.

Movie | Release Date | Distributor | Domestic Debut | Domestic Total | Worldwide Total
:-------:|:--------:|:--------:|:--------:|:--------:|:--------:|
*The Devil Wears Prada 2* | May 1 | 20th Century Studios | $94,848,421 | $286,791,891 | $633,095,675
*Mortal Kombat II* | May 8 | Warner Bros. | $39,057,142 | $98,290,476 | $209,861,904
*The Sheep Detectives* | May 8 | Amazon MGM | $11,575,000 | $35,137,500 | $80,956,250
*Billie Eilish – Hit Me Hard and Soft: The Tour Live in 3D* | May 8 | Paramount | $17,444,444 | $33,222,222 | $59,444,444
*Obsession* | May 15 | Focus Features | $8,642,857 | $22,428,571 | $35,857,142
*Is God Is* | May 15 | Amazon MGM | $5,357,142 | $13,285,714 | $15,785,714
*The Mandalorian and Grogu* | May 22 | Disney | $76,489,655 (3-day) $93,548,000 (4-day) | $207,066,206 | $411,187,000
*Passenger* | May 22 | Paramount | $8,950,000 (3-day) $11,250,000 (4-day) | $26,000,000 | $46,800,000
*I Love Boosters* | May 22 | Neon | $4,250,000 (3-day) $5,156,250 (4-day) | $14,287,500 | $18,031,250

Next week, we're predicting *Scary Movie* and *Masters of the Universe*. 

#**REMINDER: Power Ballad is releasing on limited release this week, but we're predicting its wide debut the following week.**

So what are your predictions for these films?",18,17,1777475316.0,devil wears prada 2,theatrical_release,2026-04-29,"r/BoxOffice Long Range Forecast: 'Backrooms', 'The Breadwinner', 'Power Ballad', and 'Pressure' Before you comment, read these two rules:

#**1. Please provide specific numbers for your predictions. Don't do like ""It'll make less than this or that"" or ""double this movie or half this movie"". We want a real prediction.**

#**2. Given that a lot of parent comments do not even bother to give predictions, we are establishing a new rule. The parent comment must provide a prediction with specific numbers. The rest of the replies to the comment do not have to make a prediction, but the parent comment absolutely has to. Any parent comment without a prediction will be eliminated.**

Welcome to the newest edition of r/BoxOffice Long Range Forecast. And just like that, the 2026 summer season officially begins.

We're making long range predictions for films, 4 weeks out from their premieres. You will predict the opening weekend, domestic total and worldwide gross of these films. These predictions will be open for 48 hours and the results will be polled to form a consensus and posted the next week.

So let's meet the four films for the week and analyze each pro and con.

#**Backrooms**

The film is directed by Kane Parsons and written by Will Soodik. It is based on Parsons' web series and inspired by the ""Backrooms"" creepypasta, and stars Chiwetel Ejiofor, Renate Reinsve, Mark Duplass, Finn Bennett, Lukita Maxwell and Avan Jogia. In the film, a therapist ventures into an otherworldly dimension in search of her missing patient.

#**The Breadwinner**

The film is directed by Eric Appel (*Weird: The Al Yankovic Story*) from a script by Nate Bargatze and Dan Lagana. The film stars Bargatze, Mandy Moore, Colin Jost, Zach Cherry, Martin Herlihy, Kumail Nanjiani, and Will Forte. After his wife ends up landing a deal on *Shark Tank*, Nate Wilcox has to become a stay-at-home dad.

#**Power Ballad**

The film is directed and co-written by John Carney (*Once*, *Begin Again*, *Sing Street* and *Flora and Son*) and starring Paul Rudd, Nick Jonas, Havana Rose Liu, and Jack Reynor. Rick Power, a washed-up wedding singer, and Danny Wilson, a fading boy-band star, bond over music and a late-night jam session. When Danny turns Rick's song into a hit, Rick sets out to reclaim the recognition he believes he deserves.

#**Pressure**

The film is directed and edited by Anthony Maras (*Hotel Mumbai*), written by Maras and David Haig, and is based on Haig's 2014 stage play. It stars Andrew Scott, Brendan Fraser, Kerry Condon, Chris Messina, and Damian Lewis. In the tense 72 hours before D-Day, and with the fate of the free world hanging in the balance, the film follows General Dwight D. Eisenhower and Captain James Stagg as they face an impossible choice: launch the largest and most dangerous seaborne invasion in history or risk losing the war altogether.

Now that you met this week's new release, let's look at some pros and cons.

#**PROS**

- *Backrooms* has become an Internet phenomenon ever since its inception in 2019, maintaining strong popularity among Gen Z (a core demographic for horror titles). The concept's mythology is fascinating, with many users over the years offering more meanings and expanding on the concept. One of these is Kane Parsons, who created a web series for YouTube that went viral, and is now directing this. And so far, it looks damn great, maintaing the eerie atmosphere and suspense, while also offering something that could attract non-fans. Every single news about the film is also going viral, indicating strong audience interest and awareness. With the weak slate of horror over the past weeks, this could be a big attraction for horror fans. If A24 plays its cards well, it could have its biggest opening weekend yet. The studio has grown in the past years, with many titles crossing $100 million worldwide, and it wouldn't be surprising if *Backrooms* joins that club.

- *The Breadwinner* is targeting families looking for a comedy during the summer season. This marks Nate Bargatze's film debut, and he already has a following; it was reported that his comedy tours were the highest-grossing in 2024 and 2025, which is very notable for a stand-up comedian. That could lead to some interest in this film.

- *Power Ballad*, like other John Carney titles, is aiming for music fans. Carney has made a few films, but they're all crowd-pleasers and most of them succeed at the box office. And it's not like this film will be any different; it's sitting at a great 92% on RT so far. Having Paul Rudd and Nick Jonas as stars facing each other in comedic form could also attract regulars.

- *Pressure* could benefit from war aficionados interested in further exploring D-Day. After all, it's an important event with so much material to adapt. And judging by the performance of *Nuremberg* (a small film that quietly made its way to $72 million worldwide), it's clear there's an audience for small war dramas. But it's also the kind of film that could find success outside America, particularly in Europe.

#**CONS**

- Adapting Internet phenomenons into movies or shows can be hit-and-miss. There aren't a lot of those based on creepypastas, except for *Slender Man*, which was a big failure. Now in fairness, *Slender Man* was already too late in the game and there was zero buzz, which is the contrary to *Backrooms*. But Kane Parsons hasn't directed a single film, and it remains to be seen if he will successfully translate the concept for casuals. If he doesn't, expect the film to be front-loaded.

- *The Breadwinner* suffers from the same problems that plagued other theatrical comedies. The theatrical comedy has been struggling in attracting audiences due to its move to streaming, and the film's premise (""a father is forced to stay home and realizes how difficult parenting is"") has been repeated ad nauseam for decades. Bargatze may have his fans, but he's an unproven star for film, leading to some questioning if his fans will follow. And like other comedies, this might struggle outside America.

- *Power Ballad* is not getting a big push from Lionsgate, despite John Carney being known for creating many crowd-pleasers. And even with Rudd and Jonas attached, there's only so much their presence can do to boost a premise like this. Especially when it's releasing in a competitive summer season.

- *Pressure* might revolve around D-Day, but its focus is more on the decision making, and we all know how that ended up, killing all the suspense. It shows signs of action sequences, but those might be limited compared to its focus on the dialogue scenes. And despite how beloved he is, Brendan Fraser didn't have much luck with *Rental Family* last year, and a point of discussion is that he looks miscast as Eisenhower.

And here's the past results.

Movie | Release Date | Distributor | Domestic Debut | Domestic Total | Worldwide Total
:-------:|:--------:|:--------:|:--------:|:--------:|:--------:|
*The Devil Wears Prada 2* | May 1 | 20th Century Studios | $94,848,421 | $286,791,891 | $633,095,675
*Mortal Kombat II* | May 8 | Warner Bros. | $39,057,142 | $98,290,476 | $209,861,904
*The Sheep Detectives* | May 8 | Amazon MGM | $11,575,000 | $35,137,500 | $80,956,250
*Billie Eilish – Hit Me Hard and Soft: The Tour Live in 3D* | May 8 | Paramount | $17,444,444 | $33,222,222 | $59,444,444
*Obsession* | May 15 | Focus Features | $8,642,857 | $22,428,571 | $35,857,142
*Is God Is* | May 15 | Amazon MGM | $5,357,142 | $13,285,714 | $15,785,714
*The Mandalorian and Grogu* | May 22 | Disney | $76,489,655 (3-day) $93,548,000 (4-day) | $207,066,206 | $411,187,000
*Passenger* | May 22 | Paramount | $8,950,000 (3-day) $11,250,000 (4-day) | $26,000,000 | $46,800,000
*I Love Boosters* | May 22 | Neon | $4,250,000 (3-day) $5,156,250 (4-day) | $14,287,500 | $18,031,250

Next week, we're predicting *Scary Movie* and *Masters of the Universe*. 

#**REMINDER: Power Ballad is releasing on limited release this week, but we're predicting its wide debut the following week.**

So what are your predictions for these films?",0.9697,
1sz1aym,boxoffice,"According to Variety, 'The Devil Wears Prada 2' cost roughly $100 million.",,200,88,1777474782.0,devil wears prada 2,theatrical_release,2026-04-29,"According to Variety, 'The Devil Wears Prada 2' cost roughly $100 million.",-0.6597,
1sz19ol,boxoffice,"Box Office: ‘Devil Wears Prada 2’ Poised for Massive Debut Above $80 Million Domestically, $180 Million Globally",,314,65,1777474710.0,devil wears prada 2,theatrical_release,2026-04-29,"Box Office: ‘Devil Wears Prada 2’ Poised for Massive Debut Above $80 Million Domestically, $180 Million Globally",0.25,
1sykg6c,boxoffice,"‘The Devil Wears Prada 2’ To Glam Up Start Of Summer Box Office With Near $180M WW Opening ($73-80M DOM, $100M INT); ‘Michael’ Eyes $45-50M 2nd Weekend – Preview",,332,114,1777425875.0,devil wears prada 2,theatrical_release,2026-04-29,"‘The Devil Wears Prada 2’ To Glam Up Start Of Summer Box Office With Near $180M WW Opening ($73-80M DOM, $100M INT); ‘Michael’ Eyes $45-50M 2nd Weekend – Preview",-0.6597,
1sykdum,boxoffice,SK Tuesday Update: Mario and Devil Prada 2 looks poise to open over 100k admits each,"|Movies|Monday-Monday Drop|Tuesday-Tuesday Drop|Wednesday-Wednesday Drop|Thursday-Thursday Drop|Friday-Friday Drop|Saturday-Saturday Drop|Sunday-Sunday Drop|Week-Week Drop|
|:-|:-|:-|:-|:-|:-|:-|:-|:-|
|Salmokji|11%|\+29%|||||||
|Project Hail Mary|3%|\+13%|||||||
|The Man Who Lives With the King|30%|15%|||||||

**Salmokji:** Another great day for the movie as the movie will climb above 2.1 million admits tomorrow as it is eyeing a finish north of 2.5 million admits, as I said weeks ago. This movie is a huge hit for horror fans.

**Project Hail Mary:** The movie should easily sneak into 2.6 million admits this weekend and should have a chance for 2.8 million admits final if competition doesn’t destroy the late legs.

**The Man Who Lives With the King:** The movie keeps rolling towards that 16.8 to 16.9 million admits finish

**Presales**

**Super Mario Galaxy:** A meh finish as the movie seems set to open around 120k to 130k admits.

|Days before Release|Moana 2|Bad Guys 2|Zootopia 2|Mario Super Galaxy|
|:-|:-|:-|:-|:-|
|T-7|42,238|8,916|73,487|35,433|
|T-6|51,863|9,549|94,120|45,760|
|T-5|64,147|14,312|113,186|58,225|
|T-4|79,655|7,449|141,029|69,449|
|T-3|105,249|11,440|182,918|88,403|
|T-2|150,351|18,765|258,224|115,823|
|T-1|224,262|34,944|370,645|155,570|
|Comp|136,505|184,401|129,765||

**Devil Wears Prada 2**: A pretty wide range, I would say the key will be 160k admits as the movie should behave between F1 and Thunderbolts.

|Days before Release|Sinners|F1|Thunderbolts|Devil Wears Prada 2|
|:-|:-|:-|:-|:-|
|T-7|2,533|44,401|16,408|61,582|
|T-6|2,792|48,155|42,913|71,251|
|T-5|3,335|53,728|49,950|83,372|
|T-4|4,099|58,456|56,852|94,494|
|T-3|5,284|66,092|66,550|114,141|
|T-2|7,456|81,072|83,980|142,119|
|T-1|9,927|103,859|107,377|186,689|
|Comp|197,070|149,054|174,139||",24,2,1777425698.0,devil wears prada 2,theatrical_release,2026-04-29,"SK Tuesday Update: Mario and Devil Prada 2 looks poise to open over 100k admits each |Movies|Monday-Monday Drop|Tuesday-Tuesday Drop|Wednesday-Wednesday Drop|Thursday-Thursday Drop|Friday-Friday Drop|Saturday-Saturday Drop|Sunday-Sunday Drop|Week-Week Drop|
|:-|:-|:-|:-|:-|:-|:-|:-|:-|
|Salmokji|11%|\+29%|||||||
|Project Hail Mary|3%|\+13%|||||||
|The Man Who Lives With the King|30%|15%|||||||

**Salmokji:** Another great day for the movie as the movie will climb above 2.1 million admits tomorrow as it is eyeing a finish north of 2.5 million admits, as I said weeks ago. This movie is a huge hit for horror fans.

**Project Hail Mary:** The movie should easily sneak into 2.6 million admits this weekend and should have a chance for 2.8 million admits final if competition doesn’t destroy the late legs.

**The Man Who Lives With the King:** The movie keeps rolling towards that 16.8 to 16.9 million admits finish

**Presales**

**Super Mario Galaxy:** A meh finish as the movie seems set to open around 120k to 130k admits.

|Days before Release|Moana 2|Bad Guys 2|Zootopia 2|Mario Super Galaxy|
|:-|:-|:-|:-|:-|
|T-7|42,238|8,916|73,487|35,433|
|T-6|51,863|9,549|94,120|45,760|
|T-5|64,147|14,312|113,186|58,225|
|T-4|79,655|7,449|141,029|69,449|
|T-3|105,249|11,440|182,918|88,403|
|T-2|150,351|18,765|258,224|115,823|
|T-1|224,262|34,944|370,645|155,570|
|Comp|136,505|184,401|129,765||

**Devil Wears Prada 2**: A pretty wide range, I would say the key will be 160k admits as the movie should behave between F1 and Thunderbolts.

|Days before Release|Sinners|F1|Thunderbolts|Devil Wears Prada 2|
|:-|:-|:-|:-|:-|
|T-7|2,533|44,401|16,408|61,582|
|T-6|2,792|48,155|42,913|71,251|
|T-5|3,335|53,728|49,950|83,372|
|T-4|4,099|58,456|56,852|94,494|
|T-3|5,284|66,092|66,550|114,141|
|T-2|7,456|81,072|83,980|142,119|
|T-1|9,927|103,859|107,377|186,689|
|Comp|197,070|149,054|174,139||",0.9485,
1sykctw,boxoffice,"MPA Ratings Update: Backrooms Rated R, Devil's Mouth Rated PG-13, Disclosure Day Rated PG-13, The Dog Stars Rated R, Good Sex Rated R, In The Grey Rated R, The Last Sunrise Rated R, Verity Rated R, Violent Night 2 Rated R, Young Washington Rated PG-13",,51,33,1777425620.0,devil wears prada 2,theatrical_release,2026-04-29,"MPA Ratings Update: Backrooms Rated R, Devil's Mouth Rated PG-13, Disclosure Day Rated PG-13, The Dog Stars Rated R, Good Sex Rated R, In The Grey Rated R, The Last Sunrise Rated R, Verity Rated R, Violent Night 2 Rated R, Young Washington Rated PG-13",-0.2023,
1syayyv,boxoffice,In China Michael leads on Tuesday with $0.43M/$5.69M. Below Bohemian Rapsody's $0.66M first Tuesday. Project Hail Mary adds $0.18M(-10%)/$39.22M. The Devil Wears Prada 2 opening day pre-sales hit $482k vs Thunderbolts($487k). Projected a $2.3-2.6M opening day. Cold War 1994 OD pre-sales hit $955k,"#**Daily Box Office (April 28th 2026)**

The market hits ¥15.0M/$2.05M. Up +9% from yesterday and up +12% from last week.

---

**Province map of the day:** 

https://i.imgur.com/CTb5glg.png

Michael mostly dominates on Tuesday

**In Metropolitan cities:** 

Michael wins Guangzhou, Shanghai, Chongqing, Beijing, Wuhan, Chengdu, Nanjing, Shenzhen, Hangzhou and Suzhou 


**City tiers:**

Unchanged from yesterday.

**Tier 1**: Michael&gt;Dear You&gt;Project Hail Mary

**Tier 2**: Michael&gt;Being Towards Death&gt;It's OK

**Tier 3**: Dear You&gt;Michael&gt;Being Towards Death

**Tier 4**: Michael&gt;The Caged Butterfly&gt;Being Towards Death

---

|# | Movie |Gross|%YD| %LW|Screenings|Admisions(Today)|Total Gross|Projected Total Gross|
:----------- |:-----------|:-----------:|:-----------:|:-----------:|:-----------:|:--------:|:-----------:|:-----------:| 
1|**Michael**              |$0.43M  |-8% |       |56692 |0.07M |$5.69M   |$9M-$11M 
2|Being Towards Death(Pre-Scr)|$0.27M|+23%|      |20015 |0.05M |$0.75M   | 
3|It's OK                  |$0.22M  |+5%  |-39%  |49922 |0.04M |$27.11M  |$27M-$31M
4|The Caged Butterfly      |$0.21M  |+11% |-16%  |38404 |0.04M |$13.43M  |$13M-$16M
5|Dear You(Pre-Scr)        |$0.20M  |-10% |      |6446  |0.04M |$1.36M   | 
6|Project Hail Mary        |$0.18M  |+29% |-10%  |18003 |0.03M |$39.22M  |$39M-$42M    
7|Pegasus 3                |$0.11M  |+11% |-15%  |17521 |0.02M |$639.84M |$640M-$641M 
8|Nobody But You 2         |$0.08M  |-3%  |-72%  |23431 |0.01M |$3.60M   |$3M-$4M    
9|Now I Met Her            |$0.07M  |+9%  |-46%  |20974 |0.01M |$10.97M  |$11M-$13M  
10|Super Mario Galaxy Movie |$0.05M |+26% |-16%  |17446 |0.01M |$18.70M  |$19M-$22M

New releases marked in **bold**

---


**Pre-Sales map for tomorrow**

https://i.imgur.com/z2cBkVP.png

Michael mostly dominates pre-sales for Wednesday

---

**IMAX Screenings distribution**

Michael absolutely dominates the IMAX screenings and will continue to do so tomorrow.


||Movie|IMAX Screeninsgs Today|IMAX Screeninsgs Tomorrow|Change|
:----------- |:-----------:|:-----------:|:-----------:|:-----------:|:-----------:|:-----------:|:-----------:|
1|Michael                             |2654   |2628 |-26
2|Project Hail Mary                   |238    |231  |-7

---


###**Michael**

Michael grossed ¥2.96M/$0.43M on Tuesday. Below Bohemian Rhapsody's ¥4.46M/$0.66M 1st Tuesday

**Michael vs Bohemian Rhapsody:**

https://i.imgur.com/ttXaaan.png

**Screen Distribution Split:** Regular: $3.62M    , IMAX: $1.55M   , Rest: $0.47M 

**WoM figures:**

Maoyan: 9.5 , Taopiaopiao: 9.4 , Douban: 7.5

|#|FRI|SAT|SUN|MON|TUE|WED|THU|Total|
|:-----------:|:-----------:|:-----------:|:-----------:|:-----------:|:-----------:|:-----------:|:-----------:|:-----------:|:-----------:|							
|First  Week |$1.56M|$1.91M|$1.32M|$0.47M|$0.43M| | |$5.69M
		
	
**Scheduled showings update for Michael for the next few days:**

|Day |  Number of Showings |Presales|Projection
:----------- |:-----------:|:-----------:|:-----------:|
Today|57503|$70k|$0.41M-$0.45M
Wednesday|56636|$74k|$0.40M-$0.41M
Thursday|31446|$26k|$0.33M-$0.45M

---

###**Project Hail Mary**

Project Hail Mary in 6th grossed ¥1.24M/$0.18M on Monday. +29% from yesterday.

**Screen Distribution Split:** Regular: $25.33M    , IMAX: $10.97M   , Rest: $2.31M 

**WoM figures:**

Maoyan: 9.1       , Taopiaopiao: 9.2      , Douban: 8.6

|#|FRI|SAT|SUN|MON|TUE|WED|THU|Total|
|:-----------:|:-----------:|:-----------:|:-----------:|:-----------:|:-----------:|:-----------:|:-----------:|:-----------:|:-----------:|								
|Fifth Week |$0.44M|$1.02M|$0.78M|$0.20M|$0.20M|$0.20M|$0.20M|$37.65M
|Sixth  Week |$0.22M|$0.60M|$0.43M|$0.14M|$0.18M| | |$39.22M
|%± LW|-50%|-41%|-45%|-30%|-10%| | | |			

**Scheduled showings update for Project Hail Mary for the next few days:**

|Day |  Number of Showings |Presales|Projection
:----------- |:-----------:|:-----------:|:-----------:|
Today|18278|$49k|$0.17M-$0.20M
Wednesday|18240|$38k|$0.15M-$0.17M
Thursday|9775|$18k|$0.10M-$0.21M

---

**May/Labor Day:**

Cold War 1944 continues to lead pre-sales for May 1st Labor Day convincingly.

|Days till release |The Devil Wears Prada 2 |Cold War 1994 |Vanishing Point |Being Towards Death|No one is closer than we
:----------- |:-----------:|:-----------:|:-----------:|:-----------:|:-----------:|:-----------:|:-----------:|  
9|/          |$68k/35764  |$20k/13736 |$12k/15106 |/        | 
8|/          |$191k/44903 |$137k/19293|$52k/19940 |/        |   
7|$8k/2229   |$287k/51261 |$189k/23937|$64k/23680 |/        |   
6|$58k/25865 |$381k/56830 |$228k/28028|$76k/27293 |$17k/618 | 
5|$119k/33312|$504k/61504 |$287k/31672|$92k/30186 |$50k/2502| 
4|$178k/38107|$622k/65409 |$361k/35037|$106k/32512|$64k/2911| 
3|$248k/42532|$776k/75163 |$429k/42752|$122k/38461|$149k/3320  		
2|$347k/51432|$955k/100446|$532k/61598|$153k/52881|$173k/5256|
1|$482k/76051|            |           ||| 
0|           |            |           |||	
*Gross/Screenings

---

**Cold War 1994 opening day pre-sales:**

Cold War 1994 continues to trend well in pre-sales as all comps again increase today. 

Final pre-sales for the opening day should aim to exceed $2M

First official opening day projections at $7.6-9.0M


|Days till release | Cold War 1994 | The Dumpling Queen |Twilight of the Warriors: Walled In|Formed Police Unit|The Last Frenzy
:----------- |:-----------:|:-----------:|:-----------:|:-----------:|:-----------:|:-----------:|:-----------:|  
9|$68k/35764  |$134k/33024  |$150k/15614 |$1.06M/56021 |$290k/20336| 
8|$191k/44903 |$170k/38242  |$183k/17194 |$1.21M/61626 |$347k/22999|  
7|$287k/51261 |$213k/42585  |$220k/18623 |$1.37M/66430 |$409k/25908|   
6|$381k/56830 |$257k/46788  |$286k/20771	|$1.55M/72098 |$502k/29226| 
5|$504k/61504 |$312k/53911  |$370k/23034	|$1.73M/77845 |$656k/33264| 
4|$622k/65409 |$384k/59615  |$452k/26097 |$2.00M/87942 |$806k/39722| 
3|$776k/75163 |$469k/67561  |$533k/29654 |$2.31M/97680 |$953k/46208| 		
2|$955k/100446|$562k/83337  |$609k/35366 |$2.65M/112430|$1.13M/56073|
1|            |$695k/98097  |$698k/41285 |$3.27M/125706|$1.43M/65663| 
0|            |$1.20M/108262|$1.17M/45547|$5.84M/134942|$2.63M/92383|	
Opening Day|/|$6.21M	   |$6.91M      |$18.74M      |$11.98M |
Comp       |Average: $9.57M|$10.56M     |$10.84M       |$6.77M  |$10.12M
*Gross/Screenings

---

**The Devil Wears Prada 2:**

**The Devil Wears Prada 2** pre-sales fall slightly below **Thunderbolts**. Comp drops to $2.3M

Official opening day projections have also been lowered to $2.3-2.6M


|Days till release | The Devil Wears Prada 2 | Thunderbolts |Wuthering Heights |Fantastic Four
:----------- |:-----------:|:-----------:|:-----------:|:-----------:|:-----------:|:-----------:|:-----------:|  
8|/          |/          |$2k/2042   |/          ||   
7|$8k/2229   |/          |$8k/3897   |$2k/2677   ||   
6|$58k/25865 |/          |$17k/4857  |$15k/6992  || 
5|$119k/33312|/          |$25k/5428  |$39k/9088  || 
4|$178k/38107|$143k/31015|$34k/5960  |$65k/11095 || 
3|$248k/42532|$234k/43450|$48k/7183  |$113k/14695|| 		
2|$347k/51432|$343k/57244|$63k/9134  |$178k/19592||
1|$482k/76051|$487k/57244|$83k/12235 |$303k/35148|| 
0|           |$824k/89134|$121k/14778|$611k/45327||	
Opening Day|/|$2.47M     |$0.30M     |$1.74M     ||
Comp       |Average: $2.31M|$2.44M  |$1.74M      |$2.77M  
*Gross/Screenings

---


#**Release Schedule:**

A table including upcoming movies in the next month alongside trailers linked in the name of the movie, Want To See data from both Maoyan and Taopiaopiao alongside the Gender split and genre. 

Remember Want To See is not pre-sales. Its just an anticipation metric. A checkbox of sorts saying your interested in an upcoming movie.

Not all movies are included since a lot are just too small to be worth covering. 

---

**May/Labor Day Holidays(30.4-5.5)**

| Movie |Maoyan WTS|Daily Increase| Taopiaopiao WTS|Daily Increase|M/W %|Genre|Release Date|3rd party media projections
:----------- |:-----------:|:-----------:|:-----------:|:-----------:|:-----------:|:-----------:|:-----------:|:-----------:|
[Devil Wears Prada 2](https://vod.pipi.cn/fec9203cvodtransbj1251246104/0a6e64625145403721118746297/v.f42905.mp4) |174k|+2k|285k|+2k|26/74|Drama/Comedy|30.04|$9-41M
[Vanishing Point](https://vod.pipi.cn/fec9203cvodtransbj1251246104/0a6e64625145403721118746297/v.f42905.mp4) |79k|+2k|35k|+1k|33/67|Thriller/Crime|01.05|$21-36M
[Cold War 1944](https://vod.pipi.cn/fec9203cvodtransbj1251246104/0a6e64625145403721118746297/v.f42905.mp4) |79k|+2k|105k|+1k|75/25|Drama/Action/Crime|01.05|$60-88M
[Being Toward Death](https://vod.pipi.cn/fec9203cvodtransbj1251246104/7978f4ba5145403722772255413/v.f42905.mp4) |25k|+1k|12k|+1k|38/62|Drama|01.05|
[Once a Thief](https://vod.pipi.cn/fec9203cvodtransbj1251246104/7978f4ba5145403722772255413/v.f42905.mp4) |32k|+1k|23k|+1k|47/53|Drama/Comedy/Action|03.05|

**May**

| Movie |Maoyan WTS|Daily Increase| Taopiaopiao WTS|Daily Increase|M/W %|Genre|Release Date|3rd party media projections
:----------- |:-----------:|:-----------:|:-----------:|:-----------:|:-----------:|:-----------:|:-----------:|:-----------:|
[Mortal Kombat II](https://vod.pipi.cn/fec9203cvodtransbj1251246104/33b8b9245145403722890582563/v.f42905.mp4) |25k|+1k|13k|+1k|75/25|Action/Fantasy|08.05|
[Love Battle](https://i.imgur.com/yT3kgKV.jpeg) |34k|+1k|49k|+1k|20/80|Romance/Comedy|20.05|
[Be Yourself](https://vod.pipi.cn/fec9203cvodtransbj1251246104/43e695815145403722808184482/v.f42905.mp4) |20k|+1k|18k|+1k|31/69|Romance/Comedy|20.05|
[Star Wars: Mandalorian &amp; Grogu](https://vod.pipi.cn/fec9203cvodtransbj1251246104/ae3ca3b05145403723990636789/v.f42905.mp4) |10k|+1k|15k|+1k|63/37|Actiiom/Sci-Fi|20.05|$5M
[All The Good Eyes](https://vod.pipi.cn/fec9203cvodtransbj1251246104/0a6e64625145403721118746297/v.f42905.mp4) |22k|+1k|12k|+1k|34/66|Drama/Romance/Crime|23.05|",27,25,1777403212.0,devil wears prada 2,theatrical_release,2026-04-28,"In China Michael leads on Tuesday with $0.43M/$5.69M. Below Bohemian Rapsody's $0.66M first Tuesday. Project Hail Mary adds $0.18M(-10%)/$39.22M. The Devil Wears Prada 2 opening day pre-sales hit $482k vs Thunderbolts($487k). Projected a $2.3-2.6M opening day. Cold War 1994 OD pre-sales hit $955k #**Daily Box Office (April 28th 2026)**

The market hits ¥15.0M/$2.05M. Up +9% from yesterday and up +12% from last week.

---

**Province map of the day:** 

https://i.imgur.com/CTb5glg.png

Michael mostly dominates on Tuesday

**In Metropolitan cities:** 

Michael wins Guangzhou, Shanghai, Chongqing, Beijing, Wuhan, Chengdu, Nanjing, Shenzhen, Hangzhou and Suzhou 


**City tiers:**

Unchanged from yesterday.

**Tier 1**: Michael&gt;Dear You&gt;Project Hail Mary

**Tier 2**: Michael&gt;Being Towards Death&gt;It's OK

**Tier 3**: Dear You&gt;Michael&gt;Being Towards Death

**Tier 4**: Michael&gt;The Caged Butterfly&gt;Being Towards Death

---

|# | Movie |Gross|%YD| %LW|Screenings|Admisions(Today)|Total Gross|Projected Total Gross|
:----------- |:-----------|:-----------:|:-----------:|:-----------:|:-----------:|:--------:|:-----------:|:-----------:| 
1|**Michael**              |$0.43M  |-8% |       |56692 |0.07M |$5.69M   |$9M-$11M 
2|Being Towards Death(Pre-Scr)|$0.27M|+23%|      |20015 |0.05M |$0.75M   | 
3|It's OK                  |$0.22M  |+5%  |-39%  |49922 |0.04M |$27.11M  |$27M-$31M
4|The Caged Butterfly      |$0.21M  |+11% |-16%  |38404 |0.04M |$13.43M  |$13M-$16M
5|Dear You(Pre-Scr)        |$0.20M  |-10% |      |6446  |0.04M |$1.36M   | 
6|Project Hail Mary        |$0.18M  |+29% |-10%  |18003 |0.03M |$39.22M  |$39M-$42M    
7|Pegasus 3                |$0.11M  |+11% |-15%  |17521 |0.02M |$639.84M |$640M-$641M 
8|Nobody But You 2         |$0.08M  |-3%  |-72%  |23431 |0.01M |$3.60M   |$3M-$4M    
9|Now I Met Her            |$0.07M  |+9%  |-46%  |20974 |0.01M |$10.97M  |$11M-$13M  
10|Super Mario Galaxy Movie |$0.05M |+26% |-16%  |17446 |0.01M |$18.70M  |$19M-$22M

New releases marked in **bold**

---


**Pre-Sales map for tomorrow**

https://i.imgur.com/z2cBkVP.png

Michael mostly dominates pre-sales for Wednesday

---

**IMAX Screenings distribution**

Michael absolutely dominates the IMAX screenings and will continue to do so tomorrow.


||Movie|IMAX Screeninsgs Today|IMAX Screeninsgs Tomorrow|Change|
:----------- |:-----------:|:-----------:|:-----------:|:-----------:|:-----------:|:-----------:|:-----------:|
1|Michael                             |2654   |2628 |-26
2|Project Hail Mary                   |238    |231  |-7

---


###**Michael**

Michael grossed ¥2.96M/$0.43M on Tuesday. Below Bohemian Rhapsody's ¥4.46M/$0.66M 1st Tuesday

**Michael vs Bohemian Rhapsody:**

https://i.imgur.com/ttXaaan.png

**Screen Distribution Split:** Regular: $3.62M    , IMAX: $1.55M   , Rest: $0.47M 

**WoM figures:**

Maoyan: 9.5 , Taopiaopiao: 9.4 , Douban: 7.5

|#|FRI|SAT|SUN|MON|TUE|WED|THU|Total|
|:-----------:|:-----------:|:-----------:|:-----------:|:-----------:|:-----------:|:-----------:|:-----------:|:-----------:|:-----------:|							
|First  Week |$1.56M|$1.91M|$1.32M|$0.47M|$0.43M| | |$5.69M
		
	
**Scheduled showings update for Michael for the next few days:**

|Day |  Number of Showings |Presales|Projection
:----------- |:-----------:|:-----------:|:-----------:|
Today|57503|$70k|$0.41M-$0.45M
Wednesday|56636|$74k|$0.40M-$0.41M
Thursday|31446|$26k|$0.33M-$0.45M

---

###**Project Hail Mary**

Project Hail Mary in 6th grossed ¥1.24M/$0.18M on Monday. +29% from yesterday.

**Screen Distribution Split:** Regular: $25.33M    , IMAX: $10.97M   , Rest: $2.31M 

**WoM figures:**

Maoyan: 9.1       , Taopiaopiao: 9.2      , Douban: 8.6

|#|FRI|SAT|SUN|MON|TUE|WED|THU|Total|
|:-----------:|:-----------:|:-----------:|:-----------:|:-----------:|:-----------:|:-----------:|:-----------:|:-----------:|:-----------:|								
|Fifth Week |$0.44M|$1.02M|$0.78M|$0.20M|$0.20M|$0.20M|$0.20M|$37.65M
|Sixth  Week |$0.22M|$0.60M|$0.43M|$0.14M|$0.18M| | |$39.22M
|%± LW|-50%|-41%|-45%|-30%|-10%| | | |			

**Scheduled showings update for Project Hail Mary for the next few days:**

|Day |  Number of Showings |Presales|Projection
:----------- |:-----------:|:-----------:|:-----------:|
Today|18278|$49k|$0.17M-$0.20M
Wednesday|18240|$38k|$0.15M-$0.17M
Thursday|9775|$18k|$0.10M-$0.21M

---

**May/Labor Day:**

Cold War 1944 continues to lead pre-sales for May 1st Labor Day convincingly.

|Days till release |The Devil Wears Prada 2 |Cold War 1994 |Vanishing Point |Being Towards Death|No one is closer than we
:----------- |:-----------:|:-----------:|:-----------:|:-----------:|:-----------:|:-----------:|:-----------:|  
9|/          |$68k/35764  |$20k/13736 |$12k/15106 |/        | 
8|/          |$191k/44903 |$137k/19293|$52k/19940 |/        |   
7|$8k/2229   |$287k/51261 |$189k/23937|$64k/23680 |/        |   
6|$58k/25865 |$381k/56830 |$228k/28028|$76k/27293 |$17k/618 | 
5|$119k/33312|$504k/61504 |$287k/31672|$92k/30186 |$50k/2502| 
4|$178k/38107|$622k/65409 |$361k/35037|$106k/32512|$64k/2911| 
3|$248k/42532|$776k/75163 |$429k/42752|$122k/38461|$149k/3320  		
2|$347k/51432|$955k/100446|$532k/61598|$153k/52881|$173k/5256|
1|$482k/76051|            |           ||| 
0|           |            |           |||	
*Gross/Screenings

---

**Cold War 1994 opening day pre-sales:**

Cold War 1994 continues to trend well in pre-sales as all comps again increase today. 

Final pre-sales for the opening day should aim to exceed $2M

First official opening day projections at $7.6-9.0M


|Days till release | Cold War 1994 | The Dumpling Queen |Twilight of the Warriors: Walled In|Formed Police Unit|The Last Frenzy
:----------- |:-----------:|:-----------:|:-----------:|:-----------:|:-----------:|:-----------:|:-----------:|  
9|$68k/35764  |$134k/33024  |$150k/15614 |$1.06M/56021 |$290k/20336| 
8|$191k/44903 |$170k/38242  |$183k/17194 |$1.21M/61626 |$347k/22999|  
7|$287k/51261 |$213k/42585  |$220k/18623 |$1.37M/66430 |$409k/25908|   
6|$381k/56830 |$257k/46788  |$286k/20771	|$1.55M/72098 |$502k/29226| 
5|$504k/61504 |$312k/53911  |$370k/23034	|$1.73M/77845 |$656k/33264| 
4|$622k/65409 |$384k/59615  |$452k/26097 |$2.00M/87942 |$806k/39722| 
3|$776k/75163 |$469k/67561  |$533k/29654 |$2.31M/97680 |$953k/46208| 		
2|$955k/100446|$562k/83337  |$609k/35366 |$2.65M/112430|$1.13M/56073|
1|            |$695k/98097  |$698k/41285 |$3.27M/125706|$1.43M/65663| 
0|            |$1.20M/108262|$1.17M/45547|$5.84M/134942|$2.63M/92383|	
Opening Day|/|$6.21M	   |$6.91M      |$18.74M      |$11.98M |
Comp       |Average: $9.57M|$10.56M     |$10.84M       |$6.77M  |$10.12M
*Gross/Screenings

---

**The Devil Wears Prada 2:**

**The Devil Wears Prada 2** pre-sales fall slightly below **Thunderbolts**. Comp drops to $2.3M

Official opening day projections have also been lowered to $2.3-2.6M


|Days till release | The Devil Wears Prada 2 | Thunderbolts |Wuthering Heights |Fantastic Four
:----------- |:-----------:|:-----------:|:-----------:|:-----------:|:-----------:|:-----------:|:-----------:|  
8|/          |/          |$2k/2042   |/          ||   
7|$8k/2229   |/          |$8k/3897   |$2k/2677   ||   
6|$58k/25865 |/          |$17k/4857  |$15k/6992  || 
5|$119k/33312|/          |$25k/5428  |$39k/9088  || 
4|$178k/38107|$143k/31015|$34k/5960  |$65k/11095 || 
3|$248k/42532|$234k/43450|$48k/7183  |$113k/14695|| 		
2|$347k/51432|$343k/57244|$63k/9134  |$178k/19592||
1|$482k/76051|$487k/57244|$83k/12235 |$303k/35148|| 
0|           |$824k/89134|$121k/14778|$611k/45327||	
Opening Day|/|$2.47M     |$0.30M     |$1.74M     ||
Comp       |Average: $2.31M|$2.44M  |$1.74M      |$2.77M  
*Gross/Screenings

---


#**Release Schedule:**

A table including upcoming movies in the next month alongside trailers linked in the name of the movie, Want To See data from both Maoyan and Taopiaopiao alongside the Gender split and genre. 

Remember Want To See is not pre-sales. Its just an anticipation metric. A checkbox of sorts saying your interested in an upcoming movie.

Not all movies are included since a lot are just too small to be worth covering. 

---

**May/Labor Day Holidays(30.4-5.5)**

| Movie |Maoyan WTS|Daily Increase| Taopiaopiao WTS|Daily Increase|M/W %|Genre|Release Date|3rd party media projections
:----------- |:-----------:|:-----------:|:-----------:|:-----------:|:-----------:|:-----------:|:-----------:|:-----------:|
[Devil Wears Prada 2](https://vod.pipi.cn/fec9203cvodtransbj1251246104/0a6e64625145403721118746297/v.f42905.mp4) |174k|+2k|285k|+2k|26/74|Drama/Comedy|30.04|$9-41M
[Vanishing Point](https://vod.pipi.cn/fec9203cvodtransbj1251246104/0a6e64625145403721118746297/v.f42905.mp4) |79k|+2k|35k|+1k|33/67|Thriller/Crime|01.05|$21-36M
[Cold War 1944](https://vod.pipi.cn/fec9203cvodtransbj1251246104/0a6e64625145403721118746297/v.f42905.mp4) |79k|+2k|105k|+1k|75/25|Drama/Action/Crime|01.05|$60-88M
[Being Toward Death](https://vod.pipi.cn/fec9203cvodtransbj1251246104/7978f4ba5145403722772255413/v.f42905.mp4) |25k|+1k|12k|+1k|38/62|Drama|01.05|
[Once a Thief](https://vod.pipi.cn/fec9203cvodtransbj1251246104/7978f4ba5145403722772255413/v.f42905.mp4) |32k|+1k|23k|+1k|47/53|Drama/Comedy/Action|03.05|

**May**

| Movie |Maoyan WTS|Daily Increase| Taopiaopiao WTS|Daily Increase|M/W %|Genre|Release Date|3rd party media projections
:----------- |:-----------:|:-----------:|:-----------:|:-----------:|:-----------:|:-----------:|:-----------:|:-----------:|
[Mortal Kombat II](https://vod.pipi.cn/fec9203cvodtransbj1251246104/33b8b9245145403722890582563/v.f42905.mp4) |25k|+1k|13k|+1k|75/25|Action/Fantasy|08.05|
[Love Battle](https://i.imgur.com/yT3kgKV.jpeg) |34k|+1k|49k|+1k|20/80|Romance/Comedy|20.05|
[Be Yourself](https://vod.pipi.cn/fec9203cvodtransbj1251246104/43e695815145403722808184482/v.f42905.mp4) |20k|+1k|18k|+1k|31/69|Romance/Comedy|20.05|
[Star Wars: Mandalorian &amp; Grogu](https://vod.pipi.cn/fec9203cvodtransbj1251246104/ae3ca3b05145403723990636789/v.f42905.mp4) |10k|+1k|15k|+1k|63/37|Actiiom/Sci-Fi|20.05|$5M
[All The Good Eyes](https://vod.pipi.cn/fec9203cvodtransbj1251246104/0a6e64625145403721118746297/v.f42905.mp4) |22k|+1k|12k|+1k|34/66|Drama/Romance/Crime|23.05|",-0.9865,
1syanr8,boxoffice,Supergirl potential.,"So, supergirl is coming out soon and the marketing and trailers have been quite positive lately. But can the film actually be successful... let's see?

Pros.

1. The film looks pretty good and likely is carrying the positive reception of superman (im hopeful). The comics was one of the best supergirl stories. Jason Mamoa is a good draw for international audiences.
2. The budget (i think) is likely not gonna be very high. Maybe around 100-150 mil which is good. A massive budget will likely be DOA. Gunn did say it doesn't have a big budget. 

Not too many pros, sorry.

Cons.

1. The film is sandwiched between toy story 5 and minions 3 (while not exactly the same audience) but still its not very pleasing position to be in. Both of those movies are gonna be massive monsters.
2. Supeman didn't exactly blow box office away. Its international performance was pretty terrible. So, supergirl is likely cooked (jason likely won't save it).
3. The trailers looks good but some people feel fatigued with the same type of superhero stories (you know the guardians vibes). Not all but general audience could fell... ""meh"".

Overall, Prada 2 feels like its gonna be carried by female audiences but i don't really feel like the same for Supergirl (could be wrong). I think supergirl is likely gonna perform like Hunger Games songbirds and snakes... which is totally respectable peformance, imo.

350 mil WW is my prediction. What do you think?",0,72,1777402553.0,devil wears prada 2,theatrical_release,2026-04-28,"Supergirl potential. So, supergirl is coming out soon and the marketing and trailers have been quite positive lately. But can the film actually be successful... let's see?

Pros.

1. The film looks pretty good and likely is carrying the positive reception of superman (im hopeful). The comics was one of the best supergirl stories. Jason Mamoa is a good draw for international audiences.
2. The budget (i think) is likely not gonna be very high. Maybe around 100-150 mil which is good. A massive budget will likely be DOA. Gunn did say it doesn't have a big budget. 

Not too many pros, sorry.

Cons.

1. The film is sandwiched between toy story 5 and minions 3 (while not exactly the same audience) but still its not very pleasing position to be in. Both of those movies are gonna be massive monsters.
2. Supeman didn't exactly blow box office away. Its international performance was pretty terrible. So, supergirl is likely cooked (jason likely won't save it).
3. The trailers looks good but some people feel fatigued with the same type of superhero stories (you know the guardians vibes). Not all but general audience could fell... ""meh"".

Overall, Prada 2 feels like its gonna be carried by female audiences but i don't really feel like the same for Supergirl (could be wrong). I think supergirl is likely gonna perform like Hunger Games songbirds and snakes... which is totally respectable peformance, imo.

350 mil WW is my prediction. What do you think?",0.9837,
1sxohye,boxoffice,SK Monday: Salmokji hits 2 million admits as PHM hits 2.5 million admits,"|Movies|Monday-Monday Drop|Tuesday-Tuesday Drop|Wednesday-Wednesday Drop|Thursday-Thursday Drop|Friday-Friday Drop|Saturday-Saturday Drop|Sunday-Sunday Drop|Week-Week Drop|
|:-|:-|:-|:-|:-|:-|:-|:-|:-|
|Salmokji|11%||||||||
|Project Hail Mary|3%||||||||
|The Man Who Lives With the King|30%||||||||

**Salmokji:** The movie has now hit 2 million admissions, and it should hit 2.5 million admissions; it should do well despite the competition. I will be really interested to see if it can beat out PHM.

**Project Hail Mary:** And that is 2.5 million admissions as we rapidly approach Wednesday, which will really determine how close to 3 million admissions this movie can reach.

**The Man Who Lives With the King:** A good drop as the movie is still on its way to a finish north of 16.8 million admits.

**Presales**

**Super Mario Galaxy:** Another weaker day as the movie seems to be hinting at opening day being around 120k admits.

|Days before Release|Moana 2|Bad Guys 2|Zootopia 2|Mario Super Galaxy|
|:-|:-|:-|:-|:-|
|T-7|42,238|8,916|73,487|35,433|
|T-6|51,863|9,549|94,120|45,760|
|T-5|64,147|14,312|113,186|58,225|
|T-4|79,655|7,449|141,029|69,449|
|T-3|105,249|11,440|182,918|88,403|
|T-2|150,351|18,765|258,224|115,823|
|T-1|224,262|34,944|370,645||
|Comp|151,589|256,211|138,672||

**Devil Wears Prada 2**: A bit below what I wanted, but still not bad as the movie should open north of 150k admits.

|Days before Release|Sinners|F1|Thunderbolts|Devil Wears Prada 2|
|:-|:-|:-|:-|:-|
|T-7|2,533|44,401|16,408|61,582|
|T-6|2,792|48,155|42,913|71,251|
|T-5|3,335|53,728|49,950|83,372|
|T-4|4,099|58,456|56,852|94,494|
|T-3|5,284|66,092|66,550|114,141|
|T-2|7,456|81,072|83,980|142,119|
|T-1|9,927|103,859|107,377||
|Comp|199,740|145,362|169,498||",29,0,1777343307.0,devil wears prada 2,theatrical_release,2026-04-28,"SK Monday: Salmokji hits 2 million admits as PHM hits 2.5 million admits |Movies|Monday-Monday Drop|Tuesday-Tuesday Drop|Wednesday-Wednesday Drop|Thursday-Thursday Drop|Friday-Friday Drop|Saturday-Saturday Drop|Sunday-Sunday Drop|Week-Week Drop|
|:-|:-|:-|:-|:-|:-|:-|:-|:-|
|Salmokji|11%||||||||
|Project Hail Mary|3%||||||||
|The Man Who Lives With the King|30%||||||||

**Salmokji:** The movie has now hit 2 million admissions, and it should hit 2.5 million admissions; it should do well despite the competition. I will be really interested to see if it can beat out PHM.

**Project Hail Mary:** And that is 2.5 million admissions as we rapidly approach Wednesday, which will really determine how close to 3 million admissions this movie can reach.

**The Man Who Lives With the King:** A good drop as the movie is still on its way to a finish north of 16.8 million admits.

**Presales**

**Super Mario Galaxy:** Another weaker day as the movie seems to be hinting at opening day being around 120k admits.

|Days before Release|Moana 2|Bad Guys 2|Zootopia 2|Mario Super Galaxy|
|:-|:-|:-|:-|:-|
|T-7|42,238|8,916|73,487|35,433|
|T-6|51,863|9,549|94,120|45,760|
|T-5|64,147|14,312|113,186|58,225|
|T-4|79,655|7,449|141,029|69,449|
|T-3|105,249|11,440|182,918|88,403|
|T-2|150,351|18,765|258,224|115,823|
|T-1|224,262|34,944|370,645||
|Comp|151,589|256,211|138,672||

**Devil Wears Prada 2**: A bit below what I wanted, but still not bad as the movie should open north of 150k admits.

|Days before Release|Sinners|F1|Thunderbolts|Devil Wears Prada 2|
|:-|:-|:-|:-|:-|
|T-7|2,533|44,401|16,408|61,582|
|T-6|2,792|48,155|42,913|71,251|
|T-5|3,335|53,728|49,950|83,372|
|T-4|4,099|58,456|56,852|94,494|
|T-3|5,284|66,092|66,550|114,141|
|T-2|7,456|81,072|83,980|142,119|
|T-1|9,927|103,859|107,377||
|Comp|199,740|145,362|169,498||",0.9181,
1sxj0iu,boxoffice,Brazil weekend (23 - 26 april). Michael breaks records on the opening,,40,9,1777329152.0,devil wears prada 2,theatrical_release,2026-04-27,Brazil weekend (23 - 26 april). Michael breaks records on the opening,0.0,
1sxhgpc,boxoffice,"Weekend Actuals for April 24-26 – Killer, Thriller, Chiller","https://preview.redd.it/8he1gsq5xsxg1.png?width=1920&amp;format=png&amp;auto=webp&amp;s=7a923bf722880036245d1aaeed35981ed5a18252

Easily dancing to the top spot, the long-awaited ***Michael*** did not disappoint at all in its debut, breaking biopic records both domestically and overseas. Studios chose to avoid releasing anything else that would have some big numbers; ***Over Your Dead Body*** had a mediocre start, while ***Mother Mary*** also had a soft start in its wide expansion.

&amp;#x200B;

The Top 10 earned a combined $146.9 million this weekend. That's up 4.3% from last year, when ***Sinners*** posted an incredible second weekend hold.

&amp;#x200B;

Debuting on first place, Lionsgate's ***Michael*** earned a dazzling $97.2 million in 3,955 theaters. That's the biggest ever debut for a music biopic, above ***Bohemian Rhapsody*** ($51 million) and ***Straight Outta Compton*** ($60.2 million), and Lionsgate's sixth biggest ever debut. It's also the biggest for any biopic, dethroning ***Oppenheimer*** ($82.4 million). It was also director Antoine Fuqua's biggest ever debut, far above ***The Equalizer 2*** ($36 million), and it's actually just one day away from outgrossing that film's domestic total ($102 million) to become his highest-grossing film.

&amp;#x200B;

There could be a lot of factors to explain why it opened this high. But the explanation is actually very simple.

&amp;#x200B;

It's Michael Jackson.

&amp;#x200B;

There are a lot of popular singers. The Beatles, Elvis Presley, Freddie Mercury, Elton John, Mick Jagger, Robert Plant, Madonna, Whitney Houston, Rihanna, Taylor Swift, Beyoncé, etc. They're all big. But Michael Jackson is in another level of popularity. His music has transcended every possible generation, whether it's kids, teens, adults or seniors. He's basically a four-quadrant singer, in ways that very, very few singers can get in. It's damn near impossible to find someone who never listened to ""Thriller"", ""Beat It"" or ""Billie Jean"", which puts him a level above all these singers. His music has been heard in remote corners of the world, further showing his presence. If there was a title for ""the most popular singer to ever exist"", Michael Jackson is a strong contender for that. 

&amp;#x200B;

And his popularity hasn't waned off in the 17 years since his death; he had 62.4 million monthly listeners in Spotify one month ago. With the film's release, that figure has grown to 71.7 million. That makes him the 22nd biggest artist in the site, above current popular names like Kendrick Lamar, Harry Styles, Sabrina Carpenter, Dua Lipa, Post Malone, Miley Cyrus, Adele and Beyoncé. When you make a biopic, the subject's popularity is something very important.

&amp;#x200B;

Lionsgate knew they had a potential hit in their hands, and heavily pushed it over the past weeks, including having Jaafar Jackson (Michael's nephew and the film's star) go viral through multiple interviews. They specifically sold this as ""the movie of a lifetime"", covering his childhood to the ""Bad Tour"". They highlighted the greatest hits, specifically recreating part of ""Thriller"". This is the formula that drove ***Bohemian Rhapsody*** to break numerous records back in 2018.

&amp;#x200B;

Now, there's the elephant in the room. Jackson's popularity has taken a dive due to multiple child sexual abuse accusations, which go all the way to the 90s. This has gained more notoriety in the past years, thanks to the documentary ***Leaving Neverland***. That led many to question how the film would integrate this. And in case you didn't know, the producers weren't planning to ignore it; they actually filmed part of it. 

&amp;#x200B;

Per Variety, the film would open in medias res in 1993 following the first allegations, with Jackson staring at his reflection as police arrive at his home in Neverland Ranch. The third act dealt with the impact of the allegations on Jackson's life. This was all shot, but due to a clause, it had to be completely discarded. It was discovered in a settlement with one of Jackson's accusers, Jordan Chandler, that the estate was forbidden from any mention of Chandler in film. 

&amp;#x200B;

This is why the film was delayed from its October 2025 date to its current date, as the producers had to re-write and shoot a whole new third act. Retooling the whole act cost $50 million, taking the film's budget to a steep $200 million. Lionsgate then started considering splitting the film in two parts, depending on how this film performs at the box office.

&amp;#x200B;

So how come audiences weren't swayed away from checking it out? Well, there's two reasons. For starters, the general audiences doesn't care over what happens behind the scenes of a film. The average moviegoer isn't checking background information of a film's development, and they couldn't care less. They only care if the film looks good or interests them. Something similar happened with ***World War Z***; the film had a very messy production that resulted in extensive re-shoots, but it was still a hit at the box office because no one cared about how difficult filming was. 

&amp;#x200B;

The second, and this is a very heavy thing to handle, is that a lot of people are mixed on the case. A lot of people believe them and condemn Jackson, but others either don't care or dismiss them as hoax, and others aren't even aware of it. Or maybe the fact that the film doesn't address any of that makes the decision to check it out even easier, as audiences just want to relive the ""Greatest Hits"" on the big screen. Of course, critics weren't impressed (a very poor 38% on RT), but Jackson's fans were already on board from the moment this was greenlit.

&amp;#x200B;

According to Lionsgate, 61% of the audience was female. As an evidence of Michael Jackson's popularity, it had a very diverse audience: 38% of the audience was black, 26% was Hispanic/Latino, 24% was Caucasian, and 6% was Asian. And you can't even say only boomers care about the film; 58% of the audience was 35 and under. This means that Gen Z and Millennials were its prime demographics.

&amp;#x200B;

Critics disliked the film, but the audience was more forgiving. They gave it a solid ""A–"" on CinemaScore. That's good word of mouth, although not quite as strong as other biopics, as those often get an ""A"". It's unlikely it can hold as well as ***Bohemian Rhapsody***, especially with a higher opening. But regardless, ***Michael*** should finish with over $270 million domestically, and there's the possibility that it could make it to $300 million. Whatever the case, it's guaranteed to pass ***Bohemian*** ($216 million) to become the highest-grossing music biopic domestically.

&amp;#x200B;

It doesn't look like ***The Super Mario Galaxy Movie*** is capable of dropping less than 40% on a weekend. With ***Michael***'s arrival, the film dropped 44% for $20.5 million. The film has amassed $385.8 million, which is $104.9 million behind the original through the same point. With ***The Devil Wears Prada 2*** set for a big debut next week, another rough drop is inevitable for ***Mario***. It looks like $450 million is out of reach.

&amp;#x200B;

In third place, ***Project Hail Mary*** refuses to slow down. It eased just 37% this weekend, earning $12.8 million. The film has earned $305 million domestically, and it looks to finish with around $330 million in the market.

&amp;#x200B;

After a soft start, ***Lee Cronin's The Mummy*** dropped a rough 59%, earning $5.5 million. Through 10 days, the film has made $23.3 million, and it looks like it will finish below $30 million domestically.

&amp;#x200B;

A24's ***The Drama*** keeps floating. It earned $2.6 million, which is off just 44% from last week. The film has earned a great $44.8 million so far.

&amp;#x200B;

Disney/Pixar's ***Hoppers*** eased a light 37%, grossing $1.9 million. The film's domestic total stands at $164.1 million.

&amp;#x200B;

***You, Me &amp; Tuscany*** doesn't have much life left. It dropped a poor 62%, earning just $1.4 million. With $17.6 million in the tank, it's now assured to miss $20 million.

&amp;#x200B;

IFC released Jorma Taccone's action comedy ***Over Your Dead Body*** in 1,550 theaters, but the film earned a mediocre $1.3 million. That's a very weak $899 per-theater average. Don't expect this to hang around for long.

&amp;#x200B;

In ninth place, A24 expanded David Lowery's ***Mother Mary*** to 1,103 theaters, but it could only muster $1.2 million. The film's rollout didn't do it any favors, with A24 only setting the release date two months ago. Mixed reviews (68% on RT) also probably dissuaded others from checking it. No need to cry for Anne Hathaway, though; she's got a new hit next week.

&amp;#x200B;

Rounding out the Top 10 was the concert film ***American YoungBoy***, which made $1.1 million despite playing in just 583 theaters.

&amp;#x200B;

David Mackenzie's thriller ***Fuze*** was released in 1,164 theaters, but it made just $1 million.

&amp;#x200B;

Sony Pictures Classics released the British drama ***I Swear*** in 645 theaters, where it debuted with a so-so $666,403.

&amp;#x200B;

Steven Soderbergh's ***The Christophers*** might not actually make it to a wide release, as the film actually lost screens on its third week, earning just $313,422 and taking its domestic total to a weak $1.3 million.

&amp;#x200B;

20th Century Studios re-released ***Fight Club*** in 700 theaters, but it made a poor $228,468. That takes its lifetime gross to $37.8 million.

#**OVERSEAS**

But regardless of how popular Michael Jackson is in North America, the real story is overseas, where he was even bigger. While Lionsgate is handling the domestic sales, the overseas performance was handled by Universal, which pulled an even more extensive marketing campaign. And it looks like it paid off.

&amp;#x200B;

***Michael*** debuted with a strong $121.6 million overseas, for a fantastic $218.8 million worldwide launch, the biggest ever for a biopic. In one single weekend, it overtook ***King Arthur*** ($204 million) to become Antoine Fuqua's highest grossing film worldwide. The biggest debuts were in the UK ($15.6M), France ($10.2M), Mexico ($9.8M), Brazil ($8.2M), Italy ($8.1M), Germany ($7.2M), Spain ($6.8M), Australia ($6.5M), China ($5.9M), Peru ($2.8M), and Netherlands ($2.4M). The one notable market where it didn't open was Japan, where it will open in mid June. Given Jackson's massive popularity in the country and how ***Bohemian Rhapsody*** performed insanely well ($115.6 million alone in Japan), expect big numbers there.

&amp;#x200B;

Given the strong debuts and how biopics tend to hold well, it looks like ***Michael*** is heading for a very healthy run across the world. Recouping that $200 million budget won't be any problem. It remains to be seen how high it can get, but $600 million worldwide should be an easy target.

&amp;#x200B;

***The Super Mario Galaxy Movie*** added $36.6 million overseas, for a $830.8 million worldwide total. It notably opened in its home country, Japan, with $9.8 million (although that's below the original's $13.5 million). It should still hit the billion milestone, even if it takes a while.

&amp;#x200B;

***Project Hail Mary*** added $12.2 million overseas, allowing it to cross $600 million worldwide. It should overtake ***The Martian*** ($630 million) by next week.

&amp;#x200B;

***Lee Cronin's The Mummy*** may be fizzling out domestically, but the overseas markets are here to save it. It added $12.4 million, for a $65.3 million worldwide total. Mexico ($4.2M), India ($2.7M), the UK ($2.5M), Spain ($2.3M) and France ($2M). Given its low $22 million budget, it's already profitable. 

&amp;#x200B;

With $67 million overseas, ***The Drama*** has now earned a damn great $111.8 million worldwide.

#**FILMS THAT ENDED THEIR RUN THIS WEEK**

None.

#**THIS WEEKEND**

Even with its impressive debut, ***Michael*** is not gonna keep the top spot on its second weekend. For there's another highly-anticipated film coming up to kickstart the summer season.

&amp;#x200B;

That's 20th Century Studios' ***The Devil Wears Prada 2***, the sequel to the 2006 hit. Meryl Streep, Anne Hathaway, Emily Blunt and Stanley Tucci are back as leads, and they're joined by Justin Theroux and Kenneth Branagh. The 2006 film was a huge hit, earning over $320 million worldwide, and that popularity has sustained over the past 20 years, with multiple quotes and scenes forming part of pop culture. Pre-sales are incredibly strong, which suggests you don't need to be an action blockbuster to open the summer season in a huge note.",41,5,1777325521.0,devil wears prada 2,theatrical_release,2026-04-27,"Weekend Actuals for April 24-26 – Killer, Thriller, Chiller https://preview.redd.it/8he1gsq5xsxg1.png?width=1920&amp;format=png&amp;auto=webp&amp;s=7a923bf722880036245d1aaeed35981ed5a18252

Easily dancing to the top spot, the long-awaited ***Michael*** did not disappoint at all in its debut, breaking biopic records both domestically and overseas. Studios chose to avoid releasing anything else that would have some big numbers; ***Over Your Dead Body*** had a mediocre start, while ***Mother Mary*** also had a soft start in its wide expansion.

&amp;#x200B;

The Top 10 earned a combined $146.9 million this weekend. That's up 4.3% from last year, when ***Sinners*** posted an incredible second weekend hold.

&amp;#x200B;

Debuting on first place, Lionsgate's ***Michael*** earned a dazzling $97.2 million in 3,955 theaters. That's the biggest ever debut for a music biopic, above ***Bohemian Rhapsody*** ($51 million) and ***Straight Outta Compton*** ($60.2 million), and Lionsgate's sixth biggest ever debut. It's also the biggest for any biopic, dethroning ***Oppenheimer*** ($82.4 million). It was also director Antoine Fuqua's biggest ever debut, far above ***The Equalizer 2*** ($36 million), and it's actually just one day away from outgrossing that film's domestic total ($102 million) to become his highest-grossing film.

&amp;#x200B;

There could be a lot of factors to explain why it opened this high. But the explanation is actually very simple.

&amp;#x200B;

It's Michael Jackson.

&amp;#x200B;

There are a lot of popular singers. The Beatles, Elvis Presley, Freddie Mercury, Elton John, Mick Jagger, Robert Plant, Madonna, Whitney Houston, Rihanna, Taylor Swift, Beyoncé, etc. They're all big. But Michael Jackson is in another level of popularity. His music has transcended every possible generation, whether it's kids, teens, adults or seniors. He's basically a four-quadrant singer, in ways that very, very few singers can get in. It's damn near impossible to find someone who never listened to ""Thriller"", ""Beat It"" or ""Billie Jean"", which puts him a level above all these singers. His music has been heard in remote corners of the world, further showing his presence. If there was a title for ""the most popular singer to ever exist"", Michael Jackson is a strong contender for that. 

&amp;#x200B;

And his popularity hasn't waned off in the 17 years since his death; he had 62.4 million monthly listeners in Spotify one month ago. With the film's release, that figure has grown to 71.7 million. That makes him the 22nd biggest artist in the site, above current popular names like Kendrick Lamar, Harry Styles, Sabrina Carpenter, Dua Lipa, Post Malone, Miley Cyrus, Adele and Beyoncé. When you make a biopic, the subject's popularity is something very important.

&amp;#x200B;

Lionsgate knew they had a potential hit in their hands, and heavily pushed it over the past weeks, including having Jaafar Jackson (Michael's nephew and the film's star) go viral through multiple interviews. They specifically sold this as ""the movie of a lifetime"", covering his childhood to the ""Bad Tour"". They highlighted the greatest hits, specifically recreating part of ""Thriller"". This is the formula that drove ***Bohemian Rhapsody*** to break numerous records back in 2018.

&amp;#x200B;

Now, there's the elephant in the room. Jackson's popularity has taken a dive due to multiple child sexual abuse accusations, which go all the way to the 90s. This has gained more notoriety in the past years, thanks to the documentary ***Leaving Neverland***. That led many to question how the film would integrate this. And in case you didn't know, the producers weren't planning to ignore it; they actually filmed part of it. 

&amp;#x200B;

Per Variety, the film would open in medias res in 1993 following the first allegations, with Jackson staring at his reflection as police arrive at his home in Neverland Ranch. The third act dealt with the impact of the allegations on Jackson's life. This was all shot, but due to a clause, it had to be completely discarded. It was discovered in a settlement with one of Jackson's accusers, Jordan Chandler, that the estate was forbidden from any mention of Chandler in film. 

&amp;#x200B;

This is why the film was delayed from its October 2025 date to its current date, as the producers had to re-write and shoot a whole new third act. Retooling the whole act cost $50 million, taking the film's budget to a steep $200 million. Lionsgate then started considering splitting the film in two parts, depending on how this film performs at the box office.

&amp;#x200B;

So how come audiences weren't swayed away from checking it out? Well, there's two reasons. For starters, the general audiences doesn't care over what happens behind the scenes of a film. The average moviegoer isn't checking background information of a film's development, and they couldn't care less. They only care if the film looks good or interests them. Something similar happened with ***World War Z***; the film had a very messy production that resulted in extensive re-shoots, but it was still a hit at the box office because no one cared about how difficult filming was. 

&amp;#x200B;

The second, and this is a very heavy thing to handle, is that a lot of people are mixed on the case. A lot of people believe them and condemn Jackson, but others either don't care or dismiss them as hoax, and others aren't even aware of it. Or maybe the fact that the film doesn't address any of that makes the decision to check it out even easier, as audiences just want to relive the ""Greatest Hits"" on the big screen. Of course, critics weren't impressed (a very poor 38% on RT), but Jackson's fans were already on board from the moment this was greenlit.

&amp;#x200B;

According to Lionsgate, 61% of the audience was female. As an evidence of Michael Jackson's popularity, it had a very diverse audience: 38% of the audience was black, 26% was Hispanic/Latino, 24% was Caucasian, and 6% was Asian. And you can't even say only boomers care about the film; 58% of the audience was 35 and under. This means that Gen Z and Millennials were its prime demographics.

&amp;#x200B;

Critics disliked the film, but the audience was more forgiving. They gave it a solid ""A–"" on CinemaScore. That's good word of mouth, although not quite as strong as other biopics, as those often get an ""A"". It's unlikely it can hold as well as ***Bohemian Rhapsody***, especially with a higher opening. But regardless, ***Michael*** should finish with over $270 million domestically, and there's the possibility that it could make it to $300 million. Whatever the case, it's guaranteed to pass ***Bohemian*** ($216 million) to become the highest-grossing music biopic domestically.

&amp;#x200B;

It doesn't look like ***The Super Mario Galaxy Movie*** is capable of dropping less than 40% on a weekend. With ***Michael***'s arrival, the film dropped 44% for $20.5 million. The film has amassed $385.8 million, which is $104.9 million behind the original through the same point. With ***The Devil Wears Prada 2*** set for a big debut next week, another rough drop is inevitable for ***Mario***. It looks like $450 million is out of reach.

&amp;#x200B;

In third place, ***Project Hail Mary*** refuses to slow down. It eased just 37% this weekend, earning $12.8 million. The film has earned $305 million domestically, and it looks to finish with around $330 million in the market.

&amp;#x200B;

After a soft start, ***Lee Cronin's The Mummy*** dropped a rough 59%, earning $5.5 million. Through 10 days, the film has made $23.3 million, and it looks like it will finish below $30 million domestically.

&amp;#x200B;

A24's ***The Drama*** keeps floating. It earned $2.6 million, which is off just 44% from last week. The film has earned a great $44.8 million so far.

&amp;#x200B;

Disney/Pixar's ***Hoppers*** eased a light 37%, grossing $1.9 million. The film's domestic total stands at $164.1 million.

&amp;#x200B;

***You, Me &amp; Tuscany*** doesn't have much life left. It dropped a poor 62%, earning just $1.4 million. With $17.6 million in the tank, it's now assured to miss $20 million.

&amp;#x200B;

IFC released Jorma Taccone's action comedy ***Over Your Dead Body*** in 1,550 theaters, but the film earned a mediocre $1.3 million. That's a very weak $899 per-theater average. Don't expect this to hang around for long.

&amp;#x200B;

In ninth place, A24 expanded David Lowery's ***Mother Mary*** to 1,103 theaters, but it could only muster $1.2 million. The film's rollout didn't do it any favors, with A24 only setting the release date two months ago. Mixed reviews (68% on RT) also probably dissuaded others from checking it. No need to cry for Anne Hathaway, though; she's got a new hit next week.

&amp;#x200B;

Rounding out the Top 10 was the concert film ***American YoungBoy***, which made $1.1 million despite playing in just 583 theaters.

&amp;#x200B;

David Mackenzie's thriller ***Fuze*** was released in 1,164 theaters, but it made just $1 million.

&amp;#x200B;

Sony Pictures Classics released the British drama ***I Swear*** in 645 theaters, where it debuted with a so-so $666,403.

&amp;#x200B;

Steven Soderbergh's ***The Christophers*** might not actually make it to a wide release, as the film actually lost screens on its third week, earning just $313,422 and taking its domestic total to a weak $1.3 million.

&amp;#x200B;

20th Century Studios re-released ***Fight Club*** in 700 theaters, but it made a poor $228,468. That takes its lifetime gross to $37.8 million.

#**OVERSEAS**

But regardless of how popular Michael Jackson is in North America, the real story is overseas, where he was even bigger. While Lionsgate is handling the domestic sales, the overseas performance was handled by Universal, which pulled an even more extensive marketing campaign. And it looks like it paid off.

&amp;#x200B;

***Michael*** debuted with a strong $121.6 million overseas, for a fantastic $218.8 million worldwide launch, the biggest ever for a biopic. In one single weekend, it overtook ***King Arthur*** ($204 million) to become Antoine Fuqua's highest grossing film worldwide. The biggest debuts were in the UK ($15.6M), France ($10.2M), Mexico ($9.8M), Brazil ($8.2M), Italy ($8.1M), Germany ($7.2M), Spain ($6.8M), Australia ($6.5M), China ($5.9M), Peru ($2.8M), and Netherlands ($2.4M). The one notable market where it didn't open was Japan, where it will open in mid June. Given Jackson's massive popularity in the country and how ***Bohemian Rhapsody*** performed insanely well ($115.6 million alone in Japan), expect big numbers there.

&amp;#x200B;

Given the strong debuts and how biopics tend to hold well, it looks like ***Michael*** is heading for a very healthy run across the world. Recouping that $200 million budget won't be any problem. It remains to be seen how high it can get, but $600 million worldwide should be an easy target.

&amp;#x200B;

***The Super Mario Galaxy Movie*** added $36.6 million overseas, for a $830.8 million worldwide total. It notably opened in its home country, Japan, with $9.8 million (although that's below the original's $13.5 million). It should still hit the billion milestone, even if it takes a while.

&amp;#x200B;

***Project Hail Mary*** added $12.2 million overseas, allowing it to cross $600 million worldwide. It should overtake ***The Martian*** ($630 million) by next week.

&amp;#x200B;

***Lee Cronin's The Mummy*** may be fizzling out domestically, but the overseas markets are here to save it. It added $12.4 million, for a $65.3 million worldwide total. Mexico ($4.2M), India ($2.7M), the UK ($2.5M), Spain ($2.3M) and France ($2M). Given its low $22 million budget, it's already profitable. 

&amp;#x200B;

With $67 million overseas, ***The Drama*** has now earned a damn great $111.8 million worldwide.

#**FILMS THAT ENDED THEIR RUN THIS WEEK**

None.

#**THIS WEEKEND**

Even with its impressive debut, ***Michael*** is not gonna keep the top spot on its second weekend. For there's another highly-anticipated film coming up to kickstart the summer season.

&amp;#x200B;

That's 20th Century Studios' ***The Devil Wears Prada 2***, the sequel to the 2006 hit. Meryl Streep, Anne Hathaway, Emily Blunt and Stanley Tucci are back as leads, and they're joined by Justin Theroux and Kenneth Branagh. The 2006 film was a huge hit, earning over $320 million worldwide, and that popularity has sustained over the past 20 years, with multiple quotes and scenes forming part of pop culture. Pre-sales are incredibly strong, which suggests you don't need to be an action blockbuster to open the summer season in a huge note.",0.9974,
1sxf8o4,boxoffice,"In China Michael leads on Monday with $0.47M/$5.26M. Below Bohemian Rapsodys $0.76M first Monday. Project Hail Mary in 6th adds $0.14M(-30%)/$39.04M. The Devil Wears Prada 2 opening day pre-sales hit $347k vs Thunderbolts($343k), Wuthering Heights($63k). Projected a $2.8-3.1M opening day on Thursday","#**Daily Box Office (April 27th 2026)**

The market hits ¥14.0M/$2.05M. Down -62% from yesterday and down -3% from last week.

---

**Province map of the day:** 

https://i.imgur.com/CTb5glg.png

Michael mostly dominates on Monday

**In Metropolitan cities:** 

Michael wins Guangzhou, Shanghai, Chongqing, Beijing, Wuhan, Chengdu, Nanjing, Shenzhen, Hangzhou and Suzhou 


**City tiers:**

Dear You climbs to 1st in T3. Being Towards Death previews chart 2nd in T2 and 3rd in T3-T4.

**Tier 1**: Michael&gt;Dear You&gt;Project Hail Mary

**Tier 2**: Michael&gt;Being Towards Death&gt;It's OK

**Tier 3**: Dear You&gt;Michael&gt;Being Towards Death

**Tier 4**: Michael&gt;The Caged Butterfly&gt;Being Towards Death

---

|# | Movie |Gross|%YD| %LW|Screenings|Admisions(Today)|Total Gross|Projected Total Gross|
:----------- |:-----------|:-----------:|:-----------:|:-----------:|:-----------:|:--------:|:-----------:|:-----------:| 
1|**Michael**              |$0.47M  |-65% |      |58616 |0.07M |$5.26M   |$9M-$11M 
2|Dear You(Pre-Scr)        |$0.22M  |-42% |      |6121  |0.05M |$1.16M   | 
3|Being Towards Death(Pre-Scr)|$0.22M     ||      |17727 |0.04M |$0.48M   | 
4|It's OK                  |$0.21M  |-63% |-41%  |50414 |0.04M |$26.89M  |$27M-$32M
5|The Caged Butterfly      |$0.19M  |-57% |-24%  |38706 |0.04M |$13.22M  |$13M-$16M
6|Project Hail Mary        |$0.14M  |-67% |-30%  |18247 |0.02M |$39.04M  |$39M-$42M    
7|Pegasus 3                |$0.10M  |-61% |-29%  |17385 |0.02M |$639.73M |$640M-$641M 
8|Nobody But You 2         |$0.08M  |-43% |-72%  |23986 |0.02M |$3.52M   |$3M-$4M    
9|Now I Met Her            |$0.07M  |-61% |-46%  |21258 |0.01M |$10.90M  |$11M-$13M  
10|Super Mario Galaxy Movie |$0.04M |-92% |-50%  |18041 |0.01M |$18.65M  |$19M-$22M

New releases marked in **bold**

---


**Pre-Sales map for tomorrow**

https://i.imgur.com/z2cBkVP.png

Michael mostly dominates pre-sales for Tuesday

---

**IMAX Screenings distribution**

Michael absolutely dominates the IMAX screenings and will continue to do so tomorrow.


||Movie|IMAX Screeninsgs Today|IMAX Screeninsgs Tomorrow|Change|
:----------- |:-----------:|:-----------:|:-----------:|:-----------:|:-----------:|:-----------:|:-----------:|
1|Michael                             |2727   |2672 |-55
2|Project Hail Mary                   |212    |243  |+31

---


###**Michael**

Michael grossed ¥3.19M/$0.47M on Monday. Slightly above projections. But still below Bohemian Rhapsody's ¥5.1M/$0.76M 1st Monday.


**Michael vs Bohemian Rhapsody:**

https://i.imgur.com/M9s5Sjw.png

**Screen Distribution Split:** Regular: $3.33M    , IMAX: $1.45M   , Rest: $0.44M 

**WoM figures:**

Both the Maoyan and Tao score drop a notch.

Maoyan: 9.5(-0.1) , Taopiaopiao: 9.4(-0.1) , Douban: 7.5

|#|FRI|SAT|SUN|MON|TUE|WED|THU|Total|
|:-----------:|:-----------:|:-----------:|:-----------:|:-----------:|:-----------:|:-----------:|:-----------:|:-----------:|:-----------:|							
|First  Week |$1.56M|$1.91M|$1.32M|$0.47M| | | |$5.26M
		
	
**Scheduled showings update for Michael for the next few days:**

|Day |  Number of Showings |Presales|Projection
:----------- |:-----------:|:-----------:|:-----------:|
Today|59838|$67k|$0.40M-$0.45M
Tuesday|57503|$70k|$0.41M-$0.45M
Wednesday|43478|$20k|$0.38M-$0.43M

---

###**Project Hail Mary**

Project Hail Mary in 6th grossed ¥0.94M/$0.14M on Monday. Crosses $39M

**Screen Distribution Split:** Regular: $25.20M    , IMAX: $10.96M   , Rest: $2.31M 

**WoM figures:**

Maoyan: 9.1(-0.1)       , Taopiaopiao: 9.2      , Douban: 8.6

|#|FRI|SAT|SUN|MON|TUE|WED|THU|Total|
|:-----------:|:-----------:|:-----------:|:-----------:|:-----------:|:-----------:|:-----------:|:-----------:|:-----------:|:-----------:|								
|Fifth Week |$0.44M|$1.02M|$0.78M|$0.20M|$0.20M|$0.20M|$0.20M|$37.65M
|Sixth  Week |$0.22M|$0.60M|$0.43M|$0.14M| | | |$39.04M
|%± LW|-50%|-41%|-45%|-30%| | | | |			

**Scheduled showings update for Project Hail Mary for the next few days:**

|Day |  Number of Showings |Presales|Projection
:----------- |:-----------:|:-----------:|:-----------:|
Today|18612|$15k|$0.11M-$0.13M
Tuesday|18278|$49k|$0.17M-$0.20M
Wednesday|14415|$10k|$0.17M-$0.19M

---

**May/Labor Day:**

Cold War 1944 continues to lead pre-sales for May 1st Labor Day convincingly.

|Days till release |The Devil Wears Prada 2 |Cold War 1994 |Vanishing Point |Being Towards Death|No one is closer than we
:----------- |:-----------:|:-----------:|:-----------:|:-----------:|:-----------:|:-----------:|:-----------:|  
9|/          |$68k/35764 |$20k/13736 |$12k/15106 |/        | 
8|/          |$191k/44903|$137k/19293|$52k/19940 |/        |   
7|$8k/2229   |$287k/51261|$189k/23937|$64k/23680 |/        |   
6|$58k/25865 |$381k/56830|$228k/28028|$76k/27293 |$17k/618 | 
5|$119k/33312|$504k/61504|$287k/31672|$92k/30186 |$50k/2502| 
4|$178k/38107|$622k/65409|$361k/35037|$106k/32512|$64k/2911| 
3|$248k/42532|$776k/75163|$429k/42752|$122k/38461|$149k/3320  		
2|$347k/51432|           |           |||
1|           |           |           ||| 
0|           |           |           |||	
*Gross/Screenings

---

**Cold War 1994 opening day pre-sales:**

Cold War 1994 continues trending stronger than last years champion **The Dumpling Queen** and 2024's **Twilight of the Warriors: Walled In**. All comps increase today.

|Days till release | Cold War 1994 | The Dumpling Queen |Twilight of the Warriors: Walled In|Formed Police Unit|The Last Frenzy
:----------- |:-----------:|:-----------:|:-----------:|:-----------:|:-----------:|:-----------:|:-----------:|  
9|$68k/35764 |$134k/33024  |$150k/15614 |$1.06M/56021 |$290k/20336| 
8|$191k/44903|$170k/38242  |$183k/17194 |$1.21M/61626 |$347k/22999|  
7|$287k/51261|$213k/42585  |$220k/18623 |$1.37M/66430 |$409k/25908|   
6|$381k/56830|$257k/46788  |$286k/20771	|$1.55M/72098 |$502k/29226| 
5|$504k/61504|$312k/53911  |$370k/23034	|$1.73M/77845 |$656k/33264| 
4|$622k/65409|$384k/59615  |$452k/26097 |$2.00M/87942 |$806k/39722| 
3|$776k/75163|$469k/67561  |$533k/29654 |$2.31M/97680 |$953k/46208| 		
2|           |$562k/83337  |$609k/35366 |$2.65M/112430|$1.13M/56073|
1|           |$695k/98097  |$698k/41285 |$3.27M/125706|$1.43M/65663| 
0|           |$1.20M/108262|$1.17M/45547|$5.84M/134942|$2.63M/92383|	
Opening Day|/|$6.21M	   |$6.91M      |$18.74M      |$11.98M |
Comp       |Average: $9.02M|$10.28M     |$9.77M       |$6.30M  |$9.75M
*Gross/Screenings

---

**The Devil Wears Prada 2:**

**The Devil Wears Prada 2** pre-sales remain slightly above **Thunderbolts** but the gap shrinked to pretty mich nothing.

First official opening day projections at $2.8-3.1M


|Days till release | The Devil Wears Prada 2 | Thunderbolts |Wuthering Heights |Fantastic Four
:----------- |:-----------:|:-----------:|:-----------:|:-----------:|:-----------:|:-----------:|:-----------:|  
8|/          |/          |$2k/2042   |/          ||   
7|$8k/2229   |/          |$8k/3897   |$2k/2677   ||   
6|$58k/25865 |/          |$17k/4857  |$15k/6992  || 
5|$119k/33312|/          |$25k/5428  |$39k/9088  || 
4|$178k/38107|$143k/31015|$34k/5960  |$65k/11095 || 
3|$248k/42532|$234k/43450|$48k/7183  |$113k/14695|| 		
2|$347k/51432|$343k/57244|$63k/9134  |$178k/19592||
1|           |$487k/57244|$83k/12235 |$303k/35148|| 
0|           |$824k/89134|$121k/14778|$611k/45327||	
Opening Day|/|$2.47M     |$0.30M     |$1.74M     ||
Comp       |Average: $2.51M|$2.50M  |$1.65M      |$3.39M  
*Gross/Screenings

---


#**Release Schedule:**

A table including upcoming movies in the next month alongside trailers linked in the name of the movie, Want To See data from both Maoyan and Taopiaopiao alongside the Gender split and genre. 

Remember Want To See is not pre-sales. Its just an anticipation metric. A checkbox of sorts saying your interested in an upcoming movie.

Not all movies are included since a lot are just too small to be worth covering. 

---

**May/Labor Day Holidays(30.4-5.5)**

| Movie |Maoyan WTS|Daily Increase| Taopiaopiao WTS|Daily Increase|M/W %|Genre|Release Date|3rd party media projections
:----------- |:-----------:|:-----------:|:-----------:|:-----------:|:-----------:|:-----------:|:-----------:|:-----------:|
[Devil Wears Prada 2](https://vod.pipi.cn/fec9203cvodtransbj1251246104/0a6e64625145403721118746297/v.f42905.mp4) |172k|+3k|283k|+3k|26/74|Drama/Comedy|30.04|$9-41M
[Vanishing Point](https://vod.pipi.cn/fec9203cvodtransbj1251246104/0a6e64625145403721118746297/v.f42905.mp4) |77k|+2k|34k|+1k|33/67|Thriller/Crime|01.05|$21-36M
[Cold War 1944](https://vod.pipi.cn/fec9203cvodtransbj1251246104/0a6e64625145403721118746297/v.f42905.mp4) |77k|+3k|104k|+9k|75/25|Drama/Action/Crime|01.05|$60-88M
[Being Toward Death](https://vod.pipi.cn/fec9203cvodtransbj1251246104/7978f4ba5145403722772255413/v.f42905.mp4) |24k|+1k|12k|+1k|38/62|Drama|01.05|
[Once a Thief](https://vod.pipi.cn/fec9203cvodtransbj1251246104/7978f4ba5145403722772255413/v.f42905.mp4) |31k|+1k|23k|+1k|47/53|Drama/Comedy/Action|03.05|

**May**

| Movie |Maoyan WTS|Daily Increase| Taopiaopiao WTS|Daily Increase|M/W %|Genre|Release Date|3rd party media projections
:----------- |:-----------:|:-----------:|:-----------:|:-----------:|:-----------:|:-----------:|:-----------:|:-----------:|
[Mortal Kombat II](https://vod.pipi.cn/fec9203cvodtransbj1251246104/33b8b9245145403722890582563/v.f42905.mp4) |25k|+1k|13k|+1k|75/25|Action/Fantasy|08.05|
[Love Battle](https://i.imgur.com/yT3kgKV.jpeg) |34k|+1k|49k|+1k|20/80|Romance/Comedy|20.05|
[Be Yourself](https://vod.pipi.cn/fec9203cvodtransbj1251246104/43e695815145403722808184482/v.f42905.mp4) |19k|+1k|18k|+1k|31/69|Romance/Comedy|20.05|
[Star Wars: Mandalorian &amp; Grogu](https://vod.pipi.cn/fec9203cvodtransbj1251246104/ae3ca3b05145403723990636789/v.f42905.mp4) |9k|+1k|15k|+1k|63/37|Actiiom/Sci-Fi|20.05|$5M
[All The Good Eyes](https://vod.pipi.cn/fec9203cvodtransbj1251246104/0a6e64625145403721118746297/v.f42905.mp4) |21k|+1k|12k|+1k|34/66|Drama/Romance/Crime|23.05|",31,14,1777320767.0,devil wears prada 2,theatrical_release,2026-04-27,"In China Michael leads on Monday with $0.47M/$5.26M. Below Bohemian Rapsodys $0.76M first Monday. Project Hail Mary in 6th adds $0.14M(-30%)/$39.04M. The Devil Wears Prada 2 opening day pre-sales hit $347k vs Thunderbolts($343k), Wuthering Heights($63k). Projected a $2.8-3.1M opening day on Thursday #**Daily Box Office (April 27th 2026)**

The market hits ¥14.0M/$2.05M. Down -62% from yesterday and down -3% from last week.

---

**Province map of the day:** 

https://i.imgur.com/CTb5glg.png

Michael mostly dominates on Monday

**In Metropolitan cities:** 

Michael wins Guangzhou, Shanghai, Chongqing, Beijing, Wuhan, Chengdu, Nanjing, Shenzhen, Hangzhou and Suzhou 


**City tiers:**

Dear You climbs to 1st in T3. Being Towards Death previews chart 2nd in T2 and 3rd in T3-T4.

**Tier 1**: Michael&gt;Dear You&gt;Project Hail Mary

**Tier 2**: Michael&gt;Being Towards Death&gt;It's OK

**Tier 3**: Dear You&gt;Michael&gt;Being Towards Death

**Tier 4**: Michael&gt;The Caged Butterfly&gt;Being Towards Death

---

|# | Movie |Gross|%YD| %LW|Screenings|Admisions(Today)|Total Gross|Projected Total Gross|
:----------- |:-----------|:-----------:|:-----------:|:-----------:|:-----------:|:--------:|:-----------:|:-----------:| 
1|**Michael**              |$0.47M  |-65% |      |58616 |0.07M |$5.26M   |$9M-$11M 
2|Dear You(Pre-Scr)        |$0.22M  |-42% |      |6121  |0.05M |$1.16M   | 
3|Being Towards Death(Pre-Scr)|$0.22M     ||      |17727 |0.04M |$0.48M   | 
4|It's OK                  |$0.21M  |-63% |-41%  |50414 |0.04M |$26.89M  |$27M-$32M
5|The Caged Butterfly      |$0.19M  |-57% |-24%  |38706 |0.04M |$13.22M  |$13M-$16M
6|Project Hail Mary        |$0.14M  |-67% |-30%  |18247 |0.02M |$39.04M  |$39M-$42M    
7|Pegasus 3                |$0.10M  |-61% |-29%  |17385 |0.02M |$639.73M |$640M-$641M 
8|Nobody But You 2         |$0.08M  |-43% |-72%  |23986 |0.02M |$3.52M   |$3M-$4M    
9|Now I Met Her            |$0.07M  |-61% |-46%  |21258 |0.01M |$10.90M  |$11M-$13M  
10|Super Mario Galaxy Movie |$0.04M |-92% |-50%  |18041 |0.01M |$18.65M  |$19M-$22M

New releases marked in **bold**

---


**Pre-Sales map for tomorrow**

https://i.imgur.com/z2cBkVP.png

Michael mostly dominates pre-sales for Tuesday

---

**IMAX Screenings distribution**

Michael absolutely dominates the IMAX screenings and will continue to do so tomorrow.


||Movie|IMAX Screeninsgs Today|IMAX Screeninsgs Tomorrow|Change|
:----------- |:-----------:|:-----------:|:-----------:|:-----------:|:-----------:|:-----------:|:-----------:|
1|Michael                             |2727   |2672 |-55
2|Project Hail Mary                   |212    |243  |+31

---


###**Michael**

Michael grossed ¥3.19M/$0.47M on Monday. Slightly above projections. But still below Bohemian Rhapsody's ¥5.1M/$0.76M 1st Monday.


**Michael vs Bohemian Rhapsody:**

https://i.imgur.com/M9s5Sjw.png

**Screen Distribution Split:** Regular: $3.33M    , IMAX: $1.45M   , Rest: $0.44M 

**WoM figures:**

Both the Maoyan and Tao score drop a notch.

Maoyan: 9.5(-0.1) , Taopiaopiao: 9.4(-0.1) , Douban: 7.5

|#|FRI|SAT|SUN|MON|TUE|WED|THU|Total|
|:-----------:|:-----------:|:-----------:|:-----------:|:-----------:|:-----------:|:-----------:|:-----------:|:-----------:|:-----------:|							
|First  Week |$1.56M|$1.91M|$1.32M|$0.47M| | | |$5.26M
		
	
**Scheduled showings update for Michael for the next few days:**

|Day |  Number of Showings |Presales|Projection
:----------- |:-----------:|:-----------:|:-----------:|
Today|59838|$67k|$0.40M-$0.45M
Tuesday|57503|$70k|$0.41M-$0.45M
Wednesday|43478|$20k|$0.38M-$0.43M

---

###**Project Hail Mary**

Project Hail Mary in 6th grossed ¥0.94M/$0.14M on Monday. Crosses $39M

**Screen Distribution Split:** Regular: $25.20M    , IMAX: $10.96M   , Rest: $2.31M 

**WoM figures:**

Maoyan: 9.1(-0.1)       , Taopiaopiao: 9.2      , Douban: 8.6

|#|FRI|SAT|SUN|MON|TUE|WED|THU|Total|
|:-----------:|:-----------:|:-----------:|:-----------:|:-----------:|:-----------:|:-----------:|:-----------:|:-----------:|:-----------:|								
|Fifth Week |$0.44M|$1.02M|$0.78M|$0.20M|$0.20M|$0.20M|$0.20M|$37.65M
|Sixth  Week |$0.22M|$0.60M|$0.43M|$0.14M| | | |$39.04M
|%± LW|-50%|-41%|-45%|-30%| | | | |			

**Scheduled showings update for Project Hail Mary for the next few days:**

|Day |  Number of Showings |Presales|Projection
:----------- |:-----------:|:-----------:|:-----------:|
Today|18612|$15k|$0.11M-$0.13M
Tuesday|18278|$49k|$0.17M-$0.20M
Wednesday|14415|$10k|$0.17M-$0.19M

---

**May/Labor Day:**

Cold War 1944 continues to lead pre-sales for May 1st Labor Day convincingly.

|Days till release |The Devil Wears Prada 2 |Cold War 1994 |Vanishing Point |Being Towards Death|No one is closer than we
:----------- |:-----------:|:-----------:|:-----------:|:-----------:|:-----------:|:-----------:|:-----------:|  
9|/          |$68k/35764 |$20k/13736 |$12k/15106 |/        | 
8|/          |$191k/44903|$137k/19293|$52k/19940 |/        |   
7|$8k/2229   |$287k/51261|$189k/23937|$64k/23680 |/        |   
6|$58k/25865 |$381k/56830|$228k/28028|$76k/27293 |$17k/618 | 
5|$119k/33312|$504k/61504|$287k/31672|$92k/30186 |$50k/2502| 
4|$178k/38107|$622k/65409|$361k/35037|$106k/32512|$64k/2911| 
3|$248k/42532|$776k/75163|$429k/42752|$122k/38461|$149k/3320  		
2|$347k/51432|           |           |||
1|           |           |           ||| 
0|           |           |           |||	
*Gross/Screenings

---

**Cold War 1994 opening day pre-sales:**

Cold War 1994 continues trending stronger than last years champion **The Dumpling Queen** and 2024's **Twilight of the Warriors: Walled In**. All comps increase today.

|Days till release | Cold War 1994 | The Dumpling Queen |Twilight of the Warriors: Walled In|Formed Police Unit|The Last Frenzy
:----------- |:-----------:|:-----------:|:-----------:|:-----------:|:-----------:|:-----------:|:-----------:|  
9|$68k/35764 |$134k/33024  |$150k/15614 |$1.06M/56021 |$290k/20336| 
8|$191k/44903|$170k/38242  |$183k/17194 |$1.21M/61626 |$347k/22999|  
7|$287k/51261|$213k/42585  |$220k/18623 |$1.37M/66430 |$409k/25908|   
6|$381k/56830|$257k/46788  |$286k/20771	|$1.55M/72098 |$502k/29226| 
5|$504k/61504|$312k/53911  |$370k/23034	|$1.73M/77845 |$656k/33264| 
4|$622k/65409|$384k/59615  |$452k/26097 |$2.00M/87942 |$806k/39722| 
3|$776k/75163|$469k/67561  |$533k/29654 |$2.31M/97680 |$953k/46208| 		
2|           |$562k/83337  |$609k/35366 |$2.65M/112430|$1.13M/56073|
1|           |$695k/98097  |$698k/41285 |$3.27M/125706|$1.43M/65663| 
0|           |$1.20M/108262|$1.17M/45547|$5.84M/134942|$2.63M/92383|	
Opening Day|/|$6.21M	   |$6.91M      |$18.74M      |$11.98M |
Comp       |Average: $9.02M|$10.28M     |$9.77M       |$6.30M  |$9.75M
*Gross/Screenings

---

**The Devil Wears Prada 2:**

**The Devil Wears Prada 2** pre-sales remain slightly above **Thunderbolts** but the gap shrinked to pretty mich nothing.

First official opening day projections at $2.8-3.1M


|Days till release | The Devil Wears Prada 2 | Thunderbolts |Wuthering Heights |Fantastic Four
:----------- |:-----------:|:-----------:|:-----------:|:-----------:|:-----------:|:-----------:|:-----------:|  
8|/          |/          |$2k/2042   |/          ||   
7|$8k/2229   |/          |$8k/3897   |$2k/2677   ||   
6|$58k/25865 |/          |$17k/4857  |$15k/6992  || 
5|$119k/33312|/          |$25k/5428  |$39k/9088  || 
4|$178k/38107|$143k/31015|$34k/5960  |$65k/11095 || 
3|$248k/42532|$234k/43450|$48k/7183  |$113k/14695|| 		
2|$347k/51432|$343k/57244|$63k/9134  |$178k/19592||
1|           |$487k/57244|$83k/12235 |$303k/35148|| 
0|           |$824k/89134|$121k/14778|$611k/45327||	
Opening Day|/|$2.47M     |$0.30M     |$1.74M     ||
Comp       |Average: $2.51M|$2.50M  |$1.65M      |$3.39M  
*Gross/Screenings

---


#**Release Schedule:**

A table including upcoming movies in the next month alongside trailers linked in the name of the movie, Want To See data from both Maoyan and Taopiaopiao alongside the Gender split and genre. 

Remember Want To See is not pre-sales. Its just an anticipation metric. A checkbox of sorts saying your interested in an upcoming movie.

Not all movies are included since a lot are just too small to be worth covering. 

---

**May/Labor Day Holidays(30.4-5.5)**

| Movie |Maoyan WTS|Daily Increase| Taopiaopiao WTS|Daily Increase|M/W %|Genre|Release Date|3rd party media projections
:----------- |:-----------:|:-----------:|:-----------:|:-----------:|:-----------:|:-----------:|:-----------:|:-----------:|
[Devil Wears Prada 2](https://vod.pipi.cn/fec9203cvodtransbj1251246104/0a6e64625145403721118746297/v.f42905.mp4) |172k|+3k|283k|+3k|26/74|Drama/Comedy|30.04|$9-41M
[Vanishing Point](https://vod.pipi.cn/fec9203cvodtransbj1251246104/0a6e64625145403721118746297/v.f42905.mp4) |77k|+2k|34k|+1k|33/67|Thriller/Crime|01.05|$21-36M
[Cold War 1944](https://vod.pipi.cn/fec9203cvodtransbj1251246104/0a6e64625145403721118746297/v.f42905.mp4) |77k|+3k|104k|+9k|75/25|Drama/Action/Crime|01.05|$60-88M
[Being Toward Death](https://vod.pipi.cn/fec9203cvodtransbj1251246104/7978f4ba5145403722772255413/v.f42905.mp4) |24k|+1k|12k|+1k|38/62|Drama|01.05|
[Once a Thief](https://vod.pipi.cn/fec9203cvodtransbj1251246104/7978f4ba5145403722772255413/v.f42905.mp4) |31k|+1k|23k|+1k|47/53|Drama/Comedy/Action|03.05|

**May**

| Movie |Maoyan WTS|Daily Increase| Taopiaopiao WTS|Daily Increase|M/W %|Genre|Release Date|3rd party media projections
:----------- |:-----------:|:-----------:|:-----------:|:-----------:|:-----------:|:-----------:|:-----------:|:-----------:|
[Mortal Kombat II](https://vod.pipi.cn/fec9203cvodtransbj1251246104/33b8b9245145403722890582563/v.f42905.mp4) |25k|+1k|13k|+1k|75/25|Action/Fantasy|08.05|
[Love Battle](https://i.imgur.com/yT3kgKV.jpeg) |34k|+1k|49k|+1k|20/80|Romance/Comedy|20.05|
[Be Yourself](https://vod.pipi.cn/fec9203cvodtransbj1251246104/43e695815145403722808184482/v.f42905.mp4) |19k|+1k|18k|+1k|31/69|Romance/Comedy|20.05|
[Star Wars: Mandalorian &amp; Grogu](https://vod.pipi.cn/fec9203cvodtransbj1251246104/ae3ca3b05145403723990636789/v.f42905.mp4) |9k|+1k|15k|+1k|63/37|Actiiom/Sci-Fi|20.05|$5M
[All The Good Eyes](https://vod.pipi.cn/fec9203cvodtransbj1251246104/0a6e64625145403721118746297/v.f42905.mp4) |21k|+1k|12k|+1k|34/66|Drama/Romance/Crime|23.05|",-0.9658,
1sx3agi,boxoffice,I built a website for competing in box office predictions,"Hello everyone!

I've been working on [a website](https://www.boxoffice-engine.com) where you can submit box office predictions and compete with others to see who was the most accurate. Since [my last post](https://www.reddit.com/r/boxoffice/s/la661YFgiq), I made changes to the mobile UI and tweaked some mechanics. My goal was to make something user-friendly and easy to get into, and where you could see your performance in leaderboards as soon as box office results are available.

The first real test case was [the domestic opening of Michael](https://www.boxoffice-engine.com/contests/14), and the most accurate prediction for it was $95M. So, pretty close, and the prediction was made quite early (&gt;10 days before the weekend, when overperformance wasn’t that obvious).

The next contests are even more exciting, since we will have the second weekend of Michael, and the openings of Devil Wears Prada 2 and Mortal Kombat 2. You can see the current distributions of predictions for these movies and make your own: right now, the highest prediction for [Prada](https://www.boxoffice-engine.com/contests/17) is $86M, and $55M for [MK2.](https://www.boxoffice-engine.com/contests/20)

Here is [the link](https://www.boxoffice-engine.com), and I'd be very happy to receive any feedback!",6,4,1777295539.0,devil wears prada 2,theatrical_release,2026-04-27,"I built a website for competing in box office predictions Hello everyone!

I've been working on [a website](https://www.boxoffice-engine.com) where you can submit box office predictions and compete with others to see who was the most accurate. Since [my last post](https://www.reddit.com/r/boxoffice/s/la661YFgiq), I made changes to the mobile UI and tweaked some mechanics. My goal was to make something user-friendly and easy to get into, and where you could see your performance in leaderboards as soon as box office results are available.

The first real test case was [the domestic opening of Michael](https://www.boxoffice-engine.com/contests/14), and the most accurate prediction for it was $95M. So, pretty close, and the prediction was made quite early (&gt;10 days before the weekend, when overperformance wasn’t that obvious).

The next contests are even more exciting, since we will have the second weekend of Michael, and the openings of Devil Wears Prada 2 and Mortal Kombat 2. You can see the current distributions of predictions for these movies and make your own: right now, the highest prediction for [Prada](https://www.boxoffice-engine.com/contests/17) is $86M, and $55M for [MK2.](https://www.boxoffice-engine.com/contests/20)

Here is [the link](https://www.boxoffice-engine.com), and I'd be very happy to receive any feedback!",0.868,
1swzafs,boxoffice,🇮🇹 Italian weekend box office: Michael opens with $5.3 million over the weekend of April 23-26,"&amp;#x200B;

\&gt;The weekend of April 23-26 closed with €7,866,319 (994,823 admissions), the ninth weekend of the year, with a sharp increase of 57% compared to the weekend of April 24-27, 2025, and 55% compared to last weekend. The driving force was Michael , which literally dominated the box office, outpacing films in production and other new releases, which, however, lacked any particular commercial ambitions. Furthermore, starting April 29, another announced storm arrives: The Devil Wears Prada 2, which will further bolster the numbers for the month and the season.

\&gt;Monthly Update – In April, the box office was €38,593,502, up 29% from 2025 and 51% from 2024. Attendance was 5,166,847, up 23% from 2025 and 40% from 2024.

\&gt;Annual update – As of April 26, 2026 has generated €204,413,142, up 16% from 2025 and 27% from 2024. Attendance is 27,327,349, up 10% from 2025 and 19% from 2024.

\&gt;As mentioned, this weekend was Michael's . The biopic on the most iconic pop star of all time opened with €5,311,687 and an average of €8,172 in 650 theaters.

\&gt;The five-day total is a whopping €6,416,101. Compared to Thursday's box office, it has increased by 7.5 ; compared to its opening day, it has increased by 5.8 (a nice improvement after a flying start). Michael had a strong opening (second-best opening weekend of the year behind Super Mario Galaxy with €6.4 million) and, in these first few days, it is competing with Bohemian Rhapsody , which, released on November 29, 2018, grossed €5,507,422 in its opening weekend. 

\&gt;Now we'll see how the film develops; If it can also win over the under-30 crowd, it could bring great satisfaction to the market. It has already surpassed biopics such as Elvis with €3,272,600 and A Complete Unknown with €4,161,851.",30,3,1777284353.0,devil wears prada 2,theatrical_release,2026-04-27,"🇮🇹 Italian weekend box office: Michael opens with $5.3 million over the weekend of April 23-26 &amp;#x200B;

\&gt;The weekend of April 23-26 closed with €7,866,319 (994,823 admissions), the ninth weekend of the year, with a sharp increase of 57% compared to the weekend of April 24-27, 2025, and 55% compared to last weekend. The driving force was Michael , which literally dominated the box office, outpacing films in production and other new releases, which, however, lacked any particular commercial ambitions. Furthermore, starting April 29, another announced storm arrives: The Devil Wears Prada 2, which will further bolster the numbers for the month and the season.

\&gt;Monthly Update – In April, the box office was €38,593,502, up 29% from 2025 and 51% from 2024. Attendance was 5,166,847, up 23% from 2025 and 40% from 2024.

\&gt;Annual update – As of April 26, 2026 has generated €204,413,142, up 16% from 2025 and 27% from 2024. Attendance is 27,327,349, up 10% from 2025 and 19% from 2024.

\&gt;As mentioned, this weekend was Michael's . The biopic on the most iconic pop star of all time opened with €5,311,687 and an average of €8,172 in 650 theaters.

\&gt;The five-day total is a whopping €6,416,101. Compared to Thursday's box office, it has increased by 7.5 ; compared to its opening day, it has increased by 5.8 (a nice improvement after a flying start). Michael had a strong opening (second-best opening weekend of the year behind Super Mario Galaxy with €6.4 million) and, in these first few days, it is competing with Bohemian Rhapsody , which, released on November 29, 2018, grossed €5,507,422 in its opening weekend. 

\&gt;Now we'll see how the film develops; If it can also win over the under-30 crowd, it could bring great satisfaction to the market. It has already surpassed biopics such as Elvis with €3,272,600 and A Complete Unknown with €4,161,851.",0.9735,
1swrjh1,boxoffice,SK Sunday Update: Looking like two movies to have opening days above 100k admits,"|Movies|Monday-Monday Drop|Tuesday-Tuesday Drop|Wednesday-Wednesday Drop|Thursday-Thursday Drop|Friday-Friday Drop|Saturday-Saturday Drop|Sunday-Sunday Drop|Week-Week Drop|
|:-|:-|:-|:-|:-|:-|:-|:-|:-|
|Salmokji|37%|39%|37%|17%|13%|31%|33%|29%|
|Project Hail Mary|33%|30%|18%|21%|21%|27%|24%|25%|
|The Man Who Lives With the King|40%|43%|47%|42%|39%|38%|33%|40%|

**Goat**: The movie has a decent drop of 55% as the movie will probably end up somewhere around 35k admits, or maybe a little less.

**Salmokji:** The movie will cross 2 million admits as the movie is looking at a finish in the range of 2.4 to 2.7 million admits. I will argue that the movie should finish above 2.4 million admits even as competition is coming.

**Project Hail Mary:** Tomorrow is the day as the movie crosses 2.5 million admits. Will be really interesting to see if two blockbusters from the US will crush the legs of the current US blockbuster.

**The Man Who Lives With the King:** A pretty meh week as the movie will soon cross 16.8 million admits and should finish in the area of 16.85 million admits.

**Presales**

**Super Mario Galaxy:** Another weaker day, as the movie is really struggling to deliver the jumps I want. It really needs to hit 120k tickets tomorrow for me to be positive about opening day.

|Days before Release|Moana 2|Bad Guys 2|Zootopia 2|Mario Super Galaxy|
|:-|:-|:-|:-|:-|
|T-7|42,238|8,916|73,487|35,433|
|T-6|51,863|9,549|94,120|45,760|
|T-5|64,147|14,312|113,186|58,225|
|T-4|79,655|7,449|141,029|69,449|
|T-3|105,249|11,440|182,918|88,403|
|T-2|150,351|18,765|258,224||
|T-1|224,262|34,944|370,645||
|Comp|165,283|320,769|149,418||

**Devil Wears Prada 2**: Presales hit my checkmark as I am getting pretty confident in an opening day of 150k. I want to see presales hit 150k tickets tomorrow.

|Days before Release|Sinners|F1|Thunderbolts|Devil Wears Prada 2|
|:-|:-|:-|:-|:-|
|T-7|2,533|44,401|16,408|61,582|
|T-6|2,792|48,155|42,913|71,251|
|T-5|3,335|53,728|49,950|83,372|
|T-4|4,099|58,456|56,852|94,494|
|T-3|5,284|66,092|66,550|114,141|
|T-2|7,456|81,072|83,980||
|T-1|9,927|103,859|107,377||
|Comp|226,359|143,206|171,784||",23,8,1777258749.0,devil wears prada 2,theatrical_release,2026-04-27,"SK Sunday Update: Looking like two movies to have opening days above 100k admits |Movies|Monday-Monday Drop|Tuesday-Tuesday Drop|Wednesday-Wednesday Drop|Thursday-Thursday Drop|Friday-Friday Drop|Saturday-Saturday Drop|Sunday-Sunday Drop|Week-Week Drop|
|:-|:-|:-|:-|:-|:-|:-|:-|:-|
|Salmokji|37%|39%|37%|17%|13%|31%|33%|29%|
|Project Hail Mary|33%|30%|18%|21%|21%|27%|24%|25%|
|The Man Who Lives With the King|40%|43%|47%|42%|39%|38%|33%|40%|

**Goat**: The movie has a decent drop of 55% as the movie will probably end up somewhere around 35k admits, or maybe a little less.

**Salmokji:** The movie will cross 2 million admits as the movie is looking at a finish in the range of 2.4 to 2.7 million admits. I will argue that the movie should finish above 2.4 million admits even as competition is coming.

**Project Hail Mary:** Tomorrow is the day as the movie crosses 2.5 million admits. Will be really interesting to see if two blockbusters from the US will crush the legs of the current US blockbuster.

**The Man Who Lives With the King:** A pretty meh week as the movie will soon cross 16.8 million admits and should finish in the area of 16.85 million admits.

**Presales**

**Super Mario Galaxy:** Another weaker day, as the movie is really struggling to deliver the jumps I want. It really needs to hit 120k tickets tomorrow for me to be positive about opening day.

|Days before Release|Moana 2|Bad Guys 2|Zootopia 2|Mario Super Galaxy|
|:-|:-|:-|:-|:-|
|T-7|42,238|8,916|73,487|35,433|
|T-6|51,863|9,549|94,120|45,760|
|T-5|64,147|14,312|113,186|58,225|
|T-4|79,655|7,449|141,029|69,449|
|T-3|105,249|11,440|182,918|88,403|
|T-2|150,351|18,765|258,224||
|T-1|224,262|34,944|370,645||
|Comp|165,283|320,769|149,418||

**Devil Wears Prada 2**: Presales hit my checkmark as I am getting pretty confident in an opening day of 150k. I want to see presales hit 150k tickets tomorrow.

|Days before Release|Sinners|F1|Thunderbolts|Devil Wears Prada 2|
|:-|:-|:-|:-|:-|
|T-7|2,533|44,401|16,408|61,582|
|T-6|2,792|48,155|42,913|71,251|
|T-5|3,335|53,728|49,950|83,372|
|T-4|4,099|58,456|56,852|94,494|
|T-3|5,284|66,092|66,550|114,141|
|T-2|7,456|81,072|83,980||
|T-1|9,927|103,859|107,377||
|Comp|226,359|143,206|171,784||",0.9823,
1swd3ki,boxoffice,"In China Michael opens on top with $4.79M. Below Bohemian Rhapsodys $6.58M opening weekend. Douban score opens at 7.5 vs Bohemian Rhapsody(8.7). Project Hail Mary in 4th adds $1.25M(-44%)/$38.90M. The Devil Wears Prada 2 opening day pre-sales hit $248k vs Thunderbolts($243k), Wuthering Heights($48k)","#**Weekend Box Office (April 24th-26th)**

**Michael** tops the weekend but doesn't really light the world on fire with a ¥32.6M/$4.79M opening weekend. Below Bohemian Rhapsody's ¥44.2M/$6.58M opening.

**It's OK** holds onto 2nd as it continues its run towards a potential $30M

**Project Hail Mary** drops to 4th this weekend after grossing good $1.25M on its 6th weekend. Slowly winding down as it nears $40M

**The Caged Butterfly** continues its very strong run for horror movie standards. Might even potentialy reach ¥100M/$14.5M unless the new Holiday releases kill its run completely.

|# | Movie                 |Gross  | %LW|Total Gross|Total Admissions| Weekends
:----------- |:-----------|:-----------|:-----------:|:-----------:|:-----------:|:-----------:|:-----------:|:-----------:|:-----------:|:-----------:
1| **Michael**               |$4.79M  |      |$4.79M    |0.75M  |1
2| It's Ok                   |$1.71M  |-41%  |$26.68M   |5.33M  |4
3| The Cagged Butterfly      |$1.45M  |-22%  |$13.03M   |2.65M  |4
4| Project Hail Mary         |$1.25M  |-44%  |$38.90M   |5.95M  |6
5| Super Mario Galaxy        |$1.18M  |-41%  |$18.61M   |3.18M  |4
6| Dear You(Pre-Src)         |$0.94M  |      |$0.94M    |0.28M  |0
7| Pegasus 3                 |$0.70M  |-35%  |$639.63M  |94.41M |10
8| Now I Met Her             |$0.53M  |-51%  |$10.83M   |2.01M  |4
9| Nobody But You 2          |$0.46M  |-78%  |$3.44M    |0.63M  |2
10| Hoppers                  |$0.55M  |-35%  |$24.32M   |4.27M  |6
11| **Organ Child**          |$0.25M  |-69%  |$1.52M    |0.29M  |2

---

#**Daily Box Office (April 26th 2026)**

The market hits ¥36.2M/$5.30M. Down -23% from yesterday and down -17% from last week.

**Supergirl** is a go and should be officialy announced for a release in the near future.

---

**Province map of the day:** 

https://i.imgur.com/7h5ADXs.png

Michael mostly dominates on Sunday.

**In Metropolitan cities:** 

Michael wins Guangzhou, Shanghai, Chongqing, Beijing, Wuhan, Chengdu, Nanjing, Shenzhen, Hangzhou and Suzhou 


**City tiers:**

Dear You climbs to 2nd in T1 and T3. Mario climbs to 3rd in T2.

**Tier 1**: Michael&gt;Dear You&gt;Project Hail Mary

**Tier 2**: Michael&gt;It's OK&gt;Super Mario Galaxy

**Tier 3**: Michael&gt;Dear You&gt;It's OK

**Tier 4**: Michael&gt;The Caged Butterfly&gt;It's OK

---

|# | Movie |Gross|%YD| %LW|Screenings|Admisions(Today)|Total Gross|Projected Total Gross|
:----------- |:-----------|:-----------:|:-----------:|:-----------:|:-----------:|:--------:|:-----------:|:-----------:| 
1|**Michael**              |$1.32M  |-31% |      |77600 |0.20M |$4.79M   |$8M-$12M 
2|It's OK                  |$0.57M  |-24% |-40%  |57148 |0.10M |$26.68M  |$27M-$32M
5|Super Mario Galaxy Movie |$0.50M  |-11% |-40%  |33785 |0.09M |$18.61M  |$20M-$22M
3|The Caged Butterfly      |$0.44M  |-37% |-23%  |43406 |0.08M |$13.03M  |$13M-$16M
4|Project Hail Mary        |$0.43M  |-28% |-45%  |21339 |0.07M |$38.90M  |$39M-$42M    
6|Dear You(Pre-Scr)        |$0.38M  |+6%  |      |6261  |0.07M |$0.94M   | 
7|Pegasus 3                |$0.26M  |-16% |-30%  |19732 |0.04M |$639.63M |$640M-$641M 
8|Hoppers                  |$0.25M  |-1%  |-30%  |15268 |0.04M |$24.32M  |$24M-$25M 
9|Now I Met Her            |$0.18M  |-18% |-50%  |22771 |0.03M |$10.83M  |$11M-$13M  
10|Nobody But You 2        |$0.14M  |-22% |-80%  |28260 |0.02M |$3.44M   |$3M-$4M    
11|Organ Child             |$0.07M  |-30% |-78%  |13181 |0.01M |$1.52M   |$1M-$2M 

New releases marked in **bold**

---


**Pre-Sales map for tomorrow**

https://i.imgur.com/amh9JQu.png

Michael mostly dominates pre-sales for Monday.

---

**IMAX Screenings distribution**

Michael absolutely dominates the IMAX screenings and will continue to do so tomorrow.


||Movie|IMAX Screeninsgs Today|IMAX Screeninsgs Tomorrow|Change|
:----------- |:-----------:|:-----------:|:-----------:|:-----------:|:-----------:|:-----------:|:-----------:|
1|Michael                             |3760   |2746 |-1014
1|Project Hail Mary                   |225    |216  |-9
2|Super Mario Galaxy                  |25     |5    |-20

---


###**Michael**

Michael grossed ¥9.08M/$1.32M on Sunday. Continues to trail Bohemian Rhapsody which grossed  ¥14.0M/$2.08M on its first Sunday. 

Michael is projected a ¥2.8-3.1M Monday which again would be significantly below Bohemian Rhapsody's ¥5.1M/$0.76M 1st Monday.

Total projections slightly go up on the upper end to $12M. Reaching that will basicaly depend how much the movie can stay around during the Holiday week next week.

**Michael vs Bohemian Rhapsody:**

https://i.imgur.com/bee2KJb.png

**Screen Distribution Split:** Regular: $3.02M    , IMAX: $1.31M   , Rest: $0.41M 

**WoM figures:**

Michael opens with 7.5 on Douban. Below Bohemian Rhapsody's 8.7 opening score.

Maoyan: 9.6 , Taopiaopiao: 9.5 , Douban: 7.5

|#|FRI|SAT|SUN|MON|TUE|WED|THU|Total|
|:-----------:|:-----------:|:-----------:|:-----------:|:-----------:|:-----------:|:-----------:|:-----------:|:-----------:|:-----------:|							
|First  Week |$1.56M|$1.91M|$1.32M| | | | |$4.79M
		
	
**Scheduled showings update for Michael for the next few days:**

|Day |  Number of Showings |Presales|Projection
:----------- |:-----------:|:-----------:|:-----------:|
Today|78197|$332k|$1.27M-$1.33M
Monday|59838|$67k|$0.40M-$0.45M
Tuesday|41450|$13k|$0.37M-$0.44M

---


###**Super Mario Galaxy Movie**

Mario Galaxy grossed ¥3.45M/$0.50M on its 4th Sunday. 

Below the first movies ¥4.42M/$0.63M 4th Sunday as that movie was entering the May/Labor Day Holidays. But above the 4th Sunday of Hoppers at ¥2.99/$0.43M


**Super Mario Galaxy vs Super Mario Bros:**

https://i.imgur.com/A50ijfJ.png

**Screen Distribution Split:** Regular: $17.36M    , IMAX: $0.70M   , Rest: $0.48M 

**WoM figures:**

Maoyan: 9.3 , Taopiaopiao: 9.3 , Douban: 7.0

|#|FRI|SAT|SUN|MON|TUE|WED|THU|Total|
|:-----------:|:-----------:|:-----------:|:-----------:|:-----------:|:-----------:|:-----------:|:-----------:|:-----------:|:-----------:|							
|Third  Week |$0.24M|$0.95M|$0.83M|$0.08M|$0.06M|$0.06M|$0.06M|$17.43M
|Fourth  Week |$0.12M|$0.56M|$0.50M| | | | |$18.61M
|%± LW|-50%|-41%|-40%| | | | | |			
	
**Scheduled showings update for Super Mario Galaxy Movie for the next few days:**

|Day |  Number of Showings |Presales|Projection
:----------- |:-----------:|:-----------:|:-----------:|
Today|33538|$70k|$0.45M-$0.53M
Monday|18251|$7k|$0.05M-$0.06M
Tuesday|11875|$1k|$0.05M-$0.06M

---

###**Project Hail Mary**

Project Hail Mary in 5th grossed ¥2.91M/$0.43M on Sunday. Starting to slowly wind down as it nears $40M

**Screen Distribution Split:** Regular: $25.08M    , IMAX: $10.95M   , Rest: $2.31M 

**WoM figures:**

Maoyan: 9.2       , Taopiaopiao: 9.2      , Douban: 8.6

|#|FRI|SAT|SUN|MON|TUE|WED|THU|Total|
|:-----------:|:-----------:|:-----------:|:-----------:|:-----------:|:-----------:|:-----------:|:-----------:|:-----------:|:-----------:|								
|Fifth Week |$0.44M|$1.02M|$0.78M|$0.20M|$0.20M|$0.20M|$0.20M|$37.65M
|Sixth  Week |$0.22M|$0.60M|$0.43M| | | | |$38.90M
|%± LW|-50%|-41%|-45%| | | | | |			

**Scheduled showings update for Project Hail Mary for the next few days:**

|Day |  Number of Showings |Presales|Projection
:----------- |:-----------:|:-----------:|:-----------:|
Today|21287|$88k|$0.39M-$0.44M
Monday|18612|$15k|$0.11M-$0.13M
Wednesday|13454|$4k|$0.12M-$0.13M

---

**May/Labor Day:**

The Devil Wears Prada 2 continues its solid pre-sales as opening day pre-sales hit $248k 

Cold War 1944 continues to lead pre-sales for May 1st Labor Day.

|Days till release |The Devil Wears Prada 2 |Cold War 1994 |Vanishing Point |Being Towards Death|No one is closer than we
:----------- |:-----------:|:-----------:|:-----------:|:-----------:|:-----------:|:-----------:|:-----------:|  
9|/          |$68k/35764 |$20k/13736 |$12k/15106 |/        | 
8|/          |$191k/44903|$137k/19293|$52k/19940 |/        |   
7|$8k/2229   |$287k/51261|$189k/23937|$64k/23680 |/        |   
6|$58k/25865 |$381k/56830|$228k/28028|$76k/27293 |$17k/618 | 
5|$119k/33312|$504k/61504|$287k/31672|$92k/30186 |$50k/2502| 
4|$178k/38107|$622k/65409|$361k/35037|$106k/32512|$64k/2911| 
3|$248k/42532|           |           ||| 		
2|           |           |           |||
1|           |           |           ||| 
0|           |           |           |||	
*Gross/Screenings

---

**Cold War 1994 opening day pre-sales:**

Cold War 1994 is trending stronger than last years champion **The Dumpling Queen** and 2024's **Twilight of the Warriors: Walled In**  but below the fan driven Wang Yibo **Formed Police Unit** and 2024's champion **The Last Frenzy**

I would personaly like to see at least ¥500M/$70M from this.

|Days till release | Cold War 1994 | The Dumpling Queen |Twilight of the Warriors: Walled In|Formed Police Unit|The Last Frenzy
:----------- |:-----------:|:-----------:|:-----------:|:-----------:|:-----------:|:-----------:|:-----------:|  
9|$68k/35764 |$134k/33024  |$150k/15614 |$1.06M/56021 |$290k/20336| 
8|$191k/44903|$170k/38242  |$183k/17194 |$1.21M/61626 |$347k/22999|  
7|$287k/51261|$213k/42585  |$220k/18623 |$1.37M/66430 |$409k/25908|   
6|$381k/56830|$257k/46788  |$286k/20771	|$1.55M/72098 |$502k/29226| 
5|$504k/61504|$312k/53911  |$370k/23034	|$1.73M/77845 |$656k/33264| 
4|$622k/65409|$384k/59615  |$452k/26097 |$2.00M/87942 |$806k/39722| 
3|           |$469k/67561  |$533k/29654 |$2.31M/97680 |$953k/46208| 		
2|           |$562k/83337  |$609k/35366 |$2.65M/112430|$1.13M/56073|
1|           |$695k/98097  |$698k/41285 |$3.27M/125706|$1.43M/65663| 
0|           |$1.20M/108262|$1.17M/45547|$5.84M/134942|$2.63M/92383|	
Opening Day|/|$6.21M	   |$6.91M      |$18.74M      |$11.98M |
Comp       |Average: $8.66M|$10.06M     |$9.54M       |$5.82M  |$9.24M
*Gross/Screenings

---

**The Devil Wears Prada 2:**

**The Devil Wears Prada 2** pre-sales are trending slightly above **Thunderbolts** which launched on the same day last year 1 day before the start of the Holidays. 

The pace has not been as strong though going into the last few days. We will get the first opening day projections tomorrow.


|Days till release | The Devil Wears Prada 2 | Thunderbolts |Wuthering Heights |Fantastic Four
:----------- |:-----------:|:-----------:|:-----------:|:-----------:|:-----------:|:-----------:|:-----------:|  
8|/          |/          |$2k/2042   |/          ||   
7|$8k/2229   |/          |$8k/3897   |$2k/2677   ||   
6|$58k/25865 |/          |$17k/4857  |$15k/6992  || 
5|$119k/33312|/          |$25k/5428  |$39k/9088  || 
4|$178k/38107|$143k/31015|$34k/5960  |$65k/11095 || 
3|$248k/42532|$234k/43450|$48k/7183  |$113k/14695|| 		
2|           |$343k/57244|$63k/9134  |$178k/19592||
1|           |$487k/57244|$83k/12235 |$303k/35148|| 
0|           |$824k/89134|$121k/14778|$611k/45327||	
Opening Day|/|$2.47M     |$0.30M     |$1.74M     ||
Comp       |Average: $2.66M|$2.61M  |$1.55M      |$3.82M  
*Gross/Screenings

---


#**Release Schedule:**

A table including upcoming movies in the next month alongside trailers linked in the name of the movie, Want To See data from both Maoyan and Taopiaopiao alongside the Gender split and genre. 

Remember Want To See is not pre-sales. Its just an anticipation metric. A checkbox of sorts saying your interested in an upcoming movie.

Not all movies are included since a lot are just too small to be worth covering. 

---

**May/Labor Day Holidays(30.4-5.5)**

| Movie |Maoyan WTS|Daily Increase| Taopiaopiao WTS|Daily Increase|M/W %|Genre|Release Date|3rd party media projections
:----------- |:-----------:|:-----------:|:-----------:|:-----------:|:-----------:|:-----------:|:-----------:|:-----------:|
[Devil Wears Prada 2](https://vod.pipi.cn/fec9203cvodtransbj1251246104/0a6e64625145403721118746297/v.f42905.mp4) |169k|+3k|280k|+3k|26/74|Drama/Comedy|30.04|$9-41M
[Vanishing Point](https://vod.pipi.cn/fec9203cvodtransbj1251246104/0a6e64625145403721118746297/v.f42905.mp4) |75k|+3k|33k|+1k|33/67|Thriller/Crime|01.05|$21-36M
[Cold War 1944](https://vod.pipi.cn/fec9203cvodtransbj1251246104/0a6e64625145403721118746297/v.f42905.mp4) |74k|+2k|95k|+1k|75/25|Drama/Action/Crime|01.05|$60-88M
[Being Toward Death](https://vod.pipi.cn/fec9203cvodtransbj1251246104/7978f4ba5145403722772255413/v.f42905.mp4) |23k|+1k|11k|+1k|38/62|Drama|01.05|
[Once a Thief](https://vod.pipi.cn/fec9203cvodtransbj1251246104/7978f4ba5145403722772255413/v.f42905.mp4) |30k|+1k|22k|+1k|47/53|Drama/Comedy/Action|03.05|

**May**

| Movie |Maoyan WTS|Daily Increase| Taopiaopiao WTS|Daily Increase|M/W %|Genre|Release Date|3rd party media projections
:----------- |:-----------:|:-----------:|:-----------:|:-----------:|:-----------:|:-----------:|:-----------:|:-----------:|
[Mortal Kombat II](https://vod.pipi.cn/fec9203cvodtransbj1251246104/33b8b9245145403722890582563/v.f42905.mp4) |24k|+1k|13k|+1k|75/25|Action/Fantasy|08.05|
[Love Battle](https://i.imgur.com/yT3kgKV.jpeg) |34k|+1k|49k|+1k|20/80|Romance/Comedy|20.05|
[Be Yourself](https://vod.pipi.cn/fec9203cvodtransbj1251246104/43e695815145403722808184482/v.f42905.mp4) |19k|+1k|18k|+1k|31/69|Romance/Comedy|20.05|
[Star Wars: Mandalorian &amp; Grogu](https://vod.pipi.cn/fec9203cvodtransbj1251246104/ae3ca3b05145403723990636789/v.f42905.mp4) |9k|+1k|14k|+1k|63/37|Actiiom/Sci-Fi|20.05|$5M
[All The Good Eyes](https://vod.pipi.cn/fec9203cvodtransbj1251246104/0a6e64625145403721118746297/v.f42905.mp4) |21k|+1k|12k|+1k|34/66|Drama/Romance/Crime|23.05|",49,18,1777222956.0,devil wears prada 2,theatrical_release,2026-04-26,"In China Michael opens on top with $4.79M. Below Bohemian Rhapsodys $6.58M opening weekend. Douban score opens at 7.5 vs Bohemian Rhapsody(8.7). Project Hail Mary in 4th adds $1.25M(-44%)/$38.90M. The Devil Wears Prada 2 opening day pre-sales hit $248k vs Thunderbolts($243k), Wuthering Heights($48k) #**Weekend Box Office (April 24th-26th)**

**Michael** tops the weekend but doesn't really light the world on fire with a ¥32.6M/$4.79M opening weekend. Below Bohemian Rhapsody's ¥44.2M/$6.58M opening.

**It's OK** holds onto 2nd as it continues its run towards a potential $30M

**Project Hail Mary** drops to 4th this weekend after grossing good $1.25M on its 6th weekend. Slowly winding down as it nears $40M

**The Caged Butterfly** continues its very strong run for horror movie standards. Might even potentialy reach ¥100M/$14.5M unless the new Holiday releases kill its run completely.

|# | Movie                 |Gross  | %LW|Total Gross|Total Admissions| Weekends
:----------- |:-----------|:-----------|:-----------:|:-----------:|:-----------:|:-----------:|:-----------:|:-----------:|:-----------:|:-----------:
1| **Michael**               |$4.79M  |      |$4.79M    |0.75M  |1
2| It's Ok                   |$1.71M  |-41%  |$26.68M   |5.33M  |4
3| The Cagged Butterfly      |$1.45M  |-22%  |$13.03M   |2.65M  |4
4| Project Hail Mary         |$1.25M  |-44%  |$38.90M   |5.95M  |6
5| Super Mario Galaxy        |$1.18M  |-41%  |$18.61M   |3.18M  |4
6| Dear You(Pre-Src)         |$0.94M  |      |$0.94M    |0.28M  |0
7| Pegasus 3                 |$0.70M  |-35%  |$639.63M  |94.41M |10
8| Now I Met Her             |$0.53M  |-51%  |$10.83M   |2.01M  |4
9| Nobody But You 2          |$0.46M  |-78%  |$3.44M    |0.63M  |2
10| Hoppers                  |$0.55M  |-35%  |$24.32M   |4.27M  |6
11| **Organ Child**          |$0.25M  |-69%  |$1.52M    |0.29M  |2

---

#**Daily Box Office (April 26th 2026)**

The market hits ¥36.2M/$5.30M. Down -23% from yesterday and down -17% from last week.

**Supergirl** is a go and should be officialy announced for a release in the near future.

---

**Province map of the day:** 

https://i.imgur.com/7h5ADXs.png

Michael mostly dominates on Sunday.

**In Metropolitan cities:** 

Michael wins Guangzhou, Shanghai, Chongqing, Beijing, Wuhan, Chengdu, Nanjing, Shenzhen, Hangzhou and Suzhou 


**City tiers:**

Dear You climbs to 2nd in T1 and T3. Mario climbs to 3rd in T2.

**Tier 1**: Michael&gt;Dear You&gt;Project Hail Mary

**Tier 2**: Michael&gt;It's OK&gt;Super Mario Galaxy

**Tier 3**: Michael&gt;Dear You&gt;It's OK

**Tier 4**: Michael&gt;The Caged Butterfly&gt;It's OK

---

|# | Movie |Gross|%YD| %LW|Screenings|Admisions(Today)|Total Gross|Projected Total Gross|
:----------- |:-----------|:-----------:|:-----------:|:-----------:|:-----------:|:--------:|:-----------:|:-----------:| 
1|**Michael**              |$1.32M  |-31% |      |77600 |0.20M |$4.79M   |$8M-$12M 
2|It's OK                  |$0.57M  |-24% |-40%  |57148 |0.10M |$26.68M  |$27M-$32M
5|Super Mario Galaxy Movie |$0.50M  |-11% |-40%  |33785 |0.09M |$18.61M  |$20M-$22M
3|The Caged Butterfly      |$0.44M  |-37% |-23%  |43406 |0.08M |$13.03M  |$13M-$16M
4|Project Hail Mary        |$0.43M  |-28% |-45%  |21339 |0.07M |$38.90M  |$39M-$42M    
6|Dear You(Pre-Scr)        |$0.38M  |+6%  |      |6261  |0.07M |$0.94M   | 
7|Pegasus 3                |$0.26M  |-16% |-30%  |19732 |0.04M |$639.63M |$640M-$641M 
8|Hoppers                  |$0.25M  |-1%  |-30%  |15268 |0.04M |$24.32M  |$24M-$25M 
9|Now I Met Her            |$0.18M  |-18% |-50%  |22771 |0.03M |$10.83M  |$11M-$13M  
10|Nobody But You 2        |$0.14M  |-22% |-80%  |28260 |0.02M |$3.44M   |$3M-$4M    
11|Organ Child             |$0.07M  |-30% |-78%  |13181 |0.01M |$1.52M   |$1M-$2M 

New releases marked in **bold**

---


**Pre-Sales map for tomorrow**

https://i.imgur.com/amh9JQu.png

Michael mostly dominates pre-sales for Monday.

---

**IMAX Screenings distribution**

Michael absolutely dominates the IMAX screenings and will continue to do so tomorrow.


||Movie|IMAX Screeninsgs Today|IMAX Screeninsgs Tomorrow|Change|
:----------- |:-----------:|:-----------:|:-----------:|:-----------:|:-----------:|:-----------:|:-----------:|
1|Michael                             |3760   |2746 |-1014
1|Project Hail Mary                   |225    |216  |-9
2|Super Mario Galaxy                  |25     |5    |-20

---


###**Michael**

Michael grossed ¥9.08M/$1.32M on Sunday. Continues to trail Bohemian Rhapsody which grossed  ¥14.0M/$2.08M on its first Sunday. 

Michael is projected a ¥2.8-3.1M Monday which again would be significantly below Bohemian Rhapsody's ¥5.1M/$0.76M 1st Monday.

Total projections slightly go up on the upper end to $12M. Reaching that will basicaly depend how much the movie can stay around during the Holiday week next week.

**Michael vs Bohemian Rhapsody:**

https://i.imgur.com/bee2KJb.png

**Screen Distribution Split:** Regular: $3.02M    , IMAX: $1.31M   , Rest: $0.41M 

**WoM figures:**

Michael opens with 7.5 on Douban. Below Bohemian Rhapsody's 8.7 opening score.

Maoyan: 9.6 , Taopiaopiao: 9.5 , Douban: 7.5

|#|FRI|SAT|SUN|MON|TUE|WED|THU|Total|
|:-----------:|:-----------:|:-----------:|:-----------:|:-----------:|:-----------:|:-----------:|:-----------:|:-----------:|:-----------:|							
|First  Week |$1.56M|$1.91M|$1.32M| | | | |$4.79M
		
	
**Scheduled showings update for Michael for the next few days:**

|Day |  Number of Showings |Presales|Projection
:----------- |:-----------:|:-----------:|:-----------:|
Today|78197|$332k|$1.27M-$1.33M
Monday|59838|$67k|$0.40M-$0.45M
Tuesday|41450|$13k|$0.37M-$0.44M

---


###**Super Mario Galaxy Movie**

Mario Galaxy grossed ¥3.45M/$0.50M on its 4th Sunday. 

Below the first movies ¥4.42M/$0.63M 4th Sunday as that movie was entering the May/Labor Day Holidays. But above the 4th Sunday of Hoppers at ¥2.99/$0.43M


**Super Mario Galaxy vs Super Mario Bros:**

https://i.imgur.com/A50ijfJ.png

**Screen Distribution Split:** Regular: $17.36M    , IMAX: $0.70M   , Rest: $0.48M 

**WoM figures:**

Maoyan: 9.3 , Taopiaopiao: 9.3 , Douban: 7.0

|#|FRI|SAT|SUN|MON|TUE|WED|THU|Total|
|:-----------:|:-----------:|:-----------:|:-----------:|:-----------:|:-----------:|:-----------:|:-----------:|:-----------:|:-----------:|							
|Third  Week |$0.24M|$0.95M|$0.83M|$0.08M|$0.06M|$0.06M|$0.06M|$17.43M
|Fourth  Week |$0.12M|$0.56M|$0.50M| | | | |$18.61M
|%± LW|-50%|-41%|-40%| | | | | |			
	
**Scheduled showings update for Super Mario Galaxy Movie for the next few days:**

|Day |  Number of Showings |Presales|Projection
:----------- |:-----------:|:-----------:|:-----------:|
Today|33538|$70k|$0.45M-$0.53M
Monday|18251|$7k|$0.05M-$0.06M
Tuesday|11875|$1k|$0.05M-$0.06M

---

###**Project Hail Mary**

Project Hail Mary in 5th grossed ¥2.91M/$0.43M on Sunday. Starting to slowly wind down as it nears $40M

**Screen Distribution Split:** Regular: $25.08M    , IMAX: $10.95M   , Rest: $2.31M 

**WoM figures:**

Maoyan: 9.2       , Taopiaopiao: 9.2      , Douban: 8.6

|#|FRI|SAT|SUN|MON|TUE|WED|THU|Total|
|:-----------:|:-----------:|:-----------:|:-----------:|:-----------:|:-----------:|:-----------:|:-----------:|:-----------:|:-----------:|								
|Fifth Week |$0.44M|$1.02M|$0.78M|$0.20M|$0.20M|$0.20M|$0.20M|$37.65M
|Sixth  Week |$0.22M|$0.60M|$0.43M| | | | |$38.90M
|%± LW|-50%|-41%|-45%| | | | | |			

**Scheduled showings update for Project Hail Mary for the next few days:**

|Day |  Number of Showings |Presales|Projection
:----------- |:-----------:|:-----------:|:-----------:|
Today|21287|$88k|$0.39M-$0.44M
Monday|18612|$15k|$0.11M-$0.13M
Wednesday|13454|$4k|$0.12M-$0.13M

---

**May/Labor Day:**

The Devil Wears Prada 2 continues its solid pre-sales as opening day pre-sales hit $248k 

Cold War 1944 continues to lead pre-sales for May 1st Labor Day.

|Days till release |The Devil Wears Prada 2 |Cold War 1994 |Vanishing Point |Being Towards Death|No one is closer than we
:----------- |:-----------:|:-----------:|:-----------:|:-----------:|:-----------:|:-----------:|:-----------:|  
9|/          |$68k/35764 |$20k/13736 |$12k/15106 |/        | 
8|/          |$191k/44903|$137k/19293|$52k/19940 |/        |   
7|$8k/2229   |$287k/51261|$189k/23937|$64k/23680 |/        |   
6|$58k/25865 |$381k/56830|$228k/28028|$76k/27293 |$17k/618 | 
5|$119k/33312|$504k/61504|$287k/31672|$92k/30186 |$50k/2502| 
4|$178k/38107|$622k/65409|$361k/35037|$106k/32512|$64k/2911| 
3|$248k/42532|           |           ||| 		
2|           |           |           |||
1|           |           |           ||| 
0|           |           |           |||	
*Gross/Screenings

---

**Cold War 1994 opening day pre-sales:**

Cold War 1994 is trending stronger than last years champion **The Dumpling Queen** and 2024's **Twilight of the Warriors: Walled In**  but below the fan driven Wang Yibo **Formed Police Unit** and 2024's champion **The Last Frenzy**

I would personaly like to see at least ¥500M/$70M from this.

|Days till release | Cold War 1994 | The Dumpling Queen |Twilight of the Warriors: Walled In|Formed Police Unit|The Last Frenzy
:----------- |:-----------:|:-----------:|:-----------:|:-----------:|:-----------:|:-----------:|:-----------:|  
9|$68k/35764 |$134k/33024  |$150k/15614 |$1.06M/56021 |$290k/20336| 
8|$191k/44903|$170k/38242  |$183k/17194 |$1.21M/61626 |$347k/22999|  
7|$287k/51261|$213k/42585  |$220k/18623 |$1.37M/66430 |$409k/25908|   
6|$381k/56830|$257k/46788  |$286k/20771	|$1.55M/72098 |$502k/29226| 
5|$504k/61504|$312k/53911  |$370k/23034	|$1.73M/77845 |$656k/33264| 
4|$622k/65409|$384k/59615  |$452k/26097 |$2.00M/87942 |$806k/39722| 
3|           |$469k/67561  |$533k/29654 |$2.31M/97680 |$953k/46208| 		
2|           |$562k/83337  |$609k/35366 |$2.65M/112430|$1.13M/56073|
1|           |$695k/98097  |$698k/41285 |$3.27M/125706|$1.43M/65663| 
0|           |$1.20M/108262|$1.17M/45547|$5.84M/134942|$2.63M/92383|	
Opening Day|/|$6.21M	   |$6.91M      |$18.74M      |$11.98M |
Comp       |Average: $8.66M|$10.06M     |$9.54M       |$5.82M  |$9.24M
*Gross/Screenings

---

**The Devil Wears Prada 2:**

**The Devil Wears Prada 2** pre-sales are trending slightly above **Thunderbolts** which launched on the same day last year 1 day before the start of the Holidays. 

The pace has not been as strong though going into the last few days. We will get the first opening day projections tomorrow.


|Days till release | The Devil Wears Prada 2 | Thunderbolts |Wuthering Heights |Fantastic Four
:----------- |:-----------:|:-----------:|:-----------:|:-----------:|:-----------:|:-----------:|:-----------:|  
8|/          |/          |$2k/2042   |/          ||   
7|$8k/2229   |/          |$8k/3897   |$2k/2677   ||   
6|$58k/25865 |/          |$17k/4857  |$15k/6992  || 
5|$119k/33312|/          |$25k/5428  |$39k/9088  || 
4|$178k/38107|$143k/31015|$34k/5960  |$65k/11095 || 
3|$248k/42532|$234k/43450|$48k/7183  |$113k/14695|| 		
2|           |$343k/57244|$63k/9134  |$178k/19592||
1|           |$487k/57244|$83k/12235 |$303k/35148|| 
0|           |$824k/89134|$121k/14778|$611k/45327||	
Opening Day|/|$2.47M     |$0.30M     |$1.74M     ||
Comp       |Average: $2.66M|$2.61M  |$1.55M      |$3.82M  
*Gross/Screenings

---


#**Release Schedule:**

A table including upcoming movies in the next month alongside trailers linked in the name of the movie, Want To See data from both Maoyan and Taopiaopiao alongside the Gender split and genre. 

Remember Want To See is not pre-sales. Its just an anticipation metric. A checkbox of sorts saying your interested in an upcoming movie.

Not all movies are included since a lot are just too small to be worth covering. 

---

**May/Labor Day Holidays(30.4-5.5)**

| Movie |Maoyan WTS|Daily Increase| Taopiaopiao WTS|Daily Increase|M/W %|Genre|Release Date|3rd party media projections
:----------- |:-----------:|:-----------:|:-----------:|:-----------:|:-----------:|:-----------:|:-----------:|:-----------:|
[Devil Wears Prada 2](https://vod.pipi.cn/fec9203cvodtransbj1251246104/0a6e64625145403721118746297/v.f42905.mp4) |169k|+3k|280k|+3k|26/74|Drama/Comedy|30.04|$9-41M
[Vanishing Point](https://vod.pipi.cn/fec9203cvodtransbj1251246104/0a6e64625145403721118746297/v.f42905.mp4) |75k|+3k|33k|+1k|33/67|Thriller/Crime|01.05|$21-36M
[Cold War 1944](https://vod.pipi.cn/fec9203cvodtransbj1251246104/0a6e64625145403721118746297/v.f42905.mp4) |74k|+2k|95k|+1k|75/25|Drama/Action/Crime|01.05|$60-88M
[Being Toward Death](https://vod.pipi.cn/fec9203cvodtransbj1251246104/7978f4ba5145403722772255413/v.f42905.mp4) |23k|+1k|11k|+1k|38/62|Drama|01.05|
[Once a Thief](https://vod.pipi.cn/fec9203cvodtransbj1251246104/7978f4ba5145403722772255413/v.f42905.mp4) |30k|+1k|22k|+1k|47/53|Drama/Comedy/Action|03.05|

**May**

| Movie |Maoyan WTS|Daily Increase| Taopiaopiao WTS|Daily Increase|M/W %|Genre|Release Date|3rd party media projections
:----------- |:-----------:|:-----------:|:-----------:|:-----------:|:-----------:|:-----------:|:-----------:|:-----------:|
[Mortal Kombat II](https://vod.pipi.cn/fec9203cvodtransbj1251246104/33b8b9245145403722890582563/v.f42905.mp4) |24k|+1k|13k|+1k|75/25|Action/Fantasy|08.05|
[Love Battle](https://i.imgur.com/yT3kgKV.jpeg) |34k|+1k|49k|+1k|20/80|Romance/Comedy|20.05|
[Be Yourself](https://vod.pipi.cn/fec9203cvodtransbj1251246104/43e695815145403722808184482/v.f42905.mp4) |19k|+1k|18k|+1k|31/69|Romance/Comedy|20.05|
[Star Wars: Mandalorian &amp; Grogu](https://vod.pipi.cn/fec9203cvodtransbj1251246104/ae3ca3b05145403723990636789/v.f42905.mp4) |9k|+1k|14k|+1k|63/37|Actiiom/Sci-Fi|20.05|$5M
[All The Good Eyes](https://vod.pipi.cn/fec9203cvodtransbj1251246104/0a6e64625145403721118746297/v.f42905.mp4) |21k|+1k|12k|+1k|34/66|Drama/Romance/Crime|23.05|",0.9863,
1svy19h,boxoffice,SK Saturday Update,"|Movies|Monday-Monday Drop|Tuesday-Tuesday Drop|Wednesday-Wednesday Drop|Thursday-Thursday Drop|Friday-Friday Drop|Saturday-Saturday Drop|Sunday-Sunday Drop|Week-Week Drop|
|:-|:-|:-|:-|:-|:-|:-|:-|:-|
|Salmokji|37%|39%|37%|17%|13%|31%|||
|Project Hail Mary|33%|30%|18%|21%|21%|27%|||
|The Man Who Lives With the King|40%|43%|47%|42%|39%|38%|||

**Goat**: The movie has a decent drop of 54%, as the movie should barely cross 30k admits now. A small win as the Saturday jump was really good.

**Salmokji:** The movie is now north of 1.8 million admits as the movie will be north of 1.9 million admits tomorrow. The movie will be above 2 million admits as late as Tuesday and as early as Monday.

**Project Hail Mary:** That is 2.4 million admits, as the movie seems keen on ending up at 2.7 million admits.

**The Man Who Lives With the King:** Another meh drop as the movie will cross 16.7 million admits tomorrow.

**Presales**

**Super Mario Galaxy:** A weaker day as the comps pretty much all went down. Still, the presales are respectable.

|Days before Release|Moana 2|Bad Guys 2|Zootopia 2|Mario Super Galaxy|
|:-|:-|:-|:-|:-|
|T-7|42,238|8,916|73,487|35,433|
|T-6|51,863|9,549|94,120|45,760|
|T-5|64,147|14,312|113,186|58,225|
|T-4|79,655|7,449|141,029|69,449|
|T-3|105,249|11,440|182,918||
|T-2|150,351|18,765|258,224||
|T-1|224,262|34,944|370,645||
|Comp|171,567|387,008|152,247||

**Devil Wears Prada 2**: Presales are still steady, but this is the time you want to see better growth. Thinking the movie needs to hit 110k in presales tomorrow to call it a good day.

|Days before Release|Sinners|F1|Thunderbolts|Devil Wears Prada 2|
|:-|:-|:-|:-|:-|
|T-7|2,533|44,401|16,408|61,582|
|T-6|2,792|48,155|42,913|71,251|
|T-5|3,335|53,728|49,950|83,372|
|T-4|4,099|58,456|56,852|94,494|
|T-3|5,284|66,092|66,550||
|T-2|7,456|81,072|83,980||
|T-1|9,927|103,859|107,377||
|Comp|241,571|134,043|166,474||",20,7,1777179358.0,devil wears prada 2,theatrical_release,2026-04-26,"SK Saturday Update |Movies|Monday-Monday Drop|Tuesday-Tuesday Drop|Wednesday-Wednesday Drop|Thursday-Thursday Drop|Friday-Friday Drop|Saturday-Saturday Drop|Sunday-Sunday Drop|Week-Week Drop|
|:-|:-|:-|:-|:-|:-|:-|:-|:-|
|Salmokji|37%|39%|37%|17%|13%|31%|||
|Project Hail Mary|33%|30%|18%|21%|21%|27%|||
|The Man Who Lives With the King|40%|43%|47%|42%|39%|38%|||

**Goat**: The movie has a decent drop of 54%, as the movie should barely cross 30k admits now. A small win as the Saturday jump was really good.

**Salmokji:** The movie is now north of 1.8 million admits as the movie will be north of 1.9 million admits tomorrow. The movie will be above 2 million admits as late as Tuesday and as early as Monday.

**Project Hail Mary:** That is 2.4 million admits, as the movie seems keen on ending up at 2.7 million admits.

**The Man Who Lives With the King:** Another meh drop as the movie will cross 16.7 million admits tomorrow.

**Presales**

**Super Mario Galaxy:** A weaker day as the comps pretty much all went down. Still, the presales are respectable.

|Days before Release|Moana 2|Bad Guys 2|Zootopia 2|Mario Super Galaxy|
|:-|:-|:-|:-|:-|
|T-7|42,238|8,916|73,487|35,433|
|T-6|51,863|9,549|94,120|45,760|
|T-5|64,147|14,312|113,186|58,225|
|T-4|79,655|7,449|141,029|69,449|
|T-3|105,249|11,440|182,918||
|T-2|150,351|18,765|258,224||
|T-1|224,262|34,944|370,645||
|Comp|171,567|387,008|152,247||

**Devil Wears Prada 2**: Presales are still steady, but this is the time you want to see better growth. Thinking the movie needs to hit 110k in presales tomorrow to call it a good day.

|Days before Release|Sinners|F1|Thunderbolts|Devil Wears Prada 2|
|:-|:-|:-|:-|:-|
|T-7|2,533|44,401|16,408|61,582|
|T-6|2,792|48,155|42,913|71,251|
|T-5|3,335|53,728|49,950|83,372|
|T-4|4,099|58,456|56,852|94,494|
|T-3|5,284|66,092|66,550||
|T-2|7,456|81,072|83,980||
|T-1|9,927|103,859|107,377||
|Comp|241,571|134,043|166,474||",0.974,
1svlp7p,boxoffice,Actors at the Box Office: Chuck Norris,"https://preview.redd.it/tzrhy8i13exg1.png?width=1920&amp;format=png&amp;auto=webp&amp;s=6acdc0de38d62cd90823128a70bcd7eb03fca1fa

Here's a new edition of ""Actors at the Box Office"", which seeks to explore the actors' trajectory at the box office and analyze their hits and bombs. I already talked about a few, and as I promised, it's Chuck Norris' turn.

#**Early Life**

In 1958, Norris joined the United States Air Force as an Air Policeman (AP) and was stationed at Osan Air Base in South Korea. There he acquired the nickname ""Chuck"" and began training in Tang Soo Do (tangsudo). After returning to the United States, he continued serving as an AP at March Air Force Base in California. In August 1962, he was discharged from the Air Force with the rank of airman first class. While applying to become a policeman in Torrance, California, he opened a martial arts studio and began competing in tournaments.

He founded his own discipline, Chun Kuk Do. While competing at a tournament, Norris met Bruce Lee and the two developed a friendship as well as a training and working relationship. Thanks to Lee's influence, Norris made his acting debut in *The Wrecking Crew* as a background extra. Lee saw potential in him, which is why they teamed up shortly thereafter for something far bigger.

#**1970s: He can hear sign language**

Norris had his first big role in *The Way of the Dragon*, opposite Bruce Lee. Lee spent 45 hours on the fight scene with Chuck Norris. His choreographed instructions for the scene took up nearly a quarter of the script. But it paid off, given that the film was a huge hit, earning $130 million worldwide. The fight scene became one of the most iconic for any martial arts title. But most importantly, it launched Norris' career. Unfortunately, it'd mark his last collaboration with Lee.

In 1974, Steve McQueen, who was Norris's martial art student and friend at the time, saw his potential and encouraged him to begin acting classes at MGM. That same year, he played the supporting role of the main antagonist in Lo Wei's *Yellow Faced Tiger*. It didn't hit theaters in the United States until 1981, and the advertisements capitalized on Norris's fame, positioning him as the leading man despite his role as the antagonist, and presenting the film as a new release rather than an older, low-budget production.

In 1977, Norris had his first starring role in *Breaker! Breaker!* Norris said he was paid $5,000 to do the film, ""I didn't know anything when I made that movie. He added, ""We shot it in just 11 days. But it was amazing, people loved it anyway. It's a down-home kind of movie. It's still my dad's favorite."" Despite negative reviews, it made over $12 million domestically, becoming a box office hit.

The following year, he starred in *Good Guys Wear Black*. Norris had been offered a number of martial arts films but turned them down because he did not want to be limited, ""Bruce Lee movies were all karate with a little story thrown in. I want to have a story with some karate scenes."" Norris said a friend wrote the script from a storyline he devised with one of his students.

No studio wanted to release it, so Norris and his producers four-walled it, renting the theaters and taking whatever money came in. To win over producer Allan F. Bodoh, Norris was asked ""Chuck, why will this movie make money?"" He said, ""First of all, there's four million karate people in America. They all know who I am. And if only half of them go to the movie, that's a $6 million gross on a $1 million budget."" Bodoh replied, ""Sounds good to me"" and greenlit the film. And turns out he was quite pessimistic, cause the film earned over $18 million domestically, further cementing his career as an action star.

He closed the decade with another action title, *A Force of One*. It continued his rise to stardom, for it made over $20 million domestically.

It was a very slow path, but Norris quickly made an impression.

#**1980s: He won the Tour de France with a stationary bicycle**

He began the decade with *The Octagon*. It didn't get positive reviews, as critics felt that it added nothing new to the genre. But in typical Norris fashion, it was another box office hit. Although *An Eye for an Eye* was a disappointment, marking his first miss at the box office.

After a string of failures that included *Forced Vengeance*, Norris fell out of the big studio involvement. MGM signed him to a 3-picture deal, but the deal was cancelled after a single film as Norris wasn't content with the creative level.

He recovered in 1983 with *Lone Wolf McQuade*, which was his first solid success in a while. The director, Steve Carver, wanted to ""mess up"" Norris' image, having him grow a beard and drink beer on screen. Norris was reluctant as he wanted to be a good role model for children. Nevertheless, he fully committed to the film, and refused to use stunt doubles for the climactic fight scene. Norris later said the film ""broke the kung fu mode"" for him and helped turn him into a more mainstream action star.

He subsequently starred in *Missing in Action*. Norris says he was approached to make the film by Lance Hool, who had a script about American POWs in Vietnam. Norris was enthusiastic as he wanted to pay tribute to his brother Wieland, who died in the war. Hool and Norris took the project to Cannon Films, who liked the project. They already had a script in development about the rescue of American POWS in Vietnam, and signed Norris to make both films. So they shot two *Missing in Action* films back-to-back, with the second one a prequel. Both films were panned but were box office hits, and Norris became Cannon's most prominent star of the 1980s.

In 1985, Norris starred in *Code of Silence*. The film's complexity and dramatic depth marked a departure for Norris. It earned the best reviews of his career (with many naming it as Norris' best title), and was a box office success. Norris also signed a picture deal with Cannon, with *Invasion U.S.A.* as the first film of this contract. It was a big success, especially overseas, despite poor reviews.

Around this point, Norris also starred in the animated series *Karate Kommandos*, playing... Chuck Norris. In this cartoon, he is a United States government operative with a team of racially diverse warriors known as the Karate Kommandos. Together, they fight against the organization VULTURE led by the Claw and his right-hand man Super Ninja. It only lasted five episodes.

In 1987, he had *Firewalker*, which flopped and had Cannon reconsider some of its strategy. He also returned for *Braddock: Missing in Action III*, but despite Norris thinking that it was the best entry yet, the film was panned and flopped at the box office. Norris said he was ""frustrated"", with the job Cannon did with marketing the film, ""I was ready to break my contract because it was the best of the series. We had a big meeting, and I told them that if they didn't do a better job marketing my films in the U.S., I was going to take them to court because my career is on the line.""

He started the decade on a pretty good note, and it spawned some his biggest hits. But it was clear that his films had a ceiling, and the late run wasn't particularly great.

#**1990s: He told me I have AIDS**

The box office slump era continued in the 90s.

Norris made a sequel to *Delta Force* in 1990, but it failed to replicate the success in every aspect. Failure also followed *The Hitman* the following year.

Perhaps one of the real surprises was his appearance in the comedy *Sidekicks* where he plays... Chuck Norris. The plot revolves around an asthmatic boy who daydreams about being Norris' sidekick. Despite terrible reviews, it was one of his first box office successes in a while.

After a very underwhelming run, he decided to try something new: TV.

He starred in the show *Walker, Texas Ranger*. The show is centered on Sergeant Cordell Walker, a member of the Texas Rangers, a state-level bureau of investigation, and is about his adventures fighting criminals with his partner James Trivette. The show was a ratings success for most of its run, and lasted 9 seasons and 204 episodes on CBS. Tons of guest stars, with Haley Joel Osment coming off as the biggest and most memed guest in the show. After all, Walker told him he had AIDS.

Due to his commitment to TV schedules, Norris had to slow down on his movie roles. His last theatrical release this decade was *Top Dog*, an action film that partners him with a freaking dog. You can guess how it all went. From that point on, he went the direct-to-DVD route.

Movie-wise, a poor decade. But given that he had a stable job for 9 years on TV, it's not a bad gig.

#**21st Century: He was bitten by a king cobra and after five days of agonizing pain, the cobra died**

Around the time *Walker* ended, Norris starred as a secret agent in the CBS television films *The President's Man* and *The President's Man: A Line in the Sand* in 2000 and 2002, respectively. 

Perhaps the one big role he had in this period was not in a starring role. He had a cameo in *Dodgeball: A True Underdog Story*, playing himself as a judge in the movie's climax. 

In 2005, Norris founded the World Combat League (WCL), a full-contact, team-based martial arts competition, of which part of the proceeds are given to his Kickstart Kids program. That same year, he starred in the television film *Walker, Texas Ranger: Trial by Fire*. 

Now it's around this point where something comes up in the Internet.

In early 2005 (though jokes surrounding Norris's toughness and strength are claimed to have existed since the 80s), ""Chuck Norris facts"" starting showing up in Something Awful forums, which are satirical factoids about Norris. Since then, they have become widespread in popular culture. The ""facts"" are normally absurd hyperbolic claims about Norris's toughness, attitude, virility, sophistication, and masculinity. These were inspired by Conan O'Brien's jokes about Norris and the stupidity of *Walker*. The exaggerated style of these claims is similar to a recurring *Saturday Night Live* sketch called ""Bill Brasky"".

Norris wrote his own response to the parody on his website, stating that he did not feel offended by them and found some of them funny, claiming that his personal favorite was that they wanted to add his face to Mount Rushmore, but the granite is not hard enough for his beard. Nevertheless, he said he tried not to take any of them seriously, and he hoped that such statements would interest people in real facts about him contained in his literary works.

At first it was mostly college students exchanging them, but they later became extremely widespread. From that point on, Norris started to tour with the Chuck Norris facts, appearing on major talk shows and visiting troops in Iraq for morale boosting appearances.

After a lengthy break from notable titles, he had his biggest project in a long time: *The Expendables 2*. He had a supporting role as Booker, whose name is an homage to his film *Good Guys Wear Black*. The film even uses the known Chuck Norris facts. In one scene Booker saves Barney Ross's team in a firefight. After introductions all around, Ross says to Booker, ""I heard another rumor. That you were bitten by a king cobra."" ""Yeah, I was"", Booker replies, adding, ""But after five days of agonizing pain, the cobra died."" It became his highest grossing film of all time with over $300 million worldwide.

In 2020, he returned to TV with his last ever appearance: a guest role in the penultimate episode of *Hawaii Five-0*.

He shot his last ever film, *Zombie Plane*, co-starring alongside Vanilla Ice, Sophie Monk and Ice-T. It's set for theatrical release at some point in the future.

#**The End**

In March 2026, Norris was hospitalized in Hawaii after experiencing a medical emergency. He died on March 19, at the age of 86. His family announced his death the following day, and opted to keep his cause of death private.

#**HIGHEST GROSSING FILMS**

No. | Movie | Year | Studio | Domestic Total | Overseas Total | Worldwide Total | Budget |
----------|----------|:--------:|----------|:--------:|:--------:|:--------:|:--------:
1 | *The Expendables 2* | 2012 | Lionsgate | $85,028,192 | $229,947,763 | $314,975,955 | $100M
2 | *The Way of the Dragon* | 1972 | Golden Harvest | $85,000,000 | $45,000,000 | $130,000,000 | $130K
3 | *Invasion U.S.A.* | 1985 | Cannon | $17,536,256 | $24,000,000 | $41,536,256 | $12M
4 | *Missing in Action* | 1984 | Metro Goldwyn Mayer | $22,812,411 | $0 | $22,812,411 | $2.1M
5 | *Code of Silence* | 1985 | Orion | $20,345,361 | $0 | $20,345,361 | $7M
6 | *A Force of One* | 1979 | ACP | $20,200,000 | $0 | $20,200,000 | $2.5M
7 | *The Octagon* | 1980 | ACP | $18,971,000 | $0 | $18,971,000 | $4M
8 | *Good Guys Wear Black* | 1978 | ACP | $18,300,000 | $0 | $18,300,000 | $1M
9 | *The Delta Force* | 1986 | Cannon | $17,768,900 | $0 | $17,768,900 | $9M
10 | *Sidekicks* | 1993 | Triumph | $17,180,393 | $0 | $17,180,393 | $8M
11 | *Lone Wolf McQuade* | 1983 | Orion | $12,232,628 | $0 | $12,232,628 | $5M
12 | *Breaker! Breaker!* | 1977 | AIP | $12,000,000 | $0 | $12,000,000 | $250K
13 | *Firewalker* | 1987 | Cannon | $11,949,484 | $0 | $11,949,484 | N/A
14 | *Missing in Action 2: The Beginning* | 1985 | Metro Goldwyn Mayer | $10,755,447 | $0 | $10,755,447 | $2.4M
15 | *Silent Rage* | 1982 | Columbia | $10,490,791 | $0 | $10,490,791 | N/A
16 | *An Eye for an Eye* | 1981 | Embassy | $7,496,681 | $0 | $7,496,681 | $4M
17 | *Delta Force 2: The Colombian Connection* | 1990 | Metro Goldwyn Mayer | $6,698,361 | $0 | $6,698,361 | $16M
18 | *Forced Vengeance* | 1982 | Metro Goldwyn Mayer | $6,660,333 | $0 | $6,660,333 | $5M
19 | *Braddock: Missing in Action III* | 1988 | Cannon | $6,193,901 | $0 | $6,193,901 | $9M
20 | *Hero and the Terror* | 1988 | Cannon | $5,301,200 | $0 | $5,301,200 | N/A
21 | *Top Dog* | 1995 | Artisan | $5,093,707 | $0 | $5,093,707 | $6M
22 | *The Hitman* | 1991 | Cannon | $4,654,288 | $0 | $4,654,288 | N/A

He has starred in 30 released films, but only 22 have reported box office numbers. Across those 30 films, he has made $724,084,147 worldwide. That's $24,136,138 per film.

#**ADJUSTED DOMESTIC GROSSES**

No. | Movie | Year | Studio | Domestic Total | Adjusted Domestic Total |
----------|----------|:--------:|----------|:--------:|:--------:|
1 | *The Way of the Dragon* | 1972 | Golden Harvest | $85,000,000 | $569,332,758
2 | *The Expendables 2* | 2012 | Lionsgate | $85,028,192 | $122,291,585
3 | *Good Guys Wear Black* | 1978 | ACP | $18,300,000 | $92,682,483
4 | *A Force of One* | 1979 | ACP | $20,200,000 | $91,877,446
5 | *The Octagon* | 1980 | ACP | $18,971,000 | $76,025,131
6 | *Missing in Action* | 1984 | Metro Goldwyn Mayer | $22,812,411 | $72,501,969
7 | *Breaker! Breaker!* | 1977 | AIP | $12,000,000 | $65,388,712
8 | *Code of Silence* | 1985 | Orion | $20,345,361 | $62,437,757
9 | *Invasion U.S.A.* | 1985 | Cannon | $17,536,256 | $53,816,911
10 | *The Delta Force* | 1986 | Cannon | $17,768,900 | $53,535,782
11 | *Lone Wolf McQuade* | 1983 | Orion | $12,232,628 | $40,555,951
12 | *Sidekicks* | 1993 | Triumph | $17,180,393 | $39,260,824
13 | *Silent Rage* | 1982 | Columbia | $10,490,791 | $35,898,399
14 | *Firewalker* | 1987 | Cannon | $11,949,484 | $34,734,814
15 | *Missing in Action 2: The Beginning* | 1985 | Metro Goldwyn Mayer | $10,755,447 | $33,007,327
16 | *An Eye for an Eye* | 1981 | Embassy | $7,496,681 | $27,233,240
17 | *Forced Vengeance* | 1982 | Metro Goldwyn Mayer | $6,660,333 | $22,790,969
18 | *Braddock: Missing in Action III* | 1988 | Cannon | $6,193,901 | $17,289,151
19 | *Delta Force 2: The Colombian Connection* | 1990 | Metro Goldwyn Mayer | $6,698,361 | $16,923,380
20 | *Hero and the Terror* | 1988 | Cannon | $5,301,200 | $14,797,338
21 | *The Hitman* | 1991 | Cannon | $4,654,288 | $11,284,187
22 | *Top Dog* | 1995 | Artisan | $5,093,707 | $11,036,799

#**The Verdict**

A career that is not exactly what one might think of.

He won numerous martial arts championships and later founded his own discipline, Chun Kuk Do. Then he becomes a martial arts instructor for celebrities, and in a matter of luck, Bruce Lee notices him and decides to give him his big break by giving him an iconic role in *The Way of the Dragon*. Hell, even Steve fucking McQueen saw potential in him and got him to start acting classes in MGM. 

From that point on, Norris had a bunch of action titles. Some hit it big, others not so much. But when you're under contract for Cannon Films, that limits the potential for improvement. Despite a great initial run, the duds began to take a toll, and it was clear that he wasn't exactly a blockbuster-type star. Perhaps that's what influenced his decision to star in *Walker, Texas Ranger*.

The ""Chuck Norris facts"" are funny, but also a bit weird. Given how often they're used, you'd think Norris was a big movie star like Sylvester Stallone or Arnold Schwarzenegger. But if you look at the gross of his movies, that's not really reflected. Hell, even his two highest grossing films are not really led by him. One is a big ensemble led by a lot of stars with so much more screentime than him, and the other is a Bruce Lee vehicle. Less a Sly or an Arnie... hell, even less than Steven Seagal. That's what makes you wonder why he, of all other action stars, got this meme. 

But I guess there's still an audience for this B-movie types. After all, ain't that Cannon's speciality? So if you want some old-school material, Norris has all that covered for you.

Now, if you want to keep the good memories of Chuck Norris... perhaps you shouldn't google ""Chuck Norris personal views"". How bad is it? Welp, let's just say if you thought he'd have his rematch with Bruce Lee in Heaven... that's not gonna happen, because he's not going up there.

Hope you liked this edition. You can find this and more in the [wiki for this section.](https://www.reddit.com/r/boxoffice/wiki/actors-at-the-box-office)

The next actor will be **Sandra Bullock**. One of the biggest draws nowadays.

I asked you to choose who else should be in the run, and the comment with the most upvotes would be chosen. Well, we'll later talk about... &gt;!Reese Witherspoon.!&lt; What? Like it's hard?

This is the schedule for the following four:

Week | Actor | Reasoning
:-------:|:--------:|----------
May 2 | Sandra Bullock | It's been a while since we saw her.
May 9 | George C. Scott | Who needs an Oscar anyway?
May 16 | Chevy Chase | He was streets behind.
May 23 | Reese Witherspoon | An inconsistent career.

Who should be next after Witherspoon? That's up to you. 

#**REMINDER: If you want to make a suggestion for the next actor, you must make a 150-character comment about the actor we're discussing right now. Failure to do so will result in ignoring the suggestion. If you use a quote from an external source/review to bypass this, your suggestion will be ignored as well. But if you leave a short comment about the post without naming a future write-up, that's fine.**",18,22,1777145905.0,devil wears prada 2,theatrical_release,2026-04-25,"Actors at the Box Office: Chuck Norris https://preview.redd.it/tzrhy8i13exg1.png?width=1920&amp;format=png&amp;auto=webp&amp;s=6acdc0de38d62cd90823128a70bcd7eb03fca1fa

Here's a new edition of ""Actors at the Box Office"", which seeks to explore the actors' trajectory at the box office and analyze their hits and bombs. I already talked about a few, and as I promised, it's Chuck Norris' turn.

#**Early Life**

In 1958, Norris joined the United States Air Force as an Air Policeman (AP) and was stationed at Osan Air Base in South Korea. There he acquired the nickname ""Chuck"" and began training in Tang Soo Do (tangsudo). After returning to the United States, he continued serving as an AP at March Air Force Base in California. In August 1962, he was discharged from the Air Force with the rank of airman first class. While applying to become a policeman in Torrance, California, he opened a martial arts studio and began competing in tournaments.

He founded his own discipline, Chun Kuk Do. While competing at a tournament, Norris met Bruce Lee and the two developed a friendship as well as a training and working relationship. Thanks to Lee's influence, Norris made his acting debut in *The Wrecking Crew* as a background extra. Lee saw potential in him, which is why they teamed up shortly thereafter for something far bigger.

#**1970s: He can hear sign language**

Norris had his first big role in *The Way of the Dragon*, opposite Bruce Lee. Lee spent 45 hours on the fight scene with Chuck Norris. His choreographed instructions for the scene took up nearly a quarter of the script. But it paid off, given that the film was a huge hit, earning $130 million worldwide. The fight scene became one of the most iconic for any martial arts title. But most importantly, it launched Norris' career. Unfortunately, it'd mark his last collaboration with Lee.

In 1974, Steve McQueen, who was Norris's martial art student and friend at the time, saw his potential and encouraged him to begin acting classes at MGM. That same year, he played the supporting role of the main antagonist in Lo Wei's *Yellow Faced Tiger*. It didn't hit theaters in the United States until 1981, and the advertisements capitalized on Norris's fame, positioning him as the leading man despite his role as the antagonist, and presenting the film as a new release rather than an older, low-budget production.

In 1977, Norris had his first starring role in *Breaker! Breaker!* Norris said he was paid $5,000 to do the film, ""I didn't know anything when I made that movie. He added, ""We shot it in just 11 days. But it was amazing, people loved it anyway. It's a down-home kind of movie. It's still my dad's favorite."" Despite negative reviews, it made over $12 million domestically, becoming a box office hit.

The following year, he starred in *Good Guys Wear Black*. Norris had been offered a number of martial arts films but turned them down because he did not want to be limited, ""Bruce Lee movies were all karate with a little story thrown in. I want to have a story with some karate scenes."" Norris said a friend wrote the script from a storyline he devised with one of his students.

No studio wanted to release it, so Norris and his producers four-walled it, renting the theaters and taking whatever money came in. To win over producer Allan F. Bodoh, Norris was asked ""Chuck, why will this movie make money?"" He said, ""First of all, there's four million karate people in America. They all know who I am. And if only half of them go to the movie, that's a $6 million gross on a $1 million budget."" Bodoh replied, ""Sounds good to me"" and greenlit the film. And turns out he was quite pessimistic, cause the film earned over $18 million domestically, further cementing his career as an action star.

He closed the decade with another action title, *A Force of One*. It continued his rise to stardom, for it made over $20 million domestically.

It was a very slow path, but Norris quickly made an impression.

#**1980s: He won the Tour de France with a stationary bicycle**

He began the decade with *The Octagon*. It didn't get positive reviews, as critics felt that it added nothing new to the genre. But in typical Norris fashion, it was another box office hit. Although *An Eye for an Eye* was a disappointment, marking his first miss at the box office.

After a string of failures that included *Forced Vengeance*, Norris fell out of the big studio involvement. MGM signed him to a 3-picture deal, but the deal was cancelled after a single film as Norris wasn't content with the creative level.

He recovered in 1983 with *Lone Wolf McQuade*, which was his first solid success in a while. The director, Steve Carver, wanted to ""mess up"" Norris' image, having him grow a beard and drink beer on screen. Norris was reluctant as he wanted to be a good role model for children. Nevertheless, he fully committed to the film, and refused to use stunt doubles for the climactic fight scene. Norris later said the film ""broke the kung fu mode"" for him and helped turn him into a more mainstream action star.

He subsequently starred in *Missing in Action*. Norris says he was approached to make the film by Lance Hool, who had a script about American POWs in Vietnam. Norris was enthusiastic as he wanted to pay tribute to his brother Wieland, who died in the war. Hool and Norris took the project to Cannon Films, who liked the project. They already had a script in development about the rescue of American POWS in Vietnam, and signed Norris to make both films. So they shot two *Missing in Action* films back-to-back, with the second one a prequel. Both films were panned but were box office hits, and Norris became Cannon's most prominent star of the 1980s.

In 1985, Norris starred in *Code of Silence*. The film's complexity and dramatic depth marked a departure for Norris. It earned the best reviews of his career (with many naming it as Norris' best title), and was a box office success. Norris also signed a picture deal with Cannon, with *Invasion U.S.A.* as the first film of this contract. It was a big success, especially overseas, despite poor reviews.

Around this point, Norris also starred in the animated series *Karate Kommandos*, playing... Chuck Norris. In this cartoon, he is a United States government operative with a team of racially diverse warriors known as the Karate Kommandos. Together, they fight against the organization VULTURE led by the Claw and his right-hand man Super Ninja. It only lasted five episodes.

In 1987, he had *Firewalker*, which flopped and had Cannon reconsider some of its strategy. He also returned for *Braddock: Missing in Action III*, but despite Norris thinking that it was the best entry yet, the film was panned and flopped at the box office. Norris said he was ""frustrated"", with the job Cannon did with marketing the film, ""I was ready to break my contract because it was the best of the series. We had a big meeting, and I told them that if they didn't do a better job marketing my films in the U.S., I was going to take them to court because my career is on the line.""

He started the decade on a pretty good note, and it spawned some his biggest hits. But it was clear that his films had a ceiling, and the late run wasn't particularly great.

#**1990s: He told me I have AIDS**

The box office slump era continued in the 90s.

Norris made a sequel to *Delta Force* in 1990, but it failed to replicate the success in every aspect. Failure also followed *The Hitman* the following year.

Perhaps one of the real surprises was his appearance in the comedy *Sidekicks* where he plays... Chuck Norris. The plot revolves around an asthmatic boy who daydreams about being Norris' sidekick. Despite terrible reviews, it was one of his first box office successes in a while.

After a very underwhelming run, he decided to try something new: TV.

He starred in the show *Walker, Texas Ranger*. The show is centered on Sergeant Cordell Walker, a member of the Texas Rangers, a state-level bureau of investigation, and is about his adventures fighting criminals with his partner James Trivette. The show was a ratings success for most of its run, and lasted 9 seasons and 204 episodes on CBS. Tons of guest stars, with Haley Joel Osment coming off as the biggest and most memed guest in the show. After all, Walker told him he had AIDS.

Due to his commitment to TV schedules, Norris had to slow down on his movie roles. His last theatrical release this decade was *Top Dog*, an action film that partners him with a freaking dog. You can guess how it all went. From that point on, he went the direct-to-DVD route.

Movie-wise, a poor decade. But given that he had a stable job for 9 years on TV, it's not a bad gig.

#**21st Century: He was bitten by a king cobra and after five days of agonizing pain, the cobra died**

Around the time *Walker* ended, Norris starred as a secret agent in the CBS television films *The President's Man* and *The President's Man: A Line in the Sand* in 2000 and 2002, respectively. 

Perhaps the one big role he had in this period was not in a starring role. He had a cameo in *Dodgeball: A True Underdog Story*, playing himself as a judge in the movie's climax. 

In 2005, Norris founded the World Combat League (WCL), a full-contact, team-based martial arts competition, of which part of the proceeds are given to his Kickstart Kids program. That same year, he starred in the television film *Walker, Texas Ranger: Trial by Fire*. 

Now it's around this point where something comes up in the Internet.

In early 2005 (though jokes surrounding Norris's toughness and strength are claimed to have existed since the 80s), ""Chuck Norris facts"" starting showing up in Something Awful forums, which are satirical factoids about Norris. Since then, they have become widespread in popular culture. The ""facts"" are normally absurd hyperbolic claims about Norris's toughness, attitude, virility, sophistication, and masculinity. These were inspired by Conan O'Brien's jokes about Norris and the stupidity of *Walker*. The exaggerated style of these claims is similar to a recurring *Saturday Night Live* sketch called ""Bill Brasky"".

Norris wrote his own response to the parody on his website, stating that he did not feel offended by them and found some of them funny, claiming that his personal favorite was that they wanted to add his face to Mount Rushmore, but the granite is not hard enough for his beard. Nevertheless, he said he tried not to take any of them seriously, and he hoped that such statements would interest people in real facts about him contained in his literary works.

At first it was mostly college students exchanging them, but they later became extremely widespread. From that point on, Norris started to tour with the Chuck Norris facts, appearing on major talk shows and visiting troops in Iraq for morale boosting appearances.

After a lengthy break from notable titles, he had his biggest project in a long time: *The Expendables 2*. He had a supporting role as Booker, whose name is an homage to his film *Good Guys Wear Black*. The film even uses the known Chuck Norris facts. In one scene Booker saves Barney Ross's team in a firefight. After introductions all around, Ross says to Booker, ""I heard another rumor. That you were bitten by a king cobra."" ""Yeah, I was"", Booker replies, adding, ""But after five days of agonizing pain, the cobra died."" It became his highest grossing film of all time with over $300 million worldwide.

In 2020, he returned to TV with his last ever appearance: a guest role in the penultimate episode of *Hawaii Five-0*.

He shot his last ever film, *Zombie Plane*, co-starring alongside Vanilla Ice, Sophie Monk and Ice-T. It's set for theatrical release at some point in the future.

#**The End**

In March 2026, Norris was hospitalized in Hawaii after experiencing a medical emergency. He died on March 19, at the age of 86. His family announced his death the following day, and opted to keep his cause of death private.

#**HIGHEST GROSSING FILMS**

No. | Movie | Year | Studio | Domestic Total | Overseas Total | Worldwide Total | Budget |
----------|----------|:--------:|----------|:--------:|:--------:|:--------:|:--------:
1 | *The Expendables 2* | 2012 | Lionsgate | $85,028,192 | $229,947,763 | $314,975,955 | $100M
2 | *The Way of the Dragon* | 1972 | Golden Harvest | $85,000,000 | $45,000,000 | $130,000,000 | $130K
3 | *Invasion U.S.A.* | 1985 | Cannon | $17,536,256 | $24,000,000 | $41,536,256 | $12M
4 | *Missing in Action* | 1984 | Metro Goldwyn Mayer | $22,812,411 | $0 | $22,812,411 | $2.1M
5 | *Code of Silence* | 1985 | Orion | $20,345,361 | $0 | $20,345,361 | $7M
6 | *A Force of One* | 1979 | ACP | $20,200,000 | $0 | $20,200,000 | $2.5M
7 | *The Octagon* | 1980 | ACP | $18,971,000 | $0 | $18,971,000 | $4M
8 | *Good Guys Wear Black* | 1978 | ACP | $18,300,000 | $0 | $18,300,000 | $1M
9 | *The Delta Force* | 1986 | Cannon | $17,768,900 | $0 | $17,768,900 | $9M
10 | *Sidekicks* | 1993 | Triumph | $17,180,393 | $0 | $17,180,393 | $8M
11 | *Lone Wolf McQuade* | 1983 | Orion | $12,232,628 | $0 | $12,232,628 | $5M
12 | *Breaker! Breaker!* | 1977 | AIP | $12,000,000 | $0 | $12,000,000 | $250K
13 | *Firewalker* | 1987 | Cannon | $11,949,484 | $0 | $11,949,484 | N/A
14 | *Missing in Action 2: The Beginning* | 1985 | Metro Goldwyn Mayer | $10,755,447 | $0 | $10,755,447 | $2.4M
15 | *Silent Rage* | 1982 | Columbia | $10,490,791 | $0 | $10,490,791 | N/A
16 | *An Eye for an Eye* | 1981 | Embassy | $7,496,681 | $0 | $7,496,681 | $4M
17 | *Delta Force 2: The Colombian Connection* | 1990 | Metro Goldwyn Mayer | $6,698,361 | $0 | $6,698,361 | $16M
18 | *Forced Vengeance* | 1982 | Metro Goldwyn Mayer | $6,660,333 | $0 | $6,660,333 | $5M
19 | *Braddock: Missing in Action III* | 1988 | Cannon | $6,193,901 | $0 | $6,193,901 | $9M
20 | *Hero and the Terror* | 1988 | Cannon | $5,301,200 | $0 | $5,301,200 | N/A
21 | *Top Dog* | 1995 | Artisan | $5,093,707 | $0 | $5,093,707 | $6M
22 | *The Hitman* | 1991 | Cannon | $4,654,288 | $0 | $4,654,288 | N/A

He has starred in 30 released films, but only 22 have reported box office numbers. Across those 30 films, he has made $724,084,147 worldwide. That's $24,136,138 per film.

#**ADJUSTED DOMESTIC GROSSES**

No. | Movie | Year | Studio | Domestic Total | Adjusted Domestic Total |
----------|----------|:--------:|----------|:--------:|:--------:|
1 | *The Way of the Dragon* | 1972 | Golden Harvest | $85,000,000 | $569,332,758
2 | *The Expendables 2* | 2012 | Lionsgate | $85,028,192 | $122,291,585
3 | *Good Guys Wear Black* | 1978 | ACP | $18,300,000 | $92,682,483
4 | *A Force of One* | 1979 | ACP | $20,200,000 | $91,877,446
5 | *The Octagon* | 1980 | ACP | $18,971,000 | $76,025,131
6 | *Missing in Action* | 1984 | Metro Goldwyn Mayer | $22,812,411 | $72,501,969
7 | *Breaker! Breaker!* | 1977 | AIP | $12,000,000 | $65,388,712
8 | *Code of Silence* | 1985 | Orion | $20,345,361 | $62,437,757
9 | *Invasion U.S.A.* | 1985 | Cannon | $17,536,256 | $53,816,911
10 | *The Delta Force* | 1986 | Cannon | $17,768,900 | $53,535,782
11 | *Lone Wolf McQuade* | 1983 | Orion | $12,232,628 | $40,555,951
12 | *Sidekicks* | 1993 | Triumph | $17,180,393 | $39,260,824
13 | *Silent Rage* | 1982 | Columbia | $10,490,791 | $35,898,399
14 | *Firewalker* | 1987 | Cannon | $11,949,484 | $34,734,814
15 | *Missing in Action 2: The Beginning* | 1985 | Metro Goldwyn Mayer | $10,755,447 | $33,007,327
16 | *An Eye for an Eye* | 1981 | Embassy | $7,496,681 | $27,233,240
17 | *Forced Vengeance* | 1982 | Metro Goldwyn Mayer | $6,660,333 | $22,790,969
18 | *Braddock: Missing in Action III* | 1988 | Cannon | $6,193,901 | $17,289,151
19 | *Delta Force 2: The Colombian Connection* | 1990 | Metro Goldwyn Mayer | $6,698,361 | $16,923,380
20 | *Hero and the Terror* | 1988 | Cannon | $5,301,200 | $14,797,338
21 | *The Hitman* | 1991 | Cannon | $4,654,288 | $11,284,187
22 | *Top Dog* | 1995 | Artisan | $5,093,707 | $11,036,799

#**The Verdict**

A career that is not exactly what one might think of.

He won numerous martial arts championships and later founded his own discipline, Chun Kuk Do. Then he becomes a martial arts instructor for celebrities, and in a matter of luck, Bruce Lee notices him and decides to give him his big break by giving him an iconic role in *The Way of the Dragon*. Hell, even Steve fucking McQueen saw potential in him and got him to start acting classes in MGM. 

From that point on, Norris had a bunch of action titles. Some hit it big, others not so much. But when you're under contract for Cannon Films, that limits the potential for improvement. Despite a great initial run, the duds began to take a toll, and it was clear that he wasn't exactly a blockbuster-type star. Perhaps that's what influenced his decision to star in *Walker, Texas Ranger*.

The ""Chuck Norris facts"" are funny, but also a bit weird. Given how often they're used, you'd think Norris was a big movie star like Sylvester Stallone or Arnold Schwarzenegger. But if you look at the gross of his movies, that's not really reflected. Hell, even his two highest grossing films are not really led by him. One is a big ensemble led by a lot of stars with so much more screentime than him, and the other is a Bruce Lee vehicle. Less a Sly or an Arnie... hell, even less than Steven Seagal. That's what makes you wonder why he, of all other action stars, got this meme. 

But I guess there's still an audience for this B-movie types. After all, ain't that Cannon's speciality? So if you want some old-school material, Norris has all that covered for you.

Now, if you want to keep the good memories of Chuck Norris... perhaps you shouldn't google ""Chuck Norris personal views"". How bad is it? Welp, let's just say if you thought he'd have his rematch with Bruce Lee in Heaven... that's not gonna happen, because he's not going up there.

Hope you liked this edition. You can find this and more in the [wiki for this section.](https://www.reddit.com/r/boxoffice/wiki/actors-at-the-box-office)

The next actor will be **Sandra Bullock**. One of the biggest draws nowadays.

I asked you to choose who else should be in the run, and the comment with the most upvotes would be chosen. Well, we'll later talk about... &gt;!Reese Witherspoon.!&lt; What? Like it's hard?

This is the schedule for the following four:

Week | Actor | Reasoning
:-------:|:--------:|----------
May 2 | Sandra Bullock | It's been a while since we saw her.
May 9 | George C. Scott | Who needs an Oscar anyway?
May 16 | Chevy Chase | He was streets behind.
May 23 | Reese Witherspoon | An inconsistent career.

Who should be next after Witherspoon? That's up to you. 

#**REMINDER: If you want to make a suggestion for the next actor, you must make a 150-character comment about the actor we're discussing right now. Failure to do so will result in ignoring the suggestion. If you use a quote from an external source/review to bypass this, your suggestion will be ignored as well. But if you leave a short comment about the post without naming a future write-up, that's fine.**",0.9971,
1svgk8y,boxoffice,In China Michael falls flat on Saturday with just $1.91M/$3.47M. Below Bohemian Rapsody's $2.57M 1st Saturday. Opening weekend now projected at $4.7-4.8M. Total projections drop to $8-10M. Project Hail Mary in 4th adds $0.22M(-50%)/$37.87M. The Devil Wears Prada 2 opening day pre-sales hit $178k,"

#**Daily Box Office (April 25th 2026)**

The market hits ¥46.5M/$6.80M. Up +84% from yesterday and down -21% from last week.

---

**Province map of the day:** 

https://i.imgur.com/PCAJ1f7.png

Michael is denied a cleen sweep on Saturday.

**In Metropolitan cities:** 

Michael wins Guangzhou, Shanghai, Chongqing, Beijing, Wuhan, Chengdu, Nanjing, Shenzhen, Hangzhou and Suzhou 


**City tiers:**

Project Hail Mary climbs to 2nd in T1 and 3rd in T2.

**Tier 1**: Michael&gt;Project Hail Mary&gt;Dear You

**Tier 2**: Michael&gt;It's OK&gt;Project Hail Mary

**Tier 3**: Michael&gt;The Caged Butterfly&gt;It's OK

**Tier 4**: Michael&gt;The Caged Butterfly&gt;It's OK

---

|# | Movie |Gross|%YD| %LW|Screenings|Admisions(Today)|Total Gross|Projected Total Gross|
:----------- |:-----------|:-----------:|:-----------:|:-----------:|:-----------:|:--------:|:-----------:|:-----------:| 
1|**Michael**              |$1.91M  |+31% |      |83935 |0.29M |$3.47M   |$8M-$10M 
2|It's OK                  |$0.75M  |+93% |-41%  |55900 |0.15M |$26.11M  |$27M-$32M
3|The Caged Butterfly      |$0.70M  |+126%|-23%  |41072 |0.14M |$12.59M  |$13M-$16M
4|Project Hail Mary        |$0.60M  |+174%|-41%  |20785 |0.10M |$38.47M  |$39M-$42M    
5|Super Mario Galaxy Movie |$0.56M  |+367%|-41%  |32891 |0.10M |$18.11M  |$20M-$22M
6|Dear You(Pre-Scr)        |$0.36M  |+80% |      |5819  |0.07M |$0.56M   | 
7|Pegasus 3                |$0.31M  |+139%|-32%  |17893 |0.05M |$639.37M |$639M-$640M 
8|Hoppers                  |$0.25M  |+400%|-36%  |14137 |0.05M |$24.07M  |$24M-$25M 
9|Now I Met Her            |$0.22M  |+70% |-51%  |21396 |0.04M |$10.65M  |$11M-$12M  
10|**Nobody But You 2**    |$0.18M  |+30% |-87%  |28978 |0.03M |$3.30M   |$3M-$4M    
11|**Organ Child**         |$0.10M  |+25% |-79%  |12928 |0.02M |$1.45M   |$1M-$2M 

New releases marked in **bold**

---


**Pre-Sales map for tomorrow**

https://i.imgur.com/IuNuXZI.png

Michael dominates pre-sales for Sunday.

---

**IMAX Screenings distribution**

Michael absolutely dominates the IMAX screenings and will continue to do so tomorrow.


||Movie|IMAX Screeninsgs Today|IMAX Screeninsgs Tomorrow|Change|
:----------- |:-----------:|:-----------:|:-----------:|:-----------:|:-----------:|:-----------:|:-----------:|
1|Michael                             |3731   |3776 |+45
1|Project Hail Mary                   |257    |221  |-36
2|Super Mario Galaxy                  |23     |26   |+3

---


###**Michael**

Michael grossed ¥13M/$1.91M on Saturday. A pretty dissapointing jump from Saturday. Significantly below Bohemian Rhapsody's ¥17.3M/$2.57M first Saturday.

Opening weekend projections further downgraded to $4.7-4.8M. Total projections down to $8-10M

**Michael vs Bohemian Rhapsody:**

https://i.imgur.com/QLpjIOB.png

**Screen Distribution Split:** Regular: $2.17M    , IMAX: $0.97M   , Rest: $0.29M 

**WoM figures:**

Maoyan: 9.6 , Taopiaopiao: 9.5 , Douban: 

|#|FRI|SAT|SUN|MON|TUE|WED|THU|Total|
|:-----------:|:-----------:|:-----------:|:-----------:|:-----------:|:-----------:|:-----------:|:-----------:|:-----------:|:-----------:|							
|First  Week |$1.56M|$1.91M| | | | | |$3.47M
		
	
**Scheduled showings update for Michael for the next few days:**

|Day |  Number of Showings |Presales|Projection
:----------- |:-----------:|:-----------:|:-----------:|
Today|85521|$567k|$1.80M-$1.91M
Sunday|78197|$332k|$1.27M-$1.33M
Monday|39880|$13k|$0.31M-$0.46M

---


###**Super Mario Galaxy Movie**

Mario Galaxy grossed ¥3.85M/$0.56M on its 4rd Saturday. 

Above the first movies ¥2.38M/$0.34M 4th Saturday for the first time in a while. Also above the 4th Saturday of Hoppers at ¥3.15/$0.46M

4th weekend projections slightly upgraded to $1.1-1.2M(-43%)

**Super Mario Galaxy vs Super Mario Bros:**

https://i.imgur.com/jWZ4F9A.png

**Screen Distribution Split:** Regular: $16.86M    , IMAX: $0.70M   , Rest: $0.48M 

**WoM figures:**

Maoyan: 9.3 , Taopiaopiao: 9.3 , Douban: 7.0

|#|FRI|SAT|SUN|MON|TUE|WED|THU|Total|
|:-----------:|:-----------:|:-----------:|:-----------:|:-----------:|:-----------:|:-----------:|:-----------:|:-----------:|:-----------:|							
|Third  Week |$0.24M|$0.95M|$0.83M|$0.08M|$0.06M|$0.06M|$0.06M|$17.43M
|Fourth  Week |$0.12M|$0.56M| | | | | |$18.11M
|%± LW|-50%|-41%| | | | | | |			
	
**Scheduled showings update for Super Mario Galaxy Movie for the next few days:**

|Day |  Number of Showings |Presales|Projection
:----------- |:-----------:|:-----------:|:-----------:|
Today|32460|$77k|$0.51M-$0.55M
Sunday|33538|$70k|$0.45M-$0.53M
Monday|11035|$1k|$0.06M-$0.07M

---

###**Project Hail Mary**

Project Hail Mary in 4th grossed ¥4.10M/$0.60M on Saturday. The loss of the majority of IMAX screenings continues to affect it.

6th weekend projections downgraded to $1.2-1.3M(-48%)



**Screen Distribution Split:** Regular: $25.08M    , IMAX: $10.95M   , Rest: $2.31M 

**WoM figures:**

Maoyan: 9.2(-0.1)       , Taopiaopiao: 9.2      , Douban: 8.6

|#|FRI|SAT|SUN|MON|TUE|WED|THU|Total|
|:-----------:|:-----------:|:-----------:|:-----------:|:-----------:|:-----------:|:-----------:|:-----------:|:-----------:|:-----------:|								
|Fifth Week |$0.44M|$1.02M|$0.78M|$0.20M|$0.20M|$0.20M|$0.20M|$37.65M
|Sixth  Week |$0.22M|$0.60M| | | | | |$38.47M
|%± LW|-50%|-41%| | | | | | |			

**Scheduled showings update for Project Hail Mary for the next few days:**

|Day |  Number of Showings |Presales|Projection
:----------- |:-----------:|:-----------:|:-----------:|
Today|20581|$147k|$0.55M-$0.85M
Sunday|21287|$88k|$0.39M-$0.44M
Monday|12664|$3k|$0.12M-$0.13M

---

**May/Labor Day:**

The Devil Wears Prada 2 continues its solid pre-sales as opening day pre-sales reach $178k. Up from the $143k Thundebolts sat at last year for its April 30th Labor Day eve release.

Cold War 1944 continues to lead pre-sales for the local lineup lauching on Labor Day itself on May 1st as its opening day pre-sales cross $500k

|Days till release |The Devil Wears Prada 2 |Cold War 1994 |Vanishing Point |Being Towards Death|No one is closer than we
:----------- |:-----------:|:-----------:|:-----------:|:-----------:|:-----------:|:-----------:|:-----------:|  
9|/          |$68k/35764 |$20k/13736 |$12k/15106|/        | 
8|/          |$191k/44903|$137k/19293|$52k/19940|/        |   
7|$8k/2229   |$287k/51261|$189k/23937|$64k/23680|/        |   
6|$58k/25865 |$381k/56830|$228k/28028|$76k/27293|$17k/618 | 
5|$119k/33312|$504k/61504|$287k/31672|$92k/30186|$50k/2502| 
4|$178k/38107|           |           ||| 
3|           |           |           ||| 		
2|           |           |           |||
1|           |           |           ||| 
0|           |           |           |||	
*Gross/Screenings

---


#**Release Schedule:**

A table including upcoming movies in the next month alongside trailers linked in the name of the movie, Want To See data from both Maoyan and Taopiaopiao alongside the Gender split and genre. 

Remember Want To See is not pre-sales. Its just an anticipation metric. A checkbox of sorts saying your interested in an upcoming movie.

Not all movies are included since a lot are just too small to be worth covering. 

---

**May/Labor Day Holidays(30.4-5.5)**

| Movie |Maoyan WTS|Daily Increase| Taopiaopiao WTS|Daily Increase|M/W %|Genre|Release Date|3rd party media projections
:----------- |:-----------:|:-----------:|:-----------:|:-----------:|:-----------:|:-----------:|:-----------:|:-----------:|
[Devil Wears Prada 2](https://vod.pipi.cn/fec9203cvodtransbj1251246104/0a6e64625145403721118746297/v.f42905.mp4) |166k|+3k|277k|+3k|26/74|Drama/Comedy|30.04|$9-41M
[Cold War 1944](https://vod.pipi.cn/fec9203cvodtransbj1251246104/0a6e64625145403721118746297/v.f42905.mp4) |72k|+1k|93k|+1k|75/25|Drama/Action/Crime|01.05|$60-88M
[Vanishing Point](https://vod.pipi.cn/fec9203cvodtransbj1251246104/0a6e64625145403721118746297/v.f42905.mp4) |72k|+2k|32k|+1k|33/67|Thriller/Crime|01.05|$21-36M
[Being Toward Death](https://vod.pipi.cn/fec9203cvodtransbj1251246104/7978f4ba5145403722772255413/v.f42905.mp4) |22k|+1k|11k|+1k|38/62|Drama|01.05|
[Once a Thief](https://vod.pipi.cn/fec9203cvodtransbj1251246104/7978f4ba5145403722772255413/v.f42905.mp4) |29k|+1k|22k|+1k|47/53|Drama/Comedy/Action|03.05|

**May**

| Movie |Maoyan WTS|Daily Increase| Taopiaopiao WTS|Daily Increase|M/W %|Genre|Release Date|3rd party media projections
:----------- |:-----------:|:-----------:|:-----------:|:-----------:|:-----------:|:-----------:|:-----------:|:-----------:|
[Mortal Kombat II](https://vod.pipi.cn/fec9203cvodtransbj1251246104/33b8b9245145403722890582563/v.f42905.mp4) |24k|+1k|12k|+1k|75/25|Action/Fantasy|08.05|
[Love Battle](https://i.imgur.com/yT3kgKV.jpeg) |34k|+1k|48k|+1k|20/80|Romance/Comedy|20.05|
[Be Yourself](https://vod.pipi.cn/fec9203cvodtransbj1251246104/43e695815145403722808184482/v.f42905.mp4) |18k|+1k|17k|+1k|31/69|Romance/Comedy|20.05|
[Star Wars: Mandalorian &amp; Grogu](https://vod.pipi.cn/fec9203cvodtransbj1251246104/ae3ca3b05145403723990636789/v.f42905.mp4) |8k|+1k|13k|+1k|63/37|Actiiom/Sci-Fi|20.05|$5M
[All The Good Eyes](https://vod.pipi.cn/fec9203cvodtransbj1251246104/0a6e64625145403721118746297/v.f42905.mp4) |20k|+1k|11k|+1k|34/66|Drama/Romance/Crime|23.05|",60,58,1777134093.0,devil wears prada 2,theatrical_release,2026-04-25,"In China Michael falls flat on Saturday with just $1.91M/$3.47M. Below Bohemian Rapsody's $2.57M 1st Saturday. Opening weekend now projected at $4.7-4.8M. Total projections drop to $8-10M. Project Hail Mary in 4th adds $0.22M(-50%)/$37.87M. The Devil Wears Prada 2 opening day pre-sales hit $178k 

#**Daily Box Office (April 25th 2026)**

The market hits ¥46.5M/$6.80M. Up +84% from yesterday and down -21% from last week.

---

**Province map of the day:** 

https://i.imgur.com/PCAJ1f7.png

Michael is denied a cleen sweep on Saturday.

**In Metropolitan cities:** 

Michael wins Guangzhou, Shanghai, Chongqing, Beijing, Wuhan, Chengdu, Nanjing, Shenzhen, Hangzhou and Suzhou 


**City tiers:**

Project Hail Mary climbs to 2nd in T1 and 3rd in T2.

**Tier 1**: Michael&gt;Project Hail Mary&gt;Dear You

**Tier 2**: Michael&gt;It's OK&gt;Project Hail Mary

**Tier 3**: Michael&gt;The Caged Butterfly&gt;It's OK

**Tier 4**: Michael&gt;The Caged Butterfly&gt;It's OK

---

|# | Movie |Gross|%YD| %LW|Screenings|Admisions(Today)|Total Gross|Projected Total Gross|
:----------- |:-----------|:-----------:|:-----------:|:-----------:|:-----------:|:--------:|:-----------:|:-----------:| 
1|**Michael**              |$1.91M  |+31% |      |83935 |0.29M |$3.47M   |$8M-$10M 
2|It's OK                  |$0.75M  |+93% |-41%  |55900 |0.15M |$26.11M  |$27M-$32M
3|The Caged Butterfly      |$0.70M  |+126%|-23%  |41072 |0.14M |$12.59M  |$13M-$16M
4|Project Hail Mary        |$0.60M  |+174%|-41%  |20785 |0.10M |$38.47M  |$39M-$42M    
5|Super Mario Galaxy Movie |$0.56M  |+367%|-41%  |32891 |0.10M |$18.11M  |$20M-$22M
6|Dear You(Pre-Scr)        |$0.36M  |+80% |      |5819  |0.07M |$0.56M   | 
7|Pegasus 3                |$0.31M  |+139%|-32%  |17893 |0.05M |$639.37M |$639M-$640M 
8|Hoppers                  |$0.25M  |+400%|-36%  |14137 |0.05M |$24.07M  |$24M-$25M 
9|Now I Met Her            |$0.22M  |+70% |-51%  |21396 |0.04M |$10.65M  |$11M-$12M  
10|**Nobody But You 2**    |$0.18M  |+30% |-87%  |28978 |0.03M |$3.30M   |$3M-$4M    
11|**Organ Child**         |$0.10M  |+25% |-79%  |12928 |0.02M |$1.45M   |$1M-$2M 

New releases marked in **bold**

---


**Pre-Sales map for tomorrow**

https://i.imgur.com/IuNuXZI.png

Michael dominates pre-sales for Sunday.

---

**IMAX Screenings distribution**

Michael absolutely dominates the IMAX screenings and will continue to do so tomorrow.


||Movie|IMAX Screeninsgs Today|IMAX Screeninsgs Tomorrow|Change|
:----------- |:-----------:|:-----------:|:-----------:|:-----------:|:-----------:|:-----------:|:-----------:|
1|Michael                             |3731   |3776 |+45
1|Project Hail Mary                   |257    |221  |-36
2|Super Mario Galaxy                  |23     |26   |+3

---


###**Michael**

Michael grossed ¥13M/$1.91M on Saturday. A pretty dissapointing jump from Saturday. Significantly below Bohemian Rhapsody's ¥17.3M/$2.57M first Saturday.

Opening weekend projections further downgraded to $4.7-4.8M. Total projections down to $8-10M

**Michael vs Bohemian Rhapsody:**

https://i.imgur.com/QLpjIOB.png

**Screen Distribution Split:** Regular: $2.17M    , IMAX: $0.97M   , Rest: $0.29M 

**WoM figures:**

Maoyan: 9.6 , Taopiaopiao: 9.5 , Douban: 

|#|FRI|SAT|SUN|MON|TUE|WED|THU|Total|
|:-----------:|:-----------:|:-----------:|:-----------:|:-----------:|:-----------:|:-----------:|:-----------:|:-----------:|:-----------:|							
|First  Week |$1.56M|$1.91M| | | | | |$3.47M
		
	
**Scheduled showings update for Michael for the next few days:**

|Day |  Number of Showings |Presales|Projection
:----------- |:-----------:|:-----------:|:-----------:|
Today|85521|$567k|$1.80M-$1.91M
Sunday|78197|$332k|$1.27M-$1.33M
Monday|39880|$13k|$0.31M-$0.46M

---


###**Super Mario Galaxy Movie**

Mario Galaxy grossed ¥3.85M/$0.56M on its 4rd Saturday. 

Above the first movies ¥2.38M/$0.34M 4th Saturday for the first time in a while. Also above the 4th Saturday of Hoppers at ¥3.15/$0.46M

4th weekend projections slightly upgraded to $1.1-1.2M(-43%)

**Super Mario Galaxy vs Super Mario Bros:**

https://i.imgur.com/jWZ4F9A.png

**Screen Distribution Split:** Regular: $16.86M    , IMAX: $0.70M   , Rest: $0.48M 

**WoM figures:**

Maoyan: 9.3 , Taopiaopiao: 9.3 , Douban: 7.0

|#|FRI|SAT|SUN|MON|TUE|WED|THU|Total|
|:-----------:|:-----------:|:-----------:|:-----------:|:-----------:|:-----------:|:-----------:|:-----------:|:-----------:|:-----------:|							
|Third  Week |$0.24M|$0.95M|$0.83M|$0.08M|$0.06M|$0.06M|$0.06M|$17.43M
|Fourth  Week |$0.12M|$0.56M| | | | | |$18.11M
|%± LW|-50%|-41%| | | | | | |			
	
**Scheduled showings update for Super Mario Galaxy Movie for the next few days:**

|Day |  Number of Showings |Presales|Projection
:----------- |:-----------:|:-----------:|:-----------:|
Today|32460|$77k|$0.51M-$0.55M
Sunday|33538|$70k|$0.45M-$0.53M
Monday|11035|$1k|$0.06M-$0.07M

---

###**Project Hail Mary**

Project Hail Mary in 4th grossed ¥4.10M/$0.60M on Saturday. The loss of the majority of IMAX screenings continues to affect it.

6th weekend projections downgraded to $1.2-1.3M(-48%)



**Screen Distribution Split:** Regular: $25.08M    , IMAX: $10.95M   , Rest: $2.31M 

**WoM figures:**

Maoyan: 9.2(-0.1)       , Taopiaopiao: 9.2      , Douban: 8.6

|#|FRI|SAT|SUN|MON|TUE|WED|THU|Total|
|:-----------:|:-----------:|:-----------:|:-----------:|:-----------:|:-----------:|:-----------:|:-----------:|:-----------:|:-----------:|								
|Fifth Week |$0.44M|$1.02M|$0.78M|$0.20M|$0.20M|$0.20M|$0.20M|$37.65M
|Sixth  Week |$0.22M|$0.60M| | | | | |$38.47M
|%± LW|-50%|-41%| | | | | | |			

**Scheduled showings update for Project Hail Mary for the next few days:**

|Day |  Number of Showings |Presales|Projection
:----------- |:-----------:|:-----------:|:-----------:|
Today|20581|$147k|$0.55M-$0.85M
Sunday|21287|$88k|$0.39M-$0.44M
Monday|12664|$3k|$0.12M-$0.13M

---

**May/Labor Day:**

The Devil Wears Prada 2 continues its solid pre-sales as opening day pre-sales reach $178k. Up from the $143k Thundebolts sat at last year for its April 30th Labor Day eve release.

Cold War 1944 continues to lead pre-sales for the local lineup lauching on Labor Day itself on May 1st as its opening day pre-sales cross $500k

|Days till release |The Devil Wears Prada 2 |Cold War 1994 |Vanishing Point |Being Towards Death|No one is closer than we
:----------- |:-----------:|:-----------:|:-----------:|:-----------:|:-----------:|:-----------:|:-----------:|  
9|/          |$68k/35764 |$20k/13736 |$12k/15106|/        | 
8|/          |$191k/44903|$137k/19293|$52k/19940|/        |   
7|$8k/2229   |$287k/51261|$189k/23937|$64k/23680|/        |   
6|$58k/25865 |$381k/56830|$228k/28028|$76k/27293|$17k/618 | 
5|$119k/33312|$504k/61504|$287k/31672|$92k/30186|$50k/2502| 
4|$178k/38107|           |           ||| 
3|           |           |           ||| 		
2|           |           |           |||
1|           |           |           ||| 
0|           |           |           |||	
*Gross/Screenings

---


#**Release Schedule:**

A table including upcoming movies in the next month alongside trailers linked in the name of the movie, Want To See data from both Maoyan and Taopiaopiao alongside the Gender split and genre. 

Remember Want To See is not pre-sales. Its just an anticipation metric. A checkbox of sorts saying your interested in an upcoming movie.

Not all movies are included since a lot are just too small to be worth covering. 

---

**May/Labor Day Holidays(30.4-5.5)**

| Movie |Maoyan WTS|Daily Increase| Taopiaopiao WTS|Daily Increase|M/W %|Genre|Release Date|3rd party media projections
:----------- |:-----------:|:-----------:|:-----------:|:-----------:|:-----------:|:-----------:|:-----------:|:-----------:|
[Devil Wears Prada 2](https://vod.pipi.cn/fec9203cvodtransbj1251246104/0a6e64625145403721118746297/v.f42905.mp4) |166k|+3k|277k|+3k|26/74|Drama/Comedy|30.04|$9-41M
[Cold War 1944](https://vod.pipi.cn/fec9203cvodtransbj1251246104/0a6e64625145403721118746297/v.f42905.mp4) |72k|+1k|93k|+1k|75/25|Drama/Action/Crime|01.05|$60-88M
[Vanishing Point](https://vod.pipi.cn/fec9203cvodtransbj1251246104/0a6e64625145403721118746297/v.f42905.mp4) |72k|+2k|32k|+1k|33/67|Thriller/Crime|01.05|$21-36M
[Being Toward Death](https://vod.pipi.cn/fec9203cvodtransbj1251246104/7978f4ba5145403722772255413/v.f42905.mp4) |22k|+1k|11k|+1k|38/62|Drama|01.05|
[Once a Thief](https://vod.pipi.cn/fec9203cvodtransbj1251246104/7978f4ba5145403722772255413/v.f42905.mp4) |29k|+1k|22k|+1k|47/53|Drama/Comedy/Action|03.05|

**May**

| Movie |Maoyan WTS|Daily Increase| Taopiaopiao WTS|Daily Increase|M/W %|Genre|Release Date|3rd party media projections
:----------- |:-----------:|:-----------:|:-----------:|:-----------:|:-----------:|:-----------:|:-----------:|:-----------:|
[Mortal Kombat II](https://vod.pipi.cn/fec9203cvodtransbj1251246104/33b8b9245145403722890582563/v.f42905.mp4) |24k|+1k|12k|+1k|75/25|Action/Fantasy|08.05|
[Love Battle](https://i.imgur.com/yT3kgKV.jpeg) |34k|+1k|48k|+1k|20/80|Romance/Comedy|20.05|
[Be Yourself](https://vod.pipi.cn/fec9203cvodtransbj1251246104/43e695815145403722808184482/v.f42905.mp4) |18k|+1k|17k|+1k|31/69|Romance/Comedy|20.05|
[Star Wars: Mandalorian &amp; Grogu](https://vod.pipi.cn/fec9203cvodtransbj1251246104/ae3ca3b05145403723990636789/v.f42905.mp4) |8k|+1k|13k|+1k|63/37|Actiiom/Sci-Fi|20.05|$5M
[All The Good Eyes](https://vod.pipi.cn/fec9203cvodtransbj1251246104/0a6e64625145403721118746297/v.f42905.mp4) |20k|+1k|11k|+1k|34/66|Drama/Romance/Crime|23.05|",0.9676,
1sv36kd,boxoffice,SK Sunday Update: Local movies continue to shine,"|Movies|Monday-Monday Drop|Tuesday-Tuesday Drop|Wednesday-Wednesday Drop|Thursday-Thursday Drop|Friday-Friday Drop|Saturday-Saturday Drop|Sunday-Sunday Drop|Week-Week Drop|
|:-|:-|:-|:-|:-|:-|:-|:-|:-|
|Salmokji|37%|39%|37%|17%|13%||||
|Project Hail Mary|33%|30%|18%|21%|21%||||
|The Man Who Lives With the King|40%|43%|47%|42%|39%||||

**Goat**: The movie won't even cross 30k admits as the movie is now making less daily than Hoppers, and that is just embarrassing.

**Salmokji:** The movie is now north of 1.7 million admits as the movie has a very realistic chance to cross 2 million admits on Sunday, as the movie is still having insane holds, as a drop of under 20% is incredibly likely.

**Project Hail Mary:** The movie is still on pace to cross 2.4 million admits tomorrow as the movie is still aiming for 2.7 million admits finish

**The Man Who Lives With the King:** A slightly better drop as the movie is looking to cross 16.7 million admits on Sunday, as the movie should finish around 16.8 million admits.

**Presales**

**Super Mario Galaxy:** Another solid day, as two comps have gone up again, as the movie is making a very legit argument that it could touch 150k admits opening day.

|Days before Release|Moana 2|Bad Guys 2|Zootopia 2|Mario Super Galaxy|
|:-|:-|:-|:-|:-|
|T-7|42,238|8,916|73,487|35,433|
|T-6|51,863|9,549|94,120|45,760|
|T-5|64,147|14,312|113,186|58,225|
|T-4|79,655|7,449|141,029||
|T-3|105,249|11,440|182,918||
|T-2|150,351|18,765|258,224||
|T-1|224,262|34,944|370,645||
|Comp|178,613|168,873|159,041||

**Devil Wears Prada 2**: Presales continue to be pretty steady, as an opening day above 160k is definitely possible, but the movie needs to reach 200k presales tickets for that to be a lock.

|Days before Release|Sinners|F1|Thunderbolts|Devil Wears Prada 2|
|:-|:-|:-|:-|:-|
|T-7|2,533|44,401|16,408|61,582|
|T-6|2,792|48,155|42,913|71,251|
|T-5|3,335|53,728|49,950|83,372|
|T-4|4,099|58,456|56,852||
|T-3|5,284|66,092|66,550||
|T-2|7,456|81,072|83,980||
|T-1|9,927|103,859|107,377||
|Comp|261,956|128,673|167,176||",27,2,1777094520.0,devil wears prada 2,theatrical_release,2026-04-25,"SK Sunday Update: Local movies continue to shine |Movies|Monday-Monday Drop|Tuesday-Tuesday Drop|Wednesday-Wednesday Drop|Thursday-Thursday Drop|Friday-Friday Drop|Saturday-Saturday Drop|Sunday-Sunday Drop|Week-Week Drop|
|:-|:-|:-|:-|:-|:-|:-|:-|:-|
|Salmokji|37%|39%|37%|17%|13%||||
|Project Hail Mary|33%|30%|18%|21%|21%||||
|The Man Who Lives With the King|40%|43%|47%|42%|39%||||

**Goat**: The movie won't even cross 30k admits as the movie is now making less daily than Hoppers, and that is just embarrassing.

**Salmokji:** The movie is now north of 1.7 million admits as the movie has a very realistic chance to cross 2 million admits on Sunday, as the movie is still having insane holds, as a drop of under 20% is incredibly likely.

**Project Hail Mary:** The movie is still on pace to cross 2.4 million admits tomorrow as the movie is still aiming for 2.7 million admits finish

**The Man Who Lives With the King:** A slightly better drop as the movie is looking to cross 16.7 million admits on Sunday, as the movie should finish around 16.8 million admits.

**Presales**

**Super Mario Galaxy:** Another solid day, as two comps have gone up again, as the movie is making a very legit argument that it could touch 150k admits opening day.

|Days before Release|Moana 2|Bad Guys 2|Zootopia 2|Mario Super Galaxy|
|:-|:-|:-|:-|:-|
|T-7|42,238|8,916|73,487|35,433|
|T-6|51,863|9,549|94,120|45,760|
|T-5|64,147|14,312|113,186|58,225|
|T-4|79,655|7,449|141,029||
|T-3|105,249|11,440|182,918||
|T-2|150,351|18,765|258,224||
|T-1|224,262|34,944|370,645||
|Comp|178,613|168,873|159,041||

**Devil Wears Prada 2**: Presales continue to be pretty steady, as an opening day above 160k is definitely possible, but the movie needs to reach 200k presales tickets for that to be a lock.

|Days before Release|Sinners|F1|Thunderbolts|Devil Wears Prada 2|
|:-|:-|:-|:-|:-|
|T-7|2,533|44,401|16,408|61,582|
|T-6|2,792|48,155|42,913|71,251|
|T-5|3,335|53,728|49,950|83,372|
|T-4|4,099|58,456|56,852||
|T-3|5,284|66,092|66,550||
|T-2|7,456|81,072|83,980||
|T-1|9,927|103,859|107,377||
|Comp|261,956|128,673|167,176||",0.8491,
1suntu0,boxoffice,Predicting the WW Box Office Gross of 2026s remaining major releases,"Michael - 700m-800m

Early opening tracking is looking fantastic, and audience WOM is pointing is the exact right direction it needs to be for the king.

Devil Wears Prada 2 - 600-650m

Early tracking is looking fantastic, and we always have to learn each year to never underestimate female driven blockbusters (Barbie, Wicked, etc)

Mortal Kombat 2 - 250-300m

Early tracking is looking good, However I believe it will be extremely frontloaded

Mandalorian and Grogu - 500-550m

Early tracking is mixed positive, and I think it'll have good enough reception to have decent staying power. Not a major win, but a good sign for this franchise's brand recovery.

Masters of the Universe - 150-200m

Huge flop on the way.

Toy Story 5 - 1.3-1.4b

Huge hit incoming. I'm already seeing major levels of anticipation for this outing, and this decade has taught us that Disney sequels always over-perform

Supergirl - 300-350m

Yeah I'm not seeing a lot of potental for this outing.

Minions and Monsters - 850-900m

Going to be in line with all the other Despicable Me/Minions franchise.

Moana -  700m-750m

Will make decent levels of buisness, however I believe there will be a ""Its too soon"" factor that will end up hurting it.

The Odyssey - 900-1b

Its Nolan, never put any doubt into the king

Spider-Man Brand New Day - 1.5-1.6b

Spider-Man is the king of comics and has never been more popular than he has been this decade.

Forgotten Island - 100-150m

Yeah I'm not seeing the lots of potential for this one.

Hunger Games: Sunrise on the Reaping - 500-550m

Hunger Games has seen quite the resurgence since Songbirds and Snakes release. I believe an increase for this one is due.

Hexed - 200-400m

Largest range of the bunch. Could be a decent original hit, or it could be another Wish.

Avengers Doomsday - 1.7-1.8b

It's an Avengers movie so of course it's going to make absolute bank. How much tho is dependent on WOM.

Dune Part 3 - 750m - 850m

In Villenuve we trust, and I believe the Dunesday aspect is going to assist this film drastically as opposed to hurting it.

Jumanji Open World - 450-500m

An unfortunate casualty of the Dunesday phenomonan

Overall WW Top 10 Predictions

1: Avengers Doomsday - 1.7-1.8b

2: Spider-Man Brand New Day - 1.5-1.6b

3: Toy Story 5 - 1.3-1.4b

4: The Super Mario Galaxy Movie - 1.03-1.05b

5: The Odyssey - 900-1b

6: Minions and Monsters - 850-900m

5: Dune Part 3 - 750-850m

6: Michael -  700-800m

7: Moana - 700-750m

8: Project Hail Mary - 700-720m

9: The Devil Wears Prada 2 - 600-650m

10: Hunger Games/Mando - 500-550m",35,51,1777054947.0,devil wears prada 2,theatrical_release,2026-04-24,"Predicting the WW Box Office Gross of 2026s remaining major releases Michael - 700m-800m

Early opening tracking is looking fantastic, and audience WOM is pointing is the exact right direction it needs to be for the king.

Devil Wears Prada 2 - 600-650m

Early tracking is looking fantastic, and we always have to learn each year to never underestimate female driven blockbusters (Barbie, Wicked, etc)

Mortal Kombat 2 - 250-300m

Early tracking is looking good, However I believe it will be extremely frontloaded

Mandalorian and Grogu - 500-550m

Early tracking is mixed positive, and I think it'll have good enough reception to have decent staying power. Not a major win, but a good sign for this franchise's brand recovery.

Masters of the Universe - 150-200m

Huge flop on the way.

Toy Story 5 - 1.3-1.4b

Huge hit incoming. I'm already seeing major levels of anticipation for this outing, and this decade has taught us that Disney sequels always over-perform

Supergirl - 300-350m

Yeah I'm not seeing a lot of potental for this outing.

Minions and Monsters - 850-900m

Going to be in line with all the other Despicable Me/Minions franchise.

Moana -  700m-750m

Will make decent levels of buisness, however I believe there will be a ""Its too soon"" factor that will end up hurting it.

The Odyssey - 900-1b

Its Nolan, never put any doubt into the king

Spider-Man Brand New Day - 1.5-1.6b

Spider-Man is the king of comics and has never been more popular than he has been this decade.

Forgotten Island - 100-150m

Yeah I'm not seeing the lots of potential for this one.

Hunger Games: Sunrise on the Reaping - 500-550m

Hunger Games has seen quite the resurgence since Songbirds and Snakes release. I believe an increase for this one is due.

Hexed - 200-400m

Largest range of the bunch. Could be a decent original hit, or it could be another Wish.

Avengers Doomsday - 1.7-1.8b

It's an Avengers movie so of course it's going to make absolute bank. How much tho is dependent on WOM.

Dune Part 3 - 750m - 850m

In Villenuve we trust, and I believe the Dunesday aspect is going to assist this film drastically as opposed to hurting it.

Jumanji Open World - 450-500m

An unfortunate casualty of the Dunesday phenomonan

Overall WW Top 10 Predictions

1: Avengers Doomsday - 1.7-1.8b

2: Spider-Man Brand New Day - 1.5-1.6b

3: Toy Story 5 - 1.3-1.4b

4: The Super Mario Galaxy Movie - 1.03-1.05b

5: The Odyssey - 900-1b

6: Minions and Monsters - 850-900m

5: Dune Part 3 - 750-850m

6: Michael -  700-800m

7: Moana - 700-750m

8: Project Hail Mary - 700-720m

9: The Devil Wears Prada 2 - 600-650m

10: Hunger Games/Mando - 500-550m",-0.8913,
1sunrvj,boxoffice,"Box Office Tracking &amp; Forecasts: MICHAEL Still on Target for $74-95M Bow; Updates on DEVIL WEARS PRADA 2, MORTAL KOMBAT II, and STAR WARS: THE MANDALORIAN &amp; GROGU",,67,53,1777054830.0,devil wears prada 2,theatrical_release,2026-04-24,"Box Office Tracking &amp; Forecasts: MICHAEL Still on Target for $74-95M Bow; Updates on DEVIL WEARS PRADA 2, MORTAL KOMBAT II, and STAR WARS: THE MANDALORIAN &amp; GROGU",-0.8877,
1sunbln,boxoffice,In China Michael opens below projections with ¥10.6M/$1.56M including midnight screenings. Below Bohemian Rhapsody's ¥12.6M opening. Opening weekend now projected at $4.7-5M. Total projections drop to $8-11M. Project Hail Mary in 4th adds $0.22M(-50%)/$37.87M. Projected a $1.2-1.6M(-38%) 4th weekend,"#**Daily Box Office (April 24th 2026)**

The market hits ¥25M/$3.65M. Up +91% from yesterday and up +15% from last week.

Should be 6th weekend for **PHM** in the title instead of 4th.

---

**Province map of the day:** 

https://i.imgur.com/Eql45H5.png

Michael dominates on its opening day.

**In Metropolitan cities:** 

Michael wins Guangzhou, Shanghai, Chongqing, Beijing, Wuhan, Chengdu, Nanjing, Shenzhen, Hangzhou and Suzhou 


**City tiers:**

Michael tops every tier on its opening day.

**Tier 1**: Michael&gt;Dear You&gt;Project Hail Mary

**Tier 2**: Michael&gt;It's OK&gt;The Caged Butterfly

**Tier 3**: Michael&gt;The Caged Butterfly&gt;It's OK

**Tier 4**: Michael&gt;The Caged Butterfly&gt;It's OK

---

|# | Movie |Gross|%YD| %LW|Screenings|Admisions(Today)|Total Gross|Projected Total Gross|
:----------- |:-----------|:-----------:|:-----------:|:-----------:|:-----------:|:--------:|:-----------:|:-----------:| 
1|**Michael**              |$1.56M  |     |      |79749 |0.23M |$1.56M   |$8M-$11M 
2|It's OK                  |$0.39M  |+12% |-43%  |53979 |0.08M |$25.36M  |$27M-$31M
3|The Caged Butterfly      |$0.31M  |+30% |-20%  |37725 |0.06M |$11.89M  |$13M-$15M
4|Project Hail Mary        |$0.22M  |+10% |-50%  |18530 |0.04M |$37.87M  |$39M-$42M    
5|Dear You(Pre-Scr)        |$0.20M  |     |      |5147  |0.04M |$0.56M   | 
6|**Nobody But You 2**     |$0.14M  |-17% |      |32627 |0.03M |$3.12M   |$3M-$4M    
7|Pegasus 3                |$0.13M  |+8%  |-48%  |17059 |0.02M |$639.06M |$639M-$640M 
8|Now I Met Her            |$0.13M  |+11% |-52%  |23297 |0.03M |$10.43M  |$11M-$12M  
9|Super Mario Galaxy Movie |$0.12M  |+100%|-50%  |20319 |0.02M |$17.55M  |$19M-$222M
10|**Organ Child**         |$0.08M  |-15% |      |15362 |0.01M |$1.35M   |$1M-$2M 

New releases marked in **bold**

---


**Pre-Sales map for tomorrow**

https://i.imgur.com/Eql45H5.png

Michael dominates pre-sales for Saturday.

---

**IMAX Screenings distribution**

And just like that Project Hail Mary and Mario will lose the vast majority of IMAX screenings tomorrow which will go to Michael which already had a decent ammount for its Midnight screenings today. 


||Movie|IMAX Screeninsgs Today|IMAX Screeninsgs Tomorrow|Change|
:----------- |:-----------:|:-----------:|:-----------:|:-----------:|:-----------:|:-----------:|:-----------:|
1|Project Hail Mary                   |83     |249  |+166
2|Michael                             |373    |3601 |+3228
2|Super Mario Galaxy                  |9      |24   |+15

---


###**Michael**

Michael opened with a rather dissapointing ¥10.6M/$1.56M. Below Bohemian Rhapsody's ¥12.6M opening.

Opening weekend projections massively downgraded to $4.7-5M. Total projections down to $8-11M


**Screen Distribution Split:** Regular: $0.92M    , IMAX: $0.48M   , Rest: $0.12M 

**WoM figures:**

Michael opens with great scores on both Maoyan and Taopiao. 

Maoyan: 9.6 , Taopiaopiao: 9.5 , Douban: 

|#|FRI|SAT|SUN|MON|TUE|WED|THU|Total|
|:-----------:|:-----------:|:-----------:|:-----------:|:-----------:|:-----------:|:-----------:|:-----------:|:-----------:|:-----------:|							
|First  Week |$1.56M| | | | | | |$1.56M
		
	
**Scheduled showings update for Michael for the next few days:**

|Day |  Number of Showings |Presales|Projection
:----------- |:-----------:|:-----------:|:-----------:|
Today|79749|$665k|$1.70M-$2.10M
Saturday|85521|$567k|$1.80M-$1.91M
Sunday|69679|$147k|$1.33M-$1.48M

---


###**Super Mario Galaxy Movie**

Mario Galaxy grossed ¥0.79M/$0.12M on its 4rd Friday. 

Below the first movies ¥0.89M/$0.13M 4th Friday but slightly above the 4th Friday of Hoppers at ¥0.66/$0.09M

4th weekend projections slightly upgraded to $1.0-1.2M(-46%)

**Super Mario Galaxy vs Super Mario Bros:**

https://i.imgur.com/UQpTQ2m.png

**Screen Distribution Split:** Regular: $16.31M    , IMAX: $0.69M   , Rest: $0.48M 

**WoM figures:**

Maoyan: 9.3 , Taopiaopiao: 9.3 , Douban: 7.0

|#|FRI|SAT|SUN|MON|TUE|WED|THU|Total|
|:-----------:|:-----------:|:-----------:|:-----------:|:-----------:|:-----------:|:-----------:|:-----------:|:-----------:|:-----------:|							
|Third  Week |$0.24M|$0.95M|$0.83M|$0.08M|$0.06M|$0.06M|$0.06M|$17.43M
|Fourth  Week |$0.12M| | | | | | |$17.55M
|%± LW|-50%| | | | | | | |			
	
**Scheduled showings update for Super Mario Galaxy Movie for the next few days:**

|Day |  Number of Showings |Presales|Projection
:----------- |:-----------:|:-----------:|:-----------:|
Today|20324|$16k|$0.10M-$0.12M
Saturday|32460|$77k|$0.51M-$0.55M
Sunday|25585|$15k|$0.45M-$0.53M

---

###**Project Hail Mary**

Project Hail Mary in 4th grossed ¥1.50M/$0.22M on Friday. The loss of the majority of IMAX screenings definitely affecting it.

6th weekend projections slightly raised to $1.2-1.6M(-38%)



**Screen Distribution Split:** Regular: $24.55M    , IMAX: $10.90M   , Rest: $2.30M 

**WoM figures:**

Maoyan: 9.3       , Taopiaopiao: 9.2      , Douban: 8.6

|#|FRI|SAT|SUN|MON|TUE|WED|THU|Total|
|:-----------:|:-----------:|:-----------:|:-----------:|:-----------:|:-----------:|:-----------:|:-----------:|:-----------:|:-----------:|								
|Fifth Week |$0.44M|$1.02M|$0.78M|$0.20M|$0.20M|$0.20M|$0.20M|$37.65M
|Sixth  Week |$0.22M| | | | | | |$37.87M
|%± LW|-50%| | | | | | | |			

**Scheduled showings update for Project Hail Mary for the next few days:**

|Day |  Number of Showings |Presales|Projection
:----------- |:-----------:|:-----------:|:-----------:|
Today|18655|$32k|$0.23M-$0.24M
Saturday|20581|$147k|$0.55M-$0.85M
Sunday|17240|$31k|$0.43M-$0.55M

---

**May/Labor Day:**

The Devil Wears Prada 2 continues its solid pre-sales as opening day pre-sales exceed $100k reaching $119k

Cold War 1944 continues to lead pre-sales for May 1st Labor Day.

|Days till release |The Devil Wears Prada 2 |Cold War 1994 |Vanishing Point |Being Towards Death
:----------- |:-----------:|:-----------:|:-----------:|:-----------:|:-----------:|:-----------:|:-----------:|  
9|/          |$68k/35764 |$20k/13736 |$12k/15106|| 
8|/          |$191k/44903|$137k/19293|$52k/19940||   
7|$8k/2229   |$287k/51261|$189k/23937|$64k/23680||   
6|$58k/25865 |$381k/56830|$228k/28028|$76k/27293|| 
5|$119k/33312|           |           || 
4|           |           |           ||| 
3|           |           |           ||| 		
2|           |           |           |||
1|           |           |           ||| 
0|           |           |           |||	
*Gross/Screenings

---


#**Release Schedule:**

A table including upcoming movies in the next month alongside trailers linked in the name of the movie, Want To See data from both Maoyan and Taopiaopiao alongside the Gender split and genre. 

Remember Want To See is not pre-sales. Its just an anticipation metric. A checkbox of sorts saying your interested in an upcoming movie.

Not all movies are included since a lot are just too small to be worth covering. 

---

**May/Labor Day Holidays(30.4-5.5)**

| Movie |Maoyan WTS|Daily Increase| Taopiaopiao WTS|Daily Increase|M/W %|Genre|Release Date|3rd party media projections
:----------- |:-----------:|:-----------:|:-----------:|:-----------:|:-----------:|:-----------:|:-----------:|:-----------:|
[Devil Wears Prada 2](https://vod.pipi.cn/fec9203cvodtransbj1251246104/0a6e64625145403721118746297/v.f42905.mp4) |163k|+2k|274k|+3k|26/74|Drama/Comedy|30.04|$9-41M
[Cold War 1944](https://vod.pipi.cn/fec9203cvodtransbj1251246104/0a6e64625145403721118746297/v.f42905.mp4) |71k|+2k|92k|+2k|75/25|Drama/Action/Crime|01.05|$60-88M
[Vanishing Point](https://vod.pipi.cn/fec9203cvodtransbj1251246104/0a6e64625145403721118746297/v.f42905.mp4) |70k|+2k|31k|+1k|33/67|Thriller/Crime|01.05|$21-36M
[Being Toward Death](https://vod.pipi.cn/fec9203cvodtransbj1251246104/7978f4ba5145403722772255413/v.f42905.mp4) |21k|+1k|10k|+1k|38/62|Drama|01.05|
[Once a Thief](https://vod.pipi.cn/fec9203cvodtransbj1251246104/7978f4ba5145403722772255413/v.f42905.mp4) |29k|+2k|21k|+1k|47/53|Drama/Comedy/Action|03.05|

**May**

| Movie |Maoyan WTS|Daily Increase| Taopiaopiao WTS|Daily Increase|M/W %|Genre|Release Date|3rd party media projections
:----------- |:-----------:|:-----------:|:-----------:|:-----------:|:-----------:|:-----------:|:-----------:|:-----------:|
[Mortal Kombat II](https://vod.pipi.cn/fec9203cvodtransbj1251246104/33b8b9245145403722890582563/v.f42905.mp4) |23k|+1k|12k|+1k|75/25|Action/Fantasy|08.05|
[Love Battle](https://i.imgur.com/yT3kgKV.jpeg) |34k|+1k|48k|+1k|20/80|Romance/Comedy|20.05|
[Be Yourself](https://vod.pipi.cn/fec9203cvodtransbj1251246104/43e695815145403722808184482/v.f42905.mp4) |18k|+1k|17k|+1k|31/69|Romance/Comedy|20.05|
[Star Wars: Mandalorian &amp; Grogu](https://vod.pipi.cn/fec9203cvodtransbj1251246104/ae3ca3b05145403723990636789/v.f42905.mp4) |7k|+1k|12k|+1k|63/37|Actiiom/Sci-Fi|20.05|$5M
[All The Good Eyes](https://vod.pipi.cn/fec9203cvodtransbj1251246104/0a6e64625145403721118746297/v.f42905.mp4) |20k|+1k|11k|+1k|34/66|Drama/Romance/Crime|23.05|",44,80,1777053850.0,devil wears prada 2,theatrical_release,2026-04-24,"In China Michael opens below projections with ¥10.6M/$1.56M including midnight screenings. Below Bohemian Rhapsody's ¥12.6M opening. Opening weekend now projected at $4.7-5M. Total projections drop to $8-11M. Project Hail Mary in 4th adds $0.22M(-50%)/$37.87M. Projected a $1.2-1.6M(-38%) 4th weekend #**Daily Box Office (April 24th 2026)**

The market hits ¥25M/$3.65M. Up +91% from yesterday and up +15% from last week.

Should be 6th weekend for **PHM** in the title instead of 4th.

---

**Province map of the day:** 

https://i.imgur.com/Eql45H5.png

Michael dominates on its opening day.

**In Metropolitan cities:** 

Michael wins Guangzhou, Shanghai, Chongqing, Beijing, Wuhan, Chengdu, Nanjing, Shenzhen, Hangzhou and Suzhou 


**City tiers:**

Michael tops every tier on its opening day.

**Tier 1**: Michael&gt;Dear You&gt;Project Hail Mary

**Tier 2**: Michael&gt;It's OK&gt;The Caged Butterfly

**Tier 3**: Michael&gt;The Caged Butterfly&gt;It's OK

**Tier 4**: Michael&gt;The Caged Butterfly&gt;It's OK

---

|# | Movie |Gross|%YD| %LW|Screenings|Admisions(Today)|Total Gross|Projected Total Gross|
:----------- |:-----------|:-----------:|:-----------:|:-----------:|:-----------:|:--------:|:-----------:|:-----------:| 
1|**Michael**              |$1.56M  |     |      |79749 |0.23M |$1.56M   |$8M-$11M 
2|It's OK                  |$0.39M  |+12% |-43%  |53979 |0.08M |$25.36M  |$27M-$31M
3|The Caged Butterfly      |$0.31M  |+30% |-20%  |37725 |0.06M |$11.89M  |$13M-$15M
4|Project Hail Mary        |$0.22M  |+10% |-50%  |18530 |0.04M |$37.87M  |$39M-$42M    
5|Dear You(Pre-Scr)        |$0.20M  |     |      |5147  |0.04M |$0.56M   | 
6|**Nobody But You 2**     |$0.14M  |-17% |      |32627 |0.03M |$3.12M   |$3M-$4M    
7|Pegasus 3                |$0.13M  |+8%  |-48%  |17059 |0.02M |$639.06M |$639M-$640M 
8|Now I Met Her            |$0.13M  |+11% |-52%  |23297 |0.03M |$10.43M  |$11M-$12M  
9|Super Mario Galaxy Movie |$0.12M  |+100%|-50%  |20319 |0.02M |$17.55M  |$19M-$222M
10|**Organ Child**         |$0.08M  |-15% |      |15362 |0.01M |$1.35M   |$1M-$2M 

New releases marked in **bold**

---


**Pre-Sales map for tomorrow**

https://i.imgur.com/Eql45H5.png

Michael dominates pre-sales for Saturday.

---

**IMAX Screenings distribution**

And just like that Project Hail Mary and Mario will lose the vast majority of IMAX screenings tomorrow which will go to Michael which already had a decent ammount for its Midnight screenings today. 


||Movie|IMAX Screeninsgs Today|IMAX Screeninsgs Tomorrow|Change|
:----------- |:-----------:|:-----------:|:-----------:|:-----------:|:-----------:|:-----------:|:-----------:|
1|Project Hail Mary                   |83     |249  |+166
2|Michael                             |373    |3601 |+3228
2|Super Mario Galaxy                  |9      |24   |+15

---


###**Michael**

Michael opened with a rather dissapointing ¥10.6M/$1.56M. Below Bohemian Rhapsody's ¥12.6M opening.

Opening weekend projections massively downgraded to $4.7-5M. Total projections down to $8-11M


**Screen Distribution Split:** Regular: $0.92M    , IMAX: $0.48M   , Rest: $0.12M 

**WoM figures:**

Michael opens with great scores on both Maoyan and Taopiao. 

Maoyan: 9.6 , Taopiaopiao: 9.5 , Douban: 

|#|FRI|SAT|SUN|MON|TUE|WED|THU|Total|
|:-----------:|:-----------:|:-----------:|:-----------:|:-----------:|:-----------:|:-----------:|:-----------:|:-----------:|:-----------:|							
|First  Week |$1.56M| | | | | | |$1.56M
		
	
**Scheduled showings update for Michael for the next few days:**

|Day |  Number of Showings |Presales|Projection
:----------- |:-----------:|:-----------:|:-----------:|
Today|79749|$665k|$1.70M-$2.10M
Saturday|85521|$567k|$1.80M-$1.91M
Sunday|69679|$147k|$1.33M-$1.48M

---


###**Super Mario Galaxy Movie**

Mario Galaxy grossed ¥0.79M/$0.12M on its 4rd Friday. 

Below the first movies ¥0.89M/$0.13M 4th Friday but slightly above the 4th Friday of Hoppers at ¥0.66/$0.09M

4th weekend projections slightly upgraded to $1.0-1.2M(-46%)

**Super Mario Galaxy vs Super Mario Bros:**

https://i.imgur.com/UQpTQ2m.png

**Screen Distribution Split:** Regular: $16.31M    , IMAX: $0.69M   , Rest: $0.48M 

**WoM figures:**

Maoyan: 9.3 , Taopiaopiao: 9.3 , Douban: 7.0

|#|FRI|SAT|SUN|MON|TUE|WED|THU|Total|
|:-----------:|:-----------:|:-----------:|:-----------:|:-----------:|:-----------:|:-----------:|:-----------:|:-----------:|:-----------:|							
|Third  Week |$0.24M|$0.95M|$0.83M|$0.08M|$0.06M|$0.06M|$0.06M|$17.43M
|Fourth  Week |$0.12M| | | | | | |$17.55M
|%± LW|-50%| | | | | | | |			
	
**Scheduled showings update for Super Mario Galaxy Movie for the next few days:**

|Day |  Number of Showings |Presales|Projection
:----------- |:-----------:|:-----------:|:-----------:|
Today|20324|$16k|$0.10M-$0.12M
Saturday|32460|$77k|$0.51M-$0.55M
Sunday|25585|$15k|$0.45M-$0.53M

---

###**Project Hail Mary**

Project Hail Mary in 4th grossed ¥1.50M/$0.22M on Friday. The loss of the majority of IMAX screenings definitely affecting it.

6th weekend projections slightly raised to $1.2-1.6M(-38%)



**Screen Distribution Split:** Regular: $24.55M    , IMAX: $10.90M   , Rest: $2.30M 

**WoM figures:**

Maoyan: 9.3       , Taopiaopiao: 9.2      , Douban: 8.6

|#|FRI|SAT|SUN|MON|TUE|WED|THU|Total|
|:-----------:|:-----------:|:-----------:|:-----------:|:-----------:|:-----------:|:-----------:|:-----------:|:-----------:|:-----------:|								
|Fifth Week |$0.44M|$1.02M|$0.78M|$0.20M|$0.20M|$0.20M|$0.20M|$37.65M
|Sixth  Week |$0.22M| | | | | | |$37.87M
|%± LW|-50%| | | | | | | |			

**Scheduled showings update for Project Hail Mary for the next few days:**

|Day |  Number of Showings |Presales|Projection
:----------- |:-----------:|:-----------:|:-----------:|
Today|18655|$32k|$0.23M-$0.24M
Saturday|20581|$147k|$0.55M-$0.85M
Sunday|17240|$31k|$0.43M-$0.55M

---

**May/Labor Day:**

The Devil Wears Prada 2 continues its solid pre-sales as opening day pre-sales exceed $100k reaching $119k

Cold War 1944 continues to lead pre-sales for May 1st Labor Day.

|Days till release |The Devil Wears Prada 2 |Cold War 1994 |Vanishing Point |Being Towards Death
:----------- |:-----------:|:-----------:|:-----------:|:-----------:|:-----------:|:-----------:|:-----------:|  
9|/          |$68k/35764 |$20k/13736 |$12k/15106|| 
8|/          |$191k/44903|$137k/19293|$52k/19940||   
7|$8k/2229   |$287k/51261|$189k/23937|$64k/23680||   
6|$58k/25865 |$381k/56830|$228k/28028|$76k/27293|| 
5|$119k/33312|           |           || 
4|           |           |           ||| 
3|           |           |           ||| 		
2|           |           |           |||
1|           |           |           ||| 
0|           |           |           |||	
*Gross/Screenings

---


#**Release Schedule:**

A table including upcoming movies in the next month alongside trailers linked in the name of the movie, Want To See data from both Maoyan and Taopiaopiao alongside the Gender split and genre. 

Remember Want To See is not pre-sales. Its just an anticipation metric. A checkbox of sorts saying your interested in an upcoming movie.

Not all movies are included since a lot are just too small to be worth covering. 

---

**May/Labor Day Holidays(30.4-5.5)**

| Movie |Maoyan WTS|Daily Increase| Taopiaopiao WTS|Daily Increase|M/W %|Genre|Release Date|3rd party media projections
:----------- |:-----------:|:-----------:|:-----------:|:-----------:|:-----------:|:-----------:|:-----------:|:-----------:|
[Devil Wears Prada 2](https://vod.pipi.cn/fec9203cvodtransbj1251246104/0a6e64625145403721118746297/v.f42905.mp4) |163k|+2k|274k|+3k|26/74|Drama/Comedy|30.04|$9-41M
[Cold War 1944](https://vod.pipi.cn/fec9203cvodtransbj1251246104/0a6e64625145403721118746297/v.f42905.mp4) |71k|+2k|92k|+2k|75/25|Drama/Action/Crime|01.05|$60-88M
[Vanishing Point](https://vod.pipi.cn/fec9203cvodtransbj1251246104/0a6e64625145403721118746297/v.f42905.mp4) |70k|+2k|31k|+1k|33/67|Thriller/Crime|01.05|$21-36M
[Being Toward Death](https://vod.pipi.cn/fec9203cvodtransbj1251246104/7978f4ba5145403722772255413/v.f42905.mp4) |21k|+1k|10k|+1k|38/62|Drama|01.05|
[Once a Thief](https://vod.pipi.cn/fec9203cvodtransbj1251246104/7978f4ba5145403722772255413/v.f42905.mp4) |29k|+2k|21k|+1k|47/53|Drama/Comedy/Action|03.05|

**May**

| Movie |Maoyan WTS|Daily Increase| Taopiaopiao WTS|Daily Increase|M/W %|Genre|Release Date|3rd party media projections
:----------- |:-----------:|:-----------:|:-----------:|:-----------:|:-----------:|:-----------:|:-----------:|:-----------:|
[Mortal Kombat II](https://vod.pipi.cn/fec9203cvodtransbj1251246104/33b8b9245145403722890582563/v.f42905.mp4) |23k|+1k|12k|+1k|75/25|Action/Fantasy|08.05|
[Love Battle](https://i.imgur.com/yT3kgKV.jpeg) |34k|+1k|48k|+1k|20/80|Romance/Comedy|20.05|
[Be Yourself](https://vod.pipi.cn/fec9203cvodtransbj1251246104/43e695815145403722808184482/v.f42905.mp4) |18k|+1k|17k|+1k|31/69|Romance/Comedy|20.05|
[Star Wars: Mandalorian &amp; Grogu](https://vod.pipi.cn/fec9203cvodtransbj1251246104/ae3ca3b05145403723990636789/v.f42905.mp4) |7k|+1k|12k|+1k|63/37|Actiiom/Sci-Fi|20.05|$5M
[All The Good Eyes](https://vod.pipi.cn/fec9203cvodtransbj1251246104/0a6e64625145403721118746297/v.f42905.mp4) |20k|+1k|11k|+1k|34/66|Drama/Romance/Crime|23.05|",0.98,
1sui67e,boxoffice,Michael vs The Devil Wears Prada 2?,"Which do you predict will make more money during it's opening weekend and total gross?

  
Based on the marketing hype I think TDWP2 will do more, especially that it is a sequel that everyone has been waiting for 20 years. 

  
Thoughts?",27,102,1777042781.0,devil wears prada 2,theatrical_release,2026-04-24,"Michael vs The Devil Wears Prada 2? Which do you predict will make more money during it's opening weekend and total gross?

  
Based on the marketing hype I think TDWP2 will do more, especially that it is a sequel that everyone has been waiting for 20 years. 

  
Thoughts?",-0.8531,
1su786p,boxoffice,SK Thursday Update: Presales looking good still for Devil Prada 2 and Mario as the good year seems likely to keep being good,"|Movies|Monday-Monday Drop|Tuesday-Tuesday Drop|Wednesday-Wednesday Drop|Thursday-Thursday Drop|Friday-Friday Drop|Saturday-Saturday Drop|Sunday-Sunday Drop|Week-Week Drop|
|:-|:-|:-|:-|:-|:-|:-|:-|:-|
|Salmokji|37%|39%|37%|17%|||||
|Project Hail Mary|33%|30%|18%|21%|||||
|The Man Who Lives With the King|40%|43%|47%|42%|||||

**Goat**: The movie has crossed 22k admits as the movie should cross 25k admits on Saturday, as the movie is looking to see a sizeable drop.

**Salmokji:** The movie will hit 1.7 million admits tomorrow as the movie is looking to land north of 1.9 million admits after Sunday’s update. Another strong weekend is very likely.

**Project Hail Mary:** The movie is still on pace to cross 2.4 million admits on Saturday, as the movie is aiming to land in the area of 2.7 million admits for its final total.

**The Man Who Lives With the King:** Another hard drop as the movie is slowing down quickly, but the movie will still cross 16.7 million admits this weekend.

**Presales**

**Super Mario Galaxy:** Another solid day as every comp has gone up, and it seems more likely that this will play significantly more like an animated family movie.

|Days before Release|Moana 2|Bad Guys 2|Zootopia 2|Mario Super Galaxy|
|:-|:-|:-|:-|:-|
|T-7|42,238|8,916|73,487|35,433|
|T-6|51,863|9,549|94,120|45,760|
|T-5|64,147|14,312|113,186||
|T-4|79,655|7,449|141,029||
|T-3|105,249|11,440|182,918||
|T-2|150,351|18,765|258,224||
|T-1|224,262|34,944|370,645||
|Comp|173,623|198,921|150,313||

**Devil Wears Prada 2**: Presales see a nice bounce as the movie is keeping an opening day around 160k very much in play.

|Days before Release|Sinners|F1|Thunderbolts|Devil Wears Prada 2|
|:-|:-|:-|:-|:-|
|T-7|2,533|44,401|16,408|61,582|
|T-6|2,792|48,155|42,913|71,251|
|T-5|3,335|53,728|49,950||
|T-4|4,099|58,456|56,852||
|T-3|5,284|66,092|66,550||
|T-2|7,456|81,072|83,980||
|T-1|9,927|103,859|107,377||
|Comp|267,420|122,692|166,299||",23,3,1777010486.0,devil wears prada 2,theatrical_release,2026-04-24,"SK Thursday Update: Presales looking good still for Devil Prada 2 and Mario as the good year seems likely to keep being good |Movies|Monday-Monday Drop|Tuesday-Tuesday Drop|Wednesday-Wednesday Drop|Thursday-Thursday Drop|Friday-Friday Drop|Saturday-Saturday Drop|Sunday-Sunday Drop|Week-Week Drop|
|:-|:-|:-|:-|:-|:-|:-|:-|:-|
|Salmokji|37%|39%|37%|17%|||||
|Project Hail Mary|33%|30%|18%|21%|||||
|The Man Who Lives With the King|40%|43%|47%|42%|||||

**Goat**: The movie has crossed 22k admits as the movie should cross 25k admits on Saturday, as the movie is looking to see a sizeable drop.

**Salmokji:** The movie will hit 1.7 million admits tomorrow as the movie is looking to land north of 1.9 million admits after Sunday’s update. Another strong weekend is very likely.

**Project Hail Mary:** The movie is still on pace to cross 2.4 million admits on Saturday, as the movie is aiming to land in the area of 2.7 million admits for its final total.

**The Man Who Lives With the King:** Another hard drop as the movie is slowing down quickly, but the movie will still cross 16.7 million admits this weekend.

**Presales**

**Super Mario Galaxy:** Another solid day as every comp has gone up, and it seems more likely that this will play significantly more like an animated family movie.

|Days before Release|Moana 2|Bad Guys 2|Zootopia 2|Mario Super Galaxy|
|:-|:-|:-|:-|:-|
|T-7|42,238|8,916|73,487|35,433|
|T-6|51,863|9,549|94,120|45,760|
|T-5|64,147|14,312|113,186||
|T-4|79,655|7,449|141,029||
|T-3|105,249|11,440|182,918||
|T-2|150,351|18,765|258,224||
|T-1|224,262|34,944|370,645||
|Comp|173,623|198,921|150,313||

**Devil Wears Prada 2**: Presales see a nice bounce as the movie is keeping an opening day around 160k very much in play.

|Days before Release|Sinners|F1|Thunderbolts|Devil Wears Prada 2|
|:-|:-|:-|:-|:-|
|T-7|2,533|44,401|16,408|61,582|
|T-6|2,792|48,155|42,913|71,251|
|T-5|3,335|53,728|49,950||
|T-4|4,099|58,456|56,852||
|T-3|5,284|66,092|66,550||
|T-2|7,456|81,072|83,980||
|T-1|9,927|103,859|107,377||
|Comp|267,420|122,692|166,299||",0.9821,
1syari2,boxoffice,'Hokum' Review Thread,"I will continue to update this post as reviews come in.

[**Rotten Tomatoes:**](https://www.rottentomatoes.com/m/hokum) Certified Fresh

**Critics Consensus:** A classic haunted house story enriched with atmospheric folklore and perfectly-timed shocks, *Hokum* further solidifies writer-director Damian McCarthy as a modern master of horror.

|Critics|Score|**Number of Reviews**|Average Rating (Unofficial)|
|:-|:-|:-|:-|
|**All Critics**|87%|122|7.40/10|
|**Top Critics**|93%|29||

[**Metacritic:**](https://www.metacritic.com/movie/hokum/) 78 (28 Reviews)

**Sample Reviews:**

Kim Newman, Empire Magazine **4/5** \- Hokum isn’t just hokum. On top of an affecting personal quest for a non-despairing ending, it delivers a full evening of scares, chills, wicked jokes and haunted escape-room hijinks.

Peter Travers, The Travers Take **3/4** \- The stellar Adam Scott stars in an Irish horrorfest from Damien McCarthy, a visionary new talent who really knows how to scare the hell out of and into you.

Kevin Maher, The Times (UK) **4/5** \- The casting is key, Scott’s sardonic persona consistently elevating the drama and making Bauman’s journey of discovery hard-won.

Mark Kermode, Kermode and Mayo's Take (YouTube) - The film has a really good sense of atmosphere.

Matthew Jackson, AV Club **B+** \- Hokum is the latest fruit of McCarthy’s chameleonic gifts, and his best film yet.

Randy Myers, San Jose Mercury News **3/4** \- Hokum works and weaves a weird spell that might not spook you so much as haunt you later on as you replay how puzzle-like the pieces fit together.

Jeannette Catsoulis, New York Times - Reveling in misdirection and a teasing duality “Hokum” profits from Colm Hogan’s insinuating camera as it noses through gloomy corridors and a terrifying dumbwaiter shaft, hinting at what lurks on the other side of the frame.

Richard Whittaker, Austin Chronicle **3.5/5** \- As Bauman falls deeper and deeper into the mysteries of Bilberry Inn, McCarthy masterfully reminds us that a ghost can be real and a metaphor, as the scares demand.

Jonathan Romney, Financial Times **4/5** \- As the title suggests, this is a sly, self-mocking affair — but convincingly macabre too.

Amy Nicholson, Los Angeles Times - I’ve seen too many protagonists skulk down dark hallways, but McCarthy’s version of that shot is so visceral that you feel like he’s really been there. You can smell the mildew.

Tara Brady, Irish Times **4/5** \- This is not horror gussied up as allegory or prestige: it is, pleasingly, a straight ghost story, executed with rigour, a swipe at misogyny and a sly sense of fun.

Simon Crook, Time Out **4/5** \- If Hokum feels a little unresolved, when it works, it’s quite an experience. Like the best ghost stories, you’ll stagger from the cinema with your goosebumps pipped and an icy finger dragging down your spine.

Barry Hertz, Globe and Mail - Damian McCarthy’s new horror film arrives ready to play with convention and expectation. The scary thing, though, is that the movie exhausts itself halfway through, revealing Hokum as something closer to hogwash.

Carlos Aguilar, Variety - Buoyed by Scott’s level-headed turn, Hokum is a proficient horror exploit, which hinges on atmosphere instead of gore, even if its many frightening threads feel disjointed, like rooms in distinctly different hotels.

Billie Walker, Little White Lies **2/5** \- Despite the heavy metaphors and emotionally weighted hauntings, there’s nothing new here – it’s all painfully dull and familiar horror territory.

Bob Strauss, San Francisco Chronicle **4/4** \- It’s frightening how “Hokum” moves from murder mystery to supernatural shenanigans and then to psychological horror with such confidence. It’s exhilarating as well.

Kristen Lopez, The Film Maven **C+** \- Hokum is a very effective throwback to haunted house stories of old. Scott and the small cast are solid, though it's the sound mix and production design that really unnerve.

Perri Nemiroff, Perri Nemiroff (YouTube) **4/5** \- An atmospheric &amp; soulful haunt. McCarthy delivers an eerie tale of a haunted hotel, but is more focused on peeling back the layers of his lead. Between his chilling frames &amp; Scott's spot-on work, Hokum succeeds as both a great scare and character piece.

Nick Schager, The Daily Beast - This creepy nerve-rattler confirms that the director’s excellent 2024 breakout Oddity was no fluke.

Rocco T. Thompson, Slant Magazine **2.5/4** \- Damian McCarthy threads the needle between supplying old-school scares and a richly layered character piece that also functions as a meditation on his own perspective as a storyteller.

Anton Bitel, Sight &amp; Sound - Amid all the creepy grotesquerie and black comedy, McCarthy tells a human story that is more than mere hokum.

Brian Tallerico, [RogerEbert.com](http://RogerEbert.com) **3.5/4** \- 'Hokum’ isn’t a slow burn, but one of its strengths is how it slides in and out of shocking images and dread-filled atmosphere.

Kristy Puchko, Mashable - The scares in Hokum had me howling, jumping, and desperate to cover my eyes.

Monica Castillo, The Playlist - A What could have easily been an overstuffed confluence of ideas – a haunted house, a ghost, a witch, a murder, oh my! – comes together so effectively because of McCarthy’s masterful command of what scares audiences.

Robert Daniels, Screen International - An engagingly frigid performance by \[Adam\] Scott furthers the film’s keen ability to conjure overwhelming anxiety from its many punchy jump scares, combining to make Hokum an exceptionally chilling horror film.

Katie Rife, IndieWire **B+** \- It’s just a good old-fashioned ghost story, the kind you’d tell over a campfire to scare children. And it’s a hair-raising one at that.

David Rooney, The Hollywood Reporter - While it’s a little low on scares, Hokum is pacey and involving enough to keep genre fiends watching once it hits streaming, just for production designer Til Frohlich’s creepy hotel set alone, a place that looks untouched by the passing years.

Meagan Navarro, Bloody Disgusting **4.5/5** \- Damian McCarthy continues his streak for folkloric tales of supernatural karma and spine-tingling terror with a dark sense of humor. It's really freaking scary.

Chase Hutchinson, TheWrap - It’s not only properly unsettling, making great use of darkness and sound, but also becomes a quietly poetic reflection on loss when you least expect it.

**SYNOPSIS:**

When novelist Ohm Bauman (Scott) retreats to a remote inn to scatter his parents’ ashes, he is consumed by tales of a witch haunting the honeymoon suite. Disturbing visions and a shocking disappearance forces him to confront dark corners of his past.

**CAST:**

* Adam Scott as Ohm Bauman

**DIRECTED BY:** Damian McCarthy

**SCREENPLAY BY:** Damian McCarthy

**PRODUCED BY:** Roy Lee, Steven Schneider, Derek Dauchy, Ruth Treacy, Julianne Forde, Mairtín de Barra

**EXECUTIVE PRODUCERS:** Terence Chan, Andrew Childs, Jeff Deutchman, Ryan Friscia, Dan Kagan, Ken Kao, Bryan Meng, Evan O'Brien, Keith Potter, Tom Quinn, Josh Rosenbaum, Ben Ross, Rami Yasin

**DIRECTOR OF PHOTOGRAPHY:** Colm Hogan

**PRODUCTION DESIGNER:** Til Frohlich

**EDITED BY:** Brian Philip Davis

**COSTUME DESIGNER:** Lara Campbell

**MUSIC BY:** Joseph Bishara

**CASTING BY:** Emma Gunnery

**RUNTIME:** 107 Minutes

**RELEASE DATE:** May 1, 2026",95,26,1777402774.0,runway magazine film,theatrical_release,2026-04-28,"'Hokum' Review Thread I will continue to update this post as reviews come in.

[**Rotten Tomatoes:**](https://www.rottentomatoes.com/m/hokum) Certified Fresh

**Critics Consensus:** A classic haunted house story enriched with atmospheric folklore and perfectly-timed shocks, *Hokum* further solidifies writer-director Damian McCarthy as a modern master of horror.

|Critics|Score|**Number of Reviews**|Average Rating (Unofficial)|
|:-|:-|:-|:-|
|**All Critics**|87%|122|7.40/10|
|**Top Critics**|93%|29||

[**Metacritic:**](https://www.metacritic.com/movie/hokum/) 78 (28 Reviews)

**Sample Reviews:**

Kim Newman, Empire Magazine **4/5** \- Hokum isn’t just hokum. On top of an affecting personal quest for a non-despairing ending, it delivers a full evening of scares, chills, wicked jokes and haunted escape-room hijinks.

Peter Travers, The Travers Take **3/4** \- The stellar Adam Scott stars in an Irish horrorfest from Damien McCarthy, a visionary new talent who really knows how to scare the hell out of and into you.

Kevin Maher, The Times (UK) **4/5** \- The casting is key, Scott’s sardonic persona consistently elevating the drama and making Bauman’s journey of discovery hard-won.

Mark Kermode, Kermode and Mayo's Take (YouTube) - The film has a really good sense of atmosphere.

Matthew Jackson, AV Club **B+** \- Hokum is the latest fruit of McCarthy’s chameleonic gifts, and his best film yet.

Randy Myers, San Jose Mercury News **3/4** \- Hokum works and weaves a weird spell that might not spook you so much as haunt you later on as you replay how puzzle-like the pieces fit together.

Jeannette Catsoulis, New York Times - Reveling in misdirection and a teasing duality “Hokum” profits from Colm Hogan’s insinuating camera as it noses through gloomy corridors and a terrifying dumbwaiter shaft, hinting at what lurks on the other side of the frame.

Richard Whittaker, Austin Chronicle **3.5/5** \- As Bauman falls deeper and deeper into the mysteries of Bilberry Inn, McCarthy masterfully reminds us that a ghost can be real and a metaphor, as the scares demand.

Jonathan Romney, Financial Times **4/5** \- As the title suggests, this is a sly, self-mocking affair — but convincingly macabre too.

Amy Nicholson, Los Angeles Times - I’ve seen too many protagonists skulk down dark hallways, but McCarthy’s version of that shot is so visceral that you feel like he’s really been there. You can smell the mildew.

Tara Brady, Irish Times **4/5** \- This is not horror gussied up as allegory or prestige: it is, pleasingly, a straight ghost story, executed with rigour, a swipe at misogyny and a sly sense of fun.

Simon Crook, Time Out **4/5** \- If Hokum feels a little unresolved, when it works, it’s quite an experience. Like the best ghost stories, you’ll stagger from the cinema with your goosebumps pipped and an icy finger dragging down your spine.

Barry Hertz, Globe and Mail - Damian McCarthy’s new horror film arrives ready to play with convention and expectation. The scary thing, though, is that the movie exhausts itself halfway through, revealing Hokum as something closer to hogwash.

Carlos Aguilar, Variety - Buoyed by Scott’s level-headed turn, Hokum is a proficient horror exploit, which hinges on atmosphere instead of gore, even if its many frightening threads feel disjointed, like rooms in distinctly different hotels.

Billie Walker, Little White Lies **2/5** \- Despite the heavy metaphors and emotionally weighted hauntings, there’s nothing new here – it’s all painfully dull and familiar horror territory.

Bob Strauss, San Francisco Chronicle **4/4** \- It’s frightening how “Hokum” moves from murder mystery to supernatural shenanigans and then to psychological horror with such confidence. It’s exhilarating as well.

Kristen Lopez, The Film Maven **C+** \- Hokum is a very effective throwback to haunted house stories of old. Scott and the small cast are solid, though it's the sound mix and production design that really unnerve.

Perri Nemiroff, Perri Nemiroff (YouTube) **4/5** \- An atmospheric &amp; soulful haunt. McCarthy delivers an eerie tale of a haunted hotel, but is more focused on peeling back the layers of his lead. Between his chilling frames &amp; Scott's spot-on work, Hokum succeeds as both a great scare and character piece.

Nick Schager, The Daily Beast - This creepy nerve-rattler confirms that the director’s excellent 2024 breakout Oddity was no fluke.

Rocco T. Thompson, Slant Magazine **2.5/4** \- Damian McCarthy threads the needle between supplying old-school scares and a richly layered character piece that also functions as a meditation on his own perspective as a storyteller.

Anton Bitel, Sight &amp; Sound - Amid all the creepy grotesquerie and black comedy, McCarthy tells a human story that is more than mere hokum.

Brian Tallerico, [RogerEbert.com](http://RogerEbert.com) **3.5/4** \- 'Hokum’ isn’t a slow burn, but one of its strengths is how it slides in and out of shocking images and dread-filled atmosphere.

Kristy Puchko, Mashable - The scares in Hokum had me howling, jumping, and desperate to cover my eyes.

Monica Castillo, The Playlist - A What could have easily been an overstuffed confluence of ideas – a haunted house, a ghost, a witch, a murder, oh my! – comes together so effectively because of McCarthy’s masterful command of what scares audiences.

Robert Daniels, Screen International - An engagingly frigid performance by \[Adam\] Scott furthers the film’s keen ability to conjure overwhelming anxiety from its many punchy jump scares, combining to make Hokum an exceptionally chilling horror film.

Katie Rife, IndieWire **B+** \- It’s just a good old-fashioned ghost story, the kind you’d tell over a campfire to scare children. And it’s a hair-raising one at that.

David Rooney, The Hollywood Reporter - While it’s a little low on scares, Hokum is pacey and involving enough to keep genre fiends watching once it hits streaming, just for production designer Til Frohlich’s creepy hotel set alone, a place that looks untouched by the passing years.

Meagan Navarro, Bloody Disgusting **4.5/5** \- Damian McCarthy continues his streak for folkloric tales of supernatural karma and spine-tingling terror with a dark sense of humor. It's really freaking scary.

Chase Hutchinson, TheWrap - It’s not only properly unsettling, making great use of darkness and sound, but also becomes a quietly poetic reflection on loss when you least expect it.

**SYNOPSIS:**

When novelist Ohm Bauman (Scott) retreats to a remote inn to scatter his parents’ ashes, he is consumed by tales of a witch haunting the honeymoon suite. Disturbing visions and a shocking disappearance forces him to confront dark corners of his past.

**CAST:**

* Adam Scott as Ohm Bauman

**DIRECTED BY:** Damian McCarthy

**SCREENPLAY BY:** Damian McCarthy

**PRODUCED BY:** Roy Lee, Steven Schneider, Derek Dauchy, Ruth Treacy, Julianne Forde, Mairtín de Barra

**EXECUTIVE PRODUCERS:** Terence Chan, Andrew Childs, Jeff Deutchman, Ryan Friscia, Dan Kagan, Ken Kao, Bryan Meng, Evan O'Brien, Keith Potter, Tom Quinn, Josh Rosenbaum, Ben Ross, Rami Yasin

**DIRECTOR OF PHOTOGRAPHY:** Colm Hogan

**PRODUCTION DESIGNER:** Til Frohlich

**EDITED BY:** Brian Philip Davis

**COSTUME DESIGNER:** Lara Campbell

**MUSIC BY:** Joseph Bishara

**CASTING BY:** Emma Gunnery

**RUNTIME:** 107 Minutes

**RELEASE DATE:** May 1, 2026",-0.9976,
1sxzuln,boxoffice,"Saudi’s $150m answer to Lawrence of Arabia? One of the biggest flops in history 🔵 Crown Prince Mohammed bin Salman wants to take on Hollywood. But judging by Desert Warrior, his country has a long way to go","&amp;#x200B;

Full text:

\*By Alexander Larman\*

Published 28 April 2026 11:24am BST

Under normal circumstances, Desert Warrior, a $150m (£111m) desert-set period epic, might be expected to be one of 2026’s biggest and most eagerly awaited releases. It stars the new Captain America himself, Anthony Mackie, with a supporting cast including Ben Kingsley, Sharlto Copley and British actress Aiysha Hart, and directed by Rise of the Planet of the Apes’s Rupert Wyatt.

Instead, it has become one of the year’s biggest flops. Despite being released in more than 1,000 cinemas in the United States, it only made $472,000 in its opening weekend – the worst opening for a major film this year and one of the worst in history – and has been heavily criticised by both critics and cinemagoers alike.

At the time of writing, it has a diabolical score of 1.9 out of 10 on IMDB, which is lower even than the much-derided Cats (2.8/10). Typical comments from the few who have seen it criticised what is seen as its Western-centric perspective on a decidedly Arabian story; anachronistically diverse casting; and even – disastrously given the current US-Iran conflict – anti-Persian sentiment, best expressed by the cast of rent-a-baddie Kingsley as the villainous Emperor Kisra. The message is clear: Desert Warrior is fatally wounded.

There is more to its flop status than simply being a harsh judgment on a poor film. Its total failure means that its intended existence – as the high-profile launch project for Saudi Arabia’s expensively funded nascent film industry – might see that plan come a significant cropper. And the studio that the film was meant to be showcasing was itself riddled with controversy from inception.

Flash back to late 2020, and the announcement for Desert Warrior made it sound like an exciting project. Mackie was a star on the rise, even before he became the new Cap. Also featuring the up-and-coming Hart as well as screen veterans Copley and Kingsley, it looked like being an unusually cerebral and interesting project of a kind barely attempted since David Lean headed out into the desert six decades before to make Lawrence of Arabia. That film was, of course, an Oscar-winning classic that made a star out of Peter O’Toole, but its tortuous, troubled production nearly killed its cast and director: filming in the desert, miles away from civilisation, took its toll on everyone. Lessons should have been learnt.

 

Wyatt intended to make Desert Warrior his own contemporary version of a historical epic, set in 7th-century Arabia and recreating the legendary Battle of Ze Qar – complete with hundreds of extras, rather than just the usual CGI masses. It was not funded by Hollywood, but instead by MBC studios, an offshoot of Saudi’s largest and wealthiest broadcaster, MBC. Established in 1991 by the businessman Waleed bin Ibrahim, it has enjoyed success in the region for decades, but wanted to raise its game by moving into the film business.

It helped that its majority shareholder, the nation’s ruler, Crown Prince Mohammed bin Salman, is said to be a film buff who wants to take on Hollywood at its own game. To this end, the Saudi Film Commission has sought to undercut its neighbours Egypt and Morocco by offering considerable incentives to film-makers: a 40 per cent rebate on expenditure solely committed to the area, as opposed to the industry standard of 30 per cent. These pictures were to be filmed at Neom Media, a new and hugely expensive studio in Saudi Arabia’s $500bn “smart city” calling itself “the land of the future, where the greatest minds and best talents are empowered to embody pioneering ideas”.

The first Western-centric movie to be filmed and financed in Saudi Arabia was the 2023 Gerard Butler thriller Kandahar. It was not a huge success, but the generous rebate meant that a large proportion of its costs were absorbed even before release. Considerably more was riding on the success of Desert Warrior. Not only did it have a far bigger budget, but its combination of Western, A-list film-makers and Saudi locations and financing could have led to one of two outcomes: a fruitful collaboration between East and West or a disastrous clash of cultures.

Perhaps unsurprisingly, the latter ensued. “The film was very challenging to make, the hardest of my career,” said producer Jeremy Bolt. “We were shooting a battle-orientated period epic in beautiful-but-harsh desert locations. There was nothing there: no infrastructure, no crew and no equipment. We had to bring everything in, and often from other countries.” The efforts of all involved, he said, were “herculean”.

Much the same, of course, could have been said of Lawrence of Arabia, but that film at least had the wholehearted support of King Hussein for the scenes filmed in Jordan. However, Desert Warrior proved far more problematic. It was made clear by MBC that the picture had to be shot in Saudi rather than the initially suggested (and more convenient) Dubai, which presented huge logistical problems. As Wyatt told film magazine Screen International last year: “We ultimately found an area in north-west Saudi Arabia, right near the Jordanian border, called Tabuk. It had amazing infrastructure for living but not for film-making – there was no film-making infrastructure there at the time.”

Eric Hedayat, Desert Warrior’s American executive producer, has said: “It was hundreds of crew, thousands of extras, horses, camels, chasing and fighting in the desert.” Despite having Neom’s vast resources at the producers’ disposal, the shoot proved tricky. Production was not only delayed by Covid, with the film eventually being shot between September and Christmas 2021, but it used what Hedayat called “an insane number of pick-up trucks” to transport filming equipment, cast and crew, and the horses and camels needed for the huge battle scenes. Giant fans were deployed so the crew could use their sweltering hotel car park as a makeshift set. Vital equipment ended up stuck at Saudi border control, roads were built in the desert to transport vehicles, and crew had to be flown in from all over the world because of the absence of skilled local technicians.

It swiftly became clear that, with 49C heat, a multinational cast and crew and hundreds of extras, the film-makers had taken on a remarkably challenging project. “For all intents and purposes, we were totally on our own – no one had ever tried to make a film like that,” said Wyatt. “We brought everything in, and we ended up with about 40 different nationalities working on the film.” None of this came cheap. The original budget of $140m crept up, although MBC claim that the final cost was around $150m.

More problems came during a prolonged post-production process that saw Wyatt removed from the editing room altogether. It was suggested that he had tried to make a nuanced epic drama with a two-and-a-half-hour runtime, and that MBC, believing that this was not commercially viable, had panicked, fired him and tried to turn it into a more conventional two-hour action movie – a kind of Middle Eastern Braveheart – at the expense of narrative coherence.

Wyatt tactfully commented that it was “challenging”, especially after his main point of contact left MBC. “There were obviously some cultural thoughts and considerations \[MBC\] wanted to take into account. But in my opinion, as a white male person not from that region and not from that culture, the whole intention of the film, because we made it in English, was to make a human story.”

Whether by his own decision or because he was fired, Wyatt left the film – only to be rehired 18 months later. The final film, then, is Wyatt’s cut, but done amid considerable compromise and uncertainty from the production company, and the film’s lukewarm reception is testament to this. As industry publication The Hollywood Reporter caustically observed, “It’s easy to get the feeling that Desert Warrior is designed as much to show off the impressive locations and Saudi Arabian production values as to tell a compelling historical story.”

In 2024, Hollywood news outlet Deadline reported that a test screening had gone so badly that Desert Warrior might never see the light of day. Feedback from the preview was that “confusion loomed large”. And in a scene where another woman lightly touches Hart on the back of the neck in an intimate way, cultural controversies arose. As one anonymous insider told Deadline, “The Arabs were not \[enthusiastic\] about that.” Modernisation in the region has only gone so far. And following industry screenings, according to a report in entertainment magazine Vulture, the producers were told repeatedly: “There’s no audience for this movie after the Israel-Hamas war.”

The film was released to little fanfare in the US, with no promotional appearances from anyone involved; there’s no sign of a UK release date. But MBC has no intention of limiting its ambitions. Aiming towards the state-funded Saudi Arabia Vision 2030 project (which is rumoured to make alcohol available to Westerners, among other things, thereby making the idea of lengthy periods of filming more palatable), more film studios have been built, including PlayMaker, Jax and the state-of-the-art AlUla Studios – all intended to fulfil the state’s vision of 100 films being shot in the region by 2030. Hollywood producer Erik Feig has started a new Saudi-backed production company, Arena SNK Studios, that has a billion dollars’ worth of funding and is intended to make as broadly commercial projects as possible that will appeal to an international audience.

Despite the offer of rebates and the cutting-edge facilities, it seems unlikely that the region will be playing host to the new Marvel or Christopher Nolan productions any time soon. The highest-profile film is another period action epic, Unbroken Sword, from Game of Thrones director Alik Sakharov and focusing on another 7th-century Arabic saga, following the legendary general Khalid ibn al-Walid. It may be popular with a local audience, but the chances of it threatening the new Avengers film for box office supremacy in the US are extremely low.

It has not helped Saudi’s status as a Hollywood-friendly destination that Neom itself has long been mired in controversy. When several workers died during construction, Wayne Borg – the Hollywood executive hired to run the studio – allegedly called them “f---ing morons” and sighed, “That is why white people are at the top of the pecking order.” Borg, who subsequently left, was in good company. Neom’s former chief executive Nadhmi al-Nasr reportedly boasted, “I drive everybody like a slave”, a comment that many seem to have taken literally. He has also left the project.

Not only is the Saudi film industry unlikely to become the new Hollywood, but it might not even rival the likes of Bollywood or Nigeria’s Nollywood for local reach. The Crown Prince’s vision of the future is fast becoming a mirage.",220,53,1777379003.0,runway magazine film,theatrical_release,2026-04-28,"Saudi’s $150m answer to Lawrence of Arabia? One of the biggest flops in history 🔵 Crown Prince Mohammed bin Salman wants to take on Hollywood. But judging by Desert Warrior, his country has a long way to go &amp;#x200B;

Full text:

\*By Alexander Larman\*

Published 28 April 2026 11:24am BST

Under normal circumstances, Desert Warrior, a $150m (£111m) desert-set period epic, might be expected to be one of 2026’s biggest and most eagerly awaited releases. It stars the new Captain America himself, Anthony Mackie, with a supporting cast including Ben Kingsley, Sharlto Copley and British actress Aiysha Hart, and directed by Rise of the Planet of the Apes’s Rupert Wyatt.

Instead, it has become one of the year’s biggest flops. Despite being released in more than 1,000 cinemas in the United States, it only made $472,000 in its opening weekend – the worst opening for a major film this year and one of the worst in history – and has been heavily criticised by both critics and cinemagoers alike.

At the time of writing, it has a diabolical score of 1.9 out of 10 on IMDB, which is lower even than the much-derided Cats (2.8/10). Typical comments from the few who have seen it criticised what is seen as its Western-centric perspective on a decidedly Arabian story; anachronistically diverse casting; and even – disastrously given the current US-Iran conflict – anti-Persian sentiment, best expressed by the cast of rent-a-baddie Kingsley as the villainous Emperor Kisra. The message is clear: Desert Warrior is fatally wounded.

There is more to its flop status than simply being a harsh judgment on a poor film. Its total failure means that its intended existence – as the high-profile launch project for Saudi Arabia’s expensively funded nascent film industry – might see that plan come a significant cropper. And the studio that the film was meant to be showcasing was itself riddled with controversy from inception.

Flash back to late 2020, and the announcement for Desert Warrior made it sound like an exciting project. Mackie was a star on the rise, even before he became the new Cap. Also featuring the up-and-coming Hart as well as screen veterans Copley and Kingsley, it looked like being an unusually cerebral and interesting project of a kind barely attempted since David Lean headed out into the desert six decades before to make Lawrence of Arabia. That film was, of course, an Oscar-winning classic that made a star out of Peter O’Toole, but its tortuous, troubled production nearly killed its cast and director: filming in the desert, miles away from civilisation, took its toll on everyone. Lessons should have been learnt.

 

Wyatt intended to make Desert Warrior his own contemporary version of a historical epic, set in 7th-century Arabia and recreating the legendary Battle of Ze Qar – complete with hundreds of extras, rather than just the usual CGI masses. It was not funded by Hollywood, but instead by MBC studios, an offshoot of Saudi’s largest and wealthiest broadcaster, MBC. Established in 1991 by the businessman Waleed bin Ibrahim, it has enjoyed success in the region for decades, but wanted to raise its game by moving into the film business.

It helped that its majority shareholder, the nation’s ruler, Crown Prince Mohammed bin Salman, is said to be a film buff who wants to take on Hollywood at its own game. To this end, the Saudi Film Commission has sought to undercut its neighbours Egypt and Morocco by offering considerable incentives to film-makers: a 40 per cent rebate on expenditure solely committed to the area, as opposed to the industry standard of 30 per cent. These pictures were to be filmed at Neom Media, a new and hugely expensive studio in Saudi Arabia’s $500bn “smart city” calling itself “the land of the future, where the greatest minds and best talents are empowered to embody pioneering ideas”.

The first Western-centric movie to be filmed and financed in Saudi Arabia was the 2023 Gerard Butler thriller Kandahar. It was not a huge success, but the generous rebate meant that a large proportion of its costs were absorbed even before release. Considerably more was riding on the success of Desert Warrior. Not only did it have a far bigger budget, but its combination of Western, A-list film-makers and Saudi locations and financing could have led to one of two outcomes: a fruitful collaboration between East and West or a disastrous clash of cultures.

Perhaps unsurprisingly, the latter ensued. “The film was very challenging to make, the hardest of my career,” said producer Jeremy Bolt. “We were shooting a battle-orientated period epic in beautiful-but-harsh desert locations. There was nothing there: no infrastructure, no crew and no equipment. We had to bring everything in, and often from other countries.” The efforts of all involved, he said, were “herculean”.

Much the same, of course, could have been said of Lawrence of Arabia, but that film at least had the wholehearted support of King Hussein for the scenes filmed in Jordan. However, Desert Warrior proved far more problematic. It was made clear by MBC that the picture had to be shot in Saudi rather than the initially suggested (and more convenient) Dubai, which presented huge logistical problems. As Wyatt told film magazine Screen International last year: “We ultimately found an area in north-west Saudi Arabia, right near the Jordanian border, called Tabuk. It had amazing infrastructure for living but not for film-making – there was no film-making infrastructure there at the time.”

Eric Hedayat, Desert Warrior’s American executive producer, has said: “It was hundreds of crew, thousands of extras, horses, camels, chasing and fighting in the desert.” Despite having Neom’s vast resources at the producers’ disposal, the shoot proved tricky. Production was not only delayed by Covid, with the film eventually being shot between September and Christmas 2021, but it used what Hedayat called “an insane number of pick-up trucks” to transport filming equipment, cast and crew, and the horses and camels needed for the huge battle scenes. Giant fans were deployed so the crew could use their sweltering hotel car park as a makeshift set. Vital equipment ended up stuck at Saudi border control, roads were built in the desert to transport vehicles, and crew had to be flown in from all over the world because of the absence of skilled local technicians.

It swiftly became clear that, with 49C heat, a multinational cast and crew and hundreds of extras, the film-makers had taken on a remarkably challenging project. “For all intents and purposes, we were totally on our own – no one had ever tried to make a film like that,” said Wyatt. “We brought everything in, and we ended up with about 40 different nationalities working on the film.” None of this came cheap. The original budget of $140m crept up, although MBC claim that the final cost was around $150m.

More problems came during a prolonged post-production process that saw Wyatt removed from the editing room altogether. It was suggested that he had tried to make a nuanced epic drama with a two-and-a-half-hour runtime, and that MBC, believing that this was not commercially viable, had panicked, fired him and tried to turn it into a more conventional two-hour action movie – a kind of Middle Eastern Braveheart – at the expense of narrative coherence.

Wyatt tactfully commented that it was “challenging”, especially after his main point of contact left MBC. “There were obviously some cultural thoughts and considerations \[MBC\] wanted to take into account. But in my opinion, as a white male person not from that region and not from that culture, the whole intention of the film, because we made it in English, was to make a human story.”

Whether by his own decision or because he was fired, Wyatt left the film – only to be rehired 18 months later. The final film, then, is Wyatt’s cut, but done amid considerable compromise and uncertainty from the production company, and the film’s lukewarm reception is testament to this. As industry publication The Hollywood Reporter caustically observed, “It’s easy to get the feeling that Desert Warrior is designed as much to show off the impressive locations and Saudi Arabian production values as to tell a compelling historical story.”

In 2024, Hollywood news outlet Deadline reported that a test screening had gone so badly that Desert Warrior might never see the light of day. Feedback from the preview was that “confusion loomed large”. And in a scene where another woman lightly touches Hart on the back of the neck in an intimate way, cultural controversies arose. As one anonymous insider told Deadline, “The Arabs were not \[enthusiastic\] about that.” Modernisation in the region has only gone so far. And following industry screenings, according to a report in entertainment magazine Vulture, the producers were told repeatedly: “There’s no audience for this movie after the Israel-Hamas war.”

The film was released to little fanfare in the US, with no promotional appearances from anyone involved; there’s no sign of a UK release date. But MBC has no intention of limiting its ambitions. Aiming towards the state-funded Saudi Arabia Vision 2030 project (which is rumoured to make alcohol available to Westerners, among other things, thereby making the idea of lengthy periods of filming more palatable), more film studios have been built, including PlayMaker, Jax and the state-of-the-art AlUla Studios – all intended to fulfil the state’s vision of 100 films being shot in the region by 2030. Hollywood producer Erik Feig has started a new Saudi-backed production company, Arena SNK Studios, that has a billion dollars’ worth of funding and is intended to make as broadly commercial projects as possible that will appeal to an international audience.

Despite the offer of rebates and the cutting-edge facilities, it seems unlikely that the region will be playing host to the new Marvel or Christopher Nolan productions any time soon. The highest-profile film is another period action epic, Unbroken Sword, from Game of Thrones director Alik Sakharov and focusing on another 7th-century Arabic saga, following the legendary general Khalid ibn al-Walid. It may be popular with a local audience, but the chances of it threatening the new Avengers film for box office supremacy in the US are extremely low.

It has not helped Saudi’s status as a Hollywood-friendly destination that Neom itself has long been mired in controversy. When several workers died during construction, Wayne Borg – the Hollywood executive hired to run the studio – allegedly called them “f---ing morons” and sighed, “That is why white people are at the top of the pecking order.” Borg, who subsequently left, was in good company. Neom’s former chief executive Nadhmi al-Nasr reportedly boasted, “I drive everybody like a slave”, a comment that many seem to have taken literally. He has also left the project.

Not only is the Saudi film industry unlikely to become the new Hollywood, but it might not even rival the likes of Bollywood or Nigeria’s Nollywood for local reach. The Crown Prince’s vision of the future is fast becoming a mirage.",0.8162,
1sx7jji,boxoffice,'The Sheep Detectives' Review Thread,"I will continue to update this post as reviews come in.

[**Rotten Tomatoes:**](https://www.rottentomatoes.com/m/the_sheep_detectives) Fresh

**Critics Consensus:** N/A

|Critics|Score|**Number of Reviews**|Average Rating (Unofficial)|
|:-|:-|:-|:-|
|**All Critics**|94%|34|6.50/10|
|**Top Critics**|100%|11||

[**Metacritic:**](https://www.metacritic.com/movie/the-sheep-detectives/) 66 (12 Reviews)

**Sample Reviews:**

Harry Stainer, Empire Magazine **3/5** \- These furry detectives are no Hercule Poir-ewe, but this eclectic, well-voiced herd takes on the case with enough earnestness to make it a yarn worth telling.

David Jenkins, Little White Lies **3/5** \- The whodunit element of the story feels like something of an afterthought, though Nicholas Braun as a pratfalling Clouseau-like local inspector who’s massively out of his depth is a nice touch.

Linda Marric, HeyUGuys **4/5** \- One of the film’s most interesting aspects is its subtle but clear vegetarian undertone. Without ever feeling preachy, it invites viewers to reconsider how animals are viewed and treated by the meat industry.

Kristy Puchko, Mashable - It's a feel-good movie that's sure to delight all ages.

Philip De Semlyen, Time Out **3/5** \- An irrepressibly jolly way to pass a couple of hours of lambing season.

Robbie Collin, Daily Telegraph (UK) **3/5** \- It’s a marshmallowy all-age confection, as fluffy as its ovine protagonists, even if some aspects are likely to elicit a species-appropriate meh-eh-eh-eh-eh.

Tim Grierson, AV Club **B** \- The Sheep Detectives evokes the sunny spirit of classics like Babe while teaching important lessons about death and community. And it contains a wonderful Julia Louis-Dreyfus performance as a smart sheep who discovers she’s got a lot to learn.

Clarisse Loughrey, Independent (UK) **3/5** \- It’s a bit much, to be frank. But at the time, the all-hands-aboard desire to take so absurd a premise and insist it be about something offers its Midsomer Murders-lite world a sense of weight and substance. The melodrama helps land the comedy.

Peter Bradshaw, Guardian **3/5** \- With a touch of Watership Down somewhere in the mix, this film, for some, may be off-putting. Actually, it makes for a sweet-natured family comedy, and a spiky and amusing cameo from Emma Thompson certainly doesn’t hurt.

Guy Lodge, Variety - There’s wisdom amid the silliness, as the story gently makes a case for the necessity of grief, mindfulness and mortal awareness... That’s more than you might expect from a film called The Sheep Detectives.

William Bibbiani, TheWrap - As cozy farm animal detective stories go, it simply can’t be bleat.

**SYNOPSIS:**

In this witty, new breed of mystery, George (Hugh Jackman) is a shepherd who reads detective novels to his beloved sheep every night, assuming they can’t possibly understand. But when a mysterious incident disrupts life on the farm, the sheep realise they must become the detectives. As they follow the clues and investigate human suspects, they prove that even sheep can be brilliant crime-solvers.

**CAST:**

* Hugh Jackman as George Hardy
* Nicholas Braun as Tim Derry
* Nicholas Galitzine as Elliot Matthews
* Molly Gordon as Rebecca Hampstead
* Hong Chau as Beth Pennock
* Emma Thompson as Lydia Harbottle
* Julia Louis-Dreyfus as Lily
* Bryan Cranston as Sebastian
* Chris O’Dowd as Mopple
* Regina Hall as Cloud
* Patrick Stewart as Sir Richfield
* Bella Ramsey as Zora
* Brett Goldstein as Reggie and Ronnie
* Rhys Darby as Wool-Eyes

**DIRECTED BY:** Kyle Balda

**SCREENPLAY BY:** Craig Mazin

**BASED ON THE NOVEL** ***THREE BAGS FULL*** **BY:** Leonie Swann

**PRODUCED BY:** Lindsay Doran, Tim Bevan, Eric Fellner

**EXECUTIVE PRODUCERS:** Sarah-Jane Wright, Amelia Granger, Aditya Sood, Tyson Hesse, Phil Lord, Christopher Miller, Tim Wellspring

**DIRECTOR OF PHOTOGRAPHY:** George Steel

**PRODUCTION DESIGNER:** Suzie Davies

**EDITED BY:** Paul Machliss, Martin Walsh, Al LeVine

**COSTUME DESIGNER:** Rosa Dias

**MUSIC BY:** David Newman

**CASTING BY:** Lucy Bevan, Emily Brockmann

**RUNTIME:** 109 Minutes

**RELEASE DATE:** May 8, 2026",284,124,1777304726.0,runway magazine film,theatrical_release,2026-04-27,"'The Sheep Detectives' Review Thread I will continue to update this post as reviews come in.

[**Rotten Tomatoes:**](https://www.rottentomatoes.com/m/the_sheep_detectives) Fresh

**Critics Consensus:** N/A

|Critics|Score|**Number of Reviews**|Average Rating (Unofficial)|
|:-|:-|:-|:-|
|**All Critics**|94%|34|6.50/10|
|**Top Critics**|100%|11||

[**Metacritic:**](https://www.metacritic.com/movie/the-sheep-detectives/) 66 (12 Reviews)

**Sample Reviews:**

Harry Stainer, Empire Magazine **3/5** \- These furry detectives are no Hercule Poir-ewe, but this eclectic, well-voiced herd takes on the case with enough earnestness to make it a yarn worth telling.

David Jenkins, Little White Lies **3/5** \- The whodunit element of the story feels like something of an afterthought, though Nicholas Braun as a pratfalling Clouseau-like local inspector who’s massively out of his depth is a nice touch.

Linda Marric, HeyUGuys **4/5** \- One of the film’s most interesting aspects is its subtle but clear vegetarian undertone. Without ever feeling preachy, it invites viewers to reconsider how animals are viewed and treated by the meat industry.

Kristy Puchko, Mashable - It's a feel-good movie that's sure to delight all ages.

Philip De Semlyen, Time Out **3/5** \- An irrepressibly jolly way to pass a couple of hours of lambing season.

Robbie Collin, Daily Telegraph (UK) **3/5** \- It’s a marshmallowy all-age confection, as fluffy as its ovine protagonists, even if some aspects are likely to elicit a species-appropriate meh-eh-eh-eh-eh.

Tim Grierson, AV Club **B** \- The Sheep Detectives evokes the sunny spirit of classics like Babe while teaching important lessons about death and community. And it contains a wonderful Julia Louis-Dreyfus performance as a smart sheep who discovers she’s got a lot to learn.

Clarisse Loughrey, Independent (UK) **3/5** \- It’s a bit much, to be frank. But at the time, the all-hands-aboard desire to take so absurd a premise and insist it be about something offers its Midsomer Murders-lite world a sense of weight and substance. The melodrama helps land the comedy.

Peter Bradshaw, Guardian **3/5** \- With a touch of Watership Down somewhere in the mix, this film, for some, may be off-putting. Actually, it makes for a sweet-natured family comedy, and a spiky and amusing cameo from Emma Thompson certainly doesn’t hurt.

Guy Lodge, Variety - There’s wisdom amid the silliness, as the story gently makes a case for the necessity of grief, mindfulness and mortal awareness... That’s more than you might expect from a film called The Sheep Detectives.

William Bibbiani, TheWrap - As cozy farm animal detective stories go, it simply can’t be bleat.

**SYNOPSIS:**

In this witty, new breed of mystery, George (Hugh Jackman) is a shepherd who reads detective novels to his beloved sheep every night, assuming they can’t possibly understand. But when a mysterious incident disrupts life on the farm, the sheep realise they must become the detectives. As they follow the clues and investigate human suspects, they prove that even sheep can be brilliant crime-solvers.

**CAST:**

* Hugh Jackman as George Hardy
* Nicholas Braun as Tim Derry
* Nicholas Galitzine as Elliot Matthews
* Molly Gordon as Rebecca Hampstead
* Hong Chau as Beth Pennock
* Emma Thompson as Lydia Harbottle
* Julia Louis-Dreyfus as Lily
* Bryan Cranston as Sebastian
* Chris O’Dowd as Mopple
* Regina Hall as Cloud
* Patrick Stewart as Sir Richfield
* Bella Ramsey as Zora
* Brett Goldstein as Reggie and Ronnie
* Rhys Darby as Wool-Eyes

**DIRECTED BY:** Kyle Balda

**SCREENPLAY BY:** Craig Mazin

**BASED ON THE NOVEL** ***THREE BAGS FULL*** **BY:** Leonie Swann

**PRODUCED BY:** Lindsay Doran, Tim Bevan, Eric Fellner

**EXECUTIVE PRODUCERS:** Sarah-Jane Wright, Amelia Granger, Aditya Sood, Tyson Hesse, Phil Lord, Christopher Miller, Tim Wellspring

**DIRECTOR OF PHOTOGRAPHY:** George Steel

**PRODUCTION DESIGNER:** Suzie Davies

**EDITED BY:** Paul Machliss, Martin Walsh, Al LeVine

**COSTUME DESIGNER:** Rosa Dias

**MUSIC BY:** David Newman

**CASTING BY:** Lucy Bevan, Emily Brockmann

**RUNTIME:** 109 Minutes

**RELEASE DATE:** May 8, 2026",0.9973,
1sxc2b9,musicals,"""Carrie"" The musical, but if I made a revival for it.","First off Is the song lists, and then I sort of formatted / summarized how it'd work? The paragraphs with bolded sentences/words at the start are entire songs and how they'd work / look  


Please share your thoughts on not only my version here, but also the other two versions lol. Also should I do more with this?? I have no plans this summer and I might be able to make it like a super long animatic lmfao

  
  
ACT 1



""Plug It Up"" – Ensemble  
""Carrie"" – Carrie White  
""Shouldn’t She Know?"" – Miss Gardner, Principal Stephens  
""Dear Lord"" – Carrie White  
""Open Your Heart"" – Reverend Bliss, Margaret, Carrie, Choir  
""And Eve Was Weak"" – Margaret, Carrie  
""You Stupid Shit"" – Chris, Billy, Ensemble  
""Evening Prayers"" – Carrie, Margaret  
""Dreamer in Disguise"" – Tommy  
""She Saw What I Didn’t See"" – Sue  
""Do Me a Favor"" – Sue, Chris, Tommy, Billy, Ensemble  
“I Can’t Go” - Carrie, Tommy  
""Sin Never Dies"" – Carrie, Margaret

  


ACT 2



""A Bucket Full"" – Carrie, Chris, Billy, Sue, Ensemble  
""You Shine"" – Tommy, Sue, Carrie  
""Why Not Me?"" – Carrie, Kids  
""I Knew It’d Be Red"" – Margaret, Carrie  
""Exodus 22:18"" – Margaret  
""In"" – Tommy, Carrie, Ensemble  
""To Hell"" – Carrie, Miss Gardner, Tommy, Ensemble  
""Dreamer in Disguise (Reprise)"" — Tommy, Carrie, Ensemble  
""This Ain’t No Game"" – Chris, Billy,  
""You Shine (Reprise)"" – Tommy, Carrie, Sue, Ensemble  
""The Destruction"" – Carrie, Ensemble  
""Thy Will Be Done"" – Margaret  
""The Weight Of Blood"" – Sue, Carrie, Ensemble

  
  
  
  
  
  
  
  
  
  


ACT 1

Sue is speaking in front of the white commission, explaining she never really spoke to Carrie before her period.



**PLUG IT UP** \- Everyone’s doing their own thing after gym while they’re walking to the showers. Chris is talking about her social media, asking everyone to plug her socials, Sue’s talking about how she’s having sex with Tommy and they’re telling her she’s plugging it up, etc. etc. Then Carrie gets her period and everyone harasses her.

Miss Gardner comes in and tries to settle everyone down, a light explodes. She takes Carrie to the office and Carrie is dismissed. She walks out of the office and everyone is snickering and laughing at her.   
  
**CARRIE** \- “That’s not my name!” Carrie yearns to get revenge and have a better life, this all takes place in a split second like a fantasy thing, she’s dancing with people, getting revenge, etc. etc. 

Carrie stops singing and time goes back to normal, everyone laughs and people start fizzling out, but not without bullying Carrie a bit more. She exits.

**SHOULDN’T SHE KNOW** \- Miss Gardner and Principal Stephens are discussing Carrie. He asks “Shouldn’t she know about her period?” and Miss Gardner explains Carrie has an incredibly troubled life.

**DEAR LORD** \- Carrie is walking home. She’s praying and hoping that Chris gets what she deserves. She then remembers a time when she was a kid, she saw her neighbor sunbathing and acknowledged her breasts, calling them “dirty pillows” and how her mom beat her up after.

**OPEN YOUR HEART** \- Carrie walks up onto her porch, she can hear her mothers music playing from outside. A guy rides by on a skateboard calling her Dirty Carrie. She focuses, the music swells, and he flies off his skateboard. She quickly runs into the house, her mother is folding laundry and singing to the radio. Margaret tells Carrie to join and she does. 

The song ends and a different song comes on. Margaret switches it off quickly, saying “damn that methodist music.” She asks Carrie how her day was and before Carrie can answer she says Misses Snell came by with an order for Sue’s graduation photos, and said she took it because they need the extra money. Carrie tries to talk but the phone rings and Margaret answers it, her demeanor changes quickly. She slowly places the phone down and they sit in silence. Margaret says “You’re a woman now.” She picks up a bible lying beside the phone, turns around, and hits Carrie with it.



**AND EVE WAS WEAK** \- Margaret begins reciting a fake scripture to Carrie about how menstrual cycles are a sin and sins should be punished and as such Margaret must punish Carrie. Carrie pleads, saying she thought she was dying and she was being bullied. Margaret beats her and harasses her with more scripture, and throws Carrie into her closet to pray.



**YOU STUPID SHIT** \- Chris and Billy pull into a drive in movie. Everyone in their vehicles around them are flirting, making out, etc. Chris is doing her makeup and Billy is trying to kiss her, she pushes him and calls him a Stupid Shit. They argue, Chris talks about Carrie, and they begin making out.

**EVENING PRAYERS** \- Carrie prays in her closet and discovers her powers. Margaret prays from the other room, and the two duet. Margaret lets Carrie out of her closet and sends her to bed.

Sue, in front of the white commission, explains that the first time she tried to talk to Carrie was in literature class.

The teacher tells everyone to sit down. He asks if anyone would present their homework poem and immediately picks tommy. 

**DREAMER IN DISGUISE** \- Tommy sings his poem.

Everyone laughs but Carrie says it’s beautiful. People start throwing things at her then the bell rings. Sue approaches Carrie and says she thought Tommy’s poem was good, as well. Carrie looks at her and remains silent. Sue says she’s sorry but Carrie interrupts. She says that she isn’t. If she was really sorry, she wouldn’t have done that. And she would’ve stood up for her when everyone was just now throwing things at her. Carrie says Sue isn’t sorry, she says she’s a coward. And then Carrie walks away. 

**SHE SAW WHAT I DIDN’T SEE** \- Sue is perplexed and realizes Carrie is right. She thinks to herself about how she always took the easy route, and never did what was right when it was the harder choice. She realizes Carrie saw she was a coward before she even saw it herself.

Miss Gardner gathers up the girls and tells them they’ve got detention. She explains that they’ll have to do it or they aren’t going to prom. Chris freaks out and tries to fight Miss Gardner, she stops Chris and slaps her across the face. She tells Chris she’s out of the prom and Chris storms off.



**DO ME A FAVOR** \- Carrie begins practicing her telekinesis. Sue asks Tommy to take Carrie to Prom, Chris asks Billy for a favor.



**I CAN’T GO** \- Carrie is cleaning her closet when the doorbell rings. She goes to answer it and Tommy is there. He asks her to go to prom with him and she rejects him, and begins to close the door. He pushes it back open and asks why. She asks if this is a prank, he explains it's not. She says she can’t go because her mom wouldn’t let her, he says it doesn’t matter and explains he won’t leave until she agrees, so she does.

Margret asks Carrie who was at the door. Carrie says it was nobody and she sits down in her chair at the dining room table. Margaret asks if she’s already done cleaning her closet and Carrie says she isn’t, she’s just taking a break because the pie is finished. Carrie asks Margaret what she thinks of prom.

**SIN NEVER DIES** \- Margaret throws her tea on Carrie saying prom is sinful and thinking about sin is just as bad as sin itself. Carrie asks why prom is sinful. Margaret says after the blood comes the boys and they’ll sniff her out like fresh meat and draw her into their sinful lust. Carrie says she was invited to the prom. Margaret says decline. Carrie says no, she’s going. Margaret stands up, yelling SIN NEVER DIES! And saying Carrie’s sin will catch up to her. Carrie says to sit down and talk but Margaret begins to storm off. Carrie yells to just sit down and talk to her, and the dining room table flies across the room. Margaret calls Carrie a witch and Carrie says no, she’s not a witch. Margaret says this is Carrie’s sin, and Carrie drags Margaret across the floor and throws her into her chair. Carrie says she’s going to the prom, and she doesn’t want to talk about it anymore, and exits.

  
  
  


ACT 2

  
  


Sue explains to the white commission that she had nothing to do with the prank.

**A BUCKET FULL** \- Chris and Billy are at a pig farm, they’re talking about their prank. Carrie is at a drug store trying lipstick samples, and Sue enters. She explains to Carrie how to use lipstick and the two bond. Chris says she wants a bucket full of pigs blood for that ugly fat pig. Sue invites Carrie to her house to get to know Tommy, and to decide what they’ll wear for the prom.

  


Carrie goes to Sue’s house and formally meets Tommy. Tommy and Sue were being really nice to Carrie and she accidentally moves the couch with her mind due to nerves. She explains she’s not a witch and she’s not sinful, but Tommy and Sue comfort her and tell her it’s okay, and that it’s actually pretty cool.

**YOU SHINE** \- Carrie’s smiles and the three of them suddenly know everything about eachother. Sue says it’s because Carrie’s smile shined so bright it connected the three of them. Carrie says their kindness shined so bright it opened her mind to brand new possibilities. Tommy says the two of them had beauty that shined so bright he just wanted to be there, in that moment. They all began to tell eachother why they shine to eachother, and they all hug.



There’s a short sequence of Chris and Billy hanging the bucket.



Carrie is at home, making her dress. Sue is there helping her, and the two are having a great time. Sue asks Carrie if she’s nervous. Carrie puts the last stitch in the dress and puts it on the mannequin.

**WHY NOT ME** \- Carrie sits down and looks at Sue. She begins explaining that she was never invited to things like this, and when she was it was always a prank or a way to bully her. But with these newfound powers and friends, she feels like she can do anything. She feels that if other girls can do it then why can’t she? She says that no matter what, her night will be great. Because if it is for the other girls, why can’t it be for her, as well.

Sue helps Carrie into her dress and gets choked up. She says Carrie looks beautiful. Carrie smiles and nods, saying thank you. The phone rings downstairs and after a moment, Margaret enters the room. “Miss Snell, it’s for you.” Sue and Carrie look at each other and giggle. She tells Carrie good luck and Carrie hugs her, saying thank you. Sue exits and Margaret fully enters the room.

**I KNEW IT’D BE RED** \- Margaret tells Carrie she knew her dress would be red. Carrie says it’s pink, and to stop trying to ruin her night. Margaret says they’ll make fun of her and laugh at her. She tells Carrie that she can see the sin on her flesh and Carrie’s time is coming. Margaret continues to ramble as Carrie walks, pushing her out of the house and saying sorry. The song ends with Carrie standing on the front porch, Margaret walking away and Tommy walking up.

Sue tells the white commission that she had never seen someone so happy before.

Carrie and Tommy enter the gym. Carrie is in awe at the place, and says she’s trying to take it in. People begin crowding Carrie and complimenting her. Miss Gardner pushes through and grabs Carrie. She takes her to a table and sits her down. Tommy follows. Miss Gardner tells Carrie she’s beautiful and explains her senior prom, and the three laugh together.

**EXODUS 22:18** \- Margaret re-enters the house. She talks to herself, about bible verses. Then tells herself “thou shall not suffer a witch to live.” And she begins planning to kill Carrie.

**IN** \- Carrie and Tommy slow dance. She explains that she’s finally starting to fit in. Tommy says he’ll make sure she does from now on. He says he loves her, and kisses her head. She says not to, because he’s dating Sue. Tommy says he knows that all three of them want to date each other. Carrie says it’s wrong. Tommy says we’ll make it work, that it doesn’t matter if people think it’s wrong. Carrie says he’s right. They both agree that after tonight, they don’t have to fit in.

Someone announces to the prom that it’s time to vote for King and Queen. Carrie and Tommy sit down, and Carrie is shocked, explaining they’re on the ballots. Tommy and Miss Gardner explain it’s fine and it doesn’t really mean too much if they win.

**TO HELL** \- Miss Gardner and Tommy say they should vote for themselves, to hell with false modesty! And Carrie agrees. They vote for themselves.

Tommy and Carrie win prom king and Queen

**DREAMER IN DISGUISE (REPRISE)** Carrie and Tommy duet about how they never thought they’d get to do stuff like this, and are very happy. They go to the dance floor and dance.

**THIS AIN’T NO GAME** \- Chris and Billy are in the rafters, explaining the prank. Billy says this ain't no game, and they’ll get into big trouble if this gets out. Chris tells him to shut up.



Sue shows up and stands outside the door, looking into the windows. 

**YOU SHINE (REPRISE)** Carrie and Tommy step onto the stage. The three of them feel each other and Tommy and Carrie look out to the door, seeing Sue. The three of them sing about how they’re all shining in that moment, while Tommy and Carrie are crowned king and queen. As the music swells and their voices get louder, the bucket spills and the lights go out.

**THE DESTRUCTION** \- The sound of the bucket hitting Tommy's head is heard, and the lights come on. We see him dead on the stage and Carrie is covered in blood. She begins to panic, reprising tons of lyrics she sang throughout the show as she spirals into insanity. The doors slam shut and she reprises And Eve was Weak. Explosions begin, people are screaming and dying. The lights flicker and flash, revealing Carrie killing people with her powers in different ways with each flash. We hear the sprinklers set off. Then we see the giant score board fall into the water on the floor. The flashing stops, we see Carrie standing and smiling as everyone around her is being electrocuted. The lights go out quickly again and while it’s dark, a giant wall lowers on the stage, representing the outside of the gym. We see fire rise from behind the windows. The lights slowly fade back in, onto the gym wall. The doors swing open and the fire parts, Carrie walks out of the building and turns to walk down the road. The doors slam shut behind her and as she exits the stage. the lights cut out again, the music fades, and the screams slowly get quieter and quieter.



Sue is talking at the White Commission, about how that was the last time she had ever seen Carrie White. She is dismissed.



The bathroom is empty, we can hear explosions in the distance and lights are flashing outside the window. The bathtub turns on by itself, then Carrie walks in. She's glowing red at this point. She climbs into the bath and rests. Margaret walks in

**THY WILL BE DONE** \- Margaret rests beside the tub, looking at Carrie. She begins singing about Carrie’s sin, and how she should’ve killed Carrie when she was born. Then, Margaret began to recite the lord's prayer and she shoves Carrie’s head under the water, drowning her. Carrie begins thrashing around. The bathtub scoots across the floor and the wall splits open, then Carrie goes limp. Margaret turns away, but keeps her hand on the edge of the bath. Suddenly, Carrie’s hand grabs Margaret’s wrist and she yanks her close. She puts her other arm on Margaret’s chest. Margaret begins to whimper and scream, the red glow around Carrie engulfs the both of them. Then, the red light closes in on Carrie’s hand, and Margaret freezes up and dies, Carrie had stopped her heart. Margaret’s body falls backward, and Carrie’s arm falls as well.



There’s silence. We hear a car pull into the driveway, doors open, running, and we hear Sue calling for Carrie, saying they’re dead, they’re all dead. She enters the bathroom and sees Margaret and Carrie dead. Sue shrieks. She pulls Carrie out of the tub and begins rescue breaths. Water bubbles out of Carrie’s mouth and she wakes up. She asks Sue what happened. Sue tells her that she killed almost everyone in Chamberlain, and that they need to go. Carrie started crying and Sue held her.

**THE WEIGHT OF BLOOD** \- Sue earnestly apologizes, Carrie apologizes as well. They reminisce on the life they could’ve had together with Tommy after prom, but realize they need to move on. Sue explains that the weight of blood isn't heavier than love. 

Sue tells Carrie they need to leave, to a place where nobody knows them so that they can live different lives, but stay together. The scene cuts to Carrie and Sue sleeping in a bed. (The set is upright, like the opening of hairspray.) Carrie looks completely different. The phone on Sue’s bedside table rings, and she answers it. It’s the White Commission, asking if she’ll come in for an interview. Then, the show ends.

",0,4,1777314125.0,devil wears prada 2,theatrical_release,2026-04-27,"""Carrie"" The musical, but if I made a revival for it. First off Is the song lists, and then I sort of formatted / summarized how it'd work? The paragraphs with bolded sentences/words at the start are entire songs and how they'd work / look  


Please share your thoughts on not only my version here, but also the other two versions lol. Also should I do more with this?? I have no plans this summer and I might be able to make it like a super long animatic lmfao

  
  
ACT 1



""Plug It Up"" – Ensemble  
""Carrie"" – Carrie White  
""Shouldn’t She Know?"" – Miss Gardner, Principal Stephens  
""Dear Lord"" – Carrie White  
""Open Your Heart"" – Reverend Bliss, Margaret, Carrie, Choir  
""And Eve Was Weak"" – Margaret, Carrie  
""You Stupid Shit"" – Chris, Billy, Ensemble  
""Evening Prayers"" – Carrie, Margaret  
""Dreamer in Disguise"" – Tommy  
""She Saw What I Didn’t See"" – Sue  
""Do Me a Favor"" – Sue, Chris, Tommy, Billy, Ensemble  
“I Can’t Go” - Carrie, Tommy  
""Sin Never Dies"" – Carrie, Margaret

  


ACT 2



""A Bucket Full"" – Carrie, Chris, Billy, Sue, Ensemble  
""You Shine"" – Tommy, Sue, Carrie  
""Why Not Me?"" – Carrie, Kids  
""I Knew It’d Be Red"" – Margaret, Carrie  
""Exodus 22:18"" – Margaret  
""In"" – Tommy, Carrie, Ensemble  
""To Hell"" – Carrie, Miss Gardner, Tommy, Ensemble  
""Dreamer in Disguise (Reprise)"" — Tommy, Carrie, Ensemble  
""This Ain’t No Game"" – Chris, Billy,  
""You Shine (Reprise)"" – Tommy, Carrie, Sue, Ensemble  
""The Destruction"" – Carrie, Ensemble  
""Thy Will Be Done"" – Margaret  
""The Weight Of Blood"" – Sue, Carrie, Ensemble

  
  
  
  
  
  
  
  
  
  


ACT 1

Sue is speaking in front of the white commission, explaining she never really spoke to Carrie before her period.



**PLUG IT UP** \- Everyone’s doing their own thing after gym while they’re walking to the showers. Chris is talking about her social media, asking everyone to plug her socials, Sue’s talking about how she’s having sex with Tommy and they’re telling her she’s plugging it up, etc. etc. Then Carrie gets her period and everyone harasses her.

Miss Gardner comes in and tries to settle everyone down, a light explodes. She takes Carrie to the office and Carrie is dismissed. She walks out of the office and everyone is snickering and laughing at her.   
  
**CARRIE** \- “That’s not my name!” Carrie yearns to get revenge and have a better life, this all takes place in a split second like a fantasy thing, she’s dancing with people, getting revenge, etc. etc. 

Carrie stops singing and time goes back to normal, everyone laughs and people start fizzling out, but not without bullying Carrie a bit more. She exits.

**SHOULDN’T SHE KNOW** \- Miss Gardner and Principal Stephens are discussing Carrie. He asks “Shouldn’t she know about her period?” and Miss Gardner explains Carrie has an incredibly troubled life.

**DEAR LORD** \- Carrie is walking home. She’s praying and hoping that Chris gets what she deserves. She then remembers a time when she was a kid, she saw her neighbor sunbathing and acknowledged her breasts, calling them “dirty pillows” and how her mom beat her up after.

**OPEN YOUR HEART** \- Carrie walks up onto her porch, she can hear her mothers music playing from outside. A guy rides by on a skateboard calling her Dirty Carrie. She focuses, the music swells, and he flies off his skateboard. She quickly runs into the house, her mother is folding laundry and singing to the radio. Margaret tells Carrie to join and she does. 

The song ends and a different song comes on. Margaret switches it off quickly, saying “damn that methodist music.” She asks Carrie how her day was and before Carrie can answer she says Misses Snell came by with an order for Sue’s graduation photos, and said she took it because they need the extra money. Carrie tries to talk but the phone rings and Margaret answers it, her demeanor changes quickly. She slowly places the phone down and they sit in silence. Margaret says “You’re a woman now.” She picks up a bible lying beside the phone, turns around, and hits Carrie with it.



**AND EVE WAS WEAK** \- Margaret begins reciting a fake scripture to Carrie about how menstrual cycles are a sin and sins should be punished and as such Margaret must punish Carrie. Carrie pleads, saying she thought she was dying and she was being bullied. Margaret beats her and harasses her with more scripture, and throws Carrie into her closet to pray.



**YOU STUPID SHIT** \- Chris and Billy pull into a drive in movie. Everyone in their vehicles around them are flirting, making out, etc. Chris is doing her makeup and Billy is trying to kiss her, she pushes him and calls him a Stupid Shit. They argue, Chris talks about Carrie, and they begin making out.

**EVENING PRAYERS** \- Carrie prays in her closet and discovers her powers. Margaret prays from the other room, and the two duet. Margaret lets Carrie out of her closet and sends her to bed.

Sue, in front of the white commission, explains that the first time she tried to talk to Carrie was in literature class.

The teacher tells everyone to sit down. He asks if anyone would present their homework poem and immediately picks tommy. 

**DREAMER IN DISGUISE** \- Tommy sings his poem.

Everyone laughs but Carrie says it’s beautiful. People start throwing things at her then the bell rings. Sue approaches Carrie and says she thought Tommy’s poem was good, as well. Carrie looks at her and remains silent. Sue says she’s sorry but Carrie interrupts. She says that she isn’t. If she was really sorry, she wouldn’t have done that. And she would’ve stood up for her when everyone was just now throwing things at her. Carrie says Sue isn’t sorry, she says she’s a coward. And then Carrie walks away. 

**SHE SAW WHAT I DIDN’T SEE** \- Sue is perplexed and realizes Carrie is right. She thinks to herself about how she always took the easy route, and never did what was right when it was the harder choice. She realizes Carrie saw she was a coward before she even saw it herself.

Miss Gardner gathers up the girls and tells them they’ve got detention. She explains that they’ll have to do it or they aren’t going to prom. Chris freaks out and tries to fight Miss Gardner, she stops Chris and slaps her across the face. She tells Chris she’s out of the prom and Chris storms off.



**DO ME A FAVOR** \- Carrie begins practicing her telekinesis. Sue asks Tommy to take Carrie to Prom, Chris asks Billy for a favor.



**I CAN’T GO** \- Carrie is cleaning her closet when the doorbell rings. She goes to answer it and Tommy is there. He asks her to go to prom with him and she rejects him, and begins to close the door. He pushes it back open and asks why. She asks if this is a prank, he explains it's not. She says she can’t go because her mom wouldn’t let her, he says it doesn’t matter and explains he won’t leave until she agrees, so she does.

Margret asks Carrie who was at the door. Carrie says it was nobody and she sits down in her chair at the dining room table. Margaret asks if she’s already done cleaning her closet and Carrie says she isn’t, she’s just taking a break because the pie is finished. Carrie asks Margaret what she thinks of prom.

**SIN NEVER DIES** \- Margaret throws her tea on Carrie saying prom is sinful and thinking about sin is just as bad as sin itself. Carrie asks why prom is sinful. Margaret says after the blood comes the boys and they’ll sniff her out like fresh meat and draw her into their sinful lust. Carrie says she was invited to the prom. Margaret says decline. Carrie says no, she’s going. Margaret stands up, yelling SIN NEVER DIES! And saying Carrie’s sin will catch up to her. Carrie says to sit down and talk but Margaret begins to storm off. Carrie yells to just sit down and talk to her, and the dining room table flies across the room. Margaret calls Carrie a witch and Carrie says no, she’s not a witch. Margaret says this is Carrie’s sin, and Carrie drags Margaret across the floor and throws her into her chair. Carrie says she’s going to the prom, and she doesn’t want to talk about it anymore, and exits.

  
  
  


ACT 2

  
  


Sue explains to the white commission that she had nothing to do with the prank.

**A BUCKET FULL** \- Chris and Billy are at a pig farm, they’re talking about their prank. Carrie is at a drug store trying lipstick samples, and Sue enters. She explains to Carrie how to use lipstick and the two bond. Chris says she wants a bucket full of pigs blood for that ugly fat pig. Sue invites Carrie to her house to get to know Tommy, and to decide what they’ll wear for the prom.

  


Carrie goes to Sue’s house and formally meets Tommy. Tommy and Sue were being really nice to Carrie and she accidentally moves the couch with her mind due to nerves. She explains she’s not a witch and she’s not sinful, but Tommy and Sue comfort her and tell her it’s okay, and that it’s actually pretty cool.

**YOU SHINE** \- Carrie’s smiles and the three of them suddenly know everything about eachother. Sue says it’s because Carrie’s smile shined so bright it connected the three of them. Carrie says their kindness shined so bright it opened her mind to brand new possibilities. Tommy says the two of them had beauty that shined so bright he just wanted to be there, in that moment. They all began to tell eachother why they shine to eachother, and they all hug.



There’s a short sequence of Chris and Billy hanging the bucket.



Carrie is at home, making her dress. Sue is there helping her, and the two are having a great time. Sue asks Carrie if she’s nervous. Carrie puts the last stitch in the dress and puts it on the mannequin.

**WHY NOT ME** \- Carrie sits down and looks at Sue. She begins explaining that she was never invited to things like this, and when she was it was always a prank or a way to bully her. But with these newfound powers and friends, she feels like she can do anything. She feels that if other girls can do it then why can’t she? She says that no matter what, her night will be great. Because if it is for the other girls, why can’t it be for her, as well.

Sue helps Carrie into her dress and gets choked up. She says Carrie looks beautiful. Carrie smiles and nods, saying thank you. The phone rings downstairs and after a moment, Margaret enters the room. “Miss Snell, it’s for you.” Sue and Carrie look at each other and giggle. She tells Carrie good luck and Carrie hugs her, saying thank you. Sue exits and Margaret fully enters the room.

**I KNEW IT’D BE RED** \- Margaret tells Carrie she knew her dress would be red. Carrie says it’s pink, and to stop trying to ruin her night. Margaret says they’ll make fun of her and laugh at her. She tells Carrie that she can see the sin on her flesh and Carrie’s time is coming. Margaret continues to ramble as Carrie walks, pushing her out of the house and saying sorry. The song ends with Carrie standing on the front porch, Margaret walking away and Tommy walking up.

Sue tells the white commission that she had never seen someone so happy before.

Carrie and Tommy enter the gym. Carrie is in awe at the place, and says she’s trying to take it in. People begin crowding Carrie and complimenting her. Miss Gardner pushes through and grabs Carrie. She takes her to a table and sits her down. Tommy follows. Miss Gardner tells Carrie she’s beautiful and explains her senior prom, and the three laugh together.

**EXODUS 22:18** \- Margaret re-enters the house. She talks to herself, about bible verses. Then tells herself “thou shall not suffer a witch to live.” And she begins planning to kill Carrie.

**IN** \- Carrie and Tommy slow dance. She explains that she’s finally starting to fit in. Tommy says he’ll make sure she does from now on. He says he loves her, and kisses her head. She says not to, because he’s dating Sue. Tommy says he knows that all three of them want to date each other. Carrie says it’s wrong. Tommy says we’ll make it work, that it doesn’t matter if people think it’s wrong. Carrie says he’s right. They both agree that after tonight, they don’t have to fit in.

Someone announces to the prom that it’s time to vote for King and Queen. Carrie and Tommy sit down, and Carrie is shocked, explaining they’re on the ballots. Tommy and Miss Gardner explain it’s fine and it doesn’t really mean too much if they win.

**TO HELL** \- Miss Gardner and Tommy say they should vote for themselves, to hell with false modesty! And Carrie agrees. They vote for themselves.

Tommy and Carrie win prom king and Queen

**DREAMER IN DISGUISE (REPRISE)** Carrie and Tommy duet about how they never thought they’d get to do stuff like this, and are very happy. They go to the dance floor and dance.

**THIS AIN’T NO GAME** \- Chris and Billy are in the rafters, explaining the prank. Billy says this ain't no game, and they’ll get into big trouble if this gets out. Chris tells him to shut up.



Sue shows up and stands outside the door, looking into the windows. 

**YOU SHINE (REPRISE)** Carrie and Tommy step onto the stage. The three of them feel each other and Tommy and Carrie look out to the door, seeing Sue. The three of them sing about how they’re all shining in that moment, while Tommy and Carrie are crowned king and queen. As the music swells and their voices get louder, the bucket spills and the lights go out.

**THE DESTRUCTION** \- The sound of the bucket hitting Tommy's head is heard, and the lights come on. We see him dead on the stage and Carrie is covered in blood. She begins to panic, reprising tons of lyrics she sang throughout the show as she spirals into insanity. The doors slam shut and she reprises And Eve was Weak. Explosions begin, people are screaming and dying. The lights flicker and flash, revealing Carrie killing people with her powers in different ways with each flash. We hear the sprinklers set off. Then we see the giant score board fall into the water on the floor. The flashing stops, we see Carrie standing and smiling as everyone around her is being electrocuted. The lights go out quickly again and while it’s dark, a giant wall lowers on the stage, representing the outside of the gym. We see fire rise from behind the windows. The lights slowly fade back in, onto the gym wall. The doors swing open and the fire parts, Carrie walks out of the building and turns to walk down the road. The doors slam shut behind her and as she exits the stage. the lights cut out again, the music fades, and the screams slowly get quieter and quieter.



Sue is talking at the White Commission, about how that was the last time she had ever seen Carrie White. She is dismissed.



The bathroom is empty, we can hear explosions in the distance and lights are flashing outside the window. The bathtub turns on by itself, then Carrie walks in. She's glowing red at this point. She climbs into the bath and rests. Margaret walks in

**THY WILL BE DONE** \- Margaret rests beside the tub, looking at Carrie. She begins singing about Carrie’s sin, and how she should’ve killed Carrie when she was born. Then, Margaret began to recite the lord's prayer and she shoves Carrie’s head under the water, drowning her. Carrie begins thrashing around. The bathtub scoots across the floor and the wall splits open, then Carrie goes limp. Margaret turns away, but keeps her hand on the edge of the bath. Suddenly, Carrie’s hand grabs Margaret’s wrist and she yanks her close. She puts her other arm on Margaret’s chest. Margaret begins to whimper and scream, the red glow around Carrie engulfs the both of them. Then, the red light closes in on Carrie’s hand, and Margaret freezes up and dies, Carrie had stopped her heart. Margaret’s body falls backward, and Carrie’s arm falls as well.



There’s silence. We hear a car pull into the driveway, doors open, running, and we hear Sue calling for Carrie, saying they’re dead, they’re all dead. She enters the bathroom and sees Margaret and Carrie dead. Sue shrieks. She pulls Carrie out of the tub and begins rescue breaths. Water bubbles out of Carrie’s mouth and she wakes up. She asks Sue what happened. Sue tells her that she killed almost everyone in Chamberlain, and that they need to go. Carrie started crying and Sue held her.

**THE WEIGHT OF BLOOD** \- Sue earnestly apologizes, Carrie apologizes as well. They reminisce on the life they could’ve had together with Tommy after prom, but realize they need to move on. Sue explains that the weight of blood isn't heavier than love. 

Sue tells Carrie they need to leave, to a place where nobody knows them so that they can live different lives, but stay together. The scene cuts to Carrie and Sue sleeping in a bed. (The set is upright, like the opening of hairspray.) Carrie looks completely different. The phone on Sue’s bedside table rings, and she answers it. It’s the White Commission, asking if she’ll come in for an interview. Then, the show ends.",-0.996,
1svr2ne,musicals,The Devil Wears Prada Musical - Taila Halford reveals all about the show!,,2,1,1777159054.0,devil wears prada 2,theatrical_release,2026-04-25,The Devil Wears Prada Musical - Taila Halford reveals all about the show!,-0.69,
1szvztd,westend,Starlight Express closes this weekend! Is it worth the trek to Wembley?,"I’ve been putting it off because it’s out in Wembley, but since it closes on Sunday (May 3rd), I’m panic buying a ticket. For the people who have seen this 40th anniversary production, is the futuristic twist actually good, or should I have just stayed in the West End for The Devil Wears Prada? I’m worried that as a first-timer, a musical about trains on roller skates is going to be a bit much. Am I going to regret the 40 minute Jubilee line trip?",4,19,1777555430.0,devil wears prada 2,theatrical_release,2026-04-30,"Starlight Express closes this weekend! Is it worth the trek to Wembley? I’ve been putting it off because it’s out in Wembley, but since it closes on Sunday (May 3rd), I’m panic buying a ticket. For the people who have seen this 40th anniversary production, is the futuristic twist actually good, or should I have just stayed in the West End for The Devil Wears Prada? I’m worried that as a first-timer, a musical about trains on roller skates is going to be a bit much. Am I going to regret the 40 minute Jubilee line trip?",-0.9391,
