id,subreddit,title,text,score,num_comments,created_utc,query,event,date,combined_text
1srddvv,fashion,I need advice!,"So I have been summoned to a formal meeting, and as I have fluctuated a lot in weight recently, I currently do not own anything that fits properly. This is what I could rummage from my wardrobe. My suits don't fit at all...they are at least 2 sizes small! Thoughts about this outfit? Formal enough? Do not wear?

Tia!",8,31,1776745849.0,devil wears prada 2,nyc_premiere,2026-04-21,"I need advice! So I have been summoned to a formal meeting, and as I have fluctuated a lot in weight recently, I currently do not own anything that fits properly. This is what I could rummage from my wardrobe. My suits don't fit at all...they are at least 2 sizes small! Thoughts about this outfit? Formal enough? Do not wear?

Tia!"
1sq5rh5,fashion,Keep this set or return? I want to wear it for hosting a fashion event (related to Devil Wears Prada 2),I like these platform shoes but open for suggestions. ,4426,1006,1776634244.0,devil wears prada 2,nyc_premiere,2026-04-19,Keep this set or return? I want to wear it for hosting a fashion event (related to Devil Wears Prada 2) I like these platform shoes but open for suggestions.
1sof9rn,fashion,Birthday outfit for the aquarium,"Hi y’all! So it’s my birthday today and I’m planning to go to the aquarium with my friends to celebrate and it’s very rainy and cold today so I wanna wear smth that feels semi-formal and warm. I came up with the following renditions with 2 of my sweaters

Lemme know which makes sense the most. Also! which bag matches most",80,77,1776463783.0,devil wears prada 2,nyc_premiere,2026-04-17,"Birthday outfit for the aquarium Hi y’all! So it’s my birthday today and I’m planning to go to the aquarium with my friends to celebrate and it’s very rainy and cold today so I wanna wear smth that feels semi-formal and warm. I came up with the following renditions with 2 of my sweaters

Lemme know which makes sense the most. Also! which bag matches most"
1snl6fx,fashion,wedding guest dress decision,pls help me decide which dress to wear. wedding is in 2 days lol (i’ve never been to a wedding before) it’s also not at a church just a venue. 4th pic shows off the back of the dress in the 3rd pic. both the 1st and second dress are regular in the back. ,1089,522,1776385078.0,devil wears prada 2,nyc_premiere,2026-04-17,wedding guest dress decision pls help me decide which dress to wear. wedding is in 2 days lol (i’ve never been to a wedding before) it’s also not at a church just a venue. 4th pic shows off the back of the dress in the 3rd pic. both the 1st and second dress are regular in the back.
1sml3oc,fashion,Did I Still Eat Up Junior Prom? 😜 (embarrassing story included),"(last 2 slides are what I WANTED to wear 💔) What do y'all think? The purse is vintage Thierry Mugler, the sunglasses and brooch are from Temu, and the shirt and blazer were thrifted for like $20 total. I also switched into heels (also from Temu 😭✌🏽) for about an hour at the end. 

The glasses, heels, and bag were supposed to be ACCESSORIES to the Mugler × H&amp;M skirtsuit in the last 2 slides. I brought everything in a tote bag to change into because my family CAN NOT find out about me wearing women's clothes. It fits me very tightly, but I knew exactly what movements I could and couldn't make. I can still put it on right now, but for some reason, every time I stepped out of the bathroom, the buttons IMMEDIATELY burst open. I couldn't even get them closed. I started sweating like crazy trying to close the buttons, and everyone could see me. 

I had to go back to the bathroom and change into my backup outfit. And the stall doors were literally fucking 4 FEET TALL so all DA BOYZ saw me changing. And tell me why the cleaning lady HADD to clean it the moment I was changing? they were trying to rush me out while I was having a wardrobe malfunction. Anyway, I still had fun (: ",203,39,1776291993.0,devil wears prada 2,nyc_premiere,2026-04-15,"Did I Still Eat Up Junior Prom? 😜 (embarrassing story included) (last 2 slides are what I WANTED to wear 💔) What do y'all think? The purse is vintage Thierry Mugler, the sunglasses and brooch are from Temu, and the shirt and blazer were thrifted for like $20 total. I also switched into heels (also from Temu 😭✌🏽) for about an hour at the end. 

The glasses, heels, and bag were supposed to be ACCESSORIES to the Mugler × H&amp;M skirtsuit in the last 2 slides. I brought everything in a tote bag to change into because my family CAN NOT find out about me wearing women's clothes. It fits me very tightly, but I knew exactly what movements I could and couldn't make. I can still put it on right now, but for some reason, every time I stepped out of the bathroom, the buttons IMMEDIATELY burst open. I couldn't even get them closed. I started sweating like crazy trying to close the buttons, and everyone could see me. 

I had to go back to the bathroom and change into my backup outfit. And the stall doors were literally fucking 4 FEET TALL so all DA BOYZ saw me changing. And tell me why the cleaning lady HADD to clean it the moment I was changing? they were trying to rush me out while I was having a wardrobe malfunction. Anyway, I still had fun (:"
1slo0sm,fashion,Advice on shoes for this dress,The dress is a brighter jade then in the pic. Planning to wear this to wedding next month and not sure what type of shoes would go well with this style and color. Dress code is cocktail. I was thinking maybe a low black heal? My knees are bad so trying to avoid a heal over 2 inches ,7,8,1776206430.0,devil wears prada 2,nyc_premiere,2026-04-14,Advice on shoes for this dress The dress is a brighter jade then in the pic. Planning to wear this to wedding next month and not sure what type of shoes would go well with this style and color. Dress code is cocktail. I was thinking maybe a low black heal? My knees are bad so trying to avoid a heal over 2 inches
1slah4y,fashion,Does this dress fit/look okay? Or get rid of it?,"Thanks for all the ideas! Tried white tennis shoes with it, and I love it! Going to get a Jean Jacket and try that too! Planning to keep it now that I have some ideas on how to wear it more casually.   




I was planning to get rid of this dress, but I am curious what you all think of this dress first. Is it better than the other 2 I posted? I wore it to a wedding a few years back and I haven’t worn it since because I always felt it was a little over the top and I don’t love where it cuts off on my legs. I do love the color of it though!

It’s definitely a better quality dress (dress the population), but not sure it fits me well either. lol at this point I am just wondering if I need to overhaul my closet.",67,94,1776177227.0,devil wears prada 2,nyc_premiere,2026-04-14,"Does this dress fit/look okay? Or get rid of it? Thanks for all the ideas! Tried white tennis shoes with it, and I love it! Going to get a Jean Jacket and try that too! Planning to keep it now that I have some ideas on how to wear it more casually.   




I was planning to get rid of this dress, but I am curious what you all think of this dress first. Is it better than the other 2 I posted? I wore it to a wedding a few years back and I haven’t worn it since because I always felt it was a little over the top and I don’t love where it cuts off on my legs. I do love the color of it though!

It’s definitely a better quality dress (dress the population), but not sure it fits me well either. lol at this point I am just wondering if I need to overhaul my closet."
1srywvq,femalefashionadvice,Am I crazy or are t-shirt dress armholes getting BIGGER??,"Maybe it’s just me but every t-shirt dress I’ve bought in the last 2 years has these huge gaping armholes where you can see my whole bra from the side. I reached up to grab something at Trader Joe’s and I’m pretty sure the guy behind me saw my entire left boob.

Is this a trend?? Am I supposed to wear a specific kind of bra?? I’m a 34C so it’s not like I’m overflowing. It just feels like they’re designed for people who never move their arms.",372,73,1776801578.0,devil wears prada 2,nyc_premiere,2026-04-21,"Am I crazy or are t-shirt dress armholes getting BIGGER?? Maybe it’s just me but every t-shirt dress I’ve bought in the last 2 years has these huge gaping armholes where you can see my whole bra from the side. I reached up to grab something at Trader Joe’s and I’m pretty sure the guy behind me saw my entire left boob.

Is this a trend?? Am I supposed to wear a specific kind of bra?? I’m a 34C so it’s not like I’m overflowing. It just feels like they’re designed for people who never move their arms."
1sow4mf,femalefashionadvice,Indian traditional clothing going global - a perspective,"I found these mannequins in a fast fashion store in Germany. The dress (with the mango prints - erroneously named paisley after a Scottish town, but actually of Indian/Persion origins), the skirt (colorful, floral block prints that are an ancient art from tracing back to India), and the brown stone necklace (known as the rudkrash mala in India) are all long-known Indian cultural forms - I have had clothes with similar designs lying in my closet since my childhood. What we always found for cheap in India is now being sold in the western market for significantly higher prices and this makes me really sad for a few reasons. 

First of all, I'm not against west adopting our ethnic and traditional designs if 

(i) they source these designs and buy art directly from Indian vendors 

(ii) give India or Indian art the credit for the said patterns

(iii) do not engage in appropriating what's religiously significant to us

None of these hold true today unfortunately. When Gucci rebranded the Indian kolhapuri chappal (the leather slippers coming from the town of Kolhapur in India), they conveniently erased its origins, marketing them as sheer innovation never seen before. When the Scandinavian scarf was popularized for its minimalism, the west conveniently forgot the decades of discrimination that Indians abroad underwent for not being 'normal' and instead wearing colorful, traditional clothes like salwars and sarees, making them feel inferior to the west. These clothes hold value to us, because despite over 200 years of colonialism and western imperialism, our culture has against all odds stood the test of time - and we preserve it with grace! 

When fast fashion markets these clothes as new spring/summer looks - it comes at the cost of exploitation of the same cultures that it sources the materials and art from. I'm talking about Bangladeshi (much of our cultural tradition also transcends India to the entirety of South Asia) textile workers, the Chinese labour, etc. I'm not trying to gatekeep Indian cultural symbols - the most amazing thing that globalization gives us is the quick access to the beauty that other cultures present. I do wear my shirts, jeans, and western skirts - but I do not wear it under the belief that it is Indian, I accept that jeans is an American invention and I respect the comfort that it provides to my body. I guess - that is what I'm asking the west to do with our cultural symbols as well. 

Now, to the last point, the 'necklace' that this mannequin wears is the Rudkraksh mala (or at least a mockery of it) that holds religious significance to Hindus - the dominant religion of India. It is supposed to be made with the fruits from a specific tropical tree definitely not found naturally in the 'first world' (minus maybe Australia). It is worn during meditation as rotating through the beads is said to improve focus. Of course - the hippes of the west have been wearing it perhaps without even realizing that you're supposed to chant prayers while carrying it. (People in India themselves don't wear it unless they're religious). Our religious symbolism becomes the west's fashion accessory, when again for years we have been mocked for wearing bindi (the red dot on our forehead) and sindoor (red powder on our hair part) because it's uncool. 

I understand that this post could offend a lot of people here. Culturual appropriation is quite a hot, debatable topic and we can agree to disagree on the ethics behind it (even Indians themselves tend to disagree on it). Of course I am happy to read from other perspectives (especially from cultures that have seen their traditions being rebranded) 

My post tries to serve two purposes - 

1. To educate the curious that not everything you wear is just fashion, but its eons of cultural tradition for some of us - and it would be great if you could learn the origins of it while you flaunt how amazing our clothes look on you

2. Maybe be conscious of where you purchase ethnic wear - and perhaps buy them from Indian vendors rather than western fast fashion or even luxury brands owned by people who have absolutely no cultural connection to Indian textile art.

Edit - I may have been too specific asking to buy from 'Indian vendors' - not acknowledging the shared origins with the rest of South Asian/Arabic countries as well as Iran. We share a lot of culture together. So as an add on, I'd say it wouldn't matter as long as your purchase them from ANY culture that has cultural ties to the fabric styles. ",0,46,1776514748.0,devil wears prada 2,nyc_premiere,2026-04-18,"Indian traditional clothing going global - a perspective I found these mannequins in a fast fashion store in Germany. The dress (with the mango prints - erroneously named paisley after a Scottish town, but actually of Indian/Persion origins), the skirt (colorful, floral block prints that are an ancient art from tracing back to India), and the brown stone necklace (known as the rudkrash mala in India) are all long-known Indian cultural forms - I have had clothes with similar designs lying in my closet since my childhood. What we always found for cheap in India is now being sold in the western market for significantly higher prices and this makes me really sad for a few reasons. 

First of all, I'm not against west adopting our ethnic and traditional designs if 

(i) they source these designs and buy art directly from Indian vendors 

(ii) give India or Indian art the credit for the said patterns

(iii) do not engage in appropriating what's religiously significant to us

None of these hold true today unfortunately. When Gucci rebranded the Indian kolhapuri chappal (the leather slippers coming from the town of Kolhapur in India), they conveniently erased its origins, marketing them as sheer innovation never seen before. When the Scandinavian scarf was popularized for its minimalism, the west conveniently forgot the decades of discrimination that Indians abroad underwent for not being 'normal' and instead wearing colorful, traditional clothes like salwars and sarees, making them feel inferior to the west. These clothes hold value to us, because despite over 200 years of colonialism and western imperialism, our culture has against all odds stood the test of time - and we preserve it with grace! 

When fast fashion markets these clothes as new spring/summer looks - it comes at the cost of exploitation of the same cultures that it sources the materials and art from. I'm talking about Bangladeshi (much of our cultural tradition also transcends India to the entirety of South Asia) textile workers, the Chinese labour, etc. I'm not trying to gatekeep Indian cultural symbols - the most amazing thing that globalization gives us is the quick access to the beauty that other cultures present. I do wear my shirts, jeans, and western skirts - but I do not wear it under the belief that it is Indian, I accept that jeans is an American invention and I respect the comfort that it provides to my body. I guess - that is what I'm asking the west to do with our cultural symbols as well. 

Now, to the last point, the 'necklace' that this mannequin wears is the Rudkraksh mala (or at least a mockery of it) that holds religious significance to Hindus - the dominant religion of India. It is supposed to be made with the fruits from a specific tropical tree definitely not found naturally in the 'first world' (minus maybe Australia). It is worn during meditation as rotating through the beads is said to improve focus. Of course - the hippes of the west have been wearing it perhaps without even realizing that you're supposed to chant prayers while carrying it. (People in India themselves don't wear it unless they're religious). Our religious symbolism becomes the west's fashion accessory, when again for years we have been mocked for wearing bindi (the red dot on our forehead) and sindoor (red powder on our hair part) because it's uncool. 

I understand that this post could offend a lot of people here. Culturual appropriation is quite a hot, debatable topic and we can agree to disagree on the ethics behind it (even Indians themselves tend to disagree on it). Of course I am happy to read from other perspectives (especially from cultures that have seen their traditions being rebranded) 

My post tries to serve two purposes - 

1. To educate the curious that not everything you wear is just fashion, but its eons of cultural tradition for some of us - and it would be great if you could learn the origins of it while you flaunt how amazing our clothes look on you

2. Maybe be conscious of where you purchase ethnic wear - and perhaps buy them from Indian vendors rather than western fast fashion or even luxury brands owned by people who have absolutely no cultural connection to Indian textile art.

Edit - I may have been too specific asking to buy from 'Indian vendors' - not acknowledging the shared origins with the rest of South Asian/Arabic countries as well as Iran. We share a lot of culture together. So as an add on, I'd say it wouldn't matter as long as your purchase them from ANY culture that has cultural ties to the fabric styles."
1so7ez0,femalefashionadvice,How do you keep your clothes clean and looking good? Seriously…,"I feel like I destroy clothes and get them dirty/stained/damaged within weeks of buying something, even when I try to avoid doing work or dirty stuff in them. I live semi-off grid, have a dirty job and a pretty outdoors lifestyle so mud, coal, ash, engines are part of my every day life. I make an effort to wear scruffs for ‘work’ and keep my casual/nice stuff separate but it still gets wrecked and never comes up looking fresh. I buy everything except undies second hand for money/environment reasons but also seems a waste for me to get something new! 

I feel so scruffy when I go into town or places surrounded by people in clean white trainers and crisp clean clothes. I have vvvv little storage so only have 2/3 good jumpers/hoodies on the go at a time. Any cleaning tips for getting out oily/coaly marks? Or advice on clothes that hide marks? Or outfits that aren’t dressy but won’t have me feeling like a total scruff :( 
I’m 35, petite, prefer casual/tomboy style jorts n tees, wide leg jeans etc",89,44,1776446415.0,devil wears prada 2,nyc_premiere,2026-04-17,"How do you keep your clothes clean and looking good? Seriously… I feel like I destroy clothes and get them dirty/stained/damaged within weeks of buying something, even when I try to avoid doing work or dirty stuff in them. I live semi-off grid, have a dirty job and a pretty outdoors lifestyle so mud, coal, ash, engines are part of my every day life. I make an effort to wear scruffs for ‘work’ and keep my casual/nice stuff separate but it still gets wrecked and never comes up looking fresh. I buy everything except undies second hand for money/environment reasons but also seems a waste for me to get something new! 

I feel so scruffy when I go into town or places surrounded by people in clean white trainers and crisp clean clothes. I have vvvv little storage so only have 2/3 good jumpers/hoodies on the go at a time. Any cleaning tips for getting out oily/coaly marks? Or advice on clothes that hide marks? Or outfits that aren’t dressy but won’t have me feeling like a total scruff :( 
I’m 35, petite, prefer casual/tomboy style jorts n tees, wide leg jeans etc"
1sndw1g,femalefashionadvice,What’s a dress brand you actually trust at this point?,"I have a ton of weddings, engagement parties, baby showers and bachelorette parties this summer and I'm trying to get a few dresses I can wear to multiple events. I’ve been trying a lot of different brands lately but I'm not having the best luck finding things that I can wear for a variety of events and style multiple ways so it doesn't feel like I'm outfit repeating. Either the fit is off or the pattern gets overplayed with everyone posting outfit roundups on ig and tiktok. Does anyone have a go-to brand for dresses that’s been consistently good for them? Trying to be a bit more intentional instead of constantly experimenting and then the dress falls apart after 1-2 wears and then I have to purchase something else the next time I'm invited to an event.",192,146,1776368009.0,devil wears prada 2,nyc_premiere,2026-04-16,"What’s a dress brand you actually trust at this point? I have a ton of weddings, engagement parties, baby showers and bachelorette parties this summer and I'm trying to get a few dresses I can wear to multiple events. I’ve been trying a lot of different brands lately but I'm not having the best luck finding things that I can wear for a variety of events and style multiple ways so it doesn't feel like I'm outfit repeating. Either the fit is off or the pattern gets overplayed with everyone posting outfit roundups on ig and tiktok. Does anyone have a go-to brand for dresses that’s been consistently good for them? Trying to be a bit more intentional instead of constantly experimenting and then the dress falls apart after 1-2 wears and then I have to purchase something else the next time I'm invited to an event."
1swgzqh,malefashionadvice,Clarks footwear alternative?,"Clarks now a days are not as good as they used to be earlier. Also they start disappearing from Indian market. No new models launched. same old pieces are on discount year long. I used lot of pairs from Clarks including formal wear, sandals and slippers. 

Now my question is, Which brand you have shifted to from Clarks in the last 2-3 years?",2,3,1777231576.0,devil wears prada 2,nyc_premiere,2026-04-26,"Clarks footwear alternative? Clarks now a days are not as good as they used to be earlier. Also they start disappearing from Indian market. No new models launched. same old pieces are on discount year long. I used lot of pairs from Clarks including formal wear, sandals and slippers. 

Now my question is, Which brand you have shifted to from Clarks in the last 2-3 years?"
1svlf22,malefashionadvice,Baggy jean brands??,"So I've been needing some new baggy jeans. i bought some about 8 months ago and they're already losing their stiching and i don't feel like redoing it again. I tried finding some other brands on insta and yt but i can't find any actual opinions that aren't sponsored. I'm 6'1 and 175 and usually wear a 34x32 or a 34x30 if they offer. i really just need some good brands with quality material. I need 2 or 3 new pairs, prefer a blue wash, black wash, and a gray or brown. Any brands?",0,6,1777145254.0,devil wears prada 2,nyc_premiere,2026-04-25,"Baggy jean brands?? So I've been needing some new baggy jeans. i bought some about 8 months ago and they're already losing their stiching and i don't feel like redoing it again. I tried finding some other brands on insta and yt but i can't find any actual opinions that aren't sponsored. I'm 6'1 and 175 and usually wear a 34x32 or a 34x30 if they offer. i really just need some good brands with quality material. I need 2 or 3 new pairs, prefer a blue wash, black wash, and a gray or brown. Any brands?"
1sux0mi,malefashionadvice,Looking for jeans that aren’t skinny but also no overly baggy.,I haven’t purchased jeans in years as all I wear are work style Dickes I cuff and cargo pants. My build is tall and skinny ( 6’2 170lbs ). ,15,57,1777076763.0,devil wears prada 2,nyc_premiere,2026-04-25,Looking for jeans that aren’t skinny but also no overly baggy. I haven’t purchased jeans in years as all I wear are work style Dickes I cuff and cargo pants. My build is tall and skinny ( 6’2 170lbs ).
1strzhn,malefashionadvice,"New Job, New Wardrobe, New Shoes?","Got myself a big boy job and my decade+ of wearing sneakers, jeans &amp; a black shirt to work isn't going to cut it anymore. I've been given a 3 page employee dress guide handbook that boils down to smart-business-casual (no jeans, no athletic or fabric sneakers, no t shirts, tie &amp; jacket optional)

So with that said, I'm looking to upgrade my wardrobe in its entirety, and I'm looking for opinions. I'm new to this all. I have some ok things that'll get me going, but want to upgrade.

* Shoes (budget = $200) 
   * Amberjack Originals - I keep seeing ads for these guys, but little to no reviews.
   * Cole Haan Zerogrand
   * Allen Edmonds Benson Derby Sneaker 
* Shirts (budget = $250 for 3) 
   * Banana Republic Dobby Dress Shirt
   * Quince Comfortflex Dress Shirt
   * State &amp; Liberty Springer
* Pants (budget = $as needed)
   * Banana Republic Sharkskin Trouser (charcoal)
   * Banana Republic Lived-In Chino (Navy)

  
For context, I will typically walk 2-3 miles/day in the course of my role, and would prefer to have things last a little longer if possible.

",26,19,1776970713.0,devil wears prada 2,nyc_premiere,2026-04-23,"New Job, New Wardrobe, New Shoes? Got myself a big boy job and my decade+ of wearing sneakers, jeans &amp; a black shirt to work isn't going to cut it anymore. I've been given a 3 page employee dress guide handbook that boils down to smart-business-casual (no jeans, no athletic or fabric sneakers, no t shirts, tie &amp; jacket optional)

So with that said, I'm looking to upgrade my wardrobe in its entirety, and I'm looking for opinions. I'm new to this all. I have some ok things that'll get me going, but want to upgrade.

* Shoes (budget = $200) 
   * Amberjack Originals - I keep seeing ads for these guys, but little to no reviews.
   * Cole Haan Zerogrand
   * Allen Edmonds Benson Derby Sneaker 
* Shirts (budget = $250 for 3) 
   * Banana Republic Dobby Dress Shirt
   * Quince Comfortflex Dress Shirt
   * State &amp; Liberty Springer
* Pants (budget = $as needed)
   * Banana Republic Sharkskin Trouser (charcoal)
   * Banana Republic Lived-In Chino (Navy)

  
For context, I will typically walk 2-3 miles/day in the course of my role, and would prefer to have things last a little longer if possible."
1stnbth,malefashionadvice,Suede Loafers - Tassel or Penny,"Hi All,

Hoping for some style advice from people with better taste than me.

**Brown suede tassel loafers** vs **Brown suede penny loafers**

Looking to buy my first pair of suede Loafers to wear with a mid-green Summer suit in Italy.

Pennies feel safer and more casual, and potentially more re-wearable but maybe less elegant / formal?

What would you choose for this setting, and why? Also open to thoughts on shade of brown. I was leaning a dark espresso brown for versatility, but a mid-brown may be better with an olive suit + summer.

Links below for reference on what I'm considering (though haven't picked a brand yet)

[https://www.aldenshop.com/collections/formal-loafers/products/9697f-penny-loafer-flex-welt-dark-brown-suede?\_pos=2&amp;\_fid=316d8159b&amp;\_ss=c](https://www.aldenshop.com/collections/formal-loafers/products/9697f-penny-loafer-flex-welt-dark-brown-suede?_pos=2&amp;_fid=316d8159b&amp;_ss=c)

[https://www.aldenshop.com/collections/formal-loafers/products/666-tassel-moccasin-loafer-mocha-kid-suede?\_pos=1&amp;\_fid=316d8159b&amp;\_ss=c](https://www.aldenshop.com/collections/formal-loafers/products/666-tassel-moccasin-loafer-mocha-kid-suede?_pos=1&amp;_fid=316d8159b&amp;_ss=c)

Appreciate any and all input!",11,23,1776960844.0,devil wears prada 2,nyc_premiere,2026-04-23,"Suede Loafers - Tassel or Penny Hi All,

Hoping for some style advice from people with better taste than me.

**Brown suede tassel loafers** vs **Brown suede penny loafers**

Looking to buy my first pair of suede Loafers to wear with a mid-green Summer suit in Italy.

Pennies feel safer and more casual, and potentially more re-wearable but maybe less elegant / formal?

What would you choose for this setting, and why? Also open to thoughts on shade of brown. I was leaning a dark espresso brown for versatility, but a mid-brown may be better with an olive suit + summer.

Links below for reference on what I'm considering (though haven't picked a brand yet)

[https://www.aldenshop.com/collections/formal-loafers/products/9697f-penny-loafer-flex-welt-dark-brown-suede?\_pos=2&amp;\_fid=316d8159b&amp;\_ss=c](https://www.aldenshop.com/collections/formal-loafers/products/9697f-penny-loafer-flex-welt-dark-brown-suede?_pos=2&amp;_fid=316d8159b&amp;_ss=c)

[https://www.aldenshop.com/collections/formal-loafers/products/666-tassel-moccasin-loafer-mocha-kid-suede?\_pos=1&amp;\_fid=316d8159b&amp;\_ss=c](https://www.aldenshop.com/collections/formal-loafers/products/666-tassel-moccasin-loafer-mocha-kid-suede?_pos=1&amp;_fid=316d8159b&amp;_ss=c)

Appreciate any and all input!"
1stlqg4,malefashionadvice,PSA: True Classic Supima tees are horrible,"So it looks like in the last few months True Classic have removed any trace of their supima tees from their website. I suspect it's because they realized this issue and are quietly hiding their shame. 

I loved the shirts at first but over time it has become clear that their pima tees are crap. 2 big issues: 

1) MAJOR bacon collar. They look like shit after a few wears and washes. 



2) They shrink like motherfuckers. They feel great at first, but over a few washes they've been shrinking like crazy, but only in length. These are all in large and they've gone from probably 28"" in length to maybe 24"". They shrink any further and I'll have a pile of expensive crop tops. Maybe I should make the most of it and sign up for some belly dancing classes.

I bought a bunch of pima tees from both TC and Uniqlo at the same time and have worn them equal amounts. The Uniqlo ones have held up great under the same care routine: wash cold, tumble dry low for 20-30 minutes and then hang to dry the rest of the way. They all still look like new while the TC shirts have my gut hanging in the breeze.

  
I have babied these shirts and I'm not even going to get a year out of them.

  
True Classic is dead to me. And I've probably bought 30+ shirts from them over the last 6 years.

",33,21,1776957420.0,devil wears prada 2,nyc_premiere,2026-04-23,"PSA: True Classic Supima tees are horrible So it looks like in the last few months True Classic have removed any trace of their supima tees from their website. I suspect it's because they realized this issue and are quietly hiding their shame. 

I loved the shirts at first but over time it has become clear that their pima tees are crap. 2 big issues: 

1) MAJOR bacon collar. They look like shit after a few wears and washes. 



2) They shrink like motherfuckers. They feel great at first, but over a few washes they've been shrinking like crazy, but only in length. These are all in large and they've gone from probably 28"" in length to maybe 24"". They shrink any further and I'll have a pile of expensive crop tops. Maybe I should make the most of it and sign up for some belly dancing classes.

I bought a bunch of pima tees from both TC and Uniqlo at the same time and have worn them equal amounts. The Uniqlo ones have held up great under the same care routine: wash cold, tumble dry low for 20-30 minutes and then hang to dry the rest of the way. They all still look like new while the TC shirts have my gut hanging in the breeze.

  
I have babied these shirts and I'm not even going to get a year out of them.

  
True Classic is dead to me. And I've probably bought 30+ shirts from them over the last 6 years."
1stfnxl,malefashionadvice,these black leather sneakers with the gum sole are quickly becoming my most worn pair,"top down view because the silhouette is clean from every angle
full leather, slim profile, gum sole, gives it that retro european look without trying too hard
wearing these with everything from black joggers to blue jeans. havent taken them off in 2 weeks basically
if you guys are bored of white sneakers, try a black + gum combo. game changer",0,3,1776942695.0,devil wears prada 2,nyc_premiere,2026-04-23,"these black leather sneakers with the gum sole are quickly becoming my most worn pair top down view because the silhouette is clean from every angle
full leather, slim profile, gum sole, gives it that retro european look without trying too hard
wearing these with everything from black joggers to blue jeans. havent taken them off in 2 weeks basically
if you guys are bored of white sneakers, try a black + gum combo. game changer"
1stckqm,malefashionadvice,Where to buy 5 inch or less inseam shorts? [EU],"I'm looking for some reasonably short men's shorts, but I've searched a lot of places and very few seem to be selling non-athletic shorts with a 5 inch or less inseam within my budget. Just for clarification, my budget is around €50 to €60 including shipping. I live in Ireland, so I'd obviously prefer a brand/shop based in the EU or UK for cheaper and faster shipping.

  
Ideally, I'd like to buy black/very dark grey denim shorts, but if I can't find any, dark chino shorts or even blue denim shorts will work. I'm not looking for athletic shorts, and very annoyingly the vast majority of the shorts I've found that aren't too long for my liking are athletic ones. I can find plenty of shorts I like in the women's section, but unfortunately I'll be spending most of the summer in my small conservative home town where it just isn't safe for me to wear women's clothes.

I'll probably try looking on the second hand shops online (Vinted etc.) and perhaps a few in person since they might have some stuff I like more, but it'd be nice to know a few brands/shops selling shorts I like within my budget so I'm not stuck if I don't find any second hand ones.

EDIT: 5.5"" is fine too, should probably have made that clear.

EDIT 2: [Here's a style of women's shorts I like the look of (from Next Ireland)](https://www.next.ie/en/style/sv088599/g31122), ideally I'd like men's shorts similar to these.

EDIT 3: I'm willing to stretch to €100 if I manage to find something I *really* like.",0,28,1776932132.0,devil wears prada 2,nyc_premiere,2026-04-23,"Where to buy 5 inch or less inseam shorts? [EU] I'm looking for some reasonably short men's shorts, but I've searched a lot of places and very few seem to be selling non-athletic shorts with a 5 inch or less inseam within my budget. Just for clarification, my budget is around €50 to €60 including shipping. I live in Ireland, so I'd obviously prefer a brand/shop based in the EU or UK for cheaper and faster shipping.

  
Ideally, I'd like to buy black/very dark grey denim shorts, but if I can't find any, dark chino shorts or even blue denim shorts will work. I'm not looking for athletic shorts, and very annoyingly the vast majority of the shorts I've found that aren't too long for my liking are athletic ones. I can find plenty of shorts I like in the women's section, but unfortunately I'll be spending most of the summer in my small conservative home town where it just isn't safe for me to wear women's clothes.

I'll probably try looking on the second hand shops online (Vinted etc.) and perhaps a few in person since they might have some stuff I like more, but it'd be nice to know a few brands/shops selling shorts I like within my budget so I'm not stuck if I don't find any second hand ones.

EDIT: 5.5"" is fine too, should probably have made that clear.

EDIT 2: [Here's a style of women's shorts I like the look of (from Next Ireland)](https://www.next.ie/en/style/sv088599/g31122), ideally I'd like men's shorts similar to these.

EDIT 3: I'm willing to stretch to €100 if I manage to find something I *really* like."
1sso4ya,malefashionadvice,Good Shoes For Cargo/Jeans with T-Shirt and Flannel/Hawaiian Over Shirt?,"I’ve never really put an extreme amount of thought or effort into what shoes I wear. I usually pick something that looks reasonable and are slip ons, which usually leads me down the road of Sketchers… I also tried a pair of the more robust mid top Converse not too long ago, but they were quite uncomfortable as you may have guessed. As a man approaching his 30s, I think it’s time to be a little more conscious of my fashion choices. I’m not a sports guy by any means so I don’t need anything super accommodating as far as that’s concerned, but I’m on my feet at work a decent amount. I despise juvenile, multicolored sneakers with abstract flashy designs. If it has more than 2 or 3 colors, I’m not interested. I like a simple grey/brown/white with maybe a sleek 2 tone design and possibly a small embellishment here and there like a logo, trim etc. it’s not extremely important they they’re slip ons, but it’d be nice. I also usually wear a hat most of the time, like a flat cap or a ball cap, and a chronograph watch with a silver metal bracelet. Not sure if any of that is relevant, but I thought I’d mention it. My budget is \~150 or less. ",7,12,1776870247.0,devil wears prada 2,nyc_premiere,2026-04-22,"Good Shoes For Cargo/Jeans with T-Shirt and Flannel/Hawaiian Over Shirt? I’ve never really put an extreme amount of thought or effort into what shoes I wear. I usually pick something that looks reasonable and are slip ons, which usually leads me down the road of Sketchers… I also tried a pair of the more robust mid top Converse not too long ago, but they were quite uncomfortable as you may have guessed. As a man approaching his 30s, I think it’s time to be a little more conscious of my fashion choices. I’m not a sports guy by any means so I don’t need anything super accommodating as far as that’s concerned, but I’m on my feet at work a decent amount. I despise juvenile, multicolored sneakers with abstract flashy designs. If it has more than 2 or 3 colors, I’m not interested. I like a simple grey/brown/white with maybe a sleek 2 tone design and possibly a small embellishment here and there like a logo, trim etc. it’s not extremely important they they’re slip ons, but it’d be nice. I also usually wear a hat most of the time, like a flat cap or a ball cap, and a chronograph watch with a silver metal bracelet. Not sure if any of that is relevant, but I thought I’d mention it. My budget is \~150 or less."
1sso1tv,malefashionadvice,Alternatives to loafers and drivers,"I'm in the process of building a capsule wardrobe and want to include loafers/drivers for spring/summer or more casual outfits. My dilemma is that I wear custom orthotics due to my flat feet. Because of how shallow typical loafers/drivers are, when I have tried wearing my orthotics with them, my heels come out the shoes as I walk. A few hours without my orthotics, and my feet are in pain. A few weeks without them and my hips and back are in pain.

Are there other style shoes that I can wear that would function similarly to a loafer/driver in my wardrobe?

I haven't had issues with derbies/oxfords, but I wasn't sure if they are too formal.

Here are examples of the look I am going for:
* [Example 1](https://pin.it/sxxpFzPp9)
* [Example 2](https://pin.it/4ZdFWQJro)",14,9,1776870068.0,devil wears prada 2,nyc_premiere,2026-04-22,"Alternatives to loafers and drivers I'm in the process of building a capsule wardrobe and want to include loafers/drivers for spring/summer or more casual outfits. My dilemma is that I wear custom orthotics due to my flat feet. Because of how shallow typical loafers/drivers are, when I have tried wearing my orthotics with them, my heels come out the shoes as I walk. A few hours without my orthotics, and my feet are in pain. A few weeks without them and my hips and back are in pain.

Are there other style shoes that I can wear that would function similarly to a loafer/driver in my wardrobe?

I haven't had issues with derbies/oxfords, but I wasn't sure if they are too formal.

Here are examples of the look I am going for:
* [Example 1](https://pin.it/sxxpFzPp9)
* [Example 2](https://pin.it/4ZdFWQJro)"
1sslxm6,malefashionadvice,Is it normal to feel itchy in 220 GSM French Terry (100% Cotton) in hot &amp; humid daily wear ?,"Hey everyone i recently picked up a V-neck t-shirt that claims to be made of 100% cotton, specifically 220 GSM French terry. Its from a local brand. Now after wearing it, I’m not fully sure what to make of it. 

  
I live in a hot and humid environment year round, hence comfort is a big deal for me. The fabric feels a bit thicker than regular tees, and I’ve noticed a slight itch/irritation on the skin at times. Now these variations are in contrast to most Ts i own like H&amp;M 93% Cotton 7 % elastin ones. Those are light and what i am used to.

  
So I’m trying to figure out a few things:

1. Is 220 GSM French terry actually suitable for daily wear in this kind of climate

2. Is a bit of itchiness normal with this fabric (because of the looped inner side), or does that point to lower fabric quality/finishing?

3. Does it get more comfortable after a few washes?",5,2,1776865418.0,devil wears prada 2,nyc_premiere,2026-04-22,"Is it normal to feel itchy in 220 GSM French Terry (100% Cotton) in hot &amp; humid daily wear ? Hey everyone i recently picked up a V-neck t-shirt that claims to be made of 100% cotton, specifically 220 GSM French terry. Its from a local brand. Now after wearing it, I’m not fully sure what to make of it. 

  
I live in a hot and humid environment year round, hence comfort is a big deal for me. The fabric feels a bit thicker than regular tees, and I’ve noticed a slight itch/irritation on the skin at times. Now these variations are in contrast to most Ts i own like H&amp;M 93% Cotton 7 % elastin ones. Those are light and what i am used to.

  
So I’m trying to figure out a few things:

1. Is 220 GSM French terry actually suitable for daily wear in this kind of climate

2. Is a bit of itchiness normal with this fabric (because of the looped inner side), or does that point to lower fabric quality/finishing?

3. Does it get more comfortable after a few washes?"
1sslnux,malefashionadvice,How to branch out from being boring?,"I am the opposite of fashionable. I (33) have reached an age a while ago where I don't care what others think and because of it ended up going the most simplistic route fashion-wise and never turning back.

I have 2 different things I wear: spring/summer/fall is khaki shorts and a solid colored t-shirt and winter is jeans, a solid colored t-shirt, and a solid colored jacket.

I've always leaned towards comfort over style, super soft t-shirts. I'm also a bigger guy 6 foot 260, so the biggest thing is finding a shirt long enough that it doesn't ride up in the mid section.

Anyways, I've reached a point where I want to start dressing better for myself and own self confidence. I want to start working out, dieting and look better as a result. I have no idea where to begin fashion wise and branch out.

Everytime I go shopping, even with the mindset of wanting to try new things, I gravitate to what I know, solid colored t-shirts. How do I branch out and try new things and where do I start?",26,22,1776864793.0,devil wears prada 2,nyc_premiere,2026-04-22,"How to branch out from being boring? I am the opposite of fashionable. I (33) have reached an age a while ago where I don't care what others think and because of it ended up going the most simplistic route fashion-wise and never turning back.

I have 2 different things I wear: spring/summer/fall is khaki shorts and a solid colored t-shirt and winter is jeans, a solid colored t-shirt, and a solid colored jacket.

I've always leaned towards comfort over style, super soft t-shirts. I'm also a bigger guy 6 foot 260, so the biggest thing is finding a shirt long enough that it doesn't ride up in the mid section.

Anyways, I've reached a point where I want to start dressing better for myself and own self confidence. I want to start working out, dieting and look better as a result. I have no idea where to begin fashion wise and branch out.

Everytime I go shopping, even with the mindset of wanting to try new things, I gravitate to what I know, solid colored t-shirts. How do I branch out and try new things and where do I start?"
1ss72zq,malefashionadvice,My thoughts on diving head first into high-end T shirt game,"This forum has been so helpful for me navigating all of the great brands out there I thought I'd attempt to ""give back"", so to speak.

So a little about me: I'm 52 years old, 6 1' and 182lb.  I go to the gym 5 days a week, on average.  No clue what my measurements are other than my waist which is a 33 but encroaching on a 32. 

Here are my thoughts so far:

**Bronson MFG:** Hands down the best value and was my ""starter"" heavyweight shirt. By no means soft but not uncomfortable, per se. Amazing collar and absolutely zero shrinkage. Absolutely cannot beat the price for what you get.  I'm a L 

**Whitesville**: My first Japanese brand. Incredibly soft and is what I'd consider on the lighter end of middleweight. Have both grey and white and sized up to XL on the advice of others here on Reddit. Great collar. Here is where you need to be careful: even if you air dry (I do) it's going to shrink, especially in length. Strangely the heather grey shrunk *considerably* more than the white one. So much so that I'd almost recommend sizing up 2 sizes in grey. Still, I consider this more of an ""everyday"" daytime shirt and less of a ""nighttime"" one if that makes sense. 

**3sixteen**: Probably the one I reach for the most when I want a heavyweight shirt. Just fits me perfectly and I feel great when I wear it. Zero shrinkage when air dried. Perfect collar and the length is works for me as I never ever tuck in my T shirts and it falls about an inch below my waist. 

**Sunspel** (Middleweight): My most expensive at $95. This is the one I reach for when it's warmer outside and I have a fun night planned in NYC or am on vacation in Europe. Fits me perfectly (I'm a L) and I feel a little more special in but I don't know if that is because I know it costs more? Maybe.  Important: never, ever put this shirt in the dryer. My wife accidentally did for one of them and it shrunk to the point where it's unwearable. Total loss. Is it worth $95? I'd say no but if you can get one on sale for $78 it's maybe worth taking a flyer on if your budget permits. 

**Merz** **B**: I know this is the Rolls Royce of T shirts but I absolutely can't stand the neck and collar. The neck is just enormous and collar is too loose for me. When I tried it on I didn't like the neck and knew it was going to bother me but I was a prisoner of the moment and felt like I had to have one of these. Is the rest of it great? Absolutely. It feels amazing, the weight is perfect and the craftsmanship is unparalleled. Would I buy another? Absolutely not. 🤷‍♂️

**Sene Studio Cumulus:** I'm shocked they aren't mentioned more on reddit. This is my favorite shirt, hands down. It fits me the best and drapes perfectly. I don't even know what it's made of, think it's cotton french terry? It's also slightly cropped and never wrinkles. I wear a L but they have very cool custom sizes that I haven't tried because the L fits me perfectly. This has supplanted Sunspel as my official ""I need to look nice"" shirt and wear it almost exclusively for more formal occasions, including nights out and under a blazer. Not really a daytime shirt for me. 

**Lady White:** Ordered mine last week and can't wait to try as I've read nothing but great things. Will report back. 

Let me know if you have any questions! ",395,121,1776821030.0,devil wears prada 2,nyc_premiere,2026-04-22,"My thoughts on diving head first into high-end T shirt game This forum has been so helpful for me navigating all of the great brands out there I thought I'd attempt to ""give back"", so to speak.

So a little about me: I'm 52 years old, 6 1' and 182lb.  I go to the gym 5 days a week, on average.  No clue what my measurements are other than my waist which is a 33 but encroaching on a 32. 

Here are my thoughts so far:

**Bronson MFG:** Hands down the best value and was my ""starter"" heavyweight shirt. By no means soft but not uncomfortable, per se. Amazing collar and absolutely zero shrinkage. Absolutely cannot beat the price for what you get.  I'm a L 

**Whitesville**: My first Japanese brand. Incredibly soft and is what I'd consider on the lighter end of middleweight. Have both grey and white and sized up to XL on the advice of others here on Reddit. Great collar. Here is where you need to be careful: even if you air dry (I do) it's going to shrink, especially in length. Strangely the heather grey shrunk *considerably* more than the white one. So much so that I'd almost recommend sizing up 2 sizes in grey. Still, I consider this more of an ""everyday"" daytime shirt and less of a ""nighttime"" one if that makes sense. 

**3sixteen**: Probably the one I reach for the most when I want a heavyweight shirt. Just fits me perfectly and I feel great when I wear it. Zero shrinkage when air dried. Perfect collar and the length is works for me as I never ever tuck in my T shirts and it falls about an inch below my waist. 

**Sunspel** (Middleweight): My most expensive at $95. This is the one I reach for when it's warmer outside and I have a fun night planned in NYC or am on vacation in Europe. Fits me perfectly (I'm a L) and I feel a little more special in but I don't know if that is because I know it costs more? Maybe.  Important: never, ever put this shirt in the dryer. My wife accidentally did for one of them and it shrunk to the point where it's unwearable. Total loss. Is it worth $95? I'd say no but if you can get one on sale for $78 it's maybe worth taking a flyer on if your budget permits. 

**Merz** **B**: I know this is the Rolls Royce of T shirts but I absolutely can't stand the neck and collar. The neck is just enormous and collar is too loose for me. When I tried it on I didn't like the neck and knew it was going to bother me but I was a prisoner of the moment and felt like I had to have one of these. Is the rest of it great? Absolutely. It feels amazing, the weight is perfect and the craftsmanship is unparalleled. Would I buy another? Absolutely not. 🤷‍♂️

**Sene Studio Cumulus:** I'm shocked they aren't mentioned more on reddit. This is my favorite shirt, hands down. It fits me the best and drapes perfectly. I don't even know what it's made of, think it's cotton french terry? It's also slightly cropped and never wrinkles. I wear a L but they have very cool custom sizes that I haven't tried because the L fits me perfectly. This has supplanted Sunspel as my official ""I need to look nice"" shirt and wear it almost exclusively for more formal occasions, including nights out and under a blazer. Not really a daytime shirt for me. 

**Lady White:** Ordered mine last week and can't wait to try as I've read nothing but great things. Will report back. 

Let me know if you have any questions!"
1sr1yzu,malefashionadvice,What stone should I get,"I've got this old ring that I'm going to get resized for my index finger ajd get a new stone put in it. I'm trying to decide what kind of stone I should get. I'm generally a silver and onyx kind of guy. My left hand pinky has a silver ring with an onyx stone so I'm not sure if I do onyx in this one will it be too much having 2 rings the same metal and stone? I was also thinking maybe sapphire.

I'm generally plain otherwise with jewelry. I wear a plain silver necklace and where a smart watch 95% of the time. I swap it for a real watch for formal occasions, usually silver with either a black or a green dial.",1,1,1776716961.0,devil wears prada 2,nyc_premiere,2026-04-20,"What stone should I get I've got this old ring that I'm going to get resized for my index finger ajd get a new stone put in it. I'm trying to decide what kind of stone I should get. I'm generally a silver and onyx kind of guy. My left hand pinky has a silver ring with an onyx stone so I'm not sure if I do onyx in this one will it be too much having 2 rings the same metal and stone? I was also thinking maybe sapphire.

I'm generally plain otherwise with jewelry. I wear a plain silver necklace and where a smart watch 95% of the time. I swap it for a real watch for formal occasions, usually silver with either a black or a green dial."
1sr1oix,malefashionadvice,Bad customer service from Bronson mfg,"Hi all, 

Just wanted to give you all a headsup about Bronson Mfg as I had a very weird experience with them.

2 weeks ago, I purchased 3 items from them,

1. a denim jacket

2. Fatigue pants

3. Athletic tubular Tshirt.

Initially, the purchases looked great, the Tshirt was a size too large so I requested a refund, and Bronson agreed to it and sent me a return lable. 

The denim jacket is fantastic and I don't have any complaints with it (other than the weirdly chemical smell it had when unpacked.) 

The fatigue pants however seemed to have issues with the stichting as the stitching of the both of the side pockets ripped and the stitching unravelled after 3-4 wears.

As I really liked the trousers, I decided to reach out to Bronson to see if they could assist me with repairing it or to clarity if the trousers had any serious issues that needed to me returned.

After a week of not hearing anything back, I ended up requesting a return since I didn't want the return period of the faulty trousers expire.

To my surprise, Bronson are refusing to accept the return of the faulty item, even though the issue is clearly from the factory. This is the email response I got from Bronson regarding my return request on the trousers :

\\----

Hi REDACTED,

Thank you for your message. We completely understand your frustration and appreciate you reaching out to us.

However, according to our return policy, each order is eligible for only one after-sale service request. Since an return has already been processed for this order, we are unfortunately unable to offer further assistance in this case.

We sincerely apologize for any inconvenience this may cause and truly appreciate your understanding of our policy. If you have any other questions or need support with future orders, please don’t hesitate to let us know — we’re always here to help.

Best Regards,

Leah

\\----

This makes no sense to me and I appreciate any help with how to deal with them. These are \*relatively\* cheap trousers ($60) however $60 typically means a decent, working pair of trousers not one with failing stitches. ",7,6,1776716368.0,devil wears prada 2,nyc_premiere,2026-04-20,"Bad customer service from Bronson mfg Hi all, 

Just wanted to give you all a headsup about Bronson Mfg as I had a very weird experience with them.

2 weeks ago, I purchased 3 items from them,

1. a denim jacket

2. Fatigue pants

3. Athletic tubular Tshirt.

Initially, the purchases looked great, the Tshirt was a size too large so I requested a refund, and Bronson agreed to it and sent me a return lable. 

The denim jacket is fantastic and I don't have any complaints with it (other than the weirdly chemical smell it had when unpacked.) 

The fatigue pants however seemed to have issues with the stichting as the stitching of the both of the side pockets ripped and the stitching unravelled after 3-4 wears.

As I really liked the trousers, I decided to reach out to Bronson to see if they could assist me with repairing it or to clarity if the trousers had any serious issues that needed to me returned.

After a week of not hearing anything back, I ended up requesting a return since I didn't want the return period of the faulty trousers expire.

To my surprise, Bronson are refusing to accept the return of the faulty item, even though the issue is clearly from the factory. This is the email response I got from Bronson regarding my return request on the trousers :

\\----

Hi REDACTED,

Thank you for your message. We completely understand your frustration and appreciate you reaching out to us.

However, according to our return policy, each order is eligible for only one after-sale service request. Since an return has already been processed for this order, we are unfortunately unable to offer further assistance in this case.

We sincerely apologize for any inconvenience this may cause and truly appreciate your understanding of our policy. If you have any other questions or need support with future orders, please don’t hesitate to let us know — we’re always here to help.

Best Regards,

Leah

\\----

This makes no sense to me and I appreciate any help with how to deal with them. These are \*relatively\* cheap trousers ($60) however $60 typically means a decent, working pair of trousers not one with failing stitches."
1squ2ka,malefashionadvice,Which sneakers should I go for? Need genuine suggestions,"Here are the options:

1.Puma RX 737 B&amp;B Res Sneakers

2.New Balance 373

3.New Balance GM500

4.New Balance 720

5.New Balance CT60IN

My usage:

Daily college wear

Some walking (not heavy running)

Want something stylish but also comfortable.

If anyone has used any of these, please share your

experience.

Also open to other suggestions in the same budget

range.",0,1,1776701898.0,devil wears prada 2,nyc_premiere,2026-04-20,"Which sneakers should I go for? Need genuine suggestions Here are the options:

1.Puma RX 737 B&amp;B Res Sneakers

2.New Balance 373

3.New Balance GM500

4.New Balance 720

5.New Balance CT60IN

My usage:

Daily college wear

Some walking (not heavy running)

Want something stylish but also comfortable.

If anyone has used any of these, please share your

experience.

Also open to other suggestions in the same budget

range."
1spcdtg,malefashionadvice,Do Timberland boots count as cheating’ height?”,"Hello everyone,

I’m writing because I recently got a pair of black Timberland 6-inch boots for my birthday. I’m about 5'9"" tall, and I’ve never really worn high shoes before—usually I stick to shoes with soles between about 0.6 and 1.2 inches at most.

But I decided to try the Timberlands because I think they look really good. They’re comfortable, but I immediately noticed the height difference. I honestly feel like I’m “cheating,” even though it’s ""only"" about 1.6 inches of extra height.

So I was wondering: is it actually considered “cheating” to wear this kind of footwear compared to most people? I go from around 5'9"" to almost 5'11"", and again, it really feels like I’m cheating haha. Maybe it’s just psychological?",0,31,1776553842.0,devil wears prada 2,nyc_premiere,2026-04-18,"Do Timberland boots count as cheating’ height?” Hello everyone,

I’m writing because I recently got a pair of black Timberland 6-inch boots for my birthday. I’m about 5'9"" tall, and I’ve never really worn high shoes before—usually I stick to shoes with soles between about 0.6 and 1.2 inches at most.

But I decided to try the Timberlands because I think they look really good. They’re comfortable, but I immediately noticed the height difference. I honestly feel like I’m “cheating,” even though it’s ""only"" about 1.6 inches of extra height.

So I was wondering: is it actually considered “cheating” to wear this kind of footwear compared to most people? I go from around 5'9"" to almost 5'11"", and again, it really feels like I’m cheating haha. Maybe it’s just psychological?"
1snthfk,malefashionadvice,Guys I need some genuine fashion advice,"Good evening Iam 17 height is 5:9 Iam a fat chubby boy weight around 115 kg , I have been going to gym for almost 2 years now , but due to some issues had to stay at home for 6 months ,  while I have gotten a lot fat I just don’t have anything good to wear please suggest something in budget I need outfits for daily wear and only has 2 place so go to either gym or go out to hang out with friends and usually Iam just at my home studying. cause I will try my best and get back on track  . 😭🙏🏻🙏🏻",0,5,1776409418.0,devil wears prada 2,nyc_premiere,2026-04-17,"Guys I need some genuine fashion advice Good evening Iam 17 height is 5:9 Iam a fat chubby boy weight around 115 kg , I have been going to gym for almost 2 years now , but due to some issues had to stay at home for 6 months ,  while I have gotten a lot fat I just don’t have anything good to wear please suggest something in budget I need outfits for daily wear and only has 2 place so go to either gym or go out to hang out with friends and usually Iam just at my home studying. cause I will try my best and get back on track  . 😭🙏🏻🙏🏻"
1sjyt8d,malefashionadvice,My job was sourcing apparel from Asia. I don’t buy my suits there.,"Early in my career, I was a sourcing analyst for a major apparel brand.  We sourced everything from blue blazers to pink thongs and made sure it arrived in the stores and online warehouse on schedule.

When I see guys confidently talking about their ""bespoke"" Vietnamese suits and their Loro Piana fabric at unbeatable prices, I get flashbacks of ship schedules, a supplier who ruined a shipment of polos by deciding not to put on one of the buttons, and arranging emergency airfreight. 

***This is a long read. But it’s shorter than a flight to Bangkok.***

**\*\*\***

**1) What quality control actually costs**

There are good, honest producers out there.  Our main woven button-down shirt producer in Hong Kong was consistently high-quality and customers loved their product, but they couldn’t produce enough, so we had to multi-source.  Other suppliers tried every trick possible to cut corners and hope you don't notice.  We came to assume that everyone was either not fully competent or dishonest.

The company had an entire quality team that stretched from the mill to the stores. Some of what they did:

* Specified and checked everything down to the number of stitches per inch
* Bought our own fabrics directly from mills and tested what arrived against the samples we approved.  (Many samples were destroyed by testing, but we sold extra samples to employees in the company store in HQ for a few bucks, along with tons of random returns that we accepted even though they weren’t our products.)
* Conducted on-site inspections / audits, both scheduled and unannounced.
* Conducted chemical analyses on fabrics.
* Used fiber verification labs, which sometimes means burning fibers and inspecting the ash.
* Inspected at the end of the line, at the port, at arrival, at the distribution center.
* Kept rigorous vendor scorecards over years.
* Managed our local agents (like Li &amp; Fung) to add an extra layer of QC

We had contracts with enough teeth that when a supplier pushed too far, we could refuse the shipment at the arrival port.  Sometimes our refusal to pay would force suppliers into bankruptcy, which we often debated.  When we felt a screw-up was unintentional, we'd often demand a price reduction, and sometimes we were the screw-up - often because the merchandizing team demanded some late spec change.  We never wanted to reject a shipment because it meant an emergency to get it replaced and airfreighted across in time for new seasonal displays in stores. 

And yet... factories with full knowledge that professionals were watching them, with real financial consequences on the table, still substituted materials, drifted from approved samples, and quietly degraded quality as a production run progressed. I get it, they run really low-margin businesses, and they did what was economically rational. But that doesn't mean it's OK for our customers.  

**2) What’s your quality control?**

When you go buy a suit from your new friend in Asia, what does your personal quality control process look like? Are you sending fabric to a lab, counting stitches per inch? Or are you relying on your fingers and some guy on the internet?

You think you’re arbitraging labor cost between Hanoi and Houston?  We sourced from Vietnam too, but we had teams of experts that did the boring work of setting standards and enforcing them rigorously.  We bought billions of dollars of clothing a year, had our own people and third party agents on the ground from Laem Chabang to Long Beach, and still sometimes got lousy goods.  If we struggled to get consistent quality, how are you going to do better on your vacation?

**3) The typical Asia MTM customer**

The typical customer is someone who has outgrown fast fashion and mall suits, has a budget, maybe a slightly unusual body, and wants something that feels made for them. They might not have a reference point for what a properly canvassed chest feels like *on them* or what a roped sleeve head does for the shoulder line.  They’ve never been in true bespoke or a $10k Neapolitan blazer, and they probably don’t need it.  They just need to look more successful than the guy in a polyester mall suit. 

The MTM experience is genuinely transformative to a person who’s never had full tailoring before or assumes it’s only for the wealthy.  A suit with their name in the lining, in a fabric they chose, that looks better than anything they've pulled off a mid-market rack. They feel like a millionaire. 

The problem is the language you hear.  It’s not always totally honest.  Highly variable M2M is pitched as something approaching Savile Row. An honest position would be: “we make good made-to-measure suits at accessible prices, a step above the mall.”  Instead: “bespoke”, name-dropped mills, implications of Mayfair quality at a fraction of the price.

Quality costs money no matter where you are.  High-grade fabrics, experienced pattern cutters, and precise handwork are expensive everywhere.  Where there’s a labor cost arbitrage is in the basic sewing.  Sewing is much of the cost of a mall-quality garment, but little of the cost of a Savile Row garment. 

**4) The M2M vs. bespoke confusion**

Bespoke means a pattern drafted from scratch for your body, a toile cut and fitted, multiple sessions where the garment is taken apart and rebuilt, and a cutter who carries personal accountability for the result. This takes weeks.

Thus, the expensive skill in suit production isn't the sewing. It's the cutter, which is the person who shapes the chest and shoulders to your particular body. Good cutters are rare.  They know their value.  Many MTM shops don’t have a single one on staff because they use standard block patterns which are simple, familiar, and work for most people.

**5) M2M is more industrial than you want to believe**

The block patterns used by volume M2M operations are designed to be inoffensive.  They produce something that looks acceptably suit-shaped on a wide range of bodies while keeping returns down.  If you've only ever bought at the mall, the upgrade of MTM is often quite real.  But the ceiling shows to anyone with a real reference point.

The chest is where the ceiling shows most. A well-built chest rolls softly over the button, drapes with life and movement, and can make a normie look like Chad (personal experience as a normie here).  A well shaped chest is hard to cut because it requires patterning skill, not sewing skill. 

Since most M2Ms use predefined blocks, you get a chest that photographs well and looks fine at a glance, but can be subtly off in enough small ways that it adds up.

For a customer who’s never experienced better, the finer points don't register.  Or worse, the customer gets absorbed by the theater of tailoring in an exotic city, people fawning over them like they’re royalty, discovering some secret tailor shop on a dirty back alley before a night at the Four Floors (personally I like Ipanema) celebrating their success in obtaining the perfect garment built precisely to their specifications. 

**6) The customisation is mostly cosmetic**

Lapel width, button stance, lining fabric, working buttonholes, ticket pocket – all decorations. No decoration affects whether the coat is long enough (often it’s not), its shoulder slope, or chest shape. That's the cut, and the cut isn't what's being customised.

You're being offered seventeen color options on the same basic block used for every guy who walks in. If you're tall, they're adding a couple of inches at the hem, not reworking the chest canvas or adjusting the button stance proportionally. It feels personal, but feeling isn’t reality. 

**7) Where does the fabric actually come from?**

When the total price of a ""Super 150s Loro Piana suit"" is less than what that fabric alone retails for, either someone is losing money or the story about the fabric isn't complete. Faking a label on a bolt of cloth is the easiest scam out there. Verifying fabric provenance without a lab and a control sample sourced directly from the mill is essentially impossible. 

There’s a world of difference (and price) between cheap Chinese cashmere and the good stuff. But if the cloth feels luxurious and the name sounds impressive, maybe that's good enough?

**8) Enshittification in real time**

Enshittification happened to us often enough that we marveled at those who didn’t engage in it.  (I’d put our Turkish shoe supplier up against anyone.)  Suppliers who had earned ""A"" status got inspected less rigorously.

And then quality quietly declined.  Some corrected course when they got caught.  Others, well, they went to work for other brands.  Yes, enshittification happens even at the level of foreign garment factories.

If factories ran enshittification scams on our QC apparatus, why wouldn't they run it on you?  If you wanted to scam someone, would you target a sophisticated buyer with a team of inspectors and a contract with teeth -- or the farang who is leaving Sunday and found your shop from some guy on the internet?  It’s easy: build one great suit that actually is of high quality, then sell that guy four more that are rubbish once he’s convinced he’s found some secret at your hole-in-the-wall. 

**9) Why I personally haven't pulled the trigger**

I wear suits or blazers most days now and have about 30 in my closet along with 30 trousers and 20 pairs of shoes.  Pretty good for a straight guy, huh?  My measurements are just on the edge of the range that quality men's RTW (“ready to wear”) caters to.

Through trial and error, I’ve figured out which brands are cut well for my body and which eras of their production are worth seeking out.  (Lanvin in the 1990s, Zegna from 2005 to 2012, Kiton’s exotic fabric blends, and Ralph Lauren Purple Label are particularly good.) 

I actually buy most of my high-end stuff secondhand, because I know what good looks like and most high-end clothing depreciates 90% as soon as you take off the tags.  I have a local tailor who happens to be Asian.

The appeal of Asian M2M is real for people slightly outside normal RTW parameters. A bit bigger, taller, shorter, narrower… add an inch here or take it away there and you have a garment that passes most people’s finger and eye tests.  And maybe that's good enough for most people.  

If you have truly unusual proportions, real bespoke might be the only answer. But fewer people genuinely need that than think they do, and virtually nobody can actually afford it.

I haven't ruled out a visit to one of the long-established tailoring houses whose reputation has been stress-tested over decades.  I haven’t been to Asia since before covid.  If I went, maybe I’d ask the best dressed local man where he gets his blazers.  And I wouldn’t be surprised if he replies, “The Kiton boutique, over in Shinjuku.”",480,56,1776049360.0,devil wears prada 2,nyc_premiere,2026-04-13,"My job was sourcing apparel from Asia. I don’t buy my suits there. Early in my career, I was a sourcing analyst for a major apparel brand.  We sourced everything from blue blazers to pink thongs and made sure it arrived in the stores and online warehouse on schedule.

When I see guys confidently talking about their ""bespoke"" Vietnamese suits and their Loro Piana fabric at unbeatable prices, I get flashbacks of ship schedules, a supplier who ruined a shipment of polos by deciding not to put on one of the buttons, and arranging emergency airfreight. 

***This is a long read. But it’s shorter than a flight to Bangkok.***

**\*\*\***

**1) What quality control actually costs**

There are good, honest producers out there.  Our main woven button-down shirt producer in Hong Kong was consistently high-quality and customers loved their product, but they couldn’t produce enough, so we had to multi-source.  Other suppliers tried every trick possible to cut corners and hope you don't notice.  We came to assume that everyone was either not fully competent or dishonest.

The company had an entire quality team that stretched from the mill to the stores. Some of what they did:

* Specified and checked everything down to the number of stitches per inch
* Bought our own fabrics directly from mills and tested what arrived against the samples we approved.  (Many samples were destroyed by testing, but we sold extra samples to employees in the company store in HQ for a few bucks, along with tons of random returns that we accepted even though they weren’t our products.)
* Conducted on-site inspections / audits, both scheduled and unannounced.
* Conducted chemical analyses on fabrics.
* Used fiber verification labs, which sometimes means burning fibers and inspecting the ash.
* Inspected at the end of the line, at the port, at arrival, at the distribution center.
* Kept rigorous vendor scorecards over years.
* Managed our local agents (like Li &amp; Fung) to add an extra layer of QC

We had contracts with enough teeth that when a supplier pushed too far, we could refuse the shipment at the arrival port.  Sometimes our refusal to pay would force suppliers into bankruptcy, which we often debated.  When we felt a screw-up was unintentional, we'd often demand a price reduction, and sometimes we were the screw-up - often because the merchandizing team demanded some late spec change.  We never wanted to reject a shipment because it meant an emergency to get it replaced and airfreighted across in time for new seasonal displays in stores. 

And yet... factories with full knowledge that professionals were watching them, with real financial consequences on the table, still substituted materials, drifted from approved samples, and quietly degraded quality as a production run progressed. I get it, they run really low-margin businesses, and they did what was economically rational. But that doesn't mean it's OK for our customers.  

**2) What’s your quality control?**

When you go buy a suit from your new friend in Asia, what does your personal quality control process look like? Are you sending fabric to a lab, counting stitches per inch? Or are you relying on your fingers and some guy on the internet?

You think you’re arbitraging labor cost between Hanoi and Houston?  We sourced from Vietnam too, but we had teams of experts that did the boring work of setting standards and enforcing them rigorously.  We bought billions of dollars of clothing a year, had our own people and third party agents on the ground from Laem Chabang to Long Beach, and still sometimes got lousy goods.  If we struggled to get consistent quality, how are you going to do better on your vacation?

**3) The typical Asia MTM customer**

The typical customer is someone who has outgrown fast fashion and mall suits, has a budget, maybe a slightly unusual body, and wants something that feels made for them. They might not have a reference point for what a properly canvassed chest feels like *on them* or what a roped sleeve head does for the shoulder line.  They’ve never been in true bespoke or a $10k Neapolitan blazer, and they probably don’t need it.  They just need to look more successful than the guy in a polyester mall suit. 

The MTM experience is genuinely transformative to a person who’s never had full tailoring before or assumes it’s only for the wealthy.  A suit with their name in the lining, in a fabric they chose, that looks better than anything they've pulled off a mid-market rack. They feel like a millionaire. 

The problem is the language you hear.  It’s not always totally honest.  Highly variable M2M is pitched as something approaching Savile Row. An honest position would be: “we make good made-to-measure suits at accessible prices, a step above the mall.”  Instead: “bespoke”, name-dropped mills, implications of Mayfair quality at a fraction of the price.

Quality costs money no matter where you are.  High-grade fabrics, experienced pattern cutters, and precise handwork are expensive everywhere.  Where there’s a labor cost arbitrage is in the basic sewing.  Sewing is much of the cost of a mall-quality garment, but little of the cost of a Savile Row garment. 

**4) The M2M vs. bespoke confusion**

Bespoke means a pattern drafted from scratch for your body, a toile cut and fitted, multiple sessions where the garment is taken apart and rebuilt, and a cutter who carries personal accountability for the result. This takes weeks.

Thus, the expensive skill in suit production isn't the sewing. It's the cutter, which is the person who shapes the chest and shoulders to your particular body. Good cutters are rare.  They know their value.  Many MTM shops don’t have a single one on staff because they use standard block patterns which are simple, familiar, and work for most people.

**5) M2M is more industrial than you want to believe**

The block patterns used by volume M2M operations are designed to be inoffensive.  They produce something that looks acceptably suit-shaped on a wide range of bodies while keeping returns down.  If you've only ever bought at the mall, the upgrade of MTM is often quite real.  But the ceiling shows to anyone with a real reference point.

The chest is where the ceiling shows most. A well-built chest rolls softly over the button, drapes with life and movement, and can make a normie look like Chad (personal experience as a normie here).  A well shaped chest is hard to cut because it requires patterning skill, not sewing skill. 

Since most M2Ms use predefined blocks, you get a chest that photographs well and looks fine at a glance, but can be subtly off in enough small ways that it adds up.

For a customer who’s never experienced better, the finer points don't register.  Or worse, the customer gets absorbed by the theater of tailoring in an exotic city, people fawning over them like they’re royalty, discovering some secret tailor shop on a dirty back alley before a night at the Four Floors (personally I like Ipanema) celebrating their success in obtaining the perfect garment built precisely to their specifications. 

**6) The customisation is mostly cosmetic**

Lapel width, button stance, lining fabric, working buttonholes, ticket pocket – all decorations. No decoration affects whether the coat is long enough (often it’s not), its shoulder slope, or chest shape. That's the cut, and the cut isn't what's being customised.

You're being offered seventeen color options on the same basic block used for every guy who walks in. If you're tall, they're adding a couple of inches at the hem, not reworking the chest canvas or adjusting the button stance proportionally. It feels personal, but feeling isn’t reality. 

**7) Where does the fabric actually come from?**

When the total price of a ""Super 150s Loro Piana suit"" is less than what that fabric alone retails for, either someone is losing money or the story about the fabric isn't complete. Faking a label on a bolt of cloth is the easiest scam out there. Verifying fabric provenance without a lab and a control sample sourced directly from the mill is essentially impossible. 

There’s a world of difference (and price) between cheap Chinese cashmere and the good stuff. But if the cloth feels luxurious and the name sounds impressive, maybe that's good enough?

**8) Enshittification in real time**

Enshittification happened to us often enough that we marveled at those who didn’t engage in it.  (I’d put our Turkish shoe supplier up against anyone.)  Suppliers who had earned ""A"" status got inspected less rigorously.

And then quality quietly declined.  Some corrected course when they got caught.  Others, well, they went to work for other brands.  Yes, enshittification happens even at the level of foreign garment factories.

If factories ran enshittification scams on our QC apparatus, why wouldn't they run it on you?  If you wanted to scam someone, would you target a sophisticated buyer with a team of inspectors and a contract with teeth -- or the farang who is leaving Sunday and found your shop from some guy on the internet?  It’s easy: build one great suit that actually is of high quality, then sell that guy four more that are rubbish once he’s convinced he’s found some secret at your hole-in-the-wall. 

**9) Why I personally haven't pulled the trigger**

I wear suits or blazers most days now and have about 30 in my closet along with 30 trousers and 20 pairs of shoes.  Pretty good for a straight guy, huh?  My measurements are just on the edge of the range that quality men's RTW (“ready to wear”) caters to.

Through trial and error, I’ve figured out which brands are cut well for my body and which eras of their production are worth seeking out.  (Lanvin in the 1990s, Zegna from 2005 to 2012, Kiton’s exotic fabric blends, and Ralph Lauren Purple Label are particularly good.) 

I actually buy most of my high-end stuff secondhand, because I know what good looks like and most high-end clothing depreciates 90% as soon as you take off the tags.  I have a local tailor who happens to be Asian.

The appeal of Asian M2M is real for people slightly outside normal RTW parameters. A bit bigger, taller, shorter, narrower… add an inch here or take it away there and you have a garment that passes most people’s finger and eye tests.  And maybe that's good enough for most people.  

If you have truly unusual proportions, real bespoke might be the only answer. But fewer people genuinely need that than think they do, and virtually nobody can actually afford it.

I haven't ruled out a visit to one of the long-established tailoring houses whose reputation has been stress-tested over decades.  I haven’t been to Asia since before covid.  If I went, maybe I’d ask the best dressed local man where he gets his blazers.  And I wouldn’t be surprised if he replies, “The Kiton boutique, over in Shinjuku.”"
1svckvd,movies,Movie recs?,"This is my (EXTREMELY) long list of top movies.

1. List A is Old Hollywood romance classics

2. List B is quirky mixed pop-culture favorites

3. List C is fun feminine rom-com / teen movie comfort films.

List A:

\* An Affair to Remember (1957)

\* His Girl Friday (1940)

\* Casablanca (1942)

\* It Happened One Night (1934)

\* Now, Voyager (1942)

\* Brief Encounter (1945)

\* Roman Holiday (1953)

\* Sabrina (1954)

\* Love Affair (1939)

\* Dark Victory (1939)

\* Random Harvest (1942)

\* Waterloo Bridge (1940)

\* Camille (1936)

\* The Ghost and Mrs. Muir (1947)

\* Bringing Up Baby (1938)

\* The Philadelphia Story (1940)

\* My Man Godfrey (1936)

\* Midnight (1930)

List B:

\* Pippi Longstocking (1969)

\* The Godfather (1972)

\* The Godfather Part II (1974)

\* The Godfather Part III (1990)

\* Showgirls (1995)

\* The Shining (1980)

\* American Gigolo (1980)

\* Dirty Dancing (1987)

\* Chinatown (1974)

\* Fatso (1980)

\* Diner (1982)

\* Dick Tracy (1990)

\* Bonnie and Clyde (1967)

\* Willy Wonka &amp; the Chocolate Factory (1971)

\* Cool Hand Luke (1967)

\* The Money Pit (1986)

\* The Treasure of the Sierra Madre (1948)

\* Hardbodies (1984)

\* Footloose (1984)

\* An American in Paris (1951)

\* Ishtar (1987)

\* G.I. Jane (1997)

\* Sid and Nancy (1986)

\* Fahrenheit 9/11 (2004)

\* The Breakfast Club (1985)

\* From Here to Eternity (1953)

\* Seven Samurai (1954)

\* Annie Hall (1977)

List C

\* Juno (2007)

\* Hannah Montana: The Movie (2009)

\* The Devil Wears Prada (2006)

\* She’s the Man (2006)

\* Freaky Friday (2003)

\* Camp Rock (2008)

\* 10 Things I Hate About You (1999)

\* Sydney White (2007)

\* Easy A (2010)

\* La La Land (2016)

\* Mean Girls (2004)

\* How to Lose a Guy in 10 Days (2003)

\* Just Like Heaven (2005)

\* 13 Going on 30 (2004)

\* (500) Days of Summer (2009)

\* Eternal Sunshine of the Spotless Mind (2004)

\* The Notebook (2004)

\* The Lizzie McGuire Movie (2003)

\* She’s All That (1999)

\* Serendipity (2001)

\* The Prince &amp; Me (2004)

\* The Proposal (2009)

\* Made of Honor (2008)

\* Crazy, Stupid, Love. (2011)

\* The Parent Trap (1998)

\* Notting Hill (1999)

\* When Harry Met Sally… (1989)

\* Sixteen Candles (1984)

\* My Girl (1991)

\* Wild Child (2008)

\* The House Bunny (2008)

\* John Tucker Must Die (2006)",0,10,1777124593.0,devil wears prada 2,nyc_premiere,2026-04-25,"Movie recs? This is my (EXTREMELY) long list of top movies.

1. List A is Old Hollywood romance classics

2. List B is quirky mixed pop-culture favorites

3. List C is fun feminine rom-com / teen movie comfort films.

List A:

\* An Affair to Remember (1957)

\* His Girl Friday (1940)

\* Casablanca (1942)

\* It Happened One Night (1934)

\* Now, Voyager (1942)

\* Brief Encounter (1945)

\* Roman Holiday (1953)

\* Sabrina (1954)

\* Love Affair (1939)

\* Dark Victory (1939)

\* Random Harvest (1942)

\* Waterloo Bridge (1940)

\* Camille (1936)

\* The Ghost and Mrs. Muir (1947)

\* Bringing Up Baby (1938)

\* The Philadelphia Story (1940)

\* My Man Godfrey (1936)

\* Midnight (1930)

List B:

\* Pippi Longstocking (1969)

\* The Godfather (1972)

\* The Godfather Part II (1974)

\* The Godfather Part III (1990)

\* Showgirls (1995)

\* The Shining (1980)

\* American Gigolo (1980)

\* Dirty Dancing (1987)

\* Chinatown (1974)

\* Fatso (1980)

\* Diner (1982)

\* Dick Tracy (1990)

\* Bonnie and Clyde (1967)

\* Willy Wonka &amp; the Chocolate Factory (1971)

\* Cool Hand Luke (1967)

\* The Money Pit (1986)

\* The Treasure of the Sierra Madre (1948)

\* Hardbodies (1984)

\* Footloose (1984)

\* An American in Paris (1951)

\* Ishtar (1987)

\* G.I. Jane (1997)

\* Sid and Nancy (1986)

\* Fahrenheit 9/11 (2004)

\* The Breakfast Club (1985)

\* From Here to Eternity (1953)

\* Seven Samurai (1954)

\* Annie Hall (1977)

List C

\* Juno (2007)

\* Hannah Montana: The Movie (2009)

\* The Devil Wears Prada (2006)

\* She’s the Man (2006)

\* Freaky Friday (2003)

\* Camp Rock (2008)

\* 10 Things I Hate About You (1999)

\* Sydney White (2007)

\* Easy A (2010)

\* La La Land (2016)

\* Mean Girls (2004)

\* How to Lose a Guy in 10 Days (2003)

\* Just Like Heaven (2005)

\* 13 Going on 30 (2004)

\* (500) Days of Summer (2009)

\* Eternal Sunshine of the Spotless Mind (2004)

\* The Notebook (2004)

\* The Lizzie McGuire Movie (2003)

\* She’s All That (1999)

\* Serendipity (2001)

\* The Prince &amp; Me (2004)

\* The Proposal (2009)

\* Made of Honor (2008)

\* Crazy, Stupid, Love. (2011)

\* The Parent Trap (1998)

\* Notting Hill (1999)

\* When Harry Met Sally… (1989)

\* Sixteen Candles (1984)

\* My Girl (1991)

\* Wild Child (2008)

\* The House Bunny (2008)

\* John Tucker Must Die (2006)"
1ssrqc1,movies,Cinemark invites moviegoers to dress up for ‘Devil Wears Prada 2’ watch parties,,0,4,1776877894.0,devil wears prada 2,nyc_premiere,2026-04-22,Cinemark invites moviegoers to dress up for ‘Devil Wears Prada 2’ watch parties
1sr4aor,movies,Devil Wears Prada 2 using stills from the original movie,"The latest trailer for The Devil Wears Prada 2 features a still image of Miranda giving her famous “that’s all” face to Andie and it’s being used on social media as a meme.

Except this image doesn’t exist in their universe since it was a “real life” moment between the characters and wasn’t filmed or photographed. There’s no way that still image could possibly exist in the Prada universe.

I know it’s trivial, but why on earth would they include it? No one said that doesn’t make sense?

Edit: [the image in question](https://imgur.com/a/msnQ6jk). ",0,17,1776721979.0,devil wears prada 2,nyc_premiere,2026-04-20,"Devil Wears Prada 2 using stills from the original movie The latest trailer for The Devil Wears Prada 2 features a still image of Miranda giving her famous “that’s all” face to Andie and it’s being used on social media as a meme.

Except this image doesn’t exist in their universe since it was a “real life” moment between the characters and wasn’t filmed or photographed. There’s no way that still image could possibly exist in the Prada universe.

I know it’s trivial, but why on earth would they include it? No one said that doesn’t make sense?

Edit: [the image in question](https://imgur.com/a/msnQ6jk)."
1sr1sav,movies,Is 2026 officially the year of remakes and reboots?,"Is 2026 just the year of remakes and reboots? I feel like everything on the slate is a sequel, reboot, or spin off: Devil Wears Prada 2, Practical Magic 2, a new Hunger Games reboot, yet another Superman spinoff, Minions 3, another Moana, another Toy Story, etc. 

Do studios just not want to risk original stories anymore, especially after what happened with The Bride (which I actually love), or is there another reason the slate looks like this?",0,25,1776716572.0,devil wears prada 2,nyc_premiere,2026-04-20,"Is 2026 officially the year of remakes and reboots? Is 2026 just the year of remakes and reboots? I feel like everything on the slate is a sequel, reboot, or spin off: Devil Wears Prada 2, Practical Magic 2, a new Hunger Games reboot, yet another Superman spinoff, Minions 3, another Moana, another Toy Story, etc. 

Do studios just not want to risk original stories anymore, especially after what happened with The Bride (which I actually love), or is there another reason the slate looks like this?"
1spoyk0,movies,What time did Andi get back to the office with the Harry Potter manuscript in The devil wears prada?,"This scene in particular has me asking so many questions 🤣 so Miranda gives her the impossible task of getting the Harry Potter manuscript. She says she wants the book by 3 as the twins train is leaving at 4. 

She says she wants her steak in 15 minutes, Andi says the steak house doesn’t open till 11.30 &amp; she has 4 hours to get the impossible book. 

So let’s assume that’s 11am. 

She gets the book and Christian says she has one hour. So I assume that’s 2pm and he’s talking about the 3pm deadline. Andi must of realised on the way to the office Miranda would complain of the one copy (what are my twins going to do with that? Share?) and decided to make 2 copies and because she would miss the 3pm deadline to go straight to the train station to hand it to the twins. 

As she’d gone so above and beyond (made copies, covered and bound so they didn’t look like manuscripts, got them to the train) Miranda let her off the hook for being late &amp; not having her Starbucks waiting like she demanded 🤣

Miranda also said if you don’t have that Harry Potter book, don’t even think about coming back, so when 3pm passed Miranda was probably like ha good, she failed and now I can fire her. ",0,12,1776593315.0,devil wears prada 2,nyc_premiere,2026-04-19,"What time did Andi get back to the office with the Harry Potter manuscript in The devil wears prada? This scene in particular has me asking so many questions 🤣 so Miranda gives her the impossible task of getting the Harry Potter manuscript. She says she wants the book by 3 as the twins train is leaving at 4. 

She says she wants her steak in 15 minutes, Andi says the steak house doesn’t open till 11.30 &amp; she has 4 hours to get the impossible book. 

So let’s assume that’s 11am. 

She gets the book and Christian says she has one hour. So I assume that’s 2pm and he’s talking about the 3pm deadline. Andi must of realised on the way to the office Miranda would complain of the one copy (what are my twins going to do with that? Share?) and decided to make 2 copies and because she would miss the 3pm deadline to go straight to the train station to hand it to the twins. 

As she’d gone so above and beyond (made copies, covered and bound so they didn’t look like manuscripts, got them to the train) Miranda let her off the hook for being late &amp; not having her Starbucks waiting like she demanded 🤣

Miranda also said if you don’t have that Harry Potter book, don’t even think about coming back, so when 3pm passed Miranda was probably like ha good, she failed and now I can fire her."
1smjhkh,movies,Movies/Shows Don’t Feel Real Anymore,"I know we all say that movies/shows from the 2000s/90s are goated and especially the 80s too has great classic stuff!  



We all have felt that content isn’t like it used to be.

  
And for a long time I thought it predominantly had to do with the plot lines of stories not feeling unique or inspiring anymore. Which, definitely is the case as  so many are just reboots of things already made.

  
But, I think there’s actually an even greater element to what makes movies/shows from the past so much better than today’s movies and it’s the fact that movies and shows used to feel real.

  
These days they feel so overproduced and staged that you don’t feel like you could naturally be in the universe with these people like how it used to feel.

  
Jurassic Park, for instance, felt so real watching that movie. You didn’t just feel like it could happen, it felt like it WAS happening right in that moment and like you were there with those people being chased by dinosaurs. 

  
But movies today just feel empty. They lack the warmth and depth and I think  some of that has to do with relying on CGI, but I think a lot of that is just simply at the fault of the directors. 



Maybe they’re trying too hard? Maybe they’re not trying enough? Who can say?

  
But regardless, it’s disheartening…

A good comparison is Wuthering Heights versus Pride and Prejudice that was made with Keira Knightley.

  
In pride and prejudice, they incorporated beautiful cinematography while still making it feel like you were there with these people and that Elizabeth Bennett and Mr. Darcy and all the other characters were real people falling in love and we were there with them. 

  
It didn’t feel like it was Keira Knightley playing a role. And the setting didn’t feel staged. 

In comparison, while watching Wuthering Heights, all I could think about is that it’s Margot Robbie and Jacob Elordi playing Margot Robbie and Jacob Elordi…. There was no immersion. There was no point where you felt like you were actually in the universe they were trying to take you to.

  
And while they tried to do things artistically with color, it didn’t feel natural. 

  
A good example of a movie using color, but that felt real was The Devil Wears Prada. Another one where it felt authentic to the story. 

My last example for something that felt real is sex and the city. That’s a great example of something where it doesn’t feel like the directors or anyone were trying too hard and because of that it made the show truly genuine - Like you could walk around in New York City and pass this group of friends naturally any day of the week. And even despite Carrie’s eccentric outfits, the clothes still felt like something they honestly would pull out of their closet and didn’t feel overstyled by a stylist or like their hair was always completely perfect or like their makeup was always done by makeup artist….Not like how it felt in It Ends With Us with Blake Lively. 

  
I’m curious everyone else’s thoughts on this…",0,46,1776288281.0,devil wears prada 2,nyc_premiere,2026-04-15,"Movies/Shows Don’t Feel Real Anymore I know we all say that movies/shows from the 2000s/90s are goated and especially the 80s too has great classic stuff!  



We all have felt that content isn’t like it used to be.

  
And for a long time I thought it predominantly had to do with the plot lines of stories not feeling unique or inspiring anymore. Which, definitely is the case as  so many are just reboots of things already made.

  
But, I think there’s actually an even greater element to what makes movies/shows from the past so much better than today’s movies and it’s the fact that movies and shows used to feel real.

  
These days they feel so overproduced and staged that you don’t feel like you could naturally be in the universe with these people like how it used to feel.

  
Jurassic Park, for instance, felt so real watching that movie. You didn’t just feel like it could happen, it felt like it WAS happening right in that moment and like you were there with those people being chased by dinosaurs. 

  
But movies today just feel empty. They lack the warmth and depth and I think  some of that has to do with relying on CGI, but I think a lot of that is just simply at the fault of the directors. 



Maybe they’re trying too hard? Maybe they’re not trying enough? Who can say?

  
But regardless, it’s disheartening…

A good comparison is Wuthering Heights versus Pride and Prejudice that was made with Keira Knightley.

  
In pride and prejudice, they incorporated beautiful cinematography while still making it feel like you were there with these people and that Elizabeth Bennett and Mr. Darcy and all the other characters were real people falling in love and we were there with them. 

  
It didn’t feel like it was Keira Knightley playing a role. And the setting didn’t feel staged. 

In comparison, while watching Wuthering Heights, all I could think about is that it’s Margot Robbie and Jacob Elordi playing Margot Robbie and Jacob Elordi…. There was no immersion. There was no point where you felt like you were actually in the universe they were trying to take you to.

  
And while they tried to do things artistically with color, it didn’t feel natural. 

  
A good example of a movie using color, but that felt real was The Devil Wears Prada. Another one where it felt authentic to the story. 

My last example for something that felt real is sex and the city. That’s a great example of something where it doesn’t feel like the directors or anyone were trying too hard and because of that it made the show truly genuine - Like you could walk around in New York City and pass this group of friends naturally any day of the week. And even despite Carrie’s eccentric outfits, the clothes still felt like something they honestly would pull out of their closet and didn’t feel overstyled by a stylist or like their hair was always completely perfect or like their makeup was always done by makeup artist….Not like how it felt in It Ends With Us with Blake Lively. 

  
I’m curious everyone else’s thoughts on this…"
1srmxgb,movies,'Michael' - Review Thread,"*The story of pop superstar Michael Jackson -- from his extraordinary early days in the Jackson 5 to the visionary artist whose creative ambition fuels a relentless pursuit to become the biggest entertainer in the world.*

Director: Antoine Fuqua

Cast: Jaafar Jackson, Colman Domingo, Miles Teller, Laura Harrier, Nia Long, Kat Graham, Juliano Valdi, Kendrick Sampson

**Rotten Tomatoes:** [35%](https://www.rottentomatoes.com/m/michael)

**Metacritic:** [38 / 100](https://www.metacritic.com/movie/michael-2026/)

Some Reviews (updating):

[AwardsWatch - Jay Ledbetter](https://awardswatch.com/michael-review-its-bad-its-bad-really-really-bad-d/) \- 'D'

&gt;It’s Bad, It’s Bad (Really, Really Bad). Perhaps the most ironic thing about *Michael* is that it very regularly flashes scenes from some of cinema’s great films over the course of two hours. The Michael Jackson in *Michael* is a true blue cinephile, taking in classics like *Singin’ in the Rain*, *Modern Times*, *Dawn of the Dead*, and several others.  We see these films on televisions Michael is watching. It is a copy of a copy. In the same way that the Michael Jackson performances in *Michael* are cheap imitations of things that already exist, Antoine Fuqua shows the potential for creative triumph in a film that lacks any such creativity.  Lacking any sense of style or personal point of view, *Michael* is an exercise in mimicry. Give Madame Tussaud $150 million and I’m confident she could make something more or less as artful as *Michael*. It’s a nine-figure wax museum. 

[IGN - Siddhant Adlakha](https://www.ign.com/articles/michael-jackson-movie-review) \- 3 / 10

&gt;Michael, or Bohemian Jacksody, is a film of listlessness and inhumanity that can’t help but suck the energy out of the room. No matter where you come down on Jackson as a person, this film is entirely the opposite of what he was, both as an iconic performer and a controversial tabloid figure. Who would have thought that such a carefully controlled, estate-permitted biopic might actually do more damage to an artist’s legacy by making him so uninteresting?

[BBC - Nicholas Barber](https://www.bbc.com/culture/article/20260421-michael-review) \- 1 / 5

&gt;The main producer of this hagiography is Graham King, who was behind another pop biopic, Bohemian Rhapsody. But while that one won four Oscars, Michael is more likely to be a Razzie contender. Other key crew members include its director, Antoine Fuqua, who made Training Day, and its screenwriter, John Logan, whose screenplays include Gladiator and The Aviator – although you would never guess that anyone outside the Michael Jackson Fan Club was involved. The functional dialogue has all the nuance of a road sign, and the visuals are so lacking in flair that even the reconstructions of Jackson's groundbreaking videos and concerts are a snooze. That's the irony of the whole project. Whatever you think of Jackson, he was driven to create spectacular and innovative entertainment. And yet the film has none of that spirit. It was clearly intended as a tribute to him as a person, but it's a grievous insult to him as an artist.

[The Nightly - Wenlei Ma](https://thenightly.com.au/culture/film/michael-movie-review-even-divorced-from-his-complicated-legacy-the-michael-jackson-biopic-is-unwatchable-c-22173833) \- 1 / 5

&gt;It would have been much harder to ethically reckon a great film that deliberately papered over Jackson’s personal life, at best a lot of very odd behaviour, at worst, multiple allegations of child molestation over decades. But as it stands, that is made much simpler by the fact that Michael is a terrible film. Even divorced from the accusations that would dog his later life, as a piece of cinema, Michael is so awful at times, you risk physically collapsing into yourself from all the cringing.

[The Times - Kevin Maher](https://www.thetimes.com/culture/film/article/michael-review-jackson-biopic-movie-ds8fhz7bn) \- 1 / 5

&gt;The narrative is an aimless Wiki-plod through Jackson’s back catalogue, first with the Jackson 5 and then his early solo career. His siblings are negligible as characters and there’s a conspicuous vacuum where Janet Jackson should have been.

[Little White Lies - David Jenkins](https://lwlies.com/reviews/michael) \- 1 / 5

&gt;It’s hard to imagine a more superficial and safe film, although there is the suggestion that all the juicy stuff has been compartmentalised and stored up for a possible sequel. If this film is a big box office success – and everything in that respect points to the affirmative – then the Jackson estate will have to ask themselves if it would be possible to spin another rose-tinted fairytale to cover a stretch of Michael’s life where his genius artistry was less front-and-centre. Either way, it’s perhaps one to play in a double bill with the history-polishing 2014 film, *United Passions*, about the triumphant birth of universally-beloved footballing body, FIFA. 

[Associated Press - Jake Coyle](https://apnews.com/article/michael-jackson-movie-review-c1c8ba4f0a10421e507934b2d6c92358) \- 1.5 / 4

&gt;What’s on screen is constantly running, in our minds, alongside what isn’t. Even the glossiest of biopics allow some negative characteristics to show, but Fuqua’s film sticks almost entirely to Michael, the myth. He visits kids in hospitals, makes Black history on MTV, writes the “Thriller” album in near solitary. (Kendrick Sampson plays a seldom seen Quincy Jones.) As played by Jaafar Jackson, Michael is a wide-innocent who bore the scars of abuse and yet nevertheless maintained a childlike belief in music: king and casualty of pop, at once. If there’s one thing that needs no embellishment here, it’s the fervor of audiences for Jackson at his astonishing peak. Fuqua lingers on the fans losing their minds for Michael, but that ardor was real. Jaafar Jackson’s performance is a remarkable, charming facsimile not just for the dance moves and singing voice but, more crucially, for channeling Jackson’s sweetness.

[The Independent - Clarisse Loughrey](https://www.independent.co.uk/arts-entertainment/films/reviews/michael-jackson-movie-review-b2961072.html) \- 1 / 5

&gt;The Michael Jackson movie biopic is a ghoulish, soulless cash grab - All it does is recreate, in mechanical style, the most famous visuals of Jackson’s career. It’s certainly easier that way. Why bother to depict a human being when you can simply turn them into a product?

[ScreenCrush - Matt Singer](https://screencrush.com/michael-movie-review/) \- 4 / 10

&gt;In recent years, the term “sportswashing” has been used to describe the way governments or companies sponsor high-profile sporting events to deflect criticism after scandals. Michael suggests it may be time to coin the term “biopicwashing” for the creation of biographical movies that exclusively focus on only the positive actions of complicated public figures. Deliberately omitting the more troubling aspects of someone’s history to sell tickets (and albums) not only echoes Berry Gordy’s advice to young Michael Jackson in this film, it also calls to mind a lyric from one of the greatest pop songs ever written: “Be careful what you do / ’Cause the lie becomes the truth.”

[DiscussingFilm - Yasmine Kandil](https://discussingfilm.net/2026/04/21/michael-biopic-review-jaafar-jackson/) \- 3.5 / 5

&gt;Despite its technical flaws and position as a “first part” to a bigger picture, *Michael* stands as an entertaining experience that fans are going to have a blast with. As crazy as it sounds, this may be the first deep dive into Michael Jackson’s prolific career for a rising generation. With that in mind, it genuinely gets the job done. Antoine Fuqua’s *Michael* biopic is a portrait that finds its greatest strengths when surrendering to music and performance, leaving other aspects to waver. Although uneven, the film is never dull or lacking in ambition. In the moments where all the stars align, it captures the lightning-in-a-bottle sensation of seeing one of history’s greatest entertainers right before your eyes. 

[USA Today - Melissa Rugieri](https://www.usatoday.com/story/entertainment/movies/2026/04/21/michael-jackson-movie-review/89711461007/) \- 3 / 4

&gt;Jaafar may share his late uncle’s megawatt smile, lithe frame and Bambi eyelashes. But his liquid dance moves -- highlighted as he teaches gang members the footwork in the “Beat It” video -- and soft-spoken cadence are studied to perfection.

[Daily Telegraph - Robbie Collin](https://www.telegraph.co.uk/films/2026/04/21/michael-jackson-biopic-review/) \- 2 / 5

&gt;Yet, judged as the standalone film that it is, *Michael* feels as though it’s being as level with its audience as the Beckhams’ recent Netflix documentary. When you leave the cinema, what’s ringing in your ears isn’t the music – it’s the words: “Yes, *and…*?”

[Empire - John Nugent](https://www.empireonline.com/movies/reviews/michael-2026/) \- 2 / 5

&gt;Hugely impressive musical and dance performances from the two young men playing Michael Jackson cannot shake off the uncomfortable fact that there is an entire other side to the pop star’s story which is entirely conspicuous by its absence here.

[AV Club - Monica Castillo](https://www.avclub.com/michael-review) \- 'C-'

&gt;Like the long-running Broadway show, MJ: The Musical, the team behind Michael are counting on audiences just looking to enjoy the nostalgic rush of hearing songs like “ABC,” “Gotta Be Startin’ Somethin’,” and “Billie Jean.” While this movie may have his uncle’s name on it (and his estate’s approval), Michael belongs to Jaafar Jackson and his ability to conjure the thrill of watching Michael Jackson perform his signature moves in retro costumes. There’s almost an element of comfort in its predictability, even as it skirts as much controversy as possible, finally throwing up a card that reads “His Story Continues,” when it’s time to bail. Only, the audience knows what’s next—and if you don’t, that’s what search engines are for—and not everyone is willing to separate the art from the artist.

[IndieWire - Kate Erbland](https://www.indiewire.com/criticism/movies/michael-review-jackson-movie-biopic-sanitized-dull-1235189524/) \- 'C-'

&gt;Of course, that “Michael” skirts around the controversies, legal troubles, and horrifying allegations that marked the entertainer’s later years — and, for so many, have forever marred his legacy — isn’t a shock, as the film was supported and financially backed by Jackson’s estate. What does rankle, however, is that that by glossing over such matters, the final film has been mostly stripped of any humanity, good and bad.

[Consequence - Liz Shannon Miller](https://consequence.net/2026/04/michael-review-movie-biopic-jaafar-jackson/) \- 'C-'

&gt;Because the Jackson estate controls the rights to his music, it was always foolish to hope that *Michael* would explore the full complexity of its subject: With biopics like this, you can either get the warts-and-all version or the genuine “Thriller” — there’s no in-between. It’s that, not the legal settlement, which truly doomed this movie on a creative level. This is a movie terrified to explore the interiority of its protagonist, and that approach will work just fine for the fans who just want to watch an uncomplicated ramble of a movie that plays all the hits. That’s why artists like Michael Jackson remain immortal beyond death — no matter what we might know about their lives, great songs will always endure.

[Slant Magazine - Derek Smith](https://www.slantmagazine.com/film/michael-review-jaafar-jackson-antoine-fuqua/) \- 1.5 / 4

&gt;There’s irony in the acknowledgement of Joe’s obsession with expanding and protecting the Jackson brand, as the film is very much part of that ongoing effort, presenting Michael as a supremely talented, sensitive soul while smoothing over anything remotely troublesome. As magnetic as Jaafar Jackson is during the film’s musical performances, he still can’t quite capture his uncle’s protean, preternatural talents, as immortalized in countless YouTube clips, so even *Michael*’s more memorable moments seem beside the point when those clips are available at the click of a mouse. But even if he had, it would still be difficult to ignore just how much this almost surreally upbeat biopic looks at Michael Jackson with blinders on, turning the realities of a tragic, deeply complicated life into a sanitized popcorn film.

[The Guardian - Peter Bradshaw](https://www.theguardian.com/film/2026/apr/21/michael-review-cliched-jackson-biopic-is-bland-bowdlerised-and-bad) \- 2 / 5

&gt;This is a frustratingly shallow, inert picture, a kind of cruise-ship entertainment, which can’t quite bring itself to show that Michael was an abuse victim, brutalised by his father and robbed of his childhood. Perhaps this is because it would have a cause-and-effect implication, gesturing tactlessly at the story’s second half which may or may not happen in a couple of years, the part of Jackson’s life in which his behaviour was increasingly perplexing, dangling a baby over a hotel balcony – as well as facing sexual abuse allegations. Jaafar Jackson makes an honest effort at showing Michael, and there are some amusing moments, such as the making of the Thriller video, with Michael insouciantly (and quite possibly accurately) telling director John Landis how to do his job. But that brief film has more energy and authenticity than this.

[DEADLINE - Pete Hammond](https://deadline.com/2026/04/michael-review-jaafar-jackson-dazzles-feel-good-biopic-1236866871/)

&gt;*Michael* in fact did originally shoot scenes involving one of his accusers but all of that was cut and the film went through multi-million dollar reshoots resulting in what is clearly now a feel good, almost inspiring origin tale of this incredibly talented and visionary artist who paved a path away from his family roots to emerge a singular musical superstar like no other. Whether intentionally or just lucking into it, this *MIchael* is the film fans will line up for more than once, a chance to see this genius up close and in IMAX like never before.

[RogerEbert - Robert Daniels](https://www.rogerebert.com/reviews/michael-jackson-biopic-film-review-2026) \- 1 / 4

&gt;The King of Pop’s potent songs will certainly paper over some of these technical deficiencies. But they can’t obscure the fact that, unlike its subject, “Michael” isn’t artistically unique, immediately admirable, or boundary pushing. It’s beyond safe and so unchallenging. You’re better off either queuing up the Jacksons miniseries or marathoning Michael’s incredible music videos than watching shoddy recreations of them. 

[MovieWeb - Roman Daniels](https://movieweb.com/michael-review/) \- 3.5 / 5

&gt;Michael Jackson's musical accomplishments and extraordinary talent cannot be divorced from his personal problems, but a degree of compartmentalization can take place depending on what you believe is true. Reactions to the film will vary because of this. The primary performances, production design, and entertainment value are objectively good here. Yes, there could have been more depth and the film has similar beats to Bohemian Rhapsody, but you leave the theater wanting to hit the dance floor.

[Next Best Picture - Josh Parham](https://nextbestpicture.com/michael/) \- 4 / 10

&gt;There are very dark chapters in Michael Jackson’s life that one would not expect a film with the full endorsement of his estate to approve. It’s understandable, even expected, for these kinds of works. But what makes “Michael“ come underneath that generously low bar is that it refuses to paint its subject as anything less than saintly. It truly feels like this version of Jackson has been deified, shown to be consumed by his talent but without any dramatic stakes to accompany his triumphs. The tribulations are trivial in comparison, and with very little conflict, the momentum moves at a dull pace with little to appreciate beyond the established music. Sure, you can get excited by hearing a song that’s been filling you with joy for decades, but there is no captivating aura beyond that, extending to the vast majority of the cast as well. The long march of musician biopics will continue after this one, even in that assumed continuation of this very story. However, it’s still bewildering just how empty it ends up becoming.

[The Film Verdict - Alonso Durade](https://thefilmverdict.com/michael-film-review-jackson) \- 3.5 / 10

&gt;Movies about artists, ideally, celebrate the art while also providing a glimpse into the blood, sweat, and tears behind its creation, but any exciting moments here can be found in their original, natural state on YouTube. *Michael* has no ambitions beyond being its own commemorative souvenir booklet.

[Newsday - Rafer Guzman](https://www.newsday.com/entertainment/movies/michael-review-qz4pvg0g) \- 2 / 4

&gt;Yes, the resemblance is uncanny. Yes, he can really act. As for his dancing: You’d swear the King of Pop himself had sprung back to life. The rest of the movie? Like the singer’s career and legacy, it is decidedly mixed.",2364,1599,1776776338.0,runway magazine film,nyc_premiere,2026-04-21,"'Michael' - Review Thread *The story of pop superstar Michael Jackson -- from his extraordinary early days in the Jackson 5 to the visionary artist whose creative ambition fuels a relentless pursuit to become the biggest entertainer in the world.*

Director: Antoine Fuqua

Cast: Jaafar Jackson, Colman Domingo, Miles Teller, Laura Harrier, Nia Long, Kat Graham, Juliano Valdi, Kendrick Sampson

**Rotten Tomatoes:** [35%](https://www.rottentomatoes.com/m/michael)

**Metacritic:** [38 / 100](https://www.metacritic.com/movie/michael-2026/)

Some Reviews (updating):

[AwardsWatch - Jay Ledbetter](https://awardswatch.com/michael-review-its-bad-its-bad-really-really-bad-d/) \- 'D'

&gt;It’s Bad, It’s Bad (Really, Really Bad). Perhaps the most ironic thing about *Michael* is that it very regularly flashes scenes from some of cinema’s great films over the course of two hours. The Michael Jackson in *Michael* is a true blue cinephile, taking in classics like *Singin’ in the Rain*, *Modern Times*, *Dawn of the Dead*, and several others.  We see these films on televisions Michael is watching. It is a copy of a copy. In the same way that the Michael Jackson performances in *Michael* are cheap imitations of things that already exist, Antoine Fuqua shows the potential for creative triumph in a film that lacks any such creativity.  Lacking any sense of style or personal point of view, *Michael* is an exercise in mimicry. Give Madame Tussaud $150 million and I’m confident she could make something more or less as artful as *Michael*. It’s a nine-figure wax museum. 

[IGN - Siddhant Adlakha](https://www.ign.com/articles/michael-jackson-movie-review) \- 3 / 10

&gt;Michael, or Bohemian Jacksody, is a film of listlessness and inhumanity that can’t help but suck the energy out of the room. No matter where you come down on Jackson as a person, this film is entirely the opposite of what he was, both as an iconic performer and a controversial tabloid figure. Who would have thought that such a carefully controlled, estate-permitted biopic might actually do more damage to an artist’s legacy by making him so uninteresting?

[BBC - Nicholas Barber](https://www.bbc.com/culture/article/20260421-michael-review) \- 1 / 5

&gt;The main producer of this hagiography is Graham King, who was behind another pop biopic, Bohemian Rhapsody. But while that one won four Oscars, Michael is more likely to be a Razzie contender. Other key crew members include its director, Antoine Fuqua, who made Training Day, and its screenwriter, John Logan, whose screenplays include Gladiator and The Aviator – although you would never guess that anyone outside the Michael Jackson Fan Club was involved. The functional dialogue has all the nuance of a road sign, and the visuals are so lacking in flair that even the reconstructions of Jackson's groundbreaking videos and concerts are a snooze. That's the irony of the whole project. Whatever you think of Jackson, he was driven to create spectacular and innovative entertainment. And yet the film has none of that spirit. It was clearly intended as a tribute to him as a person, but it's a grievous insult to him as an artist.

[The Nightly - Wenlei Ma](https://thenightly.com.au/culture/film/michael-movie-review-even-divorced-from-his-complicated-legacy-the-michael-jackson-biopic-is-unwatchable-c-22173833) \- 1 / 5

&gt;It would have been much harder to ethically reckon a great film that deliberately papered over Jackson’s personal life, at best a lot of very odd behaviour, at worst, multiple allegations of child molestation over decades. But as it stands, that is made much simpler by the fact that Michael is a terrible film. Even divorced from the accusations that would dog his later life, as a piece of cinema, Michael is so awful at times, you risk physically collapsing into yourself from all the cringing.

[The Times - Kevin Maher](https://www.thetimes.com/culture/film/article/michael-review-jackson-biopic-movie-ds8fhz7bn) \- 1 / 5

&gt;The narrative is an aimless Wiki-plod through Jackson’s back catalogue, first with the Jackson 5 and then his early solo career. His siblings are negligible as characters and there’s a conspicuous vacuum where Janet Jackson should have been.

[Little White Lies - David Jenkins](https://lwlies.com/reviews/michael) \- 1 / 5

&gt;It’s hard to imagine a more superficial and safe film, although there is the suggestion that all the juicy stuff has been compartmentalised and stored up for a possible sequel. If this film is a big box office success – and everything in that respect points to the affirmative – then the Jackson estate will have to ask themselves if it would be possible to spin another rose-tinted fairytale to cover a stretch of Michael’s life where his genius artistry was less front-and-centre. Either way, it’s perhaps one to play in a double bill with the history-polishing 2014 film, *United Passions*, about the triumphant birth of universally-beloved footballing body, FIFA. 

[Associated Press - Jake Coyle](https://apnews.com/article/michael-jackson-movie-review-c1c8ba4f0a10421e507934b2d6c92358) \- 1.5 / 4

&gt;What’s on screen is constantly running, in our minds, alongside what isn’t. Even the glossiest of biopics allow some negative characteristics to show, but Fuqua’s film sticks almost entirely to Michael, the myth. He visits kids in hospitals, makes Black history on MTV, writes the “Thriller” album in near solitary. (Kendrick Sampson plays a seldom seen Quincy Jones.) As played by Jaafar Jackson, Michael is a wide-innocent who bore the scars of abuse and yet nevertheless maintained a childlike belief in music: king and casualty of pop, at once. If there’s one thing that needs no embellishment here, it’s the fervor of audiences for Jackson at his astonishing peak. Fuqua lingers on the fans losing their minds for Michael, but that ardor was real. Jaafar Jackson’s performance is a remarkable, charming facsimile not just for the dance moves and singing voice but, more crucially, for channeling Jackson’s sweetness.

[The Independent - Clarisse Loughrey](https://www.independent.co.uk/arts-entertainment/films/reviews/michael-jackson-movie-review-b2961072.html) \- 1 / 5

&gt;The Michael Jackson movie biopic is a ghoulish, soulless cash grab - All it does is recreate, in mechanical style, the most famous visuals of Jackson’s career. It’s certainly easier that way. Why bother to depict a human being when you can simply turn them into a product?

[ScreenCrush - Matt Singer](https://screencrush.com/michael-movie-review/) \- 4 / 10

&gt;In recent years, the term “sportswashing” has been used to describe the way governments or companies sponsor high-profile sporting events to deflect criticism after scandals. Michael suggests it may be time to coin the term “biopicwashing” for the creation of biographical movies that exclusively focus on only the positive actions of complicated public figures. Deliberately omitting the more troubling aspects of someone’s history to sell tickets (and albums) not only echoes Berry Gordy’s advice to young Michael Jackson in this film, it also calls to mind a lyric from one of the greatest pop songs ever written: “Be careful what you do / ’Cause the lie becomes the truth.”

[DiscussingFilm - Yasmine Kandil](https://discussingfilm.net/2026/04/21/michael-biopic-review-jaafar-jackson/) \- 3.5 / 5

&gt;Despite its technical flaws and position as a “first part” to a bigger picture, *Michael* stands as an entertaining experience that fans are going to have a blast with. As crazy as it sounds, this may be the first deep dive into Michael Jackson’s prolific career for a rising generation. With that in mind, it genuinely gets the job done. Antoine Fuqua’s *Michael* biopic is a portrait that finds its greatest strengths when surrendering to music and performance, leaving other aspects to waver. Although uneven, the film is never dull or lacking in ambition. In the moments where all the stars align, it captures the lightning-in-a-bottle sensation of seeing one of history’s greatest entertainers right before your eyes. 

[USA Today - Melissa Rugieri](https://www.usatoday.com/story/entertainment/movies/2026/04/21/michael-jackson-movie-review/89711461007/) \- 3 / 4

&gt;Jaafar may share his late uncle’s megawatt smile, lithe frame and Bambi eyelashes. But his liquid dance moves -- highlighted as he teaches gang members the footwork in the “Beat It” video -- and soft-spoken cadence are studied to perfection.

[Daily Telegraph - Robbie Collin](https://www.telegraph.co.uk/films/2026/04/21/michael-jackson-biopic-review/) \- 2 / 5

&gt;Yet, judged as the standalone film that it is, *Michael* feels as though it’s being as level with its audience as the Beckhams’ recent Netflix documentary. When you leave the cinema, what’s ringing in your ears isn’t the music – it’s the words: “Yes, *and…*?”

[Empire - John Nugent](https://www.empireonline.com/movies/reviews/michael-2026/) \- 2 / 5

&gt;Hugely impressive musical and dance performances from the two young men playing Michael Jackson cannot shake off the uncomfortable fact that there is an entire other side to the pop star’s story which is entirely conspicuous by its absence here.

[AV Club - Monica Castillo](https://www.avclub.com/michael-review) \- 'C-'

&gt;Like the long-running Broadway show, MJ: The Musical, the team behind Michael are counting on audiences just looking to enjoy the nostalgic rush of hearing songs like “ABC,” “Gotta Be Startin’ Somethin’,” and “Billie Jean.” While this movie may have his uncle’s name on it (and his estate’s approval), Michael belongs to Jaafar Jackson and his ability to conjure the thrill of watching Michael Jackson perform his signature moves in retro costumes. There’s almost an element of comfort in its predictability, even as it skirts as much controversy as possible, finally throwing up a card that reads “His Story Continues,” when it’s time to bail. Only, the audience knows what’s next—and if you don’t, that’s what search engines are for—and not everyone is willing to separate the art from the artist.

[IndieWire - Kate Erbland](https://www.indiewire.com/criticism/movies/michael-review-jackson-movie-biopic-sanitized-dull-1235189524/) \- 'C-'

&gt;Of course, that “Michael” skirts around the controversies, legal troubles, and horrifying allegations that marked the entertainer’s later years — and, for so many, have forever marred his legacy — isn’t a shock, as the film was supported and financially backed by Jackson’s estate. What does rankle, however, is that that by glossing over such matters, the final film has been mostly stripped of any humanity, good and bad.

[Consequence - Liz Shannon Miller](https://consequence.net/2026/04/michael-review-movie-biopic-jaafar-jackson/) \- 'C-'

&gt;Because the Jackson estate controls the rights to his music, it was always foolish to hope that *Michael* would explore the full complexity of its subject: With biopics like this, you can either get the warts-and-all version or the genuine “Thriller” — there’s no in-between. It’s that, not the legal settlement, which truly doomed this movie on a creative level. This is a movie terrified to explore the interiority of its protagonist, and that approach will work just fine for the fans who just want to watch an uncomplicated ramble of a movie that plays all the hits. That’s why artists like Michael Jackson remain immortal beyond death — no matter what we might know about their lives, great songs will always endure.

[Slant Magazine - Derek Smith](https://www.slantmagazine.com/film/michael-review-jaafar-jackson-antoine-fuqua/) \- 1.5 / 4

&gt;There’s irony in the acknowledgement of Joe’s obsession with expanding and protecting the Jackson brand, as the film is very much part of that ongoing effort, presenting Michael as a supremely talented, sensitive soul while smoothing over anything remotely troublesome. As magnetic as Jaafar Jackson is during the film’s musical performances, he still can’t quite capture his uncle’s protean, preternatural talents, as immortalized in countless YouTube clips, so even *Michael*’s more memorable moments seem beside the point when those clips are available at the click of a mouse. But even if he had, it would still be difficult to ignore just how much this almost surreally upbeat biopic looks at Michael Jackson with blinders on, turning the realities of a tragic, deeply complicated life into a sanitized popcorn film.

[The Guardian - Peter Bradshaw](https://www.theguardian.com/film/2026/apr/21/michael-review-cliched-jackson-biopic-is-bland-bowdlerised-and-bad) \- 2 / 5

&gt;This is a frustratingly shallow, inert picture, a kind of cruise-ship entertainment, which can’t quite bring itself to show that Michael was an abuse victim, brutalised by his father and robbed of his childhood. Perhaps this is because it would have a cause-and-effect implication, gesturing tactlessly at the story’s second half which may or may not happen in a couple of years, the part of Jackson’s life in which his behaviour was increasingly perplexing, dangling a baby over a hotel balcony – as well as facing sexual abuse allegations. Jaafar Jackson makes an honest effort at showing Michael, and there are some amusing moments, such as the making of the Thriller video, with Michael insouciantly (and quite possibly accurately) telling director John Landis how to do his job. But that brief film has more energy and authenticity than this.

[DEADLINE - Pete Hammond](https://deadline.com/2026/04/michael-review-jaafar-jackson-dazzles-feel-good-biopic-1236866871/)

&gt;*Michael* in fact did originally shoot scenes involving one of his accusers but all of that was cut and the film went through multi-million dollar reshoots resulting in what is clearly now a feel good, almost inspiring origin tale of this incredibly talented and visionary artist who paved a path away from his family roots to emerge a singular musical superstar like no other. Whether intentionally or just lucking into it, this *MIchael* is the film fans will line up for more than once, a chance to see this genius up close and in IMAX like never before.

[RogerEbert - Robert Daniels](https://www.rogerebert.com/reviews/michael-jackson-biopic-film-review-2026) \- 1 / 4

&gt;The King of Pop’s potent songs will certainly paper over some of these technical deficiencies. But they can’t obscure the fact that, unlike its subject, “Michael” isn’t artistically unique, immediately admirable, or boundary pushing. It’s beyond safe and so unchallenging. You’re better off either queuing up the Jacksons miniseries or marathoning Michael’s incredible music videos than watching shoddy recreations of them. 

[MovieWeb - Roman Daniels](https://movieweb.com/michael-review/) \- 3.5 / 5

&gt;Michael Jackson's musical accomplishments and extraordinary talent cannot be divorced from his personal problems, but a degree of compartmentalization can take place depending on what you believe is true. Reactions to the film will vary because of this. The primary performances, production design, and entertainment value are objectively good here. Yes, there could have been more depth and the film has similar beats to Bohemian Rhapsody, but you leave the theater wanting to hit the dance floor.

[Next Best Picture - Josh Parham](https://nextbestpicture.com/michael/) \- 4 / 10

&gt;There are very dark chapters in Michael Jackson’s life that one would not expect a film with the full endorsement of his estate to approve. It’s understandable, even expected, for these kinds of works. But what makes “Michael“ come underneath that generously low bar is that it refuses to paint its subject as anything less than saintly. It truly feels like this version of Jackson has been deified, shown to be consumed by his talent but without any dramatic stakes to accompany his triumphs. The tribulations are trivial in comparison, and with very little conflict, the momentum moves at a dull pace with little to appreciate beyond the established music. Sure, you can get excited by hearing a song that’s been filling you with joy for decades, but there is no captivating aura beyond that, extending to the vast majority of the cast as well. The long march of musician biopics will continue after this one, even in that assumed continuation of this very story. However, it’s still bewildering just how empty it ends up becoming.

[The Film Verdict - Alonso Durade](https://thefilmverdict.com/michael-film-review-jackson) \- 3.5 / 10

&gt;Movies about artists, ideally, celebrate the art while also providing a glimpse into the blood, sweat, and tears behind its creation, but any exciting moments here can be found in their original, natural state on YouTube. *Michael* has no ambitions beyond being its own commemorative souvenir booklet.

[Newsday - Rafer Guzman](https://www.newsday.com/entertainment/movies/michael-review-qz4pvg0g) \- 2 / 4

&gt;Yes, the resemblance is uncanny. Yes, he can really act. As for his dancing: You’d swear the King of Pop himself had sprung back to life. The rest of the movie? Like the singer’s career and legacy, it is decidedly mixed."
1sn2sa2,movies,Lee Cronin's 'The Mummy' - Review Thread,"*The young daughter of a journalist disappears into the desert without a trace. Eight years later, the broken family is shocked when she's returned to them. However, what should be a joyful reunion soon turns into a living nightmare as she starts to transform into something truly horrifying.*

Director: Lee Cronin

Cast: Jack Reynor, May Calamawy, , Laia Costa, Billie Roy

**Rotten Tomatoes:** [45%](https://www.rottentomatoes.com/m/lee_cronins_the_mummy)

**Metacritic:** [46 / 100](https://www.metacritic.com/movie/lee-cronins-the-mummy/)

Some Reviews:

[DEADLINE - Gregory Nussen](https://deadline.com/2026/04/the-mummy-review-lee-cronin-movie-1236861447/)

&gt;Most damning may be that the film is just not very scary. It is appreciably nasty, with bouts of peeling skin and mangled toenails and pools upon pools of vomit leading the way. The final act does more to demonstrate the rot of the family unit — in not dissimilar ways to Cronin’s previous work — than the previous two hours and change. But it would’ve been nice if that narrative work and characterization was more readily visible. Instead, too much of the film is hidden away behind layer upon layer of mummification.

[IGN - Siddhant Adlakha](https://www.ign.com/articles/lee-cronins-the-mummy-review) \- 7 / 10

&gt;There are better horror films out there, but few represent such an unhinged tonal swing from a Hollywood studio, as though Lee Cronin’s The Mummy had slipped through the cracks of good-taste PR and carefully crafted brand consciousness. When was the last time the multiplex played host to something that not only contained some semblance of a soul, but was also this boldly repugnant?

[IndieWire - David Ehrlich](https://www.indiewire.com/criticism/movies/lee-cronins-the-mummy-movie-review-1235189241/) \- 'C-'

&gt;Anyone eager to watch a possessed child peel semi-congealed strips of rotten flesh off their leg could certainly do worse at the multiplex this weekend (“You, Me &amp; Tuscany” falls woefully short in that department). But this dull and labored attempt at reviving one of the movies’ oldest monsters is too derivative where it counts. Its characters are thin, its setpieces and sick delights are nakedly borrowed from much better films, and its titular evil has never been less threatening. I don’t have any particular brand loyalty to the ancient likes of Imhotep and Ahmanet (remember her?), but, to his credit, Lee Cronin has inspired my first strong opinion about the mummy: It shouldn’t be an eight-year-old girl named Katie.

[The Guardian - Benjamin Lee](https://www.theguardian.com/film/2026/apr/16/the-mummy-review-lee-cronin) \- 2 / 5

&gt;I do appreciate Cronin’s bold, Imax-sized ambition, his Mummy feeling and sounding far more epic than the standard Blumhouse horror, a hark back to a time when studios would treat monster movies like high-craft blockbusters and his film is often quite stunning to look at. But the *feel* of a real movie isn’t enough to rival the thrill of all the other pieces also falling into place as once again, the one thing a horror director has been unable to conjure is a terrifyingly good script.

[CBR - Nicholas Brooks](https://www.cbr.com/lee-cronins-the-mummy-review/) \- 7 / 10

&gt;It's great that *Lee Cronin's The Mummy* offers something new, and that's what makes it a standout and easier to accept in regard to how different it is, even with its misplaced *Evil Dead*\-esque humor. Coupled with so many amazing performances, it's a film that's worth watching and helps keep the legacy of the classic monsters alive. However, in being a great possession movie, it doesn't succeed in being a mummy movie worthy of sitting beside other great examples.

[AV Club - Simon Abrams](https://www.avclub.com/lee-cronins-the-mummy-review) \- 'C-'

&gt;Eventually, it becomes clear that Cronin only really wants to needle his audience, whether it’s through a heap of split diopter shots or obnoxiously loud song cues, like when they play “Blinded By The Light” right after &gt;!Katie wakes up screaming from her years-long slumber.!&lt; A good cover band can really hit the spot, but not when the band’s only mastered one emotional register and keeps playing that way for a longer-than-average set. It’s this tonal blandness that’ll lead to even the most forgiving gorehounds finding their patience tested by *Lee Cronin’s The Mummy*.

[Slash Film - Chris Evangelista](https://www.slashfilm.com/2149698/lee-cronin-the-mummy-movie-review/) \- 6 / 10

&gt;As uneven as ""The Mummy"" might be, I was mostly on board with its unapologetically vicious thrills and chills ... until the last ten or so minutes. I won't dare spoil what happens, but Cronin and company tack on a finale that seems almost certainly the result of test screening reshoot requests. Worse than that, it also feels like the producers pushed the director to set up some sort of franchise potential, which is wholly unnecessary. But Cronin deserves credit for trying to do something different with the ""Mummy"" scenario, and he's certainly more successful than that Tom Cruise movie. At the same time, I can't help but miss the old school charms of the Boris Karloff or Hammer Horror days. Ultimately, ""Lee Cronin's The Mummy"" delivers plenty of blood and guts. But is that enough?

[AwardsWatch - Erik Anderson](https://awardswatch.com/lee-cronins-the-mummy-review-careful-the-spell-you-cast-children-will-listen-and-sometimes-kill-c/) \- 'C'

&gt;The scares may be visually effective, if all too brief, but they’re not supported with particularly inspired writing. The dialogue that the possessed Katie is tasked with delivering is particularly clichéd, and won’t shock anyone who’s seen just a clip of *The Exorcist* (or even *Scary Movie 2)*. These scripting issues, combined with laughable characterizations and an unearned, excessive runtime just made me wish the film would make like a mummy and wrap it up.

[Slant Magazine - Taylor Williams](https://www.slantmagazine.com/film/lee-cronins-the-mummy-review-jack-reynor/)\- 1.5 / 5

&gt;The film’s gore is often creative and darkly absurd, but the stylistic excess eventually starts to feel like a crutch. In one innocuous moment, Dalia turns up the volume on a television set, and even here Cronin can’t resist cutting into a split diopter shot, in this case so that we see both the remote and the TV in focus. One can imagine that the intent is to build mystique around the tape that the detective is watching, but by this point in the scene, any and all tension has been beaten into the ground. So the moment is more likely to leave you with the profoundly numbing impression that Cronin’s aesthetic approach is a show of overcompensation.

[CityHub Sydney - Josh Kerwick](https://cityhub.com.au/lee-cronins-the-mummy-review/) \- 3.5 / 5

&gt;Where Cronin’s Sam Raimi-isms in Evil Dead Rise film felt like slavish devotion, here they feel like loving homage when mixed in with other horror and thriller influences. *Lee Cronin’s The Mummy* doesn’t even try to be unique, but a cocktail of horror influences that’s much more than the sum of its parts.  Besides some other minor flaws – this thing probably didn’t need to be 2 hours plus – this is a surprisingly fun take on *The Mummy* as a cinematic institution. It’s willing to be truly gross in a manner equally stomach-churning and entertaining; a fact which has earned Cronin newfound respect in my book.

[The Upcoming - Antonia Georgiou](https://www.theupcoming.co.uk/2026/04/16/lee-cronins-the-mummy-movie-review/) \- 4 / 5

&gt;There’s much to enjoy in Cronin’s reimagining, which starts off as a tensely paced meditation on grief before reaching a gruesome crescendo. With blood, guts, pus and flaying, no organ or secretion is spared from this bold evisceration of a previously PG franchise.

[The AU Review - Peter Gray](https://www.theaureview.com/watch/film-review-lee-cronins-the-mummy/) \- 3.5 / 5

&gt;*The Mummy* is less concerned with resurrecting a monster than it is with examining what resurrection does to the people left behind. It’s eerie, emotionally grounded, and anchored by a breakout performance that signals a formidable new talent. Cronin may not reinvent horror entirely here, but he demonstrates a clear command of tone and tension – and, more importantly, a willingness to let discomfort do the heavy lifting.

[Next Best Picture - Josh Parham](https://nextbestpicture.com/lee-cronins-the-mummy/) \- 5 / 10

&gt;What’s most frustrating about “Lee Cronin’s The Mummy” is how tonally inconsistent it becomes. Yes, it finds a way to inject some delightful horror imagery that’s captivating, at least in the way that repulsive acts of over-the-top carnage can appease those sickos out there. However, this story does not come across as if that tone was top of mind. Had it committed to such convictions, perhaps a breezier pace would have been instilled and a more entertaining effort would have been seen. Instead, those instances of punctuation are more like desperate attempts to infuse some energy into a narrative that is lethargically paced. Not even the alluring central performance can elevate this material. It is still commendable that this new direction has provided a wider variety of storytelling with these familiar tales, but the heights of “The Invisible Man” have not been met with “Wolf Man” or this particular outing. The beauty of horror is that it allows for variation, and that’s certainly the case here, with results that are less than desirable.

[The Film Verdict - Alonso Duralde](https://thefilmverdict.com/lee-cronins-the-mummy-film-review/) \- 25 / 100

&gt;At their best, mummy movies can contemplate mortality and history and the passage of time and the horrific demands of the wealthy and powerful. Otherwise, you get something like *Lee Cronin’s The Mummy*, so tirelessly dedicated to gutter-level grossness that it resembles a church-basement haunted house rather than a millennia-spanning tale of terror.",656,360,1776344286.0,runway magazine film,nyc_premiere,2026-04-16,"Lee Cronin's 'The Mummy' - Review Thread *The young daughter of a journalist disappears into the desert without a trace. Eight years later, the broken family is shocked when she's returned to them. However, what should be a joyful reunion soon turns into a living nightmare as she starts to transform into something truly horrifying.*

Director: Lee Cronin

Cast: Jack Reynor, May Calamawy, , Laia Costa, Billie Roy

**Rotten Tomatoes:** [45%](https://www.rottentomatoes.com/m/lee_cronins_the_mummy)

**Metacritic:** [46 / 100](https://www.metacritic.com/movie/lee-cronins-the-mummy/)

Some Reviews:

[DEADLINE - Gregory Nussen](https://deadline.com/2026/04/the-mummy-review-lee-cronin-movie-1236861447/)

&gt;Most damning may be that the film is just not very scary. It is appreciably nasty, with bouts of peeling skin and mangled toenails and pools upon pools of vomit leading the way. The final act does more to demonstrate the rot of the family unit — in not dissimilar ways to Cronin’s previous work — than the previous two hours and change. But it would’ve been nice if that narrative work and characterization was more readily visible. Instead, too much of the film is hidden away behind layer upon layer of mummification.

[IGN - Siddhant Adlakha](https://www.ign.com/articles/lee-cronins-the-mummy-review) \- 7 / 10

&gt;There are better horror films out there, but few represent such an unhinged tonal swing from a Hollywood studio, as though Lee Cronin’s The Mummy had slipped through the cracks of good-taste PR and carefully crafted brand consciousness. When was the last time the multiplex played host to something that not only contained some semblance of a soul, but was also this boldly repugnant?

[IndieWire - David Ehrlich](https://www.indiewire.com/criticism/movies/lee-cronins-the-mummy-movie-review-1235189241/) \- 'C-'

&gt;Anyone eager to watch a possessed child peel semi-congealed strips of rotten flesh off their leg could certainly do worse at the multiplex this weekend (“You, Me &amp; Tuscany” falls woefully short in that department). But this dull and labored attempt at reviving one of the movies’ oldest monsters is too derivative where it counts. Its characters are thin, its setpieces and sick delights are nakedly borrowed from much better films, and its titular evil has never been less threatening. I don’t have any particular brand loyalty to the ancient likes of Imhotep and Ahmanet (remember her?), but, to his credit, Lee Cronin has inspired my first strong opinion about the mummy: It shouldn’t be an eight-year-old girl named Katie.

[The Guardian - Benjamin Lee](https://www.theguardian.com/film/2026/apr/16/the-mummy-review-lee-cronin) \- 2 / 5

&gt;I do appreciate Cronin’s bold, Imax-sized ambition, his Mummy feeling and sounding far more epic than the standard Blumhouse horror, a hark back to a time when studios would treat monster movies like high-craft blockbusters and his film is often quite stunning to look at. But the *feel* of a real movie isn’t enough to rival the thrill of all the other pieces also falling into place as once again, the one thing a horror director has been unable to conjure is a terrifyingly good script.

[CBR - Nicholas Brooks](https://www.cbr.com/lee-cronins-the-mummy-review/) \- 7 / 10

&gt;It's great that *Lee Cronin's The Mummy* offers something new, and that's what makes it a standout and easier to accept in regard to how different it is, even with its misplaced *Evil Dead*\-esque humor. Coupled with so many amazing performances, it's a film that's worth watching and helps keep the legacy of the classic monsters alive. However, in being a great possession movie, it doesn't succeed in being a mummy movie worthy of sitting beside other great examples.

[AV Club - Simon Abrams](https://www.avclub.com/lee-cronins-the-mummy-review) \- 'C-'

&gt;Eventually, it becomes clear that Cronin only really wants to needle his audience, whether it’s through a heap of split diopter shots or obnoxiously loud song cues, like when they play “Blinded By The Light” right after &gt;!Katie wakes up screaming from her years-long slumber.!&lt; A good cover band can really hit the spot, but not when the band’s only mastered one emotional register and keeps playing that way for a longer-than-average set. It’s this tonal blandness that’ll lead to even the most forgiving gorehounds finding their patience tested by *Lee Cronin’s The Mummy*.

[Slash Film - Chris Evangelista](https://www.slashfilm.com/2149698/lee-cronin-the-mummy-movie-review/) \- 6 / 10

&gt;As uneven as ""The Mummy"" might be, I was mostly on board with its unapologetically vicious thrills and chills ... until the last ten or so minutes. I won't dare spoil what happens, but Cronin and company tack on a finale that seems almost certainly the result of test screening reshoot requests. Worse than that, it also feels like the producers pushed the director to set up some sort of franchise potential, which is wholly unnecessary. But Cronin deserves credit for trying to do something different with the ""Mummy"" scenario, and he's certainly more successful than that Tom Cruise movie. At the same time, I can't help but miss the old school charms of the Boris Karloff or Hammer Horror days. Ultimately, ""Lee Cronin's The Mummy"" delivers plenty of blood and guts. But is that enough?

[AwardsWatch - Erik Anderson](https://awardswatch.com/lee-cronins-the-mummy-review-careful-the-spell-you-cast-children-will-listen-and-sometimes-kill-c/) \- 'C'

&gt;The scares may be visually effective, if all too brief, but they’re not supported with particularly inspired writing. The dialogue that the possessed Katie is tasked with delivering is particularly clichéd, and won’t shock anyone who’s seen just a clip of *The Exorcist* (or even *Scary Movie 2)*. These scripting issues, combined with laughable characterizations and an unearned, excessive runtime just made me wish the film would make like a mummy and wrap it up.

[Slant Magazine - Taylor Williams](https://www.slantmagazine.com/film/lee-cronins-the-mummy-review-jack-reynor/)\- 1.5 / 5

&gt;The film’s gore is often creative and darkly absurd, but the stylistic excess eventually starts to feel like a crutch. In one innocuous moment, Dalia turns up the volume on a television set, and even here Cronin can’t resist cutting into a split diopter shot, in this case so that we see both the remote and the TV in focus. One can imagine that the intent is to build mystique around the tape that the detective is watching, but by this point in the scene, any and all tension has been beaten into the ground. So the moment is more likely to leave you with the profoundly numbing impression that Cronin’s aesthetic approach is a show of overcompensation.

[CityHub Sydney - Josh Kerwick](https://cityhub.com.au/lee-cronins-the-mummy-review/) \- 3.5 / 5

&gt;Where Cronin’s Sam Raimi-isms in Evil Dead Rise film felt like slavish devotion, here they feel like loving homage when mixed in with other horror and thriller influences. *Lee Cronin’s The Mummy* doesn’t even try to be unique, but a cocktail of horror influences that’s much more than the sum of its parts.  Besides some other minor flaws – this thing probably didn’t need to be 2 hours plus – this is a surprisingly fun take on *The Mummy* as a cinematic institution. It’s willing to be truly gross in a manner equally stomach-churning and entertaining; a fact which has earned Cronin newfound respect in my book.

[The Upcoming - Antonia Georgiou](https://www.theupcoming.co.uk/2026/04/16/lee-cronins-the-mummy-movie-review/) \- 4 / 5

&gt;There’s much to enjoy in Cronin’s reimagining, which starts off as a tensely paced meditation on grief before reaching a gruesome crescendo. With blood, guts, pus and flaying, no organ or secretion is spared from this bold evisceration of a previously PG franchise.

[The AU Review - Peter Gray](https://www.theaureview.com/watch/film-review-lee-cronins-the-mummy/) \- 3.5 / 5

&gt;*The Mummy* is less concerned with resurrecting a monster than it is with examining what resurrection does to the people left behind. It’s eerie, emotionally grounded, and anchored by a breakout performance that signals a formidable new talent. Cronin may not reinvent horror entirely here, but he demonstrates a clear command of tone and tension – and, more importantly, a willingness to let discomfort do the heavy lifting.

[Next Best Picture - Josh Parham](https://nextbestpicture.com/lee-cronins-the-mummy/) \- 5 / 10

&gt;What’s most frustrating about “Lee Cronin’s The Mummy” is how tonally inconsistent it becomes. Yes, it finds a way to inject some delightful horror imagery that’s captivating, at least in the way that repulsive acts of over-the-top carnage can appease those sickos out there. However, this story does not come across as if that tone was top of mind. Had it committed to such convictions, perhaps a breezier pace would have been instilled and a more entertaining effort would have been seen. Instead, those instances of punctuation are more like desperate attempts to infuse some energy into a narrative that is lethargically paced. Not even the alluring central performance can elevate this material. It is still commendable that this new direction has provided a wider variety of storytelling with these familiar tales, but the heights of “The Invisible Man” have not been met with “Wolf Man” or this particular outing. The beauty of horror is that it allows for variation, and that’s certainly the case here, with results that are less than desirable.

[The Film Verdict - Alonso Duralde](https://thefilmverdict.com/lee-cronins-the-mummy-film-review/) \- 25 / 100

&gt;At their best, mummy movies can contemplate mortality and history and the passage of time and the horrific demands of the wealthy and powerful. Otherwise, you get something like *Lee Cronin’s The Mummy*, so tirelessly dedicated to gutter-level grossness that it resembles a church-basement haunted house rather than a millennia-spanning tale of terror."
1slss28,movies,"In Liar Liar, how dangerous was that airport scene with Jim Carrey driving the stairway alongside an aircraft on the runway?","I know the plane wasn't actually moving as it was being filmed, but there is no way this would work. The jet engines would have literally sucked Jim Carrey right off the stairway car especially in the scene where he drives right under the engine. As someone who worked in the airport before scenes where characters are driving right alongside a moving aircraft on the runway always bother me.

On a side note did anyone else feel bad for the father who lost custody of his kids to the woman Jim was defending even though he was a good father? Sad that plot point didn't have  a happy ending by the end of the film, it honestly felt like the bad woman won.",0,7,1776218844.0,runway magazine film,nyc_premiere,2026-04-15,"In Liar Liar, how dangerous was that airport scene with Jim Carrey driving the stairway alongside an aircraft on the runway? I know the plane wasn't actually moving as it was being filmed, but there is no way this would work. The jet engines would have literally sucked Jim Carrey right off the stairway car especially in the scene where he drives right under the engine. As someone who worked in the airport before scenes where characters are driving right alongside a moving aircraft on the runway always bother me.

On a side note did anyone else feel bad for the father who lost custody of his kids to the woman Jim was defending even though he was a good father? Sad that plot point didn't have  a happy ending by the end of the film, it honestly felt like the bad woman won."
1sl7yvx,movies,David Lowery's 'Mother Mary' - Review Thread,"*Long-buried wounds rise to the surface when iconic pop star Mother Mary reunites with her estranged best friend and former costume designer on the eve of her comeback performance.*

Director: David Lowery

Cast: Anne Hathaway, Michaela Coel, Hunter Schafer

**Rotten Tomatoes:** [78%](https://www.rottentomatoes.com/m/mother_mary)

**Metacritic:** [64 / 100](https://www.metacritic.com/movie/mother-mary/)

Some Reviews:

[Fresh Fiction - Courtney Howard](https://freshfiction.tv/mother-mary-review-anne-hathaway-michaela-coels-harrowing-two-hander-is-divinely-designed/) \- 5 / 5

&gt;As a kissing cousin to SMILE 2 and VOX LUX, MOTHER MARY is wholly unique in its innovative aims. The heady sentiments and haute couture combine in a hallucinatory visual feast.

[IndieWire - David Ehrlich](https://www.indiewire.com/criticism/movies/mother-mary-movie-review-anne-hathaway-a24-1235188817/) \- 'A-'

&gt;What happens when two people, or even two sides of the *same* person, are bound together by a shared feeling of unshakeable absence? The same thing that happened in another of Lowery’s films: They haunt each other to the ends of the earth. Every song becomes a seance, every bump in the night turns into evidence of a specter. Quoth Virginia Woolf: “Whatever hour you woke there was a door shutting.” This beguiling movie flings them back open just as fast, as it explores how art — and maybe art alone — has the power to heal the wounds that can make it hurt so much in the first place. It’s not a ghost story, it’s a resurrection.

[IGN - Clint Gage](https://www.ign.com/articles/mother-mary-review) \- 8 / 10

&gt;David Lowery’s latest is a visually fascinating chamber piece with great performances from Anne Hathaway and Michaela Coel. The story of old wounds between former friends and creative partners isn’t the most relatable mannequin on which to assemble a film, so the story of icon Mother Mary and couture designer Sam doesn’t have enough range to carry the film through its final moments. However, everything else, from the sound design to the cinematography and the operatic fantasy of this pop star ghost story (a subgenre I wouldn’t have pegged as “up my alley” but here we are) makes Mother Mary a great piece of art.

[Next Best Picture - Dan Bayer](https://nextbestpicture.com/mother-mary/) \- 8 / 10

&gt;Lowery, clearly fascinated by the plight of the modern pop star, has made “Mother Mary” with both the fervor of a fan and the insight of a fellow artist. The questions the film asks about the identity of pop stars as well as the ownership of their music, their image, and their very souls don’t all have answers, and Lowery doesn’t provide them. He does, however, provide plenty of food for thought as he asks these questions, interrogating the relationship between artists and their audience and what each owes the other. If the surrealism of the film’s last act feels both too much and not enough, at least Lowery dares to take the story in that direction, exploring the spiritual connection between artistic collaborators in an original way. In all the best ways, “Mother Mary” is like a great pop song: Its gleaming surfaces conceal a deeper, darker meaning only discernible through close attention, but that darkness is the magic that keeps you coming back to experience it again and again.

[CBR - Rachel Leishman](https://www.cbr.com/mother-mary-review/) \- 8 / 10

&gt;*Mother Mary* is, at its core, just a breathtaking showcase of Coel and Hathaway's talent as performers. The two-hander scenes could feel dry and flat but both Coel and Hathaway use the pain of their former friendship to their advantage and makes this duo something absolutely magical.

[Slant Magazine - Rocco T. Thompson](https://www.slantmagazine.com/film/mother-mary-review-anne-hathaway-michaela-coel-david-lowery/) \- 3 / 4

&gt;Doors are oft-referenced throughout, and the film abounds in images of wounds and penetration, comporting with the central idea that to be creative, to be notable, is to be beatified—a receptacle for the otherworldly. As for if it all hangs together, that’s up to the beholder. A goth-pop memory play, a psychological ghost story, an almost two-hander about the terrors of creative expression—the film is many things, but, above all, it’s an invitation for the pop-loving faithful to commune with something dark and divine. So, open up, and let *Mother Mary* in.

[Awards Radar - Joey Magidson](https://awardsradar.com/2026/04/14/film-review-mother-mary-finds-michaela-coel-and-anne-hathaway-under-the-cinematic-spell-of-david-lowerys-haunting-psychological-tale/) \- 3 / 4

&gt;*Mother Mary* will confound some, which can come with the Lowery territory, but as long as you allow yourself to drift on to his wavelength, the rewards are certainly there. I was left a bit cold early on by what was unfolding, but especially as the third act began, it all really clicked in for me. Lowery blew me away with *A Ghost Story*, and while this isn’t on that level (that’s his masterpiece, so far), there are echoes here that I really appreciated.

[The Wrap - William Bibbiani](https://www.thewrap.com/author/williambibbiani/) \- 75 / 100

&gt;“Mother Mary” takes place in a world where art is magic and forms eternal bonds, which can be a blessing or a curse. It can also raise the dead and infect the soul. And in David Lowery’s film it can captivate the mind even when it’s arguably absurd. We’re watching extremely talented artists try to accomplish something grand and potentially embarrass themselves in the process, and it works because they’re committed to taking that risk. Lowery doesn’t hold back (mostly). His cast doesn’t hold back. That’s how cult classics are born. And let’s face it, cult classics tend to live longer than the bona fide variety, whether they’re brilliant, mortifying, or just plain odd.

[Variety - Owen Glieberman](https://variety.com/2026/film/reviews/mother-mary-review-anne-hathaway-michaela-coel-david-lowery-1236720011/)

&gt;In “Mother Mary,” the director gives in to that side of himself completely. This is the *David Lowery*\-est David Lowery movie ever made. Which is to say that by the end of it, you may be scratching your head to the point of wanting your money back.

[Screen Rant - Molly Freeman](https://screenrant.com/mother-mary-movie-2026-review/) \- 6 / 10

&gt;Ultimately, *Mother Mary* isn't going to be a broad crowd-pleaser – even with its main character taking inspiration from the likes of Lady Gaga and Taylor Swift – but that's okay. With magnificent performances from Hathaway and Coel, stunning and evocative visuals, and a reliance on sensational vibes, *Mother Mary* is sure to find its fans.

[Weekend Warrior - Edward Douglas](https://edwarddouglas.substack.com/p/the-weekend-warrior-show-april-17) \- 5.5/10

&gt;Mother Mary is a visually-gorgeous film involving characters who I had a hard time caring about, set in a world of fashion and pop music that I had next to zero interest in. It’s very much a movie made solely for the Coachella crowd, so maybe it will find that audience, but otherwise, there really isn’t much there to recommend.

[Slash Film - Bill Bria](https://www.slashfilm.com/2147646/mother-mary-2026-movie-review/) \- 5 / 10

&gt;""Mother Mary"" is unequivocally a gorgeously shot and designed film, so perhaps all of its suggestiveness and symbolism will allow you to open yourself up to it. Sadly, I never felt like I was given the key, so I didn't connect, I could not understand, and I was not entertained. &gt;!The film is so steeped in ambiguity that it never feels like it reaches confession, nevermind clarity, and yet Lowery and his regular composer Daniel Hart soak the finale in heaps of schmaltz that feels unearned as a result!&lt;",160,79,1776171507.0,runway magazine film,nyc_premiere,2026-04-14,"David Lowery's 'Mother Mary' - Review Thread *Long-buried wounds rise to the surface when iconic pop star Mother Mary reunites with her estranged best friend and former costume designer on the eve of her comeback performance.*

Director: David Lowery

Cast: Anne Hathaway, Michaela Coel, Hunter Schafer

**Rotten Tomatoes:** [78%](https://www.rottentomatoes.com/m/mother_mary)

**Metacritic:** [64 / 100](https://www.metacritic.com/movie/mother-mary/)

Some Reviews:

[Fresh Fiction - Courtney Howard](https://freshfiction.tv/mother-mary-review-anne-hathaway-michaela-coels-harrowing-two-hander-is-divinely-designed/) \- 5 / 5

&gt;As a kissing cousin to SMILE 2 and VOX LUX, MOTHER MARY is wholly unique in its innovative aims. The heady sentiments and haute couture combine in a hallucinatory visual feast.

[IndieWire - David Ehrlich](https://www.indiewire.com/criticism/movies/mother-mary-movie-review-anne-hathaway-a24-1235188817/) \- 'A-'

&gt;What happens when two people, or even two sides of the *same* person, are bound together by a shared feeling of unshakeable absence? The same thing that happened in another of Lowery’s films: They haunt each other to the ends of the earth. Every song becomes a seance, every bump in the night turns into evidence of a specter. Quoth Virginia Woolf: “Whatever hour you woke there was a door shutting.” This beguiling movie flings them back open just as fast, as it explores how art — and maybe art alone — has the power to heal the wounds that can make it hurt so much in the first place. It’s not a ghost story, it’s a resurrection.

[IGN - Clint Gage](https://www.ign.com/articles/mother-mary-review) \- 8 / 10

&gt;David Lowery’s latest is a visually fascinating chamber piece with great performances from Anne Hathaway and Michaela Coel. The story of old wounds between former friends and creative partners isn’t the most relatable mannequin on which to assemble a film, so the story of icon Mother Mary and couture designer Sam doesn’t have enough range to carry the film through its final moments. However, everything else, from the sound design to the cinematography and the operatic fantasy of this pop star ghost story (a subgenre I wouldn’t have pegged as “up my alley” but here we are) makes Mother Mary a great piece of art.

[Next Best Picture - Dan Bayer](https://nextbestpicture.com/mother-mary/) \- 8 / 10

&gt;Lowery, clearly fascinated by the plight of the modern pop star, has made “Mother Mary” with both the fervor of a fan and the insight of a fellow artist. The questions the film asks about the identity of pop stars as well as the ownership of their music, their image, and their very souls don’t all have answers, and Lowery doesn’t provide them. He does, however, provide plenty of food for thought as he asks these questions, interrogating the relationship between artists and their audience and what each owes the other. If the surrealism of the film’s last act feels both too much and not enough, at least Lowery dares to take the story in that direction, exploring the spiritual connection between artistic collaborators in an original way. In all the best ways, “Mother Mary” is like a great pop song: Its gleaming surfaces conceal a deeper, darker meaning only discernible through close attention, but that darkness is the magic that keeps you coming back to experience it again and again.

[CBR - Rachel Leishman](https://www.cbr.com/mother-mary-review/) \- 8 / 10

&gt;*Mother Mary* is, at its core, just a breathtaking showcase of Coel and Hathaway's talent as performers. The two-hander scenes could feel dry and flat but both Coel and Hathaway use the pain of their former friendship to their advantage and makes this duo something absolutely magical.

[Slant Magazine - Rocco T. Thompson](https://www.slantmagazine.com/film/mother-mary-review-anne-hathaway-michaela-coel-david-lowery/) \- 3 / 4

&gt;Doors are oft-referenced throughout, and the film abounds in images of wounds and penetration, comporting with the central idea that to be creative, to be notable, is to be beatified—a receptacle for the otherworldly. As for if it all hangs together, that’s up to the beholder. A goth-pop memory play, a psychological ghost story, an almost two-hander about the terrors of creative expression—the film is many things, but, above all, it’s an invitation for the pop-loving faithful to commune with something dark and divine. So, open up, and let *Mother Mary* in.

[Awards Radar - Joey Magidson](https://awardsradar.com/2026/04/14/film-review-mother-mary-finds-michaela-coel-and-anne-hathaway-under-the-cinematic-spell-of-david-lowerys-haunting-psychological-tale/) \- 3 / 4

&gt;*Mother Mary* will confound some, which can come with the Lowery territory, but as long as you allow yourself to drift on to his wavelength, the rewards are certainly there. I was left a bit cold early on by what was unfolding, but especially as the third act began, it all really clicked in for me. Lowery blew me away with *A Ghost Story*, and while this isn’t on that level (that’s his masterpiece, so far), there are echoes here that I really appreciated.

[The Wrap - William Bibbiani](https://www.thewrap.com/author/williambibbiani/) \- 75 / 100

&gt;“Mother Mary” takes place in a world where art is magic and forms eternal bonds, which can be a blessing or a curse. It can also raise the dead and infect the soul. And in David Lowery’s film it can captivate the mind even when it’s arguably absurd. We’re watching extremely talented artists try to accomplish something grand and potentially embarrass themselves in the process, and it works because they’re committed to taking that risk. Lowery doesn’t hold back (mostly). His cast doesn’t hold back. That’s how cult classics are born. And let’s face it, cult classics tend to live longer than the bona fide variety, whether they’re brilliant, mortifying, or just plain odd.

[Variety - Owen Glieberman](https://variety.com/2026/film/reviews/mother-mary-review-anne-hathaway-michaela-coel-david-lowery-1236720011/)

&gt;In “Mother Mary,” the director gives in to that side of himself completely. This is the *David Lowery*\-est David Lowery movie ever made. Which is to say that by the end of it, you may be scratching your head to the point of wanting your money back.

[Screen Rant - Molly Freeman](https://screenrant.com/mother-mary-movie-2026-review/) \- 6 / 10

&gt;Ultimately, *Mother Mary* isn't going to be a broad crowd-pleaser – even with its main character taking inspiration from the likes of Lady Gaga and Taylor Swift – but that's okay. With magnificent performances from Hathaway and Coel, stunning and evocative visuals, and a reliance on sensational vibes, *Mother Mary* is sure to find its fans.

[Weekend Warrior - Edward Douglas](https://edwarddouglas.substack.com/p/the-weekend-warrior-show-april-17) \- 5.5/10

&gt;Mother Mary is a visually-gorgeous film involving characters who I had a hard time caring about, set in a world of fashion and pop music that I had next to zero interest in. It’s very much a movie made solely for the Coachella crowd, so maybe it will find that audience, but otherwise, there really isn’t much there to recommend.

[Slash Film - Bill Bria](https://www.slashfilm.com/2147646/mother-mary-2026-movie-review/) \- 5 / 10

&gt;""Mother Mary"" is unequivocally a gorgeously shot and designed film, so perhaps all of its suggestiveness and symbolism will allow you to open yourself up to it. Sadly, I never felt like I was given the key, so I didn't connect, I could not understand, and I was not entertained. &gt;!The film is so steeped in ambiguity that it never feels like it reaches confession, nevermind clarity, and yet Lowery and his regular composer Daniel Hart soak the finale in heaps of schmaltz that feels unearned as a result!&lt;"
1swd3ki,boxoffice,"In China Michael opens on top with $4.79M. Below Bohemian Rhapsodys $6.58M opening weekend. Douban score opens at 7.5 vs Bohemian Rhapsody(8.7). Project Hail Mary in 4th adds $1.25M(-44%)/$38.90M. The Devil Wears Prada 2 opening day pre-sales hit $248k vs Thunderbolts($243k), Wuthering Heights($48k)","#**Weekend Box Office (April 24th-26th)**

**Michael** tops the weekend but doesn't really light the world on fire with a ¥32.6M/$4.79M opening weekend. Below Bohemian Rhapsody's ¥44.2M/$6.58M opening.

**It's OK** holds onto 2nd as it continues its run towards a potential $30M

**Project Hail Mary** drops to 4th this weekend after grossing good $1.25M on its 6th weekend. Slowly winding down as it nears $40M

**The Caged Butterfly** continues its very strong run for horror movie standards. Might even potentialy reach ¥100M/$14.5M unless the new Holiday releases kill its run completely.

|# | Movie                 |Gross  | %LW|Total Gross|Total Admissions| Weekends
:----------- |:-----------|:-----------|:-----------:|:-----------:|:-----------:|:-----------:|:-----------:|:-----------:|:-----------:|:-----------:
1| **Michael**               |$4.79M  |      |$4.79M    |0.75M  |1
2| It's Ok                   |$1.71M  |-41%  |$26.68M   |5.33M  |4
3| The Cagged Butterfly      |$1.45M  |-22%  |$13.03M   |2.65M  |4
4| Project Hail Mary         |$1.25M  |-44%  |$38.90M   |5.95M  |6
5| Super Mario Galaxy        |$1.18M  |-41%  |$18.61M   |3.18M  |4
6| Dear You(Pre-Src)         |$0.94M  |      |$0.94M    |0.28M  |0
7| Pegasus 3                 |$0.70M  |-35%  |$639.63M  |94.41M |10
8| Now I Met Her             |$0.53M  |-51%  |$10.83M   |2.01M  |4
9| Nobody But You 2          |$0.46M  |-78%  |$3.44M    |0.63M  |2
10| Hoppers                  |$0.55M  |-35%  |$24.32M   |4.27M  |6
11| **Organ Child**          |$0.25M  |-69%  |$1.52M    |0.29M  |2

---

#**Daily Box Office (April 26th 2026)**

The market hits ¥36.2M/$5.30M. Down -23% from yesterday and down -17% from last week.

**Supergirl** is a go and should be officialy announced for a release in the near future.

---

**Province map of the day:** 

https://i.imgur.com/7h5ADXs.png

Michael mostly dominates on Sunday.

**In Metropolitan cities:** 

Michael wins Guangzhou, Shanghai, Chongqing, Beijing, Wuhan, Chengdu, Nanjing, Shenzhen, Hangzhou and Suzhou 


**City tiers:**

Dear You climbs to 2nd in T1 and T3. Mario climbs to 3rd in T2.

**Tier 1**: Michael&gt;Dear You&gt;Project Hail Mary

**Tier 2**: Michael&gt;It's OK&gt;Super Mario Galaxy

**Tier 3**: Michael&gt;Dear You&gt;It's OK

**Tier 4**: Michael&gt;The Caged Butterfly&gt;It's OK

---

|# | Movie |Gross|%YD| %LW|Screenings|Admisions(Today)|Total Gross|Projected Total Gross|
:----------- |:-----------|:-----------:|:-----------:|:-----------:|:-----------:|:--------:|:-----------:|:-----------:| 
1|**Michael**              |$1.32M  |-31% |      |77600 |0.20M |$4.79M   |$8M-$12M 
2|It's OK                  |$0.57M  |-24% |-40%  |57148 |0.10M |$26.68M  |$27M-$32M
5|Super Mario Galaxy Movie |$0.50M  |-11% |-40%  |33785 |0.09M |$18.61M  |$20M-$22M
3|The Caged Butterfly      |$0.44M  |-37% |-23%  |43406 |0.08M |$13.03M  |$13M-$16M
4|Project Hail Mary        |$0.43M  |-28% |-45%  |21339 |0.07M |$38.90M  |$39M-$42M    
6|Dear You(Pre-Scr)        |$0.38M  |+6%  |      |6261  |0.07M |$0.94M   | 
7|Pegasus 3                |$0.26M  |-16% |-30%  |19732 |0.04M |$639.63M |$640M-$641M 
8|Hoppers                  |$0.25M  |-1%  |-30%  |15268 |0.04M |$24.32M  |$24M-$25M 
9|Now I Met Her            |$0.18M  |-18% |-50%  |22771 |0.03M |$10.83M  |$11M-$13M  
10|Nobody But You 2        |$0.14M  |-22% |-80%  |28260 |0.02M |$3.44M   |$3M-$4M    
11|Organ Child             |$0.07M  |-30% |-78%  |13181 |0.01M |$1.52M   |$1M-$2M 

New releases marked in **bold**

---


**Pre-Sales map for tomorrow**

https://i.imgur.com/amh9JQu.png

Michael mostly dominates pre-sales for Monday.

---

**IMAX Screenings distribution**

Michael absolutely dominates the IMAX screenings and will continue to do so tomorrow.


||Movie|IMAX Screeninsgs Today|IMAX Screeninsgs Tomorrow|Change|
:----------- |:-----------:|:-----------:|:-----------:|:-----------:|:-----------:|:-----------:|:-----------:|
1|Michael                             |3760   |2746 |-1014
1|Project Hail Mary                   |225    |216  |-9
2|Super Mario Galaxy                  |25     |5    |-20

---


###**Michael**

Michael grossed ¥9.08M/$1.32M on Sunday. Continues to trail Bohemian Rhapsody which grossed  ¥14.0M/$2.08M on its first Sunday. 

Michael is projected a ¥2.8-3.1M Monday which again would be significantly below Bohemian Rhapsody's ¥5.1M/$0.76M 1st Monday.

Total projections slightly go up on the upper end to $12M. Reaching that will basicaly depend how much the movie can stay around during the Holiday week next week.

**Michael vs Bohemian Rhapsody:**

https://i.imgur.com/bee2KJb.png

**Screen Distribution Split:** Regular: $3.02M    , IMAX: $1.31M   , Rest: $0.41M 

**WoM figures:**

Michael opens with 7.5 on Douban. Below Bohemian Rhapsody's 8.7 opening score.

Maoyan: 9.6 , Taopiaopiao: 9.5 , Douban: 7.5

|#|FRI|SAT|SUN|MON|TUE|WED|THU|Total|
|:-----------:|:-----------:|:-----------:|:-----------:|:-----------:|:-----------:|:-----------:|:-----------:|:-----------:|:-----------:|							
|First  Week |$1.56M|$1.91M|$1.32M| | | | |$4.79M
		
	
**Scheduled showings update for Michael for the next few days:**

|Day |  Number of Showings |Presales|Projection
:----------- |:-----------:|:-----------:|:-----------:|
Today|78197|$332k|$1.27M-$1.33M
Monday|59838|$67k|$0.40M-$0.45M
Tuesday|41450|$13k|$0.37M-$0.44M

---


###**Super Mario Galaxy Movie**

Mario Galaxy grossed ¥3.45M/$0.50M on its 4th Sunday. 

Below the first movies ¥4.42M/$0.63M 4th Sunday as that movie was entering the May/Labor Day Holidays. But above the 4th Sunday of Hoppers at ¥2.99/$0.43M


**Super Mario Galaxy vs Super Mario Bros:**

https://i.imgur.com/A50ijfJ.png

**Screen Distribution Split:** Regular: $17.36M    , IMAX: $0.70M   , Rest: $0.48M 

**WoM figures:**

Maoyan: 9.3 , Taopiaopiao: 9.3 , Douban: 7.0

|#|FRI|SAT|SUN|MON|TUE|WED|THU|Total|
|:-----------:|:-----------:|:-----------:|:-----------:|:-----------:|:-----------:|:-----------:|:-----------:|:-----------:|:-----------:|							
|Third  Week |$0.24M|$0.95M|$0.83M|$0.08M|$0.06M|$0.06M|$0.06M|$17.43M
|Fourth  Week |$0.12M|$0.56M|$0.50M| | | | |$18.61M
|%± LW|-50%|-41%|-40%| | | | | |			
	
**Scheduled showings update for Super Mario Galaxy Movie for the next few days:**

|Day |  Number of Showings |Presales|Projection
:----------- |:-----------:|:-----------:|:-----------:|
Today|33538|$70k|$0.45M-$0.53M
Monday|18251|$7k|$0.05M-$0.06M
Tuesday|11875|$1k|$0.05M-$0.06M

---

###**Project Hail Mary**

Project Hail Mary in 5th grossed ¥2.91M/$0.43M on Sunday. Starting to slowly wind down as it nears $40M

**Screen Distribution Split:** Regular: $25.08M    , IMAX: $10.95M   , Rest: $2.31M 

**WoM figures:**

Maoyan: 9.2       , Taopiaopiao: 9.2      , Douban: 8.6

|#|FRI|SAT|SUN|MON|TUE|WED|THU|Total|
|:-----------:|:-----------:|:-----------:|:-----------:|:-----------:|:-----------:|:-----------:|:-----------:|:-----------:|:-----------:|								
|Fifth Week |$0.44M|$1.02M|$0.78M|$0.20M|$0.20M|$0.20M|$0.20M|$37.65M
|Sixth  Week |$0.22M|$0.60M|$0.43M| | | | |$38.90M
|%± LW|-50%|-41%|-45%| | | | | |			

**Scheduled showings update for Project Hail Mary for the next few days:**

|Day |  Number of Showings |Presales|Projection
:----------- |:-----------:|:-----------:|:-----------:|
Today|21287|$88k|$0.39M-$0.44M
Monday|18612|$15k|$0.11M-$0.13M
Wednesday|13454|$4k|$0.12M-$0.13M

---

**May/Labor Day:**

The Devil Wears Prada 2 continues its solid pre-sales as opening day pre-sales hit $248k 

Cold War 1944 continues to lead pre-sales for May 1st Labor Day.

|Days till release |The Devil Wears Prada 2 |Cold War 1994 |Vanishing Point |Being Towards Death|No one is closer than we
:----------- |:-----------:|:-----------:|:-----------:|:-----------:|:-----------:|:-----------:|:-----------:|  
9|/          |$68k/35764 |$20k/13736 |$12k/15106 |/        | 
8|/          |$191k/44903|$137k/19293|$52k/19940 |/        |   
7|$8k/2229   |$287k/51261|$189k/23937|$64k/23680 |/        |   
6|$58k/25865 |$381k/56830|$228k/28028|$76k/27293 |$17k/618 | 
5|$119k/33312|$504k/61504|$287k/31672|$92k/30186 |$50k/2502| 
4|$178k/38107|$622k/65409|$361k/35037|$106k/32512|$64k/2911| 
3|$248k/42532|           |           ||| 		
2|           |           |           |||
1|           |           |           ||| 
0|           |           |           |||	
*Gross/Screenings

---

**Cold War 1994 opening day pre-sales:**

Cold War 1994 is trending stronger than last years champion **The Dumpling Queen** and 2024's **Twilight of the Warriors: Walled In**  but below the fan driven Wang Yibo **Formed Police Unit** and 2024's champion **The Last Frenzy**

I would personaly like to see at least ¥500M/$70M from this.

|Days till release | Cold War 1994 | The Dumpling Queen |Twilight of the Warriors: Walled In|Formed Police Unit|The Last Frenzy
:----------- |:-----------:|:-----------:|:-----------:|:-----------:|:-----------:|:-----------:|:-----------:|  
9|$68k/35764 |$134k/33024  |$150k/15614 |$1.06M/56021 |$290k/20336| 
8|$191k/44903|$170k/38242  |$183k/17194 |$1.21M/61626 |$347k/22999|  
7|$287k/51261|$213k/42585  |$220k/18623 |$1.37M/66430 |$409k/25908|   
6|$381k/56830|$257k/46788  |$286k/20771	|$1.55M/72098 |$502k/29226| 
5|$504k/61504|$312k/53911  |$370k/23034	|$1.73M/77845 |$656k/33264| 
4|$622k/65409|$384k/59615  |$452k/26097 |$2.00M/87942 |$806k/39722| 
3|           |$469k/67561  |$533k/29654 |$2.31M/97680 |$953k/46208| 		
2|           |$562k/83337  |$609k/35366 |$2.65M/112430|$1.13M/56073|
1|           |$695k/98097  |$698k/41285 |$3.27M/125706|$1.43M/65663| 
0|           |$1.20M/108262|$1.17M/45547|$5.84M/134942|$2.63M/92383|	
Opening Day|/|$6.21M	   |$6.91M      |$18.74M      |$11.98M |
Comp       |Average: $8.66M|$10.06M     |$9.54M       |$5.82M  |$9.24M
*Gross/Screenings

---

**The Devil Wears Prada 2:**

**The Devil Wears Prada 2** pre-sales are trending slightly above **Thunderbolts** which launched on the same day last year 1 day before the start of the Holidays. 

The pace has not been as strong though going into the last few days. We will get the first opening day projections tomorrow.


|Days till release | The Devil Wears Prada 2 | Thunderbolts |Wuthering Heights |Fantastic Four
:----------- |:-----------:|:-----------:|:-----------:|:-----------:|:-----------:|:-----------:|:-----------:|  
8|/          |/          |$2k/2042   |/          ||   
7|$8k/2229   |/          |$8k/3897   |$2k/2677   ||   
6|$58k/25865 |/          |$17k/4857  |$15k/6992  || 
5|$119k/33312|/          |$25k/5428  |$39k/9088  || 
4|$178k/38107|$143k/31015|$34k/5960  |$65k/11095 || 
3|$248k/42532|$234k/43450|$48k/7183  |$113k/14695|| 		
2|           |$343k/57244|$63k/9134  |$178k/19592||
1|           |$487k/57244|$83k/12235 |$303k/35148|| 
0|           |$824k/89134|$121k/14778|$611k/45327||	
Opening Day|/|$2.47M     |$0.30M     |$1.74M     ||
Comp       |Average: $2.66M|$2.61M  |$1.55M      |$3.82M  
*Gross/Screenings

---


#**Release Schedule:**

A table including upcoming movies in the next month alongside trailers linked in the name of the movie, Want To See data from both Maoyan and Taopiaopiao alongside the Gender split and genre. 

Remember Want To See is not pre-sales. Its just an anticipation metric. A checkbox of sorts saying your interested in an upcoming movie.

Not all movies are included since a lot are just too small to be worth covering. 

---

**May/Labor Day Holidays(30.4-5.5)**

| Movie |Maoyan WTS|Daily Increase| Taopiaopiao WTS|Daily Increase|M/W %|Genre|Release Date|3rd party media projections
:----------- |:-----------:|:-----------:|:-----------:|:-----------:|:-----------:|:-----------:|:-----------:|:-----------:|
[Devil Wears Prada 2](https://vod.pipi.cn/fec9203cvodtransbj1251246104/0a6e64625145403721118746297/v.f42905.mp4) |169k|+3k|280k|+3k|26/74|Drama/Comedy|30.04|$9-41M
[Vanishing Point](https://vod.pipi.cn/fec9203cvodtransbj1251246104/0a6e64625145403721118746297/v.f42905.mp4) |75k|+3k|33k|+1k|33/67|Thriller/Crime|01.05|$21-36M
[Cold War 1944](https://vod.pipi.cn/fec9203cvodtransbj1251246104/0a6e64625145403721118746297/v.f42905.mp4) |74k|+2k|95k|+1k|75/25|Drama/Action/Crime|01.05|$60-88M
[Being Toward Death](https://vod.pipi.cn/fec9203cvodtransbj1251246104/7978f4ba5145403722772255413/v.f42905.mp4) |23k|+1k|11k|+1k|38/62|Drama|01.05|
[Once a Thief](https://vod.pipi.cn/fec9203cvodtransbj1251246104/7978f4ba5145403722772255413/v.f42905.mp4) |30k|+1k|22k|+1k|47/53|Drama/Comedy/Action|03.05|

**May**

| Movie |Maoyan WTS|Daily Increase| Taopiaopiao WTS|Daily Increase|M/W %|Genre|Release Date|3rd party media projections
:----------- |:-----------:|:-----------:|:-----------:|:-----------:|:-----------:|:-----------:|:-----------:|:-----------:|
[Mortal Kombat II](https://vod.pipi.cn/fec9203cvodtransbj1251246104/33b8b9245145403722890582563/v.f42905.mp4) |24k|+1k|13k|+1k|75/25|Action/Fantasy|08.05|
[Love Battle](https://i.imgur.com/yT3kgKV.jpeg) |34k|+1k|49k|+1k|20/80|Romance/Comedy|20.05|
[Be Yourself](https://vod.pipi.cn/fec9203cvodtransbj1251246104/43e695815145403722808184482/v.f42905.mp4) |19k|+1k|18k|+1k|31/69|Romance/Comedy|20.05|
[Star Wars: Mandalorian &amp; Grogu](https://vod.pipi.cn/fec9203cvodtransbj1251246104/ae3ca3b05145403723990636789/v.f42905.mp4) |9k|+1k|14k|+1k|63/37|Actiiom/Sci-Fi|20.05|$5M
[All The Good Eyes](https://vod.pipi.cn/fec9203cvodtransbj1251246104/0a6e64625145403721118746297/v.f42905.mp4) |21k|+1k|12k|+1k|34/66|Drama/Romance/Crime|23.05|",52,18,1777222956.0,devil wears prada 2,nyc_premiere,2026-04-26,"In China Michael opens on top with $4.79M. Below Bohemian Rhapsodys $6.58M opening weekend. Douban score opens at 7.5 vs Bohemian Rhapsody(8.7). Project Hail Mary in 4th adds $1.25M(-44%)/$38.90M. The Devil Wears Prada 2 opening day pre-sales hit $248k vs Thunderbolts($243k), Wuthering Heights($48k) #**Weekend Box Office (April 24th-26th)**

**Michael** tops the weekend but doesn't really light the world on fire with a ¥32.6M/$4.79M opening weekend. Below Bohemian Rhapsody's ¥44.2M/$6.58M opening.

**It's OK** holds onto 2nd as it continues its run towards a potential $30M

**Project Hail Mary** drops to 4th this weekend after grossing good $1.25M on its 6th weekend. Slowly winding down as it nears $40M

**The Caged Butterfly** continues its very strong run for horror movie standards. Might even potentialy reach ¥100M/$14.5M unless the new Holiday releases kill its run completely.

|# | Movie                 |Gross  | %LW|Total Gross|Total Admissions| Weekends
:----------- |:-----------|:-----------|:-----------:|:-----------:|:-----------:|:-----------:|:-----------:|:-----------:|:-----------:|:-----------:
1| **Michael**               |$4.79M  |      |$4.79M    |0.75M  |1
2| It's Ok                   |$1.71M  |-41%  |$26.68M   |5.33M  |4
3| The Cagged Butterfly      |$1.45M  |-22%  |$13.03M   |2.65M  |4
4| Project Hail Mary         |$1.25M  |-44%  |$38.90M   |5.95M  |6
5| Super Mario Galaxy        |$1.18M  |-41%  |$18.61M   |3.18M  |4
6| Dear You(Pre-Src)         |$0.94M  |      |$0.94M    |0.28M  |0
7| Pegasus 3                 |$0.70M  |-35%  |$639.63M  |94.41M |10
8| Now I Met Her             |$0.53M  |-51%  |$10.83M   |2.01M  |4
9| Nobody But You 2          |$0.46M  |-78%  |$3.44M    |0.63M  |2
10| Hoppers                  |$0.55M  |-35%  |$24.32M   |4.27M  |6
11| **Organ Child**          |$0.25M  |-69%  |$1.52M    |0.29M  |2

---

#**Daily Box Office (April 26th 2026)**

The market hits ¥36.2M/$5.30M. Down -23% from yesterday and down -17% from last week.

**Supergirl** is a go and should be officialy announced for a release in the near future.

---

**Province map of the day:** 

https://i.imgur.com/7h5ADXs.png

Michael mostly dominates on Sunday.

**In Metropolitan cities:** 

Michael wins Guangzhou, Shanghai, Chongqing, Beijing, Wuhan, Chengdu, Nanjing, Shenzhen, Hangzhou and Suzhou 


**City tiers:**

Dear You climbs to 2nd in T1 and T3. Mario climbs to 3rd in T2.

**Tier 1**: Michael&gt;Dear You&gt;Project Hail Mary

**Tier 2**: Michael&gt;It's OK&gt;Super Mario Galaxy

**Tier 3**: Michael&gt;Dear You&gt;It's OK

**Tier 4**: Michael&gt;The Caged Butterfly&gt;It's OK

---

|# | Movie |Gross|%YD| %LW|Screenings|Admisions(Today)|Total Gross|Projected Total Gross|
:----------- |:-----------|:-----------:|:-----------:|:-----------:|:-----------:|:--------:|:-----------:|:-----------:| 
1|**Michael**              |$1.32M  |-31% |      |77600 |0.20M |$4.79M   |$8M-$12M 
2|It's OK                  |$0.57M  |-24% |-40%  |57148 |0.10M |$26.68M  |$27M-$32M
5|Super Mario Galaxy Movie |$0.50M  |-11% |-40%  |33785 |0.09M |$18.61M  |$20M-$22M
3|The Caged Butterfly      |$0.44M  |-37% |-23%  |43406 |0.08M |$13.03M  |$13M-$16M
4|Project Hail Mary        |$0.43M  |-28% |-45%  |21339 |0.07M |$38.90M  |$39M-$42M    
6|Dear You(Pre-Scr)        |$0.38M  |+6%  |      |6261  |0.07M |$0.94M   | 
7|Pegasus 3                |$0.26M  |-16% |-30%  |19732 |0.04M |$639.63M |$640M-$641M 
8|Hoppers                  |$0.25M  |-1%  |-30%  |15268 |0.04M |$24.32M  |$24M-$25M 
9|Now I Met Her            |$0.18M  |-18% |-50%  |22771 |0.03M |$10.83M  |$11M-$13M  
10|Nobody But You 2        |$0.14M  |-22% |-80%  |28260 |0.02M |$3.44M   |$3M-$4M    
11|Organ Child             |$0.07M  |-30% |-78%  |13181 |0.01M |$1.52M   |$1M-$2M 

New releases marked in **bold**

---


**Pre-Sales map for tomorrow**

https://i.imgur.com/amh9JQu.png

Michael mostly dominates pre-sales for Monday.

---

**IMAX Screenings distribution**

Michael absolutely dominates the IMAX screenings and will continue to do so tomorrow.


||Movie|IMAX Screeninsgs Today|IMAX Screeninsgs Tomorrow|Change|
:----------- |:-----------:|:-----------:|:-----------:|:-----------:|:-----------:|:-----------:|:-----------:|
1|Michael                             |3760   |2746 |-1014
1|Project Hail Mary                   |225    |216  |-9
2|Super Mario Galaxy                  |25     |5    |-20

---


###**Michael**

Michael grossed ¥9.08M/$1.32M on Sunday. Continues to trail Bohemian Rhapsody which grossed  ¥14.0M/$2.08M on its first Sunday. 

Michael is projected a ¥2.8-3.1M Monday which again would be significantly below Bohemian Rhapsody's ¥5.1M/$0.76M 1st Monday.

Total projections slightly go up on the upper end to $12M. Reaching that will basicaly depend how much the movie can stay around during the Holiday week next week.

**Michael vs Bohemian Rhapsody:**

https://i.imgur.com/bee2KJb.png

**Screen Distribution Split:** Regular: $3.02M    , IMAX: $1.31M   , Rest: $0.41M 

**WoM figures:**

Michael opens with 7.5 on Douban. Below Bohemian Rhapsody's 8.7 opening score.

Maoyan: 9.6 , Taopiaopiao: 9.5 , Douban: 7.5

|#|FRI|SAT|SUN|MON|TUE|WED|THU|Total|
|:-----------:|:-----------:|:-----------:|:-----------:|:-----------:|:-----------:|:-----------:|:-----------:|:-----------:|:-----------:|							
|First  Week |$1.56M|$1.91M|$1.32M| | | | |$4.79M
		
	
**Scheduled showings update for Michael for the next few days:**

|Day |  Number of Showings |Presales|Projection
:----------- |:-----------:|:-----------:|:-----------:|
Today|78197|$332k|$1.27M-$1.33M
Monday|59838|$67k|$0.40M-$0.45M
Tuesday|41450|$13k|$0.37M-$0.44M

---


###**Super Mario Galaxy Movie**

Mario Galaxy grossed ¥3.45M/$0.50M on its 4th Sunday. 

Below the first movies ¥4.42M/$0.63M 4th Sunday as that movie was entering the May/Labor Day Holidays. But above the 4th Sunday of Hoppers at ¥2.99/$0.43M


**Super Mario Galaxy vs Super Mario Bros:**

https://i.imgur.com/A50ijfJ.png

**Screen Distribution Split:** Regular: $17.36M    , IMAX: $0.70M   , Rest: $0.48M 

**WoM figures:**

Maoyan: 9.3 , Taopiaopiao: 9.3 , Douban: 7.0

|#|FRI|SAT|SUN|MON|TUE|WED|THU|Total|
|:-----------:|:-----------:|:-----------:|:-----------:|:-----------:|:-----------:|:-----------:|:-----------:|:-----------:|:-----------:|							
|Third  Week |$0.24M|$0.95M|$0.83M|$0.08M|$0.06M|$0.06M|$0.06M|$17.43M
|Fourth  Week |$0.12M|$0.56M|$0.50M| | | | |$18.61M
|%± LW|-50%|-41%|-40%| | | | | |			
	
**Scheduled showings update for Super Mario Galaxy Movie for the next few days:**

|Day |  Number of Showings |Presales|Projection
:----------- |:-----------:|:-----------:|:-----------:|
Today|33538|$70k|$0.45M-$0.53M
Monday|18251|$7k|$0.05M-$0.06M
Tuesday|11875|$1k|$0.05M-$0.06M

---

###**Project Hail Mary**

Project Hail Mary in 5th grossed ¥2.91M/$0.43M on Sunday. Starting to slowly wind down as it nears $40M

**Screen Distribution Split:** Regular: $25.08M    , IMAX: $10.95M   , Rest: $2.31M 

**WoM figures:**

Maoyan: 9.2       , Taopiaopiao: 9.2      , Douban: 8.6

|#|FRI|SAT|SUN|MON|TUE|WED|THU|Total|
|:-----------:|:-----------:|:-----------:|:-----------:|:-----------:|:-----------:|:-----------:|:-----------:|:-----------:|:-----------:|								
|Fifth Week |$0.44M|$1.02M|$0.78M|$0.20M|$0.20M|$0.20M|$0.20M|$37.65M
|Sixth  Week |$0.22M|$0.60M|$0.43M| | | | |$38.90M
|%± LW|-50%|-41%|-45%| | | | | |			

**Scheduled showings update for Project Hail Mary for the next few days:**

|Day |  Number of Showings |Presales|Projection
:----------- |:-----------:|:-----------:|:-----------:|
Today|21287|$88k|$0.39M-$0.44M
Monday|18612|$15k|$0.11M-$0.13M
Wednesday|13454|$4k|$0.12M-$0.13M

---

**May/Labor Day:**

The Devil Wears Prada 2 continues its solid pre-sales as opening day pre-sales hit $248k 

Cold War 1944 continues to lead pre-sales for May 1st Labor Day.

|Days till release |The Devil Wears Prada 2 |Cold War 1994 |Vanishing Point |Being Towards Death|No one is closer than we
:----------- |:-----------:|:-----------:|:-----------:|:-----------:|:-----------:|:-----------:|:-----------:|  
9|/          |$68k/35764 |$20k/13736 |$12k/15106 |/        | 
8|/          |$191k/44903|$137k/19293|$52k/19940 |/        |   
7|$8k/2229   |$287k/51261|$189k/23937|$64k/23680 |/        |   
6|$58k/25865 |$381k/56830|$228k/28028|$76k/27293 |$17k/618 | 
5|$119k/33312|$504k/61504|$287k/31672|$92k/30186 |$50k/2502| 
4|$178k/38107|$622k/65409|$361k/35037|$106k/32512|$64k/2911| 
3|$248k/42532|           |           ||| 		
2|           |           |           |||
1|           |           |           ||| 
0|           |           |           |||	
*Gross/Screenings

---

**Cold War 1994 opening day pre-sales:**

Cold War 1994 is trending stronger than last years champion **The Dumpling Queen** and 2024's **Twilight of the Warriors: Walled In**  but below the fan driven Wang Yibo **Formed Police Unit** and 2024's champion **The Last Frenzy**

I would personaly like to see at least ¥500M/$70M from this.

|Days till release | Cold War 1994 | The Dumpling Queen |Twilight of the Warriors: Walled In|Formed Police Unit|The Last Frenzy
:----------- |:-----------:|:-----------:|:-----------:|:-----------:|:-----------:|:-----------:|:-----------:|  
9|$68k/35764 |$134k/33024  |$150k/15614 |$1.06M/56021 |$290k/20336| 
8|$191k/44903|$170k/38242  |$183k/17194 |$1.21M/61626 |$347k/22999|  
7|$287k/51261|$213k/42585  |$220k/18623 |$1.37M/66430 |$409k/25908|   
6|$381k/56830|$257k/46788  |$286k/20771	|$1.55M/72098 |$502k/29226| 
5|$504k/61504|$312k/53911  |$370k/23034	|$1.73M/77845 |$656k/33264| 
4|$622k/65409|$384k/59615  |$452k/26097 |$2.00M/87942 |$806k/39722| 
3|           |$469k/67561  |$533k/29654 |$2.31M/97680 |$953k/46208| 		
2|           |$562k/83337  |$609k/35366 |$2.65M/112430|$1.13M/56073|
1|           |$695k/98097  |$698k/41285 |$3.27M/125706|$1.43M/65663| 
0|           |$1.20M/108262|$1.17M/45547|$5.84M/134942|$2.63M/92383|	
Opening Day|/|$6.21M	   |$6.91M      |$18.74M      |$11.98M |
Comp       |Average: $8.66M|$10.06M     |$9.54M       |$5.82M  |$9.24M
*Gross/Screenings

---

**The Devil Wears Prada 2:**

**The Devil Wears Prada 2** pre-sales are trending slightly above **Thunderbolts** which launched on the same day last year 1 day before the start of the Holidays. 

The pace has not been as strong though going into the last few days. We will get the first opening day projections tomorrow.


|Days till release | The Devil Wears Prada 2 | Thunderbolts |Wuthering Heights |Fantastic Four
:----------- |:-----------:|:-----------:|:-----------:|:-----------:|:-----------:|:-----------:|:-----------:|  
8|/          |/          |$2k/2042   |/          ||   
7|$8k/2229   |/          |$8k/3897   |$2k/2677   ||   
6|$58k/25865 |/          |$17k/4857  |$15k/6992  || 
5|$119k/33312|/          |$25k/5428  |$39k/9088  || 
4|$178k/38107|$143k/31015|$34k/5960  |$65k/11095 || 
3|$248k/42532|$234k/43450|$48k/7183  |$113k/14695|| 		
2|           |$343k/57244|$63k/9134  |$178k/19592||
1|           |$487k/57244|$83k/12235 |$303k/35148|| 
0|           |$824k/89134|$121k/14778|$611k/45327||	
Opening Day|/|$2.47M     |$0.30M     |$1.74M     ||
Comp       |Average: $2.66M|$2.61M  |$1.55M      |$3.82M  
*Gross/Screenings

---


#**Release Schedule:**

A table including upcoming movies in the next month alongside trailers linked in the name of the movie, Want To See data from both Maoyan and Taopiaopiao alongside the Gender split and genre. 

Remember Want To See is not pre-sales. Its just an anticipation metric. A checkbox of sorts saying your interested in an upcoming movie.

Not all movies are included since a lot are just too small to be worth covering. 

---

**May/Labor Day Holidays(30.4-5.5)**

| Movie |Maoyan WTS|Daily Increase| Taopiaopiao WTS|Daily Increase|M/W %|Genre|Release Date|3rd party media projections
:----------- |:-----------:|:-----------:|:-----------:|:-----------:|:-----------:|:-----------:|:-----------:|:-----------:|
[Devil Wears Prada 2](https://vod.pipi.cn/fec9203cvodtransbj1251246104/0a6e64625145403721118746297/v.f42905.mp4) |169k|+3k|280k|+3k|26/74|Drama/Comedy|30.04|$9-41M
[Vanishing Point](https://vod.pipi.cn/fec9203cvodtransbj1251246104/0a6e64625145403721118746297/v.f42905.mp4) |75k|+3k|33k|+1k|33/67|Thriller/Crime|01.05|$21-36M
[Cold War 1944](https://vod.pipi.cn/fec9203cvodtransbj1251246104/0a6e64625145403721118746297/v.f42905.mp4) |74k|+2k|95k|+1k|75/25|Drama/Action/Crime|01.05|$60-88M
[Being Toward Death](https://vod.pipi.cn/fec9203cvodtransbj1251246104/7978f4ba5145403722772255413/v.f42905.mp4) |23k|+1k|11k|+1k|38/62|Drama|01.05|
[Once a Thief](https://vod.pipi.cn/fec9203cvodtransbj1251246104/7978f4ba5145403722772255413/v.f42905.mp4) |30k|+1k|22k|+1k|47/53|Drama/Comedy/Action|03.05|

**May**

| Movie |Maoyan WTS|Daily Increase| Taopiaopiao WTS|Daily Increase|M/W %|Genre|Release Date|3rd party media projections
:----------- |:-----------:|:-----------:|:-----------:|:-----------:|:-----------:|:-----------:|:-----------:|:-----------:|
[Mortal Kombat II](https://vod.pipi.cn/fec9203cvodtransbj1251246104/33b8b9245145403722890582563/v.f42905.mp4) |24k|+1k|13k|+1k|75/25|Action/Fantasy|08.05|
[Love Battle](https://i.imgur.com/yT3kgKV.jpeg) |34k|+1k|49k|+1k|20/80|Romance/Comedy|20.05|
[Be Yourself](https://vod.pipi.cn/fec9203cvodtransbj1251246104/43e695815145403722808184482/v.f42905.mp4) |19k|+1k|18k|+1k|31/69|Romance/Comedy|20.05|
[Star Wars: Mandalorian &amp; Grogu](https://vod.pipi.cn/fec9203cvodtransbj1251246104/ae3ca3b05145403723990636789/v.f42905.mp4) |9k|+1k|14k|+1k|63/37|Actiiom/Sci-Fi|20.05|$5M
[All The Good Eyes](https://vod.pipi.cn/fec9203cvodtransbj1251246104/0a6e64625145403721118746297/v.f42905.mp4) |21k|+1k|12k|+1k|34/66|Drama/Romance/Crime|23.05|"
1svy19h,boxoffice,SK Saturday Update,"|Movies|Monday-Monday Drop|Tuesday-Tuesday Drop|Wednesday-Wednesday Drop|Thursday-Thursday Drop|Friday-Friday Drop|Saturday-Saturday Drop|Sunday-Sunday Drop|Week-Week Drop|
|:-|:-|:-|:-|:-|:-|:-|:-|:-|
|Salmokji|37%|39%|37%|17%|13%|31%|||
|Project Hail Mary|33%|30%|18%|21%|21%|27%|||
|The Man Who Lives With the King|40%|43%|47%|42%|39%|38%|||

**Goat**: The movie has a decent drop of 54%, as the movie should barely cross 30k admits now. A small win as the Saturday jump was really good.

**Salmokji:** The movie is now north of 1.8 million admits as the movie will be north of 1.9 million admits tomorrow. The movie will be above 2 million admits as late as Tuesday and as early as Monday.

**Project Hail Mary:** That is 2.4 million admits, as the movie seems keen on ending up at 2.7 million admits.

**The Man Who Lives With the King:** Another meh drop as the movie will cross 16.7 million admits tomorrow.

**Presales**

**Super Mario Galaxy:** A weaker day as the comps pretty much all went down. Still, the presales are respectable.

|Days before Release|Moana 2|Bad Guys 2|Zootopia 2|Mario Super Galaxy|
|:-|:-|:-|:-|:-|
|T-7|42,238|8,916|73,487|35,433|
|T-6|51,863|9,549|94,120|45,760|
|T-5|64,147|14,312|113,186|58,225|
|T-4|79,655|7,449|141,029|69,449|
|T-3|105,249|11,440|182,918||
|T-2|150,351|18,765|258,224||
|T-1|224,262|34,944|370,645||
|Comp|171,567|387,008|152,247||

**Devil Wears Prada 2**: Presales are still steady, but this is the time you want to see better growth. Thinking the movie needs to hit 110k in presales tomorrow to call it a good day.

|Days before Release|Sinners|F1|Thunderbolts|Devil Wears Prada 2|
|:-|:-|:-|:-|:-|
|T-7|2,533|44,401|16,408|61,582|
|T-6|2,792|48,155|42,913|71,251|
|T-5|3,335|53,728|49,950|83,372|
|T-4|4,099|58,456|56,852|94,494|
|T-3|5,284|66,092|66,550||
|T-2|7,456|81,072|83,980||
|T-1|9,927|103,859|107,377||
|Comp|241,571|134,043|166,474||",19,7,1777179358.0,devil wears prada 2,nyc_premiere,2026-04-26,"SK Saturday Update |Movies|Monday-Monday Drop|Tuesday-Tuesday Drop|Wednesday-Wednesday Drop|Thursday-Thursday Drop|Friday-Friday Drop|Saturday-Saturday Drop|Sunday-Sunday Drop|Week-Week Drop|
|:-|:-|:-|:-|:-|:-|:-|:-|:-|
|Salmokji|37%|39%|37%|17%|13%|31%|||
|Project Hail Mary|33%|30%|18%|21%|21%|27%|||
|The Man Who Lives With the King|40%|43%|47%|42%|39%|38%|||

**Goat**: The movie has a decent drop of 54%, as the movie should barely cross 30k admits now. A small win as the Saturday jump was really good.

**Salmokji:** The movie is now north of 1.8 million admits as the movie will be north of 1.9 million admits tomorrow. The movie will be above 2 million admits as late as Tuesday and as early as Monday.

**Project Hail Mary:** That is 2.4 million admits, as the movie seems keen on ending up at 2.7 million admits.

**The Man Who Lives With the King:** Another meh drop as the movie will cross 16.7 million admits tomorrow.

**Presales**

**Super Mario Galaxy:** A weaker day as the comps pretty much all went down. Still, the presales are respectable.

|Days before Release|Moana 2|Bad Guys 2|Zootopia 2|Mario Super Galaxy|
|:-|:-|:-|:-|:-|
|T-7|42,238|8,916|73,487|35,433|
|T-6|51,863|9,549|94,120|45,760|
|T-5|64,147|14,312|113,186|58,225|
|T-4|79,655|7,449|141,029|69,449|
|T-3|105,249|11,440|182,918||
|T-2|150,351|18,765|258,224||
|T-1|224,262|34,944|370,645||
|Comp|171,567|387,008|152,247||

**Devil Wears Prada 2**: Presales are still steady, but this is the time you want to see better growth. Thinking the movie needs to hit 110k in presales tomorrow to call it a good day.

|Days before Release|Sinners|F1|Thunderbolts|Devil Wears Prada 2|
|:-|:-|:-|:-|:-|
|T-7|2,533|44,401|16,408|61,582|
|T-6|2,792|48,155|42,913|71,251|
|T-5|3,335|53,728|49,950|83,372|
|T-4|4,099|58,456|56,852|94,494|
|T-3|5,284|66,092|66,550||
|T-2|7,456|81,072|83,980||
|T-1|9,927|103,859|107,377||
|Comp|241,571|134,043|166,474||"
1svlp7p,boxoffice,Actors at the Box Office: Chuck Norris,"https://preview.redd.it/tzrhy8i13exg1.png?width=1920&amp;format=png&amp;auto=webp&amp;s=6acdc0de38d62cd90823128a70bcd7eb03fca1fa

Here's a new edition of ""Actors at the Box Office"", which seeks to explore the actors' trajectory at the box office and analyze their hits and bombs. I already talked about a few, and as I promised, it's Chuck Norris' turn.

#**Early Life**

In 1958, Norris joined the United States Air Force as an Air Policeman (AP) and was stationed at Osan Air Base in South Korea. There he acquired the nickname ""Chuck"" and began training in Tang Soo Do (tangsudo). After returning to the United States, he continued serving as an AP at March Air Force Base in California. In August 1962, he was discharged from the Air Force with the rank of airman first class. While applying to become a policeman in Torrance, California, he opened a martial arts studio and began competing in tournaments.

He founded his own discipline, Chun Kuk Do. While competing at a tournament, Norris met Bruce Lee and the two developed a friendship as well as a training and working relationship. Thanks to Lee's influence, Norris made his acting debut in *The Wrecking Crew* as a background extra. Lee saw potential in him, which is why they teamed up shortly thereafter for something far bigger.

#**1970s: He can hear sign language**

Norris had his first big role in *The Way of the Dragon*, opposite Bruce Lee. Lee spent 45 hours on the fight scene with Chuck Norris. His choreographed instructions for the scene took up nearly a quarter of the script. But it paid off, given that the film was a huge hit, earning $130 million worldwide. The fight scene became one of the most iconic for any martial arts title. But most importantly, it launched Norris' career. Unfortunately, it'd mark his last collaboration with Lee.

In 1974, Steve McQueen, who was Norris's martial art student and friend at the time, saw his potential and encouraged him to begin acting classes at MGM. That same year, he played the supporting role of the main antagonist in Lo Wei's *Yellow Faced Tiger*. It didn't hit theaters in the United States until 1981, and the advertisements capitalized on Norris's fame, positioning him as the leading man despite his role as the antagonist, and presenting the film as a new release rather than an older, low-budget production.

In 1977, Norris had his first starring role in *Breaker! Breaker!* Norris said he was paid $5,000 to do the film, ""I didn't know anything when I made that movie. He added, ""We shot it in just 11 days. But it was amazing, people loved it anyway. It's a down-home kind of movie. It's still my dad's favorite."" Despite negative reviews, it made over $12 million domestically, becoming a box office hit.

The following year, he starred in *Good Guys Wear Black*. Norris had been offered a number of martial arts films but turned them down because he did not want to be limited, ""Bruce Lee movies were all karate with a little story thrown in. I want to have a story with some karate scenes."" Norris said a friend wrote the script from a storyline he devised with one of his students.

No studio wanted to release it, so Norris and his producers four-walled it, renting the theaters and taking whatever money came in. To win over producer Allan F. Bodoh, Norris was asked ""Chuck, why will this movie make money?"" He said, ""First of all, there's four million karate people in America. They all know who I am. And if only half of them go to the movie, that's a $6 million gross on a $1 million budget."" Bodoh replied, ""Sounds good to me"" and greenlit the film. And turns out he was quite pessimistic, cause the film earned over $18 million domestically, further cementing his career as an action star.

He closed the decade with another action title, *A Force of One*. It continued his rise to stardom, for it made over $20 million domestically.

It was a very slow path, but Norris quickly made an impression.

#**1980s: He won the Tour de France with a stationary bicycle**

He began the decade with *The Octagon*. It didn't get positive reviews, as critics felt that it added nothing new to the genre. But in typical Norris fashion, it was another box office hit. Although *An Eye for an Eye* was a disappointment, marking his first miss at the box office.

After a string of failures that included *Forced Vengeance*, Norris fell out of the big studio involvement. MGM signed him to a 3-picture deal, but the deal was cancelled after a single film as Norris wasn't content with the creative level.

He recovered in 1983 with *Lone Wolf McQuade*, which was his first solid success in a while. The director, Steve Carver, wanted to ""mess up"" Norris' image, having him grow a beard and drink beer on screen. Norris was reluctant as he wanted to be a good role model for children. Nevertheless, he fully committed to the film, and refused to use stunt doubles for the climactic fight scene. Norris later said the film ""broke the kung fu mode"" for him and helped turn him into a more mainstream action star.

He subsequently starred in *Missing in Action*. Norris says he was approached to make the film by Lance Hool, who had a script about American POWs in Vietnam. Norris was enthusiastic as he wanted to pay tribute to his brother Wieland, who died in the war. Hool and Norris took the project to Cannon Films, who liked the project. They already had a script in development about the rescue of American POWS in Vietnam, and signed Norris to make both films. So they shot two *Missing in Action* films back-to-back, with the second one a prequel. Both films were panned but were box office hits, and Norris became Cannon's most prominent star of the 1980s.

In 1985, Norris starred in *Code of Silence*. The film's complexity and dramatic depth marked a departure for Norris. It earned the best reviews of his career (with many naming it as Norris' best title), and was a box office success. Norris also signed a picture deal with Cannon, with *Invasion U.S.A.* as the first film of this contract. It was a big success, especially overseas, despite poor reviews.

Around this point, Norris also starred in the animated series *Karate Kommandos*, playing... Chuck Norris. In this cartoon, he is a United States government operative with a team of racially diverse warriors known as the Karate Kommandos. Together, they fight against the organization VULTURE led by the Claw and his right-hand man Super Ninja. It only lasted five episodes.

In 1987, he had *Firewalker*, which flopped and had Cannon reconsider some of its strategy. He also returned for *Braddock: Missing in Action III*, but despite Norris thinking that it was the best entry yet, the film was panned and flopped at the box office. Norris said he was ""frustrated"", with the job Cannon did with marketing the film, ""I was ready to break my contract because it was the best of the series. We had a big meeting, and I told them that if they didn't do a better job marketing my films in the U.S., I was going to take them to court because my career is on the line.""

He started the decade on a pretty good note, and it spawned some his biggest hits. But it was clear that his films had a ceiling, and the late run wasn't particularly great.

#**1990s: He told me I have AIDS**

The box office slump era continued in the 90s.

Norris made a sequel to *Delta Force* in 1990, but it failed to replicate the success in every aspect. Failure also followed *The Hitman* the following year.

Perhaps one of the real surprises was his appearance in the comedy *Sidekicks* where he plays... Chuck Norris. The plot revolves around an asthmatic boy who daydreams about being Norris' sidekick. Despite terrible reviews, it was one of his first box office successes in a while.

After a very underwhelming run, he decided to try something new: TV.

He starred in the show *Walker, Texas Ranger*. The show is centered on Sergeant Cordell Walker, a member of the Texas Rangers, a state-level bureau of investigation, and is about his adventures fighting criminals with his partner James Trivette. The show was a ratings success for most of its run, and lasted 9 seasons and 204 episodes on CBS. Tons of guest stars, with Haley Joel Osment coming off as the biggest and most memed guest in the show. After all, Walker told him he had AIDS.

Due to his commitment to TV schedules, Norris had to slow down on his movie roles. His last theatrical release this decade was *Top Dog*, an action film that partners him with a freaking dog. You can guess how it all went. From that point on, he went the direct-to-DVD route.

Movie-wise, a poor decade. But given that he had a stable job for 9 years on TV, it's not a bad gig.

#**21st Century: He was bitten by a king cobra and after five days of agonizing pain, the cobra died**

Around the time *Walker* ended, Norris starred as a secret agent in the CBS television films *The President's Man* and *The President's Man: A Line in the Sand* in 2000 and 2002, respectively. 

Perhaps the one big role he had in this period was not in a starring role. He had a cameo in *Dodgeball: A True Underdog Story*, playing himself as a judge in the movie's climax. 

In 2005, Norris founded the World Combat League (WCL), a full-contact, team-based martial arts competition, of which part of the proceeds are given to his Kickstart Kids program. That same year, he starred in the television film *Walker, Texas Ranger: Trial by Fire*. 

Now it's around this point where something comes up in the Internet.

In early 2005 (though jokes surrounding Norris's toughness and strength are claimed to have existed since the 80s), ""Chuck Norris facts"" starting showing up in Something Awful forums, which are satirical factoids about Norris. Since then, they have become widespread in popular culture. The ""facts"" are normally absurd hyperbolic claims about Norris's toughness, attitude, virility, sophistication, and masculinity. These were inspired by Conan O'Brien's jokes about Norris and the stupidity of *Walker*. The exaggerated style of these claims is similar to a recurring *Saturday Night Live* sketch called ""Bill Brasky"".

Norris wrote his own response to the parody on his website, stating that he did not feel offended by them and found some of them funny, claiming that his personal favorite was that they wanted to add his face to Mount Rushmore, but the granite is not hard enough for his beard. Nevertheless, he said he tried not to take any of them seriously, and he hoped that such statements would interest people in real facts about him contained in his literary works.

At first it was mostly college students exchanging them, but they later became extremely widespread. From that point on, Norris started to tour with the Chuck Norris facts, appearing on major talk shows and visiting troops in Iraq for morale boosting appearances.

After a lengthy break from notable titles, he had his biggest project in a long time: *The Expendables 2*. He had a supporting role as Booker, whose name is an homage to his film *Good Guys Wear Black*. The film even uses the known Chuck Norris facts. In one scene Booker saves Barney Ross's team in a firefight. After introductions all around, Ross says to Booker, ""I heard another rumor. That you were bitten by a king cobra."" ""Yeah, I was"", Booker replies, adding, ""But after five days of agonizing pain, the cobra died."" It became his highest grossing film of all time with over $300 million worldwide.

In 2020, he returned to TV with his last ever appearance: a guest role in the penultimate episode of *Hawaii Five-0*.

He shot his last ever film, *Zombie Plane*, co-starring alongside Vanilla Ice, Sophie Monk and Ice-T. It's set for theatrical release at some point in the future.

#**The End**

In March 2026, Norris was hospitalized in Hawaii after experiencing a medical emergency. He died on March 19, at the age of 86. His family announced his death the following day, and opted to keep his cause of death private.

#**HIGHEST GROSSING FILMS**

No. | Movie | Year | Studio | Domestic Total | Overseas Total | Worldwide Total | Budget |
----------|----------|:--------:|----------|:--------:|:--------:|:--------:|:--------:
1 | *The Expendables 2* | 2012 | Lionsgate | $85,028,192 | $229,947,763 | $314,975,955 | $100M
2 | *The Way of the Dragon* | 1972 | Golden Harvest | $85,000,000 | $45,000,000 | $130,000,000 | $130K
3 | *Invasion U.S.A.* | 1985 | Cannon | $17,536,256 | $24,000,000 | $41,536,256 | $12M
4 | *Missing in Action* | 1984 | Metro Goldwyn Mayer | $22,812,411 | $0 | $22,812,411 | $2.1M
5 | *Code of Silence* | 1985 | Orion | $20,345,361 | $0 | $20,345,361 | $7M
6 | *A Force of One* | 1979 | ACP | $20,200,000 | $0 | $20,200,000 | $2.5M
7 | *The Octagon* | 1980 | ACP | $18,971,000 | $0 | $18,971,000 | $4M
8 | *Good Guys Wear Black* | 1978 | ACP | $18,300,000 | $0 | $18,300,000 | $1M
9 | *The Delta Force* | 1986 | Cannon | $17,768,900 | $0 | $17,768,900 | $9M
10 | *Sidekicks* | 1993 | Triumph | $17,180,393 | $0 | $17,180,393 | $8M
11 | *Lone Wolf McQuade* | 1983 | Orion | $12,232,628 | $0 | $12,232,628 | $5M
12 | *Breaker! Breaker!* | 1977 | AIP | $12,000,000 | $0 | $12,000,000 | $250K
13 | *Firewalker* | 1987 | Cannon | $11,949,484 | $0 | $11,949,484 | N/A
14 | *Missing in Action 2: The Beginning* | 1985 | Metro Goldwyn Mayer | $10,755,447 | $0 | $10,755,447 | $2.4M
15 | *Silent Rage* | 1982 | Columbia | $10,490,791 | $0 | $10,490,791 | N/A
16 | *An Eye for an Eye* | 1981 | Embassy | $7,496,681 | $0 | $7,496,681 | $4M
17 | *Delta Force 2: The Colombian Connection* | 1990 | Metro Goldwyn Mayer | $6,698,361 | $0 | $6,698,361 | $16M
18 | *Forced Vengeance* | 1982 | Metro Goldwyn Mayer | $6,660,333 | $0 | $6,660,333 | $5M
19 | *Braddock: Missing in Action III* | 1988 | Cannon | $6,193,901 | $0 | $6,193,901 | $9M
20 | *Hero and the Terror* | 1988 | Cannon | $5,301,200 | $0 | $5,301,200 | N/A
21 | *Top Dog* | 1995 | Artisan | $5,093,707 | $0 | $5,093,707 | $6M
22 | *The Hitman* | 1991 | Cannon | $4,654,288 | $0 | $4,654,288 | N/A

He has starred in 30 released films, but only 22 have reported box office numbers. Across those 30 films, he has made $724,084,147 worldwide. That's $24,136,138 per film.

#**ADJUSTED DOMESTIC GROSSES**

No. | Movie | Year | Studio | Domestic Total | Adjusted Domestic Total |
----------|----------|:--------:|----------|:--------:|:--------:|
1 | *The Way of the Dragon* | 1972 | Golden Harvest | $85,000,000 | $569,332,758
2 | *The Expendables 2* | 2012 | Lionsgate | $85,028,192 | $122,291,585
3 | *Good Guys Wear Black* | 1978 | ACP | $18,300,000 | $92,682,483
4 | *A Force of One* | 1979 | ACP | $20,200,000 | $91,877,446
5 | *The Octagon* | 1980 | ACP | $18,971,000 | $76,025,131
6 | *Missing in Action* | 1984 | Metro Goldwyn Mayer | $22,812,411 | $72,501,969
7 | *Breaker! Breaker!* | 1977 | AIP | $12,000,000 | $65,388,712
8 | *Code of Silence* | 1985 | Orion | $20,345,361 | $62,437,757
9 | *Invasion U.S.A.* | 1985 | Cannon | $17,536,256 | $53,816,911
10 | *The Delta Force* | 1986 | Cannon | $17,768,900 | $53,535,782
11 | *Lone Wolf McQuade* | 1983 | Orion | $12,232,628 | $40,555,951
12 | *Sidekicks* | 1993 | Triumph | $17,180,393 | $39,260,824
13 | *Silent Rage* | 1982 | Columbia | $10,490,791 | $35,898,399
14 | *Firewalker* | 1987 | Cannon | $11,949,484 | $34,734,814
15 | *Missing in Action 2: The Beginning* | 1985 | Metro Goldwyn Mayer | $10,755,447 | $33,007,327
16 | *An Eye for an Eye* | 1981 | Embassy | $7,496,681 | $27,233,240
17 | *Forced Vengeance* | 1982 | Metro Goldwyn Mayer | $6,660,333 | $22,790,969
18 | *Braddock: Missing in Action III* | 1988 | Cannon | $6,193,901 | $17,289,151
19 | *Delta Force 2: The Colombian Connection* | 1990 | Metro Goldwyn Mayer | $6,698,361 | $16,923,380
20 | *Hero and the Terror* | 1988 | Cannon | $5,301,200 | $14,797,338
21 | *The Hitman* | 1991 | Cannon | $4,654,288 | $11,284,187
22 | *Top Dog* | 1995 | Artisan | $5,093,707 | $11,036,799

#**The Verdict**

A career that is not exactly what one might think of.

He won numerous martial arts championships and later founded his own discipline, Chun Kuk Do. Then he becomes a martial arts instructor for celebrities, and in a matter of luck, Bruce Lee notices him and decides to give him his big break by giving him an iconic role in *The Way of the Dragon*. Hell, even Steve fucking McQueen saw potential in him and got him to start acting classes in MGM. 

From that point on, Norris had a bunch of action titles. Some hit it big, others not so much. But when you're under contract for Cannon Films, that limits the potential for improvement. Despite a great initial run, the duds began to take a toll, and it was clear that he wasn't exactly a blockbuster-type star. Perhaps that's what influenced his decision to star in *Walker, Texas Ranger*.

The ""Chuck Norris facts"" are funny, but also a bit weird. Given how often they're used, you'd think Norris was a big movie star like Sylvester Stallone or Arnold Schwarzenegger. But if you look at the gross of his movies, that's not really reflected. Hell, even his two highest grossing films are not really led by him. One is a big ensemble led by a lot of stars with so much more screentime than him, and the other is a Bruce Lee vehicle. Less a Sly or an Arnie... hell, even less than Steven Seagal. That's what makes you wonder why he, of all other action stars, got this meme. 

But I guess there's still an audience for this B-movie types. After all, ain't that Cannon's speciality? So if you want some old-school material, Norris has all that covered for you.

Now, if you want to keep the good memories of Chuck Norris... perhaps you shouldn't google ""Chuck Norris personal views"". How bad is it? Welp, let's just say if you thought he'd have his rematch with Bruce Lee in Heaven... that's not gonna happen, because he's not going up there.

Hope you liked this edition. You can find this and more in the [wiki for this section.](https://www.reddit.com/r/boxoffice/wiki/actors-at-the-box-office)

The next actor will be **Sandra Bullock**. One of the biggest draws nowadays.

I asked you to choose who else should be in the run, and the comment with the most upvotes would be chosen. Well, we'll later talk about... &gt;!Reese Witherspoon.!&lt; What? Like it's hard?

This is the schedule for the following four:

Week | Actor | Reasoning
:-------:|:--------:|----------
May 2 | Sandra Bullock | It's been a while since we saw her.
May 9 | George C. Scott | Who needs an Oscar anyway?
May 16 | Chevy Chase | He was streets behind.
May 23 | Reese Witherspoon | An inconsistent career.

Who should be next after Witherspoon? That's up to you. 

#**REMINDER: If you want to make a suggestion for the next actor, you must make a 150-character comment about the actor we're discussing right now. Failure to do so will result in ignoring the suggestion. If you use a quote from an external source/review to bypass this, your suggestion will be ignored as well. But if you leave a short comment about the post without naming a future write-up, that's fine.**",17,22,1777145905.0,devil wears prada 2,nyc_premiere,2026-04-25,"Actors at the Box Office: Chuck Norris https://preview.redd.it/tzrhy8i13exg1.png?width=1920&amp;format=png&amp;auto=webp&amp;s=6acdc0de38d62cd90823128a70bcd7eb03fca1fa

Here's a new edition of ""Actors at the Box Office"", which seeks to explore the actors' trajectory at the box office and analyze their hits and bombs. I already talked about a few, and as I promised, it's Chuck Norris' turn.

#**Early Life**

In 1958, Norris joined the United States Air Force as an Air Policeman (AP) and was stationed at Osan Air Base in South Korea. There he acquired the nickname ""Chuck"" and began training in Tang Soo Do (tangsudo). After returning to the United States, he continued serving as an AP at March Air Force Base in California. In August 1962, he was discharged from the Air Force with the rank of airman first class. While applying to become a policeman in Torrance, California, he opened a martial arts studio and began competing in tournaments.

He founded his own discipline, Chun Kuk Do. While competing at a tournament, Norris met Bruce Lee and the two developed a friendship as well as a training and working relationship. Thanks to Lee's influence, Norris made his acting debut in *The Wrecking Crew* as a background extra. Lee saw potential in him, which is why they teamed up shortly thereafter for something far bigger.

#**1970s: He can hear sign language**

Norris had his first big role in *The Way of the Dragon*, opposite Bruce Lee. Lee spent 45 hours on the fight scene with Chuck Norris. His choreographed instructions for the scene took up nearly a quarter of the script. But it paid off, given that the film was a huge hit, earning $130 million worldwide. The fight scene became one of the most iconic for any martial arts title. But most importantly, it launched Norris' career. Unfortunately, it'd mark his last collaboration with Lee.

In 1974, Steve McQueen, who was Norris's martial art student and friend at the time, saw his potential and encouraged him to begin acting classes at MGM. That same year, he played the supporting role of the main antagonist in Lo Wei's *Yellow Faced Tiger*. It didn't hit theaters in the United States until 1981, and the advertisements capitalized on Norris's fame, positioning him as the leading man despite his role as the antagonist, and presenting the film as a new release rather than an older, low-budget production.

In 1977, Norris had his first starring role in *Breaker! Breaker!* Norris said he was paid $5,000 to do the film, ""I didn't know anything when I made that movie. He added, ""We shot it in just 11 days. But it was amazing, people loved it anyway. It's a down-home kind of movie. It's still my dad's favorite."" Despite negative reviews, it made over $12 million domestically, becoming a box office hit.

The following year, he starred in *Good Guys Wear Black*. Norris had been offered a number of martial arts films but turned them down because he did not want to be limited, ""Bruce Lee movies were all karate with a little story thrown in. I want to have a story with some karate scenes."" Norris said a friend wrote the script from a storyline he devised with one of his students.

No studio wanted to release it, so Norris and his producers four-walled it, renting the theaters and taking whatever money came in. To win over producer Allan F. Bodoh, Norris was asked ""Chuck, why will this movie make money?"" He said, ""First of all, there's four million karate people in America. They all know who I am. And if only half of them go to the movie, that's a $6 million gross on a $1 million budget."" Bodoh replied, ""Sounds good to me"" and greenlit the film. And turns out he was quite pessimistic, cause the film earned over $18 million domestically, further cementing his career as an action star.

He closed the decade with another action title, *A Force of One*. It continued his rise to stardom, for it made over $20 million domestically.

It was a very slow path, but Norris quickly made an impression.

#**1980s: He won the Tour de France with a stationary bicycle**

He began the decade with *The Octagon*. It didn't get positive reviews, as critics felt that it added nothing new to the genre. But in typical Norris fashion, it was another box office hit. Although *An Eye for an Eye* was a disappointment, marking his first miss at the box office.

After a string of failures that included *Forced Vengeance*, Norris fell out of the big studio involvement. MGM signed him to a 3-picture deal, but the deal was cancelled after a single film as Norris wasn't content with the creative level.

He recovered in 1983 with *Lone Wolf McQuade*, which was his first solid success in a while. The director, Steve Carver, wanted to ""mess up"" Norris' image, having him grow a beard and drink beer on screen. Norris was reluctant as he wanted to be a good role model for children. Nevertheless, he fully committed to the film, and refused to use stunt doubles for the climactic fight scene. Norris later said the film ""broke the kung fu mode"" for him and helped turn him into a more mainstream action star.

He subsequently starred in *Missing in Action*. Norris says he was approached to make the film by Lance Hool, who had a script about American POWs in Vietnam. Norris was enthusiastic as he wanted to pay tribute to his brother Wieland, who died in the war. Hool and Norris took the project to Cannon Films, who liked the project. They already had a script in development about the rescue of American POWS in Vietnam, and signed Norris to make both films. So they shot two *Missing in Action* films back-to-back, with the second one a prequel. Both films were panned but were box office hits, and Norris became Cannon's most prominent star of the 1980s.

In 1985, Norris starred in *Code of Silence*. The film's complexity and dramatic depth marked a departure for Norris. It earned the best reviews of his career (with many naming it as Norris' best title), and was a box office success. Norris also signed a picture deal with Cannon, with *Invasion U.S.A.* as the first film of this contract. It was a big success, especially overseas, despite poor reviews.

Around this point, Norris also starred in the animated series *Karate Kommandos*, playing... Chuck Norris. In this cartoon, he is a United States government operative with a team of racially diverse warriors known as the Karate Kommandos. Together, they fight against the organization VULTURE led by the Claw and his right-hand man Super Ninja. It only lasted five episodes.

In 1987, he had *Firewalker*, which flopped and had Cannon reconsider some of its strategy. He also returned for *Braddock: Missing in Action III*, but despite Norris thinking that it was the best entry yet, the film was panned and flopped at the box office. Norris said he was ""frustrated"", with the job Cannon did with marketing the film, ""I was ready to break my contract because it was the best of the series. We had a big meeting, and I told them that if they didn't do a better job marketing my films in the U.S., I was going to take them to court because my career is on the line.""

He started the decade on a pretty good note, and it spawned some his biggest hits. But it was clear that his films had a ceiling, and the late run wasn't particularly great.

#**1990s: He told me I have AIDS**

The box office slump era continued in the 90s.

Norris made a sequel to *Delta Force* in 1990, but it failed to replicate the success in every aspect. Failure also followed *The Hitman* the following year.

Perhaps one of the real surprises was his appearance in the comedy *Sidekicks* where he plays... Chuck Norris. The plot revolves around an asthmatic boy who daydreams about being Norris' sidekick. Despite terrible reviews, it was one of his first box office successes in a while.

After a very underwhelming run, he decided to try something new: TV.

He starred in the show *Walker, Texas Ranger*. The show is centered on Sergeant Cordell Walker, a member of the Texas Rangers, a state-level bureau of investigation, and is about his adventures fighting criminals with his partner James Trivette. The show was a ratings success for most of its run, and lasted 9 seasons and 204 episodes on CBS. Tons of guest stars, with Haley Joel Osment coming off as the biggest and most memed guest in the show. After all, Walker told him he had AIDS.

Due to his commitment to TV schedules, Norris had to slow down on his movie roles. His last theatrical release this decade was *Top Dog*, an action film that partners him with a freaking dog. You can guess how it all went. From that point on, he went the direct-to-DVD route.

Movie-wise, a poor decade. But given that he had a stable job for 9 years on TV, it's not a bad gig.

#**21st Century: He was bitten by a king cobra and after five days of agonizing pain, the cobra died**

Around the time *Walker* ended, Norris starred as a secret agent in the CBS television films *The President's Man* and *The President's Man: A Line in the Sand* in 2000 and 2002, respectively. 

Perhaps the one big role he had in this period was not in a starring role. He had a cameo in *Dodgeball: A True Underdog Story*, playing himself as a judge in the movie's climax. 

In 2005, Norris founded the World Combat League (WCL), a full-contact, team-based martial arts competition, of which part of the proceeds are given to his Kickstart Kids program. That same year, he starred in the television film *Walker, Texas Ranger: Trial by Fire*. 

Now it's around this point where something comes up in the Internet.

In early 2005 (though jokes surrounding Norris's toughness and strength are claimed to have existed since the 80s), ""Chuck Norris facts"" starting showing up in Something Awful forums, which are satirical factoids about Norris. Since then, they have become widespread in popular culture. The ""facts"" are normally absurd hyperbolic claims about Norris's toughness, attitude, virility, sophistication, and masculinity. These were inspired by Conan O'Brien's jokes about Norris and the stupidity of *Walker*. The exaggerated style of these claims is similar to a recurring *Saturday Night Live* sketch called ""Bill Brasky"".

Norris wrote his own response to the parody on his website, stating that he did not feel offended by them and found some of them funny, claiming that his personal favorite was that they wanted to add his face to Mount Rushmore, but the granite is not hard enough for his beard. Nevertheless, he said he tried not to take any of them seriously, and he hoped that such statements would interest people in real facts about him contained in his literary works.

At first it was mostly college students exchanging them, but they later became extremely widespread. From that point on, Norris started to tour with the Chuck Norris facts, appearing on major talk shows and visiting troops in Iraq for morale boosting appearances.

After a lengthy break from notable titles, he had his biggest project in a long time: *The Expendables 2*. He had a supporting role as Booker, whose name is an homage to his film *Good Guys Wear Black*. The film even uses the known Chuck Norris facts. In one scene Booker saves Barney Ross's team in a firefight. After introductions all around, Ross says to Booker, ""I heard another rumor. That you were bitten by a king cobra."" ""Yeah, I was"", Booker replies, adding, ""But after five days of agonizing pain, the cobra died."" It became his highest grossing film of all time with over $300 million worldwide.

In 2020, he returned to TV with his last ever appearance: a guest role in the penultimate episode of *Hawaii Five-0*.

He shot his last ever film, *Zombie Plane*, co-starring alongside Vanilla Ice, Sophie Monk and Ice-T. It's set for theatrical release at some point in the future.

#**The End**

In March 2026, Norris was hospitalized in Hawaii after experiencing a medical emergency. He died on March 19, at the age of 86. His family announced his death the following day, and opted to keep his cause of death private.

#**HIGHEST GROSSING FILMS**

No. | Movie | Year | Studio | Domestic Total | Overseas Total | Worldwide Total | Budget |
----------|----------|:--------:|----------|:--------:|:--------:|:--------:|:--------:
1 | *The Expendables 2* | 2012 | Lionsgate | $85,028,192 | $229,947,763 | $314,975,955 | $100M
2 | *The Way of the Dragon* | 1972 | Golden Harvest | $85,000,000 | $45,000,000 | $130,000,000 | $130K
3 | *Invasion U.S.A.* | 1985 | Cannon | $17,536,256 | $24,000,000 | $41,536,256 | $12M
4 | *Missing in Action* | 1984 | Metro Goldwyn Mayer | $22,812,411 | $0 | $22,812,411 | $2.1M
5 | *Code of Silence* | 1985 | Orion | $20,345,361 | $0 | $20,345,361 | $7M
6 | *A Force of One* | 1979 | ACP | $20,200,000 | $0 | $20,200,000 | $2.5M
7 | *The Octagon* | 1980 | ACP | $18,971,000 | $0 | $18,971,000 | $4M
8 | *Good Guys Wear Black* | 1978 | ACP | $18,300,000 | $0 | $18,300,000 | $1M
9 | *The Delta Force* | 1986 | Cannon | $17,768,900 | $0 | $17,768,900 | $9M
10 | *Sidekicks* | 1993 | Triumph | $17,180,393 | $0 | $17,180,393 | $8M
11 | *Lone Wolf McQuade* | 1983 | Orion | $12,232,628 | $0 | $12,232,628 | $5M
12 | *Breaker! Breaker!* | 1977 | AIP | $12,000,000 | $0 | $12,000,000 | $250K
13 | *Firewalker* | 1987 | Cannon | $11,949,484 | $0 | $11,949,484 | N/A
14 | *Missing in Action 2: The Beginning* | 1985 | Metro Goldwyn Mayer | $10,755,447 | $0 | $10,755,447 | $2.4M
15 | *Silent Rage* | 1982 | Columbia | $10,490,791 | $0 | $10,490,791 | N/A
16 | *An Eye for an Eye* | 1981 | Embassy | $7,496,681 | $0 | $7,496,681 | $4M
17 | *Delta Force 2: The Colombian Connection* | 1990 | Metro Goldwyn Mayer | $6,698,361 | $0 | $6,698,361 | $16M
18 | *Forced Vengeance* | 1982 | Metro Goldwyn Mayer | $6,660,333 | $0 | $6,660,333 | $5M
19 | *Braddock: Missing in Action III* | 1988 | Cannon | $6,193,901 | $0 | $6,193,901 | $9M
20 | *Hero and the Terror* | 1988 | Cannon | $5,301,200 | $0 | $5,301,200 | N/A
21 | *Top Dog* | 1995 | Artisan | $5,093,707 | $0 | $5,093,707 | $6M
22 | *The Hitman* | 1991 | Cannon | $4,654,288 | $0 | $4,654,288 | N/A

He has starred in 30 released films, but only 22 have reported box office numbers. Across those 30 films, he has made $724,084,147 worldwide. That's $24,136,138 per film.

#**ADJUSTED DOMESTIC GROSSES**

No. | Movie | Year | Studio | Domestic Total | Adjusted Domestic Total |
----------|----------|:--------:|----------|:--------:|:--------:|
1 | *The Way of the Dragon* | 1972 | Golden Harvest | $85,000,000 | $569,332,758
2 | *The Expendables 2* | 2012 | Lionsgate | $85,028,192 | $122,291,585
3 | *Good Guys Wear Black* | 1978 | ACP | $18,300,000 | $92,682,483
4 | *A Force of One* | 1979 | ACP | $20,200,000 | $91,877,446
5 | *The Octagon* | 1980 | ACP | $18,971,000 | $76,025,131
6 | *Missing in Action* | 1984 | Metro Goldwyn Mayer | $22,812,411 | $72,501,969
7 | *Breaker! Breaker!* | 1977 | AIP | $12,000,000 | $65,388,712
8 | *Code of Silence* | 1985 | Orion | $20,345,361 | $62,437,757
9 | *Invasion U.S.A.* | 1985 | Cannon | $17,536,256 | $53,816,911
10 | *The Delta Force* | 1986 | Cannon | $17,768,900 | $53,535,782
11 | *Lone Wolf McQuade* | 1983 | Orion | $12,232,628 | $40,555,951
12 | *Sidekicks* | 1993 | Triumph | $17,180,393 | $39,260,824
13 | *Silent Rage* | 1982 | Columbia | $10,490,791 | $35,898,399
14 | *Firewalker* | 1987 | Cannon | $11,949,484 | $34,734,814
15 | *Missing in Action 2: The Beginning* | 1985 | Metro Goldwyn Mayer | $10,755,447 | $33,007,327
16 | *An Eye for an Eye* | 1981 | Embassy | $7,496,681 | $27,233,240
17 | *Forced Vengeance* | 1982 | Metro Goldwyn Mayer | $6,660,333 | $22,790,969
18 | *Braddock: Missing in Action III* | 1988 | Cannon | $6,193,901 | $17,289,151
19 | *Delta Force 2: The Colombian Connection* | 1990 | Metro Goldwyn Mayer | $6,698,361 | $16,923,380
20 | *Hero and the Terror* | 1988 | Cannon | $5,301,200 | $14,797,338
21 | *The Hitman* | 1991 | Cannon | $4,654,288 | $11,284,187
22 | *Top Dog* | 1995 | Artisan | $5,093,707 | $11,036,799

#**The Verdict**

A career that is not exactly what one might think of.

He won numerous martial arts championships and later founded his own discipline, Chun Kuk Do. Then he becomes a martial arts instructor for celebrities, and in a matter of luck, Bruce Lee notices him and decides to give him his big break by giving him an iconic role in *The Way of the Dragon*. Hell, even Steve fucking McQueen saw potential in him and got him to start acting classes in MGM. 

From that point on, Norris had a bunch of action titles. Some hit it big, others not so much. But when you're under contract for Cannon Films, that limits the potential for improvement. Despite a great initial run, the duds began to take a toll, and it was clear that he wasn't exactly a blockbuster-type star. Perhaps that's what influenced his decision to star in *Walker, Texas Ranger*.

The ""Chuck Norris facts"" are funny, but also a bit weird. Given how often they're used, you'd think Norris was a big movie star like Sylvester Stallone or Arnold Schwarzenegger. But if you look at the gross of his movies, that's not really reflected. Hell, even his two highest grossing films are not really led by him. One is a big ensemble led by a lot of stars with so much more screentime than him, and the other is a Bruce Lee vehicle. Less a Sly or an Arnie... hell, even less than Steven Seagal. That's what makes you wonder why he, of all other action stars, got this meme. 

But I guess there's still an audience for this B-movie types. After all, ain't that Cannon's speciality? So if you want some old-school material, Norris has all that covered for you.

Now, if you want to keep the good memories of Chuck Norris... perhaps you shouldn't google ""Chuck Norris personal views"". How bad is it? Welp, let's just say if you thought he'd have his rematch with Bruce Lee in Heaven... that's not gonna happen, because he's not going up there.

Hope you liked this edition. You can find this and more in the [wiki for this section.](https://www.reddit.com/r/boxoffice/wiki/actors-at-the-box-office)

The next actor will be **Sandra Bullock**. One of the biggest draws nowadays.

I asked you to choose who else should be in the run, and the comment with the most upvotes would be chosen. Well, we'll later talk about... &gt;!Reese Witherspoon.!&lt; What? Like it's hard?

This is the schedule for the following four:

Week | Actor | Reasoning
:-------:|:--------:|----------
May 2 | Sandra Bullock | It's been a while since we saw her.
May 9 | George C. Scott | Who needs an Oscar anyway?
May 16 | Chevy Chase | He was streets behind.
May 23 | Reese Witherspoon | An inconsistent career.

Who should be next after Witherspoon? That's up to you. 

#**REMINDER: If you want to make a suggestion for the next actor, you must make a 150-character comment about the actor we're discussing right now. Failure to do so will result in ignoring the suggestion. If you use a quote from an external source/review to bypass this, your suggestion will be ignored as well. But if you leave a short comment about the post without naming a future write-up, that's fine.**"
1svgk8y,boxoffice,In China Michael falls flat on Saturday with just $1.91M/$3.47M. Below Bohemian Rapsody's $2.57M 1st Saturday. Opening weekend now projected at $4.7-4.8M. Total projections drop to $8-10M. Project Hail Mary in 4th adds $0.22M(-50%)/$37.87M. The Devil Wears Prada 2 opening day pre-sales hit $178k,"

#**Daily Box Office (April 25th 2026)**

The market hits ¥46.5M/$6.80M. Up +84% from yesterday and down -21% from last week.

---

**Province map of the day:** 

https://i.imgur.com/PCAJ1f7.png

Michael is denied a cleen sweep on Saturday.

**In Metropolitan cities:** 

Michael wins Guangzhou, Shanghai, Chongqing, Beijing, Wuhan, Chengdu, Nanjing, Shenzhen, Hangzhou and Suzhou 


**City tiers:**

Project Hail Mary climbs to 2nd in T1 and 3rd in T2.

**Tier 1**: Michael&gt;Project Hail Mary&gt;Dear You

**Tier 2**: Michael&gt;It's OK&gt;Project Hail Mary

**Tier 3**: Michael&gt;The Caged Butterfly&gt;It's OK

**Tier 4**: Michael&gt;The Caged Butterfly&gt;It's OK

---

|# | Movie |Gross|%YD| %LW|Screenings|Admisions(Today)|Total Gross|Projected Total Gross|
:----------- |:-----------|:-----------:|:-----------:|:-----------:|:-----------:|:--------:|:-----------:|:-----------:| 
1|**Michael**              |$1.91M  |+31% |      |83935 |0.29M |$3.47M   |$8M-$10M 
2|It's OK                  |$0.75M  |+93% |-41%  |55900 |0.15M |$26.11M  |$27M-$32M
3|The Caged Butterfly      |$0.70M  |+126%|-23%  |41072 |0.14M |$12.59M  |$13M-$16M
4|Project Hail Mary        |$0.60M  |+174%|-41%  |20785 |0.10M |$38.47M  |$39M-$42M    
5|Super Mario Galaxy Movie |$0.56M  |+367%|-41%  |32891 |0.10M |$18.11M  |$20M-$22M
6|Dear You(Pre-Scr)        |$0.36M  |+80% |      |5819  |0.07M |$0.56M   | 
7|Pegasus 3                |$0.31M  |+139%|-32%  |17893 |0.05M |$639.37M |$639M-$640M 
8|Hoppers                  |$0.25M  |+400%|-36%  |14137 |0.05M |$24.07M  |$24M-$25M 
9|Now I Met Her            |$0.22M  |+70% |-51%  |21396 |0.04M |$10.65M  |$11M-$12M  
10|**Nobody But You 2**    |$0.18M  |+30% |-87%  |28978 |0.03M |$3.30M   |$3M-$4M    
11|**Organ Child**         |$0.10M  |+25% |-79%  |12928 |0.02M |$1.45M   |$1M-$2M 

New releases marked in **bold**

---


**Pre-Sales map for tomorrow**

https://i.imgur.com/IuNuXZI.png

Michael dominates pre-sales for Sunday.

---

**IMAX Screenings distribution**

Michael absolutely dominates the IMAX screenings and will continue to do so tomorrow.


||Movie|IMAX Screeninsgs Today|IMAX Screeninsgs Tomorrow|Change|
:----------- |:-----------:|:-----------:|:-----------:|:-----------:|:-----------:|:-----------:|:-----------:|
1|Michael                             |3731   |3776 |+45
1|Project Hail Mary                   |257    |221  |-36
2|Super Mario Galaxy                  |23     |26   |+3

---


###**Michael**

Michael grossed ¥13M/$1.91M on Saturday. A pretty dissapointing jump from Saturday. Significantly below Bohemian Rhapsody's ¥17.3M/$2.57M first Saturday.

Opening weekend projections further downgraded to $4.7-4.8M. Total projections down to $8-10M

**Michael vs Bohemian Rhapsody:**

https://i.imgur.com/QLpjIOB.png

**Screen Distribution Split:** Regular: $2.17M    , IMAX: $0.97M   , Rest: $0.29M 

**WoM figures:**

Maoyan: 9.6 , Taopiaopiao: 9.5 , Douban: 

|#|FRI|SAT|SUN|MON|TUE|WED|THU|Total|
|:-----------:|:-----------:|:-----------:|:-----------:|:-----------:|:-----------:|:-----------:|:-----------:|:-----------:|:-----------:|							
|First  Week |$1.56M|$1.91M| | | | | |$3.47M
		
	
**Scheduled showings update for Michael for the next few days:**

|Day |  Number of Showings |Presales|Projection
:----------- |:-----------:|:-----------:|:-----------:|
Today|85521|$567k|$1.80M-$1.91M
Sunday|78197|$332k|$1.27M-$1.33M
Monday|39880|$13k|$0.31M-$0.46M

---


###**Super Mario Galaxy Movie**

Mario Galaxy grossed ¥3.85M/$0.56M on its 4rd Saturday. 

Above the first movies ¥2.38M/$0.34M 4th Saturday for the first time in a while. Also above the 4th Saturday of Hoppers at ¥3.15/$0.46M

4th weekend projections slightly upgraded to $1.1-1.2M(-43%)

**Super Mario Galaxy vs Super Mario Bros:**

https://i.imgur.com/jWZ4F9A.png

**Screen Distribution Split:** Regular: $16.86M    , IMAX: $0.70M   , Rest: $0.48M 

**WoM figures:**

Maoyan: 9.3 , Taopiaopiao: 9.3 , Douban: 7.0

|#|FRI|SAT|SUN|MON|TUE|WED|THU|Total|
|:-----------:|:-----------:|:-----------:|:-----------:|:-----------:|:-----------:|:-----------:|:-----------:|:-----------:|:-----------:|							
|Third  Week |$0.24M|$0.95M|$0.83M|$0.08M|$0.06M|$0.06M|$0.06M|$17.43M
|Fourth  Week |$0.12M|$0.56M| | | | | |$18.11M
|%± LW|-50%|-41%| | | | | | |			
	
**Scheduled showings update for Super Mario Galaxy Movie for the next few days:**

|Day |  Number of Showings |Presales|Projection
:----------- |:-----------:|:-----------:|:-----------:|
Today|32460|$77k|$0.51M-$0.55M
Sunday|33538|$70k|$0.45M-$0.53M
Monday|11035|$1k|$0.06M-$0.07M

---

###**Project Hail Mary**

Project Hail Mary in 4th grossed ¥4.10M/$0.60M on Saturday. The loss of the majority of IMAX screenings continues to affect it.

6th weekend projections downgraded to $1.2-1.3M(-48%)



**Screen Distribution Split:** Regular: $25.08M    , IMAX: $10.95M   , Rest: $2.31M 

**WoM figures:**

Maoyan: 9.2(-0.1)       , Taopiaopiao: 9.2      , Douban: 8.6

|#|FRI|SAT|SUN|MON|TUE|WED|THU|Total|
|:-----------:|:-----------:|:-----------:|:-----------:|:-----------:|:-----------:|:-----------:|:-----------:|:-----------:|:-----------:|								
|Fifth Week |$0.44M|$1.02M|$0.78M|$0.20M|$0.20M|$0.20M|$0.20M|$37.65M
|Sixth  Week |$0.22M|$0.60M| | | | | |$38.47M
|%± LW|-50%|-41%| | | | | | |			

**Scheduled showings update for Project Hail Mary for the next few days:**

|Day |  Number of Showings |Presales|Projection
:----------- |:-----------:|:-----------:|:-----------:|
Today|20581|$147k|$0.55M-$0.85M
Sunday|21287|$88k|$0.39M-$0.44M
Monday|12664|$3k|$0.12M-$0.13M

---

**May/Labor Day:**

The Devil Wears Prada 2 continues its solid pre-sales as opening day pre-sales reach $178k. Up from the $143k Thundebolts sat at last year for its April 30th Labor Day eve release.

Cold War 1944 continues to lead pre-sales for the local lineup lauching on Labor Day itself on May 1st as its opening day pre-sales cross $500k

|Days till release |The Devil Wears Prada 2 |Cold War 1994 |Vanishing Point |Being Towards Death|No one is closer than we
:----------- |:-----------:|:-----------:|:-----------:|:-----------:|:-----------:|:-----------:|:-----------:|  
9|/          |$68k/35764 |$20k/13736 |$12k/15106|/        | 
8|/          |$191k/44903|$137k/19293|$52k/19940|/        |   
7|$8k/2229   |$287k/51261|$189k/23937|$64k/23680|/        |   
6|$58k/25865 |$381k/56830|$228k/28028|$76k/27293|$17k/618 | 
5|$119k/33312|$504k/61504|$287k/31672|$92k/30186|$50k/2502| 
4|$178k/38107|           |           ||| 
3|           |           |           ||| 		
2|           |           |           |||
1|           |           |           ||| 
0|           |           |           |||	
*Gross/Screenings

---


#**Release Schedule:**

A table including upcoming movies in the next month alongside trailers linked in the name of the movie, Want To See data from both Maoyan and Taopiaopiao alongside the Gender split and genre. 

Remember Want To See is not pre-sales. Its just an anticipation metric. A checkbox of sorts saying your interested in an upcoming movie.

Not all movies are included since a lot are just too small to be worth covering. 

---

**May/Labor Day Holidays(30.4-5.5)**

| Movie |Maoyan WTS|Daily Increase| Taopiaopiao WTS|Daily Increase|M/W %|Genre|Release Date|3rd party media projections
:----------- |:-----------:|:-----------:|:-----------:|:-----------:|:-----------:|:-----------:|:-----------:|:-----------:|
[Devil Wears Prada 2](https://vod.pipi.cn/fec9203cvodtransbj1251246104/0a6e64625145403721118746297/v.f42905.mp4) |166k|+3k|277k|+3k|26/74|Drama/Comedy|30.04|$9-41M
[Cold War 1944](https://vod.pipi.cn/fec9203cvodtransbj1251246104/0a6e64625145403721118746297/v.f42905.mp4) |72k|+1k|93k|+1k|75/25|Drama/Action/Crime|01.05|$60-88M
[Vanishing Point](https://vod.pipi.cn/fec9203cvodtransbj1251246104/0a6e64625145403721118746297/v.f42905.mp4) |72k|+2k|32k|+1k|33/67|Thriller/Crime|01.05|$21-36M
[Being Toward Death](https://vod.pipi.cn/fec9203cvodtransbj1251246104/7978f4ba5145403722772255413/v.f42905.mp4) |22k|+1k|11k|+1k|38/62|Drama|01.05|
[Once a Thief](https://vod.pipi.cn/fec9203cvodtransbj1251246104/7978f4ba5145403722772255413/v.f42905.mp4) |29k|+1k|22k|+1k|47/53|Drama/Comedy/Action|03.05|

**May**

| Movie |Maoyan WTS|Daily Increase| Taopiaopiao WTS|Daily Increase|M/W %|Genre|Release Date|3rd party media projections
:----------- |:-----------:|:-----------:|:-----------:|:-----------:|:-----------:|:-----------:|:-----------:|:-----------:|
[Mortal Kombat II](https://vod.pipi.cn/fec9203cvodtransbj1251246104/33b8b9245145403722890582563/v.f42905.mp4) |24k|+1k|12k|+1k|75/25|Action/Fantasy|08.05|
[Love Battle](https://i.imgur.com/yT3kgKV.jpeg) |34k|+1k|48k|+1k|20/80|Romance/Comedy|20.05|
[Be Yourself](https://vod.pipi.cn/fec9203cvodtransbj1251246104/43e695815145403722808184482/v.f42905.mp4) |18k|+1k|17k|+1k|31/69|Romance/Comedy|20.05|
[Star Wars: Mandalorian &amp; Grogu](https://vod.pipi.cn/fec9203cvodtransbj1251246104/ae3ca3b05145403723990636789/v.f42905.mp4) |8k|+1k|13k|+1k|63/37|Actiiom/Sci-Fi|20.05|$5M
[All The Good Eyes](https://vod.pipi.cn/fec9203cvodtransbj1251246104/0a6e64625145403721118746297/v.f42905.mp4) |20k|+1k|11k|+1k|34/66|Drama/Romance/Crime|23.05|",60,58,1777134093.0,devil wears prada 2,nyc_premiere,2026-04-25,"In China Michael falls flat on Saturday with just $1.91M/$3.47M. Below Bohemian Rapsody's $2.57M 1st Saturday. Opening weekend now projected at $4.7-4.8M. Total projections drop to $8-10M. Project Hail Mary in 4th adds $0.22M(-50%)/$37.87M. The Devil Wears Prada 2 opening day pre-sales hit $178k 

#**Daily Box Office (April 25th 2026)**

The market hits ¥46.5M/$6.80M. Up +84% from yesterday and down -21% from last week.

---

**Province map of the day:** 

https://i.imgur.com/PCAJ1f7.png

Michael is denied a cleen sweep on Saturday.

**In Metropolitan cities:** 

Michael wins Guangzhou, Shanghai, Chongqing, Beijing, Wuhan, Chengdu, Nanjing, Shenzhen, Hangzhou and Suzhou 


**City tiers:**

Project Hail Mary climbs to 2nd in T1 and 3rd in T2.

**Tier 1**: Michael&gt;Project Hail Mary&gt;Dear You

**Tier 2**: Michael&gt;It's OK&gt;Project Hail Mary

**Tier 3**: Michael&gt;The Caged Butterfly&gt;It's OK

**Tier 4**: Michael&gt;The Caged Butterfly&gt;It's OK

---

|# | Movie |Gross|%YD| %LW|Screenings|Admisions(Today)|Total Gross|Projected Total Gross|
:----------- |:-----------|:-----------:|:-----------:|:-----------:|:-----------:|:--------:|:-----------:|:-----------:| 
1|**Michael**              |$1.91M  |+31% |      |83935 |0.29M |$3.47M   |$8M-$10M 
2|It's OK                  |$0.75M  |+93% |-41%  |55900 |0.15M |$26.11M  |$27M-$32M
3|The Caged Butterfly      |$0.70M  |+126%|-23%  |41072 |0.14M |$12.59M  |$13M-$16M
4|Project Hail Mary        |$0.60M  |+174%|-41%  |20785 |0.10M |$38.47M  |$39M-$42M    
5|Super Mario Galaxy Movie |$0.56M  |+367%|-41%  |32891 |0.10M |$18.11M  |$20M-$22M
6|Dear You(Pre-Scr)        |$0.36M  |+80% |      |5819  |0.07M |$0.56M   | 
7|Pegasus 3                |$0.31M  |+139%|-32%  |17893 |0.05M |$639.37M |$639M-$640M 
8|Hoppers                  |$0.25M  |+400%|-36%  |14137 |0.05M |$24.07M  |$24M-$25M 
9|Now I Met Her            |$0.22M  |+70% |-51%  |21396 |0.04M |$10.65M  |$11M-$12M  
10|**Nobody But You 2**    |$0.18M  |+30% |-87%  |28978 |0.03M |$3.30M   |$3M-$4M    
11|**Organ Child**         |$0.10M  |+25% |-79%  |12928 |0.02M |$1.45M   |$1M-$2M 

New releases marked in **bold**

---


**Pre-Sales map for tomorrow**

https://i.imgur.com/IuNuXZI.png

Michael dominates pre-sales for Sunday.

---

**IMAX Screenings distribution**

Michael absolutely dominates the IMAX screenings and will continue to do so tomorrow.


||Movie|IMAX Screeninsgs Today|IMAX Screeninsgs Tomorrow|Change|
:----------- |:-----------:|:-----------:|:-----------:|:-----------:|:-----------:|:-----------:|:-----------:|
1|Michael                             |3731   |3776 |+45
1|Project Hail Mary                   |257    |221  |-36
2|Super Mario Galaxy                  |23     |26   |+3

---


###**Michael**

Michael grossed ¥13M/$1.91M on Saturday. A pretty dissapointing jump from Saturday. Significantly below Bohemian Rhapsody's ¥17.3M/$2.57M first Saturday.

Opening weekend projections further downgraded to $4.7-4.8M. Total projections down to $8-10M

**Michael vs Bohemian Rhapsody:**

https://i.imgur.com/QLpjIOB.png

**Screen Distribution Split:** Regular: $2.17M    , IMAX: $0.97M   , Rest: $0.29M 

**WoM figures:**

Maoyan: 9.6 , Taopiaopiao: 9.5 , Douban: 

|#|FRI|SAT|SUN|MON|TUE|WED|THU|Total|
|:-----------:|:-----------:|:-----------:|:-----------:|:-----------:|:-----------:|:-----------:|:-----------:|:-----------:|:-----------:|							
|First  Week |$1.56M|$1.91M| | | | | |$3.47M
		
	
**Scheduled showings update for Michael for the next few days:**

|Day |  Number of Showings |Presales|Projection
:----------- |:-----------:|:-----------:|:-----------:|
Today|85521|$567k|$1.80M-$1.91M
Sunday|78197|$332k|$1.27M-$1.33M
Monday|39880|$13k|$0.31M-$0.46M

---


###**Super Mario Galaxy Movie**

Mario Galaxy grossed ¥3.85M/$0.56M on its 4rd Saturday. 

Above the first movies ¥2.38M/$0.34M 4th Saturday for the first time in a while. Also above the 4th Saturday of Hoppers at ¥3.15/$0.46M

4th weekend projections slightly upgraded to $1.1-1.2M(-43%)

**Super Mario Galaxy vs Super Mario Bros:**

https://i.imgur.com/jWZ4F9A.png

**Screen Distribution Split:** Regular: $16.86M    , IMAX: $0.70M   , Rest: $0.48M 

**WoM figures:**

Maoyan: 9.3 , Taopiaopiao: 9.3 , Douban: 7.0

|#|FRI|SAT|SUN|MON|TUE|WED|THU|Total|
|:-----------:|:-----------:|:-----------:|:-----------:|:-----------:|:-----------:|:-----------:|:-----------:|:-----------:|:-----------:|							
|Third  Week |$0.24M|$0.95M|$0.83M|$0.08M|$0.06M|$0.06M|$0.06M|$17.43M
|Fourth  Week |$0.12M|$0.56M| | | | | |$18.11M
|%± LW|-50%|-41%| | | | | | |			
	
**Scheduled showings update for Super Mario Galaxy Movie for the next few days:**

|Day |  Number of Showings |Presales|Projection
:----------- |:-----------:|:-----------:|:-----------:|
Today|32460|$77k|$0.51M-$0.55M
Sunday|33538|$70k|$0.45M-$0.53M
Monday|11035|$1k|$0.06M-$0.07M

---

###**Project Hail Mary**

Project Hail Mary in 4th grossed ¥4.10M/$0.60M on Saturday. The loss of the majority of IMAX screenings continues to affect it.

6th weekend projections downgraded to $1.2-1.3M(-48%)



**Screen Distribution Split:** Regular: $25.08M    , IMAX: $10.95M   , Rest: $2.31M 

**WoM figures:**

Maoyan: 9.2(-0.1)       , Taopiaopiao: 9.2      , Douban: 8.6

|#|FRI|SAT|SUN|MON|TUE|WED|THU|Total|
|:-----------:|:-----------:|:-----------:|:-----------:|:-----------:|:-----------:|:-----------:|:-----------:|:-----------:|:-----------:|								
|Fifth Week |$0.44M|$1.02M|$0.78M|$0.20M|$0.20M|$0.20M|$0.20M|$37.65M
|Sixth  Week |$0.22M|$0.60M| | | | | |$38.47M
|%± LW|-50%|-41%| | | | | | |			

**Scheduled showings update for Project Hail Mary for the next few days:**

|Day |  Number of Showings |Presales|Projection
:----------- |:-----------:|:-----------:|:-----------:|
Today|20581|$147k|$0.55M-$0.85M
Sunday|21287|$88k|$0.39M-$0.44M
Monday|12664|$3k|$0.12M-$0.13M

---

**May/Labor Day:**

The Devil Wears Prada 2 continues its solid pre-sales as opening day pre-sales reach $178k. Up from the $143k Thundebolts sat at last year for its April 30th Labor Day eve release.

Cold War 1944 continues to lead pre-sales for the local lineup lauching on Labor Day itself on May 1st as its opening day pre-sales cross $500k

|Days till release |The Devil Wears Prada 2 |Cold War 1994 |Vanishing Point |Being Towards Death|No one is closer than we
:----------- |:-----------:|:-----------:|:-----------:|:-----------:|:-----------:|:-----------:|:-----------:|  
9|/          |$68k/35764 |$20k/13736 |$12k/15106|/        | 
8|/          |$191k/44903|$137k/19293|$52k/19940|/        |   
7|$8k/2229   |$287k/51261|$189k/23937|$64k/23680|/        |   
6|$58k/25865 |$381k/56830|$228k/28028|$76k/27293|$17k/618 | 
5|$119k/33312|$504k/61504|$287k/31672|$92k/30186|$50k/2502| 
4|$178k/38107|           |           ||| 
3|           |           |           ||| 		
2|           |           |           |||
1|           |           |           ||| 
0|           |           |           |||	
*Gross/Screenings

---


#**Release Schedule:**

A table including upcoming movies in the next month alongside trailers linked in the name of the movie, Want To See data from both Maoyan and Taopiaopiao alongside the Gender split and genre. 

Remember Want To See is not pre-sales. Its just an anticipation metric. A checkbox of sorts saying your interested in an upcoming movie.

Not all movies are included since a lot are just too small to be worth covering. 

---

**May/Labor Day Holidays(30.4-5.5)**

| Movie |Maoyan WTS|Daily Increase| Taopiaopiao WTS|Daily Increase|M/W %|Genre|Release Date|3rd party media projections
:----------- |:-----------:|:-----------:|:-----------:|:-----------:|:-----------:|:-----------:|:-----------:|:-----------:|
[Devil Wears Prada 2](https://vod.pipi.cn/fec9203cvodtransbj1251246104/0a6e64625145403721118746297/v.f42905.mp4) |166k|+3k|277k|+3k|26/74|Drama/Comedy|30.04|$9-41M
[Cold War 1944](https://vod.pipi.cn/fec9203cvodtransbj1251246104/0a6e64625145403721118746297/v.f42905.mp4) |72k|+1k|93k|+1k|75/25|Drama/Action/Crime|01.05|$60-88M
[Vanishing Point](https://vod.pipi.cn/fec9203cvodtransbj1251246104/0a6e64625145403721118746297/v.f42905.mp4) |72k|+2k|32k|+1k|33/67|Thriller/Crime|01.05|$21-36M
[Being Toward Death](https://vod.pipi.cn/fec9203cvodtransbj1251246104/7978f4ba5145403722772255413/v.f42905.mp4) |22k|+1k|11k|+1k|38/62|Drama|01.05|
[Once a Thief](https://vod.pipi.cn/fec9203cvodtransbj1251246104/7978f4ba5145403722772255413/v.f42905.mp4) |29k|+1k|22k|+1k|47/53|Drama/Comedy/Action|03.05|

**May**

| Movie |Maoyan WTS|Daily Increase| Taopiaopiao WTS|Daily Increase|M/W %|Genre|Release Date|3rd party media projections
:----------- |:-----------:|:-----------:|:-----------:|:-----------:|:-----------:|:-----------:|:-----------:|:-----------:|
[Mortal Kombat II](https://vod.pipi.cn/fec9203cvodtransbj1251246104/33b8b9245145403722890582563/v.f42905.mp4) |24k|+1k|12k|+1k|75/25|Action/Fantasy|08.05|
[Love Battle](https://i.imgur.com/yT3kgKV.jpeg) |34k|+1k|48k|+1k|20/80|Romance/Comedy|20.05|
[Be Yourself](https://vod.pipi.cn/fec9203cvodtransbj1251246104/43e695815145403722808184482/v.f42905.mp4) |18k|+1k|17k|+1k|31/69|Romance/Comedy|20.05|
[Star Wars: Mandalorian &amp; Grogu](https://vod.pipi.cn/fec9203cvodtransbj1251246104/ae3ca3b05145403723990636789/v.f42905.mp4) |8k|+1k|13k|+1k|63/37|Actiiom/Sci-Fi|20.05|$5M
[All The Good Eyes](https://vod.pipi.cn/fec9203cvodtransbj1251246104/0a6e64625145403721118746297/v.f42905.mp4) |20k|+1k|11k|+1k|34/66|Drama/Romance/Crime|23.05|"
1sv36kd,boxoffice,SK Sunday Update: Local movies continue to shine,"|Movies|Monday-Monday Drop|Tuesday-Tuesday Drop|Wednesday-Wednesday Drop|Thursday-Thursday Drop|Friday-Friday Drop|Saturday-Saturday Drop|Sunday-Sunday Drop|Week-Week Drop|
|:-|:-|:-|:-|:-|:-|:-|:-|:-|
|Salmokji|37%|39%|37%|17%|13%||||
|Project Hail Mary|33%|30%|18%|21%|21%||||
|The Man Who Lives With the King|40%|43%|47%|42%|39%||||

**Goat**: The movie won't even cross 30k admits as the movie is now making less daily than Hoppers, and that is just embarrassing.

**Salmokji:** The movie is now north of 1.7 million admits as the movie has a very realistic chance to cross 2 million admits on Sunday, as the movie is still having insane holds, as a drop of under 20% is incredibly likely.

**Project Hail Mary:** The movie is still on pace to cross 2.4 million admits tomorrow as the movie is still aiming for 2.7 million admits finish

**The Man Who Lives With the King:** A slightly better drop as the movie is looking to cross 16.7 million admits on Sunday, as the movie should finish around 16.8 million admits.

**Presales**

**Super Mario Galaxy:** Another solid day, as two comps have gone up again, as the movie is making a very legit argument that it could touch 150k admits opening day.

|Days before Release|Moana 2|Bad Guys 2|Zootopia 2|Mario Super Galaxy|
|:-|:-|:-|:-|:-|
|T-7|42,238|8,916|73,487|35,433|
|T-6|51,863|9,549|94,120|45,760|
|T-5|64,147|14,312|113,186|58,225|
|T-4|79,655|7,449|141,029||
|T-3|105,249|11,440|182,918||
|T-2|150,351|18,765|258,224||
|T-1|224,262|34,944|370,645||
|Comp|178,613|168,873|159,041||

**Devil Wears Prada 2**: Presales continue to be pretty steady, as an opening day above 160k is definitely possible, but the movie needs to reach 200k presales tickets for that to be a lock.

|Days before Release|Sinners|F1|Thunderbolts|Devil Wears Prada 2|
|:-|:-|:-|:-|:-|
|T-7|2,533|44,401|16,408|61,582|
|T-6|2,792|48,155|42,913|71,251|
|T-5|3,335|53,728|49,950|83,372|
|T-4|4,099|58,456|56,852||
|T-3|5,284|66,092|66,550||
|T-2|7,456|81,072|83,980||
|T-1|9,927|103,859|107,377||
|Comp|261,956|128,673|167,176||",28,2,1777094520.0,devil wears prada 2,nyc_premiere,2026-04-25,"SK Sunday Update: Local movies continue to shine |Movies|Monday-Monday Drop|Tuesday-Tuesday Drop|Wednesday-Wednesday Drop|Thursday-Thursday Drop|Friday-Friday Drop|Saturday-Saturday Drop|Sunday-Sunday Drop|Week-Week Drop|
|:-|:-|:-|:-|:-|:-|:-|:-|:-|
|Salmokji|37%|39%|37%|17%|13%||||
|Project Hail Mary|33%|30%|18%|21%|21%||||
|The Man Who Lives With the King|40%|43%|47%|42%|39%||||

**Goat**: The movie won't even cross 30k admits as the movie is now making less daily than Hoppers, and that is just embarrassing.

**Salmokji:** The movie is now north of 1.7 million admits as the movie has a very realistic chance to cross 2 million admits on Sunday, as the movie is still having insane holds, as a drop of under 20% is incredibly likely.

**Project Hail Mary:** The movie is still on pace to cross 2.4 million admits tomorrow as the movie is still aiming for 2.7 million admits finish

**The Man Who Lives With the King:** A slightly better drop as the movie is looking to cross 16.7 million admits on Sunday, as the movie should finish around 16.8 million admits.

**Presales**

**Super Mario Galaxy:** Another solid day, as two comps have gone up again, as the movie is making a very legit argument that it could touch 150k admits opening day.

|Days before Release|Moana 2|Bad Guys 2|Zootopia 2|Mario Super Galaxy|
|:-|:-|:-|:-|:-|
|T-7|42,238|8,916|73,487|35,433|
|T-6|51,863|9,549|94,120|45,760|
|T-5|64,147|14,312|113,186|58,225|
|T-4|79,655|7,449|141,029||
|T-3|105,249|11,440|182,918||
|T-2|150,351|18,765|258,224||
|T-1|224,262|34,944|370,645||
|Comp|178,613|168,873|159,041||

**Devil Wears Prada 2**: Presales continue to be pretty steady, as an opening day above 160k is definitely possible, but the movie needs to reach 200k presales tickets for that to be a lock.

|Days before Release|Sinners|F1|Thunderbolts|Devil Wears Prada 2|
|:-|:-|:-|:-|:-|
|T-7|2,533|44,401|16,408|61,582|
|T-6|2,792|48,155|42,913|71,251|
|T-5|3,335|53,728|49,950|83,372|
|T-4|4,099|58,456|56,852||
|T-3|5,284|66,092|66,550||
|T-2|7,456|81,072|83,980||
|T-1|9,927|103,859|107,377||
|Comp|261,956|128,673|167,176||"
1suntu0,boxoffice,Predicting the WW Box Office Gross of 2026s remaining major releases,"Michael - 700m-800m

Early opening tracking is looking fantastic, and audience WOM is pointing is the exact right direction it needs to be for the king.

Devil Wears Prada 2 - 600-650m

Early tracking is looking fantastic, and we always have to learn each year to never underestimate female driven blockbusters (Barbie, Wicked, etc)

Mortal Kombat 2 - 250-300m

Early tracking is looking good, However I believe it will be extremely frontloaded

Mandalorian and Grogu - 500-550m

Early tracking is mixed positive, and I think it'll have good enough reception to have decent staying power. Not a major win, but a good sign for this franchise's brand recovery.

Masters of the Universe - 150-200m

Huge flop on the way.

Toy Story 5 - 1.3-1.4b

Huge hit incoming. I'm already seeing major levels of anticipation for this outing, and this decade has taught us that Disney sequels always over-perform

Supergirl - 300-350m

Yeah I'm not seeing a lot of potental for this outing.

Minions and Monsters - 850-900m

Going to be in line with all the other Despicable Me/Minions franchise.

Moana -  700m-750m

Will make decent levels of buisness, however I believe there will be a ""Its too soon"" factor that will end up hurting it.

The Odyssey - 900-1b

Its Nolan, never put any doubt into the king

Spider-Man Brand New Day - 1.5-1.6b

Spider-Man is the king of comics and has never been more popular than he has been this decade.

Forgotten Island - 100-150m

Yeah I'm not seeing the lots of potential for this one.

Hunger Games: Sunrise on the Reaping - 500-550m

Hunger Games has seen quite the resurgence since Songbirds and Snakes release. I believe an increase for this one is due.

Hexed - 200-400m

Largest range of the bunch. Could be a decent original hit, or it could be another Wish.

Avengers Doomsday - 1.7-1.8b

It's an Avengers movie so of course it's going to make absolute bank. How much tho is dependent on WOM.

Dune Part 3 - 750m - 850m

In Villenuve we trust, and I believe the Dunesday aspect is going to assist this film drastically as opposed to hurting it.

Jumanji Open World - 450-500m

An unfortunate casualty of the Dunesday phenomonan

Overall WW Top 10 Predictions

1: Avengers Doomsday - 1.7-1.8b

2: Spider-Man Brand New Day - 1.5-1.6b

3: Toy Story 5 - 1.3-1.4b

4: The Super Mario Galaxy Movie - 1.03-1.05b

5: The Odyssey - 900-1b

6: Minions and Monsters - 850-900m

5: Dune Part 3 - 750-850m

6: Michael -  700-800m

7: Moana - 700-750m

8: Project Hail Mary - 700-720m

9: The Devil Wears Prada 2 - 600-650m

10: Hunger Games/Mando - 500-550m",37,51,1777054947.0,devil wears prada 2,nyc_premiere,2026-04-24,"Predicting the WW Box Office Gross of 2026s remaining major releases Michael - 700m-800m

Early opening tracking is looking fantastic, and audience WOM is pointing is the exact right direction it needs to be for the king.

Devil Wears Prada 2 - 600-650m

Early tracking is looking fantastic, and we always have to learn each year to never underestimate female driven blockbusters (Barbie, Wicked, etc)

Mortal Kombat 2 - 250-300m

Early tracking is looking good, However I believe it will be extremely frontloaded

Mandalorian and Grogu - 500-550m

Early tracking is mixed positive, and I think it'll have good enough reception to have decent staying power. Not a major win, but a good sign for this franchise's brand recovery.

Masters of the Universe - 150-200m

Huge flop on the way.

Toy Story 5 - 1.3-1.4b

Huge hit incoming. I'm already seeing major levels of anticipation for this outing, and this decade has taught us that Disney sequels always over-perform

Supergirl - 300-350m

Yeah I'm not seeing a lot of potental for this outing.

Minions and Monsters - 850-900m

Going to be in line with all the other Despicable Me/Minions franchise.

Moana -  700m-750m

Will make decent levels of buisness, however I believe there will be a ""Its too soon"" factor that will end up hurting it.

The Odyssey - 900-1b

Its Nolan, never put any doubt into the king

Spider-Man Brand New Day - 1.5-1.6b

Spider-Man is the king of comics and has never been more popular than he has been this decade.

Forgotten Island - 100-150m

Yeah I'm not seeing the lots of potential for this one.

Hunger Games: Sunrise on the Reaping - 500-550m

Hunger Games has seen quite the resurgence since Songbirds and Snakes release. I believe an increase for this one is due.

Hexed - 200-400m

Largest range of the bunch. Could be a decent original hit, or it could be another Wish.

Avengers Doomsday - 1.7-1.8b

It's an Avengers movie so of course it's going to make absolute bank. How much tho is dependent on WOM.

Dune Part 3 - 750m - 850m

In Villenuve we trust, and I believe the Dunesday aspect is going to assist this film drastically as opposed to hurting it.

Jumanji Open World - 450-500m

An unfortunate casualty of the Dunesday phenomonan

Overall WW Top 10 Predictions

1: Avengers Doomsday - 1.7-1.8b

2: Spider-Man Brand New Day - 1.5-1.6b

3: Toy Story 5 - 1.3-1.4b

4: The Super Mario Galaxy Movie - 1.03-1.05b

5: The Odyssey - 900-1b

6: Minions and Monsters - 850-900m

5: Dune Part 3 - 750-850m

6: Michael -  700-800m

7: Moana - 700-750m

8: Project Hail Mary - 700-720m

9: The Devil Wears Prada 2 - 600-650m

10: Hunger Games/Mando - 500-550m"
1sunrvj,boxoffice,"Box Office Tracking &amp; Forecasts: MICHAEL Still on Target for $74-95M Bow; Updates on DEVIL WEARS PRADA 2, MORTAL KOMBAT II, and STAR WARS: THE MANDALORIAN &amp; GROGU",,72,53,1777054830.0,devil wears prada 2,nyc_premiere,2026-04-24,"Box Office Tracking &amp; Forecasts: MICHAEL Still on Target for $74-95M Bow; Updates on DEVIL WEARS PRADA 2, MORTAL KOMBAT II, and STAR WARS: THE MANDALORIAN &amp; GROGU"
1sunbln,boxoffice,In China Michael opens below projections with ¥10.6M/$1.56M including midnight screenings. Below Bohemian Rhapsody's ¥12.6M opening. Opening weekend now projected at $4.7-5M. Total projections drop to $8-11M. Project Hail Mary in 4th adds $0.22M(-50%)/$37.87M. Projected a $1.2-1.6M(-38%) 4th weekend,"#**Daily Box Office (April 24th 2026)**

The market hits ¥25M/$3.65M. Up +91% from yesterday and up +15% from last week.

Should be 6th weekend for **PHM** in the title instead of 4th.

---

**Province map of the day:** 

https://i.imgur.com/Eql45H5.png

Michael dominates on its opening day.

**In Metropolitan cities:** 

Michael wins Guangzhou, Shanghai, Chongqing, Beijing, Wuhan, Chengdu, Nanjing, Shenzhen, Hangzhou and Suzhou 


**City tiers:**

Michael tops every tier on its opening day.

**Tier 1**: Michael&gt;Dear You&gt;Project Hail Mary

**Tier 2**: Michael&gt;It's OK&gt;The Caged Butterfly

**Tier 3**: Michael&gt;The Caged Butterfly&gt;It's OK

**Tier 4**: Michael&gt;The Caged Butterfly&gt;It's OK

---

|# | Movie |Gross|%YD| %LW|Screenings|Admisions(Today)|Total Gross|Projected Total Gross|
:----------- |:-----------|:-----------:|:-----------:|:-----------:|:-----------:|:--------:|:-----------:|:-----------:| 
1|**Michael**              |$1.56M  |     |      |79749 |0.23M |$1.56M   |$8M-$11M 
2|It's OK                  |$0.39M  |+12% |-43%  |53979 |0.08M |$25.36M  |$27M-$31M
3|The Caged Butterfly      |$0.31M  |+30% |-20%  |37725 |0.06M |$11.89M  |$13M-$15M
4|Project Hail Mary        |$0.22M  |+10% |-50%  |18530 |0.04M |$37.87M  |$39M-$42M    
5|Dear You(Pre-Scr)        |$0.20M  |     |      |5147  |0.04M |$0.56M   | 
6|**Nobody But You 2**     |$0.14M  |-17% |      |32627 |0.03M |$3.12M   |$3M-$4M    
7|Pegasus 3                |$0.13M  |+8%  |-48%  |17059 |0.02M |$639.06M |$639M-$640M 
8|Now I Met Her            |$0.13M  |+11% |-52%  |23297 |0.03M |$10.43M  |$11M-$12M  
9|Super Mario Galaxy Movie |$0.12M  |+100%|-50%  |20319 |0.02M |$17.55M  |$19M-$222M
10|**Organ Child**         |$0.08M  |-15% |      |15362 |0.01M |$1.35M   |$1M-$2M 

New releases marked in **bold**

---


**Pre-Sales map for tomorrow**

https://i.imgur.com/Eql45H5.png

Michael dominates pre-sales for Saturday.

---

**IMAX Screenings distribution**

And just like that Project Hail Mary and Mario will lose the vast majority of IMAX screenings tomorrow which will go to Michael which already had a decent ammount for its Midnight screenings today. 


||Movie|IMAX Screeninsgs Today|IMAX Screeninsgs Tomorrow|Change|
:----------- |:-----------:|:-----------:|:-----------:|:-----------:|:-----------:|:-----------:|:-----------:|
1|Project Hail Mary                   |83     |249  |+166
2|Michael                             |373    |3601 |+3228
2|Super Mario Galaxy                  |9      |24   |+15

---


###**Michael**

Michael opened with a rather dissapointing ¥10.6M/$1.56M. Below Bohemian Rhapsody's ¥12.6M opening.

Opening weekend projections massively downgraded to $4.7-5M. Total projections down to $8-11M


**Screen Distribution Split:** Regular: $0.92M    , IMAX: $0.48M   , Rest: $0.12M 

**WoM figures:**

Michael opens with great scores on both Maoyan and Taopiao. 

Maoyan: 9.6 , Taopiaopiao: 9.5 , Douban: 

|#|FRI|SAT|SUN|MON|TUE|WED|THU|Total|
|:-----------:|:-----------:|:-----------:|:-----------:|:-----------:|:-----------:|:-----------:|:-----------:|:-----------:|:-----------:|							
|First  Week |$1.56M| | | | | | |$1.56M
		
	
**Scheduled showings update for Michael for the next few days:**

|Day |  Number of Showings |Presales|Projection
:----------- |:-----------:|:-----------:|:-----------:|
Today|79749|$665k|$1.70M-$2.10M
Saturday|85521|$567k|$1.80M-$1.91M
Sunday|69679|$147k|$1.33M-$1.48M

---


###**Super Mario Galaxy Movie**

Mario Galaxy grossed ¥0.79M/$0.12M on its 4rd Friday. 

Below the first movies ¥0.89M/$0.13M 4th Friday but slightly above the 4th Friday of Hoppers at ¥0.66/$0.09M

4th weekend projections slightly upgraded to $1.0-1.2M(-46%)

**Super Mario Galaxy vs Super Mario Bros:**

https://i.imgur.com/UQpTQ2m.png

**Screen Distribution Split:** Regular: $16.31M    , IMAX: $0.69M   , Rest: $0.48M 

**WoM figures:**

Maoyan: 9.3 , Taopiaopiao: 9.3 , Douban: 7.0

|#|FRI|SAT|SUN|MON|TUE|WED|THU|Total|
|:-----------:|:-----------:|:-----------:|:-----------:|:-----------:|:-----------:|:-----------:|:-----------:|:-----------:|:-----------:|							
|Third  Week |$0.24M|$0.95M|$0.83M|$0.08M|$0.06M|$0.06M|$0.06M|$17.43M
|Fourth  Week |$0.12M| | | | | | |$17.55M
|%± LW|-50%| | | | | | | |			
	
**Scheduled showings update for Super Mario Galaxy Movie for the next few days:**

|Day |  Number of Showings |Presales|Projection
:----------- |:-----------:|:-----------:|:-----------:|
Today|20324|$16k|$0.10M-$0.12M
Saturday|32460|$77k|$0.51M-$0.55M
Sunday|25585|$15k|$0.45M-$0.53M

---

###**Project Hail Mary**

Project Hail Mary in 4th grossed ¥1.50M/$0.22M on Friday. The loss of the majority of IMAX screenings definitely affecting it.

6th weekend projections slightly raised to $1.2-1.6M(-38%)



**Screen Distribution Split:** Regular: $24.55M    , IMAX: $10.90M   , Rest: $2.30M 

**WoM figures:**

Maoyan: 9.3       , Taopiaopiao: 9.2      , Douban: 8.6

|#|FRI|SAT|SUN|MON|TUE|WED|THU|Total|
|:-----------:|:-----------:|:-----------:|:-----------:|:-----------:|:-----------:|:-----------:|:-----------:|:-----------:|:-----------:|								
|Fifth Week |$0.44M|$1.02M|$0.78M|$0.20M|$0.20M|$0.20M|$0.20M|$37.65M
|Sixth  Week |$0.22M| | | | | | |$37.87M
|%± LW|-50%| | | | | | | |			

**Scheduled showings update for Project Hail Mary for the next few days:**

|Day |  Number of Showings |Presales|Projection
:----------- |:-----------:|:-----------:|:-----------:|
Today|18655|$32k|$0.23M-$0.24M
Saturday|20581|$147k|$0.55M-$0.85M
Sunday|17240|$31k|$0.43M-$0.55M

---

**May/Labor Day:**

The Devil Wears Prada 2 continues its solid pre-sales as opening day pre-sales exceed $100k reaching $119k

Cold War 1944 continues to lead pre-sales for May 1st Labor Day.

|Days till release |The Devil Wears Prada 2 |Cold War 1994 |Vanishing Point |Being Towards Death
:----------- |:-----------:|:-----------:|:-----------:|:-----------:|:-----------:|:-----------:|:-----------:|  
9|/          |$68k/35764 |$20k/13736 |$12k/15106|| 
8|/          |$191k/44903|$137k/19293|$52k/19940||   
7|$8k/2229   |$287k/51261|$189k/23937|$64k/23680||   
6|$58k/25865 |$381k/56830|$228k/28028|$76k/27293|| 
5|$119k/33312|           |           || 
4|           |           |           ||| 
3|           |           |           ||| 		
2|           |           |           |||
1|           |           |           ||| 
0|           |           |           |||	
*Gross/Screenings

---


#**Release Schedule:**

A table including upcoming movies in the next month alongside trailers linked in the name of the movie, Want To See data from both Maoyan and Taopiaopiao alongside the Gender split and genre. 

Remember Want To See is not pre-sales. Its just an anticipation metric. A checkbox of sorts saying your interested in an upcoming movie.

Not all movies are included since a lot are just too small to be worth covering. 

---

**May/Labor Day Holidays(30.4-5.5)**

| Movie |Maoyan WTS|Daily Increase| Taopiaopiao WTS|Daily Increase|M/W %|Genre|Release Date|3rd party media projections
:----------- |:-----------:|:-----------:|:-----------:|:-----------:|:-----------:|:-----------:|:-----------:|:-----------:|
[Devil Wears Prada 2](https://vod.pipi.cn/fec9203cvodtransbj1251246104/0a6e64625145403721118746297/v.f42905.mp4) |163k|+2k|274k|+3k|26/74|Drama/Comedy|30.04|$9-41M
[Cold War 1944](https://vod.pipi.cn/fec9203cvodtransbj1251246104/0a6e64625145403721118746297/v.f42905.mp4) |71k|+2k|92k|+2k|75/25|Drama/Action/Crime|01.05|$60-88M
[Vanishing Point](https://vod.pipi.cn/fec9203cvodtransbj1251246104/0a6e64625145403721118746297/v.f42905.mp4) |70k|+2k|31k|+1k|33/67|Thriller/Crime|01.05|$21-36M
[Being Toward Death](https://vod.pipi.cn/fec9203cvodtransbj1251246104/7978f4ba5145403722772255413/v.f42905.mp4) |21k|+1k|10k|+1k|38/62|Drama|01.05|
[Once a Thief](https://vod.pipi.cn/fec9203cvodtransbj1251246104/7978f4ba5145403722772255413/v.f42905.mp4) |29k|+2k|21k|+1k|47/53|Drama/Comedy/Action|03.05|

**May**

| Movie |Maoyan WTS|Daily Increase| Taopiaopiao WTS|Daily Increase|M/W %|Genre|Release Date|3rd party media projections
:----------- |:-----------:|:-----------:|:-----------:|:-----------:|:-----------:|:-----------:|:-----------:|:-----------:|
[Mortal Kombat II](https://vod.pipi.cn/fec9203cvodtransbj1251246104/33b8b9245145403722890582563/v.f42905.mp4) |23k|+1k|12k|+1k|75/25|Action/Fantasy|08.05|
[Love Battle](https://i.imgur.com/yT3kgKV.jpeg) |34k|+1k|48k|+1k|20/80|Romance/Comedy|20.05|
[Be Yourself](https://vod.pipi.cn/fec9203cvodtransbj1251246104/43e695815145403722808184482/v.f42905.mp4) |18k|+1k|17k|+1k|31/69|Romance/Comedy|20.05|
[Star Wars: Mandalorian &amp; Grogu](https://vod.pipi.cn/fec9203cvodtransbj1251246104/ae3ca3b05145403723990636789/v.f42905.mp4) |7k|+1k|12k|+1k|63/37|Actiiom/Sci-Fi|20.05|$5M
[All The Good Eyes](https://vod.pipi.cn/fec9203cvodtransbj1251246104/0a6e64625145403721118746297/v.f42905.mp4) |20k|+1k|11k|+1k|34/66|Drama/Romance/Crime|23.05|",47,80,1777053850.0,devil wears prada 2,nyc_premiere,2026-04-24,"In China Michael opens below projections with ¥10.6M/$1.56M including midnight screenings. Below Bohemian Rhapsody's ¥12.6M opening. Opening weekend now projected at $4.7-5M. Total projections drop to $8-11M. Project Hail Mary in 4th adds $0.22M(-50%)/$37.87M. Projected a $1.2-1.6M(-38%) 4th weekend #**Daily Box Office (April 24th 2026)**

The market hits ¥25M/$3.65M. Up +91% from yesterday and up +15% from last week.

Should be 6th weekend for **PHM** in the title instead of 4th.

---

**Province map of the day:** 

https://i.imgur.com/Eql45H5.png

Michael dominates on its opening day.

**In Metropolitan cities:** 

Michael wins Guangzhou, Shanghai, Chongqing, Beijing, Wuhan, Chengdu, Nanjing, Shenzhen, Hangzhou and Suzhou 


**City tiers:**

Michael tops every tier on its opening day.

**Tier 1**: Michael&gt;Dear You&gt;Project Hail Mary

**Tier 2**: Michael&gt;It's OK&gt;The Caged Butterfly

**Tier 3**: Michael&gt;The Caged Butterfly&gt;It's OK

**Tier 4**: Michael&gt;The Caged Butterfly&gt;It's OK

---

|# | Movie |Gross|%YD| %LW|Screenings|Admisions(Today)|Total Gross|Projected Total Gross|
:----------- |:-----------|:-----------:|:-----------:|:-----------:|:-----------:|:--------:|:-----------:|:-----------:| 
1|**Michael**              |$1.56M  |     |      |79749 |0.23M |$1.56M   |$8M-$11M 
2|It's OK                  |$0.39M  |+12% |-43%  |53979 |0.08M |$25.36M  |$27M-$31M
3|The Caged Butterfly      |$0.31M  |+30% |-20%  |37725 |0.06M |$11.89M  |$13M-$15M
4|Project Hail Mary        |$0.22M  |+10% |-50%  |18530 |0.04M |$37.87M  |$39M-$42M    
5|Dear You(Pre-Scr)        |$0.20M  |     |      |5147  |0.04M |$0.56M   | 
6|**Nobody But You 2**     |$0.14M  |-17% |      |32627 |0.03M |$3.12M   |$3M-$4M    
7|Pegasus 3                |$0.13M  |+8%  |-48%  |17059 |0.02M |$639.06M |$639M-$640M 
8|Now I Met Her            |$0.13M  |+11% |-52%  |23297 |0.03M |$10.43M  |$11M-$12M  
9|Super Mario Galaxy Movie |$0.12M  |+100%|-50%  |20319 |0.02M |$17.55M  |$19M-$222M
10|**Organ Child**         |$0.08M  |-15% |      |15362 |0.01M |$1.35M   |$1M-$2M 

New releases marked in **bold**

---


**Pre-Sales map for tomorrow**

https://i.imgur.com/Eql45H5.png

Michael dominates pre-sales for Saturday.

---

**IMAX Screenings distribution**

And just like that Project Hail Mary and Mario will lose the vast majority of IMAX screenings tomorrow which will go to Michael which already had a decent ammount for its Midnight screenings today. 


||Movie|IMAX Screeninsgs Today|IMAX Screeninsgs Tomorrow|Change|
:----------- |:-----------:|:-----------:|:-----------:|:-----------:|:-----------:|:-----------:|:-----------:|
1|Project Hail Mary                   |83     |249  |+166
2|Michael                             |373    |3601 |+3228
2|Super Mario Galaxy                  |9      |24   |+15

---


###**Michael**

Michael opened with a rather dissapointing ¥10.6M/$1.56M. Below Bohemian Rhapsody's ¥12.6M opening.

Opening weekend projections massively downgraded to $4.7-5M. Total projections down to $8-11M


**Screen Distribution Split:** Regular: $0.92M    , IMAX: $0.48M   , Rest: $0.12M 

**WoM figures:**

Michael opens with great scores on both Maoyan and Taopiao. 

Maoyan: 9.6 , Taopiaopiao: 9.5 , Douban: 

|#|FRI|SAT|SUN|MON|TUE|WED|THU|Total|
|:-----------:|:-----------:|:-----------:|:-----------:|:-----------:|:-----------:|:-----------:|:-----------:|:-----------:|:-----------:|							
|First  Week |$1.56M| | | | | | |$1.56M
		
	
**Scheduled showings update for Michael for the next few days:**

|Day |  Number of Showings |Presales|Projection
:----------- |:-----------:|:-----------:|:-----------:|
Today|79749|$665k|$1.70M-$2.10M
Saturday|85521|$567k|$1.80M-$1.91M
Sunday|69679|$147k|$1.33M-$1.48M

---


###**Super Mario Galaxy Movie**

Mario Galaxy grossed ¥0.79M/$0.12M on its 4rd Friday. 

Below the first movies ¥0.89M/$0.13M 4th Friday but slightly above the 4th Friday of Hoppers at ¥0.66/$0.09M

4th weekend projections slightly upgraded to $1.0-1.2M(-46%)

**Super Mario Galaxy vs Super Mario Bros:**

https://i.imgur.com/UQpTQ2m.png

**Screen Distribution Split:** Regular: $16.31M    , IMAX: $0.69M   , Rest: $0.48M 

**WoM figures:**

Maoyan: 9.3 , Taopiaopiao: 9.3 , Douban: 7.0

|#|FRI|SAT|SUN|MON|TUE|WED|THU|Total|
|:-----------:|:-----------:|:-----------:|:-----------:|:-----------:|:-----------:|:-----------:|:-----------:|:-----------:|:-----------:|							
|Third  Week |$0.24M|$0.95M|$0.83M|$0.08M|$0.06M|$0.06M|$0.06M|$17.43M
|Fourth  Week |$0.12M| | | | | | |$17.55M
|%± LW|-50%| | | | | | | |			
	
**Scheduled showings update for Super Mario Galaxy Movie for the next few days:**

|Day |  Number of Showings |Presales|Projection
:----------- |:-----------:|:-----------:|:-----------:|
Today|20324|$16k|$0.10M-$0.12M
Saturday|32460|$77k|$0.51M-$0.55M
Sunday|25585|$15k|$0.45M-$0.53M

---

###**Project Hail Mary**

Project Hail Mary in 4th grossed ¥1.50M/$0.22M on Friday. The loss of the majority of IMAX screenings definitely affecting it.

6th weekend projections slightly raised to $1.2-1.6M(-38%)



**Screen Distribution Split:** Regular: $24.55M    , IMAX: $10.90M   , Rest: $2.30M 

**WoM figures:**

Maoyan: 9.3       , Taopiaopiao: 9.2      , Douban: 8.6

|#|FRI|SAT|SUN|MON|TUE|WED|THU|Total|
|:-----------:|:-----------:|:-----------:|:-----------:|:-----------:|:-----------:|:-----------:|:-----------:|:-----------:|:-----------:|								
|Fifth Week |$0.44M|$1.02M|$0.78M|$0.20M|$0.20M|$0.20M|$0.20M|$37.65M
|Sixth  Week |$0.22M| | | | | | |$37.87M
|%± LW|-50%| | | | | | | |			

**Scheduled showings update for Project Hail Mary for the next few days:**

|Day |  Number of Showings |Presales|Projection
:----------- |:-----------:|:-----------:|:-----------:|
Today|18655|$32k|$0.23M-$0.24M
Saturday|20581|$147k|$0.55M-$0.85M
Sunday|17240|$31k|$0.43M-$0.55M

---

**May/Labor Day:**

The Devil Wears Prada 2 continues its solid pre-sales as opening day pre-sales exceed $100k reaching $119k

Cold War 1944 continues to lead pre-sales for May 1st Labor Day.

|Days till release |The Devil Wears Prada 2 |Cold War 1994 |Vanishing Point |Being Towards Death
:----------- |:-----------:|:-----------:|:-----------:|:-----------:|:-----------:|:-----------:|:-----------:|  
9|/          |$68k/35764 |$20k/13736 |$12k/15106|| 
8|/          |$191k/44903|$137k/19293|$52k/19940||   
7|$8k/2229   |$287k/51261|$189k/23937|$64k/23680||   
6|$58k/25865 |$381k/56830|$228k/28028|$76k/27293|| 
5|$119k/33312|           |           || 
4|           |           |           ||| 
3|           |           |           ||| 		
2|           |           |           |||
1|           |           |           ||| 
0|           |           |           |||	
*Gross/Screenings

---


#**Release Schedule:**

A table including upcoming movies in the next month alongside trailers linked in the name of the movie, Want To See data from both Maoyan and Taopiaopiao alongside the Gender split and genre. 

Remember Want To See is not pre-sales. Its just an anticipation metric. A checkbox of sorts saying your interested in an upcoming movie.

Not all movies are included since a lot are just too small to be worth covering. 

---

**May/Labor Day Holidays(30.4-5.5)**

| Movie |Maoyan WTS|Daily Increase| Taopiaopiao WTS|Daily Increase|M/W %|Genre|Release Date|3rd party media projections
:----------- |:-----------:|:-----------:|:-----------:|:-----------:|:-----------:|:-----------:|:-----------:|:-----------:|
[Devil Wears Prada 2](https://vod.pipi.cn/fec9203cvodtransbj1251246104/0a6e64625145403721118746297/v.f42905.mp4) |163k|+2k|274k|+3k|26/74|Drama/Comedy|30.04|$9-41M
[Cold War 1944](https://vod.pipi.cn/fec9203cvodtransbj1251246104/0a6e64625145403721118746297/v.f42905.mp4) |71k|+2k|92k|+2k|75/25|Drama/Action/Crime|01.05|$60-88M
[Vanishing Point](https://vod.pipi.cn/fec9203cvodtransbj1251246104/0a6e64625145403721118746297/v.f42905.mp4) |70k|+2k|31k|+1k|33/67|Thriller/Crime|01.05|$21-36M
[Being Toward Death](https://vod.pipi.cn/fec9203cvodtransbj1251246104/7978f4ba5145403722772255413/v.f42905.mp4) |21k|+1k|10k|+1k|38/62|Drama|01.05|
[Once a Thief](https://vod.pipi.cn/fec9203cvodtransbj1251246104/7978f4ba5145403722772255413/v.f42905.mp4) |29k|+2k|21k|+1k|47/53|Drama/Comedy/Action|03.05|

**May**

| Movie |Maoyan WTS|Daily Increase| Taopiaopiao WTS|Daily Increase|M/W %|Genre|Release Date|3rd party media projections
:----------- |:-----------:|:-----------:|:-----------:|:-----------:|:-----------:|:-----------:|:-----------:|:-----------:|
[Mortal Kombat II](https://vod.pipi.cn/fec9203cvodtransbj1251246104/33b8b9245145403722890582563/v.f42905.mp4) |23k|+1k|12k|+1k|75/25|Action/Fantasy|08.05|
[Love Battle](https://i.imgur.com/yT3kgKV.jpeg) |34k|+1k|48k|+1k|20/80|Romance/Comedy|20.05|
[Be Yourself](https://vod.pipi.cn/fec9203cvodtransbj1251246104/43e695815145403722808184482/v.f42905.mp4) |18k|+1k|17k|+1k|31/69|Romance/Comedy|20.05|
[Star Wars: Mandalorian &amp; Grogu](https://vod.pipi.cn/fec9203cvodtransbj1251246104/ae3ca3b05145403723990636789/v.f42905.mp4) |7k|+1k|12k|+1k|63/37|Actiiom/Sci-Fi|20.05|$5M
[All The Good Eyes](https://vod.pipi.cn/fec9203cvodtransbj1251246104/0a6e64625145403721118746297/v.f42905.mp4) |20k|+1k|11k|+1k|34/66|Drama/Romance/Crime|23.05|"
1sui67e,boxoffice,Michael vs The Devil Wears Prada 2?,"Which do you predict will make more money during it's opening weekend and total gross?

  
Based on the marketing hype I think TDWP2 will do more, especially that it is a sequel that everyone has been waiting for 20 years. 

  
Thoughts?",27,102,1777042781.0,devil wears prada 2,nyc_premiere,2026-04-24,"Michael vs The Devil Wears Prada 2? Which do you predict will make more money during it's opening weekend and total gross?

  
Based on the marketing hype I think TDWP2 will do more, especially that it is a sequel that everyone has been waiting for 20 years. 

  
Thoughts?"
1su786p,boxoffice,SK Thursday Update: Presales looking good still for Devil Prada 2 and Mario as the good year seems likely to keep being good,"|Movies|Monday-Monday Drop|Tuesday-Tuesday Drop|Wednesday-Wednesday Drop|Thursday-Thursday Drop|Friday-Friday Drop|Saturday-Saturday Drop|Sunday-Sunday Drop|Week-Week Drop|
|:-|:-|:-|:-|:-|:-|:-|:-|:-|
|Salmokji|37%|39%|37%|17%|||||
|Project Hail Mary|33%|30%|18%|21%|||||
|The Man Who Lives With the King|40%|43%|47%|42%|||||

**Goat**: The movie has crossed 22k admits as the movie should cross 25k admits on Saturday, as the movie is looking to see a sizeable drop.

**Salmokji:** The movie will hit 1.7 million admits tomorrow as the movie is looking to land north of 1.9 million admits after Sunday’s update. Another strong weekend is very likely.

**Project Hail Mary:** The movie is still on pace to cross 2.4 million admits on Saturday, as the movie is aiming to land in the area of 2.7 million admits for its final total.

**The Man Who Lives With the King:** Another hard drop as the movie is slowing down quickly, but the movie will still cross 16.7 million admits this weekend.

**Presales**

**Super Mario Galaxy:** Another solid day as every comp has gone up, and it seems more likely that this will play significantly more like an animated family movie.

|Days before Release|Moana 2|Bad Guys 2|Zootopia 2|Mario Super Galaxy|
|:-|:-|:-|:-|:-|
|T-7|42,238|8,916|73,487|35,433|
|T-6|51,863|9,549|94,120|45,760|
|T-5|64,147|14,312|113,186||
|T-4|79,655|7,449|141,029||
|T-3|105,249|11,440|182,918||
|T-2|150,351|18,765|258,224||
|T-1|224,262|34,944|370,645||
|Comp|173,623|198,921|150,313||

**Devil Wears Prada 2**: Presales see a nice bounce as the movie is keeping an opening day around 160k very much in play.

|Days before Release|Sinners|F1|Thunderbolts|Devil Wears Prada 2|
|:-|:-|:-|:-|:-|
|T-7|2,533|44,401|16,408|61,582|
|T-6|2,792|48,155|42,913|71,251|
|T-5|3,335|53,728|49,950||
|T-4|4,099|58,456|56,852||
|T-3|5,284|66,092|66,550||
|T-2|7,456|81,072|83,980||
|T-1|9,927|103,859|107,377||
|Comp|267,420|122,692|166,299||",24,3,1777010486.0,devil wears prada 2,nyc_premiere,2026-04-24,"SK Thursday Update: Presales looking good still for Devil Prada 2 and Mario as the good year seems likely to keep being good |Movies|Monday-Monday Drop|Tuesday-Tuesday Drop|Wednesday-Wednesday Drop|Thursday-Thursday Drop|Friday-Friday Drop|Saturday-Saturday Drop|Sunday-Sunday Drop|Week-Week Drop|
|:-|:-|:-|:-|:-|:-|:-|:-|:-|
|Salmokji|37%|39%|37%|17%|||||
|Project Hail Mary|33%|30%|18%|21%|||||
|The Man Who Lives With the King|40%|43%|47%|42%|||||

**Goat**: The movie has crossed 22k admits as the movie should cross 25k admits on Saturday, as the movie is looking to see a sizeable drop.

**Salmokji:** The movie will hit 1.7 million admits tomorrow as the movie is looking to land north of 1.9 million admits after Sunday’s update. Another strong weekend is very likely.

**Project Hail Mary:** The movie is still on pace to cross 2.4 million admits on Saturday, as the movie is aiming to land in the area of 2.7 million admits for its final total.

**The Man Who Lives With the King:** Another hard drop as the movie is slowing down quickly, but the movie will still cross 16.7 million admits this weekend.

**Presales**

**Super Mario Galaxy:** Another solid day as every comp has gone up, and it seems more likely that this will play significantly more like an animated family movie.

|Days before Release|Moana 2|Bad Guys 2|Zootopia 2|Mario Super Galaxy|
|:-|:-|:-|:-|:-|
|T-7|42,238|8,916|73,487|35,433|
|T-6|51,863|9,549|94,120|45,760|
|T-5|64,147|14,312|113,186||
|T-4|79,655|7,449|141,029||
|T-3|105,249|11,440|182,918||
|T-2|150,351|18,765|258,224||
|T-1|224,262|34,944|370,645||
|Comp|173,623|198,921|150,313||

**Devil Wears Prada 2**: Presales see a nice bounce as the movie is keeping an opening day around 160k very much in play.

|Days before Release|Sinners|F1|Thunderbolts|Devil Wears Prada 2|
|:-|:-|:-|:-|:-|
|T-7|2,533|44,401|16,408|61,582|
|T-6|2,792|48,155|42,913|71,251|
|T-5|3,335|53,728|49,950||
|T-4|4,099|58,456|56,852||
|T-3|5,284|66,092|66,550||
|T-2|7,456|81,072|83,980||
|T-1|9,927|103,859|107,377||
|Comp|267,420|122,692|166,299||"
1stqdw2,boxoffice,In China Michael scores $100k from midnight screenings. Projected a $1.7-2.1M opening day into a $5.5-7M opening weekend. Total projections start at $10-16M.  It's OK leads on Thursday with $0.35M(-25%)/$24.97M. Project Hail Mary in 3rd adds $0.20M(-29%)/$37.65M. Projected a $1.2-1.5M(-39%) 4th wkd.,"#**Daily Box Office (April 23th 2026)**

The market hits ¥12.9M/$1.89M. Up +1% from yesterday and down -10% from last week.

**Minions &amp; Monsters** has been confirmed for a release in China.

---

**Province map of the day:** 

https://i.imgur.com/921EVjB.png

It's OK mostly dominate on Thursday.

**In Metropolitan cities:** 

If I Were You wins  Chongqing 

Project Hail Mary wins  Shanghai and Beijing

Its OK wins Guangzhou, Wuhan, Chengdu, Nanjing, Shenzhen, Hangzhou and Suzhou 


**City tiers:**

Nobody But You 2 climbs to 3rd in T3.

**Tier 1**: Project Hail Mary&gt;It's OK&gt;The Caged Butterfly 

**Tier 2**: It's OK&gt;The Caged Butterfly&gt;Project Hail Mary 

**Tier 3**: It's OK&gt;The Caged Butterfly&gt;Nobody But You 2

**Tier 4**: It's OK&gt;The Caged Butterfly&gt;Nobody But You 2

---

|# | Movie |Gross|%YD| %LW|Screenings|Admisions(Today)|Total Gross|Projected Total Gross|
:----------- |:-----------|:-----------:|:-----------:|:-----------:|:-----------:|:--------:|:-----------:|:-----------:| 
1|It's OK                  |$0.35M  |-2%  |-25%  |61266 |0.07M |$24.97M  |$27M-$31M
2|The Caged Butterfly      |$0.24M  |+1%  |-10%  |40698 |0.05M |$11.58M  |$13M-$15M
3|Project Hail Mary        |$0.20M  |-2%  |-29%  |24166 |0.03M |$37.65M  |$39M-$42M    
4|**Nobody But You 2**     |$0.17M  |-15% |      |44643 |0.03M |$2.98M   |$3M-$4M    
5|Pegasus 3                |$0.13M  |-1%  |-24%  |21739 |0.02M |$638.93M |$639M-$640M 
6|Now I Met Her            |$0.12M  |-6%  |-40%  |30804 |0.02M |$10.30M  |$11M-$12M  
7|Michael(Midnight scr.)   |$0.10M  |     |      |959   |0.01M |$0.10M   |$10M-$16M 
8|**Organ Child**          |$0.09M  |-12% |      |23782 |0.02M |$1.27M   |$1M-$2M 
9|Super Mario Galaxy Movie |$0.06M  |-9%  |-40%  |26016 |0.01M |$17.43M  |$19M-$222M

New releases marked in **bold**

---


**Pre-Sales map for tomorrow**

https://i.imgur.com/Eql45H5.png

Michael dominates pre-sales for Friday.

---

**IMAX Screenings distribution**

And just like that Project Hail Mary and Mario will lose the vast majority of IMAX screenings tomorrow which will go to Michael which already had a decent ammount for its Midnight screenings today. 


||Movie|IMAX Screeninsgs Today|IMAX Screeninsgs Tomorrow|Change|
:----------- |:-----------:|:-----------:|:-----------:|:-----------:|:-----------:|:-----------:|:-----------:|
1|Project Hail Mary                   |1992   |86   |-1906
2|Michael                             |373    |3601 |+3228
2|Super Mario Galaxy                  |168    |9    |-159

---


###**Super Mario Galaxy Movie**

Mario Galaxy grossed ¥0.39M/$0.06M on its 3rd Thursday. 

Below the first movies ¥0.64M/$0.09M 3rd Thursday but slightly above the 3rd Thursday of Hoppers at ¥0.36/$0.05M

4th weekend projected at $0.9-1.2M(-48%)

**Super Mario Galaxy vs Super Mario Bros:**

https://i.imgur.com/9zISf6I.png

**Screen Distribution Split:** Regular: $16.20M    , IMAX: $0.69M   , Rest: $0.48M 

**WoM figures:**

Maoyan: 9.3 , Taopiaopiao: 9.3 , Douban: 7.0

|#|FRI|SAT|SUN|MON|TUE|WED|THU|Total|
|:-----------:|:-----------:|:-----------:|:-----------:|:-----------:|:-----------:|:-----------:|:-----------:|:-----------:|:-----------:|							
|Second  Week |$0.37M|$1.58M|$1.32M|$0.12M|$0.10M|$0.11M|$0.10M|$15.15M
|Third  Week |$0.24M|$0.95M|$0.83M|$0.08M|$0.06M|$0.06M|$0.06M|$17.43M
|%± LW|-35%|-40%|-37%|-33%|-40%|-45%|-40%| |			
	
**Scheduled showings update for Super Mario Galaxy Movie for the next few days:**

|Day |  Number of Showings |Presales|Projection
:----------- |:-----------:|:-----------:|:-----------:|
Today|26293|$7k|$0.05M-$0.06M
Friday|20324|$16k|$0.10M-$0.12M
Saturday|23284|$20k|$0.42M-$0.55M
Sunday|15291|$5k|$0.43M-$0.52M

---

###**Project Hail Mary**

Project Hail Mary climbed to 3rd with ¥1.34M/$0.20M on Thursday. Again remains pretty much flat for a 4th day running.

6th weekend projected at $1.2-1.5M(-39%)



**Screen Distribution Split:** Regular: $24.34M    , IMAX: $10.89M   , Rest: $2.30M 

**WoM figures:**

Maoyan: 9.3       , Taopiaopiao: 9.2      , Douban: 8.6

|#|FRI|SAT|SUN|MON|TUE|WED|THU|Total|
|:-----------:|:-----------:|:-----------:|:-----------:|:-----------:|:-----------:|:-----------:|:-----------:|:-----------:|:-----------:|								
|Fourth  Week |$0.55M|$1.38M|$1.07M|$0.28M|$0.34M|$0.33M|$0.28M	|$34.61M
|Fifth Week |$0.44M|$1.02M|$0.78M|$0.20M|$0.20M|$0.20M|$0.20M|$37.65M
|%± LW|-20%|-26%|-27%|-28%|-40%|-39%| | |		

**Scheduled showings update for Project Hail Mary for the next few days:**

|Day |  Number of Showings |Presales|Projection
:----------- |:-----------:|:-----------:|:-----------:|
Today|24435|$28k|$0.18M-$0.19M
Friday|18655|$32k|$0.23M-$0.24M
Saturday|16745|$62k|$0.54M-$0.75M
Sunday|10511|$16k|$0.42M-$0.51M

---

#**Other stuff:**

The next Holywood release Michael on April 24th followed by Devil Wears Prada 2 on the 30th.

---

**Michael Opening Day pre-sales**

Michael scores around $100k in midnight screenings.

Opening day pre-sales hit $665k at T-0. A pretty bad last day. 

Opening day projections downgraded further to $1.7-2.1M. Opening weekend projected at $5-7M. Total projections start at $10-16M

|Days till release |Michael | Project Hail Mary |F1 |
:----------- |:-----------:|:-----------:|:-----------:|:-----------:|:-----------:|:-----------:|:-----------:|  
8|$40k/12877 |/          |$31k/14328 |||   
7|$115k/18281|/          |$48k/15335 |||   
6|$170k/20839|$19k/4747  |$69k/16308 ||| 
5|$211k/23170|$38k/6270  |$87k/17506 |$833k/9748|| 
4|$253k/25655|$62k/7441  |$107k/19421||| 
3|$318k/30730|$104k/9268 |$156k/21808||| 		
2|$391k/43009|$154k/12234|$230k/29788|||
1|$483k/65765|$266k/18902|$319k/43313||| 
0|$665k/80228|$473k/23759|$543k/51748|||	
*Gross/Screenings

---

**May/Labor Day:**

The Devil Wears Prada 2 has a solid 2nd day of pre-sales reaching $58k

Cold War 1944 continues to lead pre-sales for May 1st Labor Day.

|Days till release |The Devil Wears Prada 2 |Cold War 1994 |Vanishing Point |Being Towards Death
:----------- |:-----------:|:-----------:|:-----------:|:-----------:|:-----------:|:-----------:|:-----------:|  
9|/          |$68k/35764 |$20k/13736 |$12k/15106|| 
8|/          |$191k/44903|$137k/19293|$52k/19940||   
7|$8k/2229   |$287k/51261|$189k/23937|$64k/23680||   
6|$58k/25865 |           |           ||| 
5|           |           |           || 
4|           |           |           ||| 
3|           |           |           ||| 		
2|           |           |           |||
1|           |           |           ||| 
0|           |           |           |||	
*Gross/Screenings

---


#**Release Schedule:**

A table including upcoming movies in the next month alongside trailers linked in the name of the movie, Want To See data from both Maoyan and Taopiaopiao alongside the Gender split and genre. 

Remember Want To See is not pre-sales. Its just an anticipation metric. A checkbox of sorts saying your interested in an upcoming movie.

Not all movies are included since a lot are just too small to be worth covering. 

---

**May/Labor Day Holidays(30.4-5.5)**

| Movie |Maoyan WTS|Daily Increase| Taopiaopiao WTS|Daily Increase|M/W %|Genre|Release Date|3rd party media projections
:----------- |:-----------:|:-----------:|:-----------:|:-----------:|:-----------:|:-----------:|:-----------:|:-----------:|
[Devil Wears Prada 2](https://vod.pipi.cn/fec9203cvodtransbj1251246104/0a6e64625145403721118746297/v.f42905.mp4) |161k|+3k|271k|+4k|26/74|Drama/Comedy|30.04|$9-41M
[Cold War 1944](https://vod.pipi.cn/fec9203cvodtransbj1251246104/0a6e64625145403721118746297/v.f42905.mp4) |69k|+1k|90k|+1k|75/25|Drama/Action/Crime|01.05|$60-88M
[Vanishing Point](https://vod.pipi.cn/fec9203cvodtransbj1251246104/0a6e64625145403721118746297/v.f42905.mp4) |68k|+2k|30k|+1k|33/67|Thriller/Crime|01.05|$21-36M
[Being Toward Death](https://vod.pipi.cn/fec9203cvodtransbj1251246104/7978f4ba5145403722772255413/v.f42905.mp4) |20k|+1k|10k|+1k|38/62|Drama|01.05|
[Once a Thief](https://vod.pipi.cn/fec9203cvodtransbj1251246104/7978f4ba5145403722772255413/v.f42905.mp4) |27k|+1k|21k|+1k|47/53|Drama/Comedy/Action|03.05|

**May**

| Movie |Maoyan WTS|Daily Increase| Taopiaopiao WTS|Daily Increase|M/W %|Genre|Release Date|3rd party media projections
:----------- |:-----------:|:-----------:|:-----------:|:-----------:|:-----------:|:-----------:|:-----------:|:-----------:|
[Mortal Kombat II](https://vod.pipi.cn/fec9203cvodtransbj1251246104/33b8b9245145403722890582563/v.f42905.mp4) |23k|+1k|11k|+1k|75/25|Action/Fantasy|08.05|
[Love Battle](https://i.imgur.com/yT3kgKV.jpeg) |34k|+1k|48k|+1k|20/80|Romance/Comedy|20.05|
[Be Yourself](https://vod.pipi.cn/fec9203cvodtransbj1251246104/43e695815145403722808184482/v.f42905.mp4) |18k|+1k|17k|+1k|31/69|Romance/Comedy|20.05|
[Star Wars: Mandalorian &amp; Grogu](https://vod.pipi.cn/fec9203cvodtransbj1251246104/ae3ca3b05145403723990636789/v.f42905.mp4) |6k|+1k|11k|+1k|63/37|Actiiom/Sci-Fi|20.05|$5M
[All The Good Eyes](https://vod.pipi.cn/fec9203cvodtransbj1251246104/0a6e64625145403721118746297/v.f42905.mp4) |20k|+1k|11k|+1k|34/66|Drama/Romance/Crime|23.05|",42,27,1776967306.0,devil wears prada 2,nyc_premiere,2026-04-23,"In China Michael scores $100k from midnight screenings. Projected a $1.7-2.1M opening day into a $5.5-7M opening weekend. Total projections start at $10-16M.  It's OK leads on Thursday with $0.35M(-25%)/$24.97M. Project Hail Mary in 3rd adds $0.20M(-29%)/$37.65M. Projected a $1.2-1.5M(-39%) 4th wkd. #**Daily Box Office (April 23th 2026)**

The market hits ¥12.9M/$1.89M. Up +1% from yesterday and down -10% from last week.

**Minions &amp; Monsters** has been confirmed for a release in China.

---

**Province map of the day:** 

https://i.imgur.com/921EVjB.png

It's OK mostly dominate on Thursday.

**In Metropolitan cities:** 

If I Were You wins  Chongqing 

Project Hail Mary wins  Shanghai and Beijing

Its OK wins Guangzhou, Wuhan, Chengdu, Nanjing, Shenzhen, Hangzhou and Suzhou 


**City tiers:**

Nobody But You 2 climbs to 3rd in T3.

**Tier 1**: Project Hail Mary&gt;It's OK&gt;The Caged Butterfly 

**Tier 2**: It's OK&gt;The Caged Butterfly&gt;Project Hail Mary 

**Tier 3**: It's OK&gt;The Caged Butterfly&gt;Nobody But You 2

**Tier 4**: It's OK&gt;The Caged Butterfly&gt;Nobody But You 2

---

|# | Movie |Gross|%YD| %LW|Screenings|Admisions(Today)|Total Gross|Projected Total Gross|
:----------- |:-----------|:-----------:|:-----------:|:-----------:|:-----------:|:--------:|:-----------:|:-----------:| 
1|It's OK                  |$0.35M  |-2%  |-25%  |61266 |0.07M |$24.97M  |$27M-$31M
2|The Caged Butterfly      |$0.24M  |+1%  |-10%  |40698 |0.05M |$11.58M  |$13M-$15M
3|Project Hail Mary        |$0.20M  |-2%  |-29%  |24166 |0.03M |$37.65M  |$39M-$42M    
4|**Nobody But You 2**     |$0.17M  |-15% |      |44643 |0.03M |$2.98M   |$3M-$4M    
5|Pegasus 3                |$0.13M  |-1%  |-24%  |21739 |0.02M |$638.93M |$639M-$640M 
6|Now I Met Her            |$0.12M  |-6%  |-40%  |30804 |0.02M |$10.30M  |$11M-$12M  
7|Michael(Midnight scr.)   |$0.10M  |     |      |959   |0.01M |$0.10M   |$10M-$16M 
8|**Organ Child**          |$0.09M  |-12% |      |23782 |0.02M |$1.27M   |$1M-$2M 
9|Super Mario Galaxy Movie |$0.06M  |-9%  |-40%  |26016 |0.01M |$17.43M  |$19M-$222M

New releases marked in **bold**

---


**Pre-Sales map for tomorrow**

https://i.imgur.com/Eql45H5.png

Michael dominates pre-sales for Friday.

---

**IMAX Screenings distribution**

And just like that Project Hail Mary and Mario will lose the vast majority of IMAX screenings tomorrow which will go to Michael which already had a decent ammount for its Midnight screenings today. 


||Movie|IMAX Screeninsgs Today|IMAX Screeninsgs Tomorrow|Change|
:----------- |:-----------:|:-----------:|:-----------:|:-----------:|:-----------:|:-----------:|:-----------:|
1|Project Hail Mary                   |1992   |86   |-1906
2|Michael                             |373    |3601 |+3228
2|Super Mario Galaxy                  |168    |9    |-159

---


###**Super Mario Galaxy Movie**

Mario Galaxy grossed ¥0.39M/$0.06M on its 3rd Thursday. 

Below the first movies ¥0.64M/$0.09M 3rd Thursday but slightly above the 3rd Thursday of Hoppers at ¥0.36/$0.05M

4th weekend projected at $0.9-1.2M(-48%)

**Super Mario Galaxy vs Super Mario Bros:**

https://i.imgur.com/9zISf6I.png

**Screen Distribution Split:** Regular: $16.20M    , IMAX: $0.69M   , Rest: $0.48M 

**WoM figures:**

Maoyan: 9.3 , Taopiaopiao: 9.3 , Douban: 7.0

|#|FRI|SAT|SUN|MON|TUE|WED|THU|Total|
|:-----------:|:-----------:|:-----------:|:-----------:|:-----------:|:-----------:|:-----------:|:-----------:|:-----------:|:-----------:|							
|Second  Week |$0.37M|$1.58M|$1.32M|$0.12M|$0.10M|$0.11M|$0.10M|$15.15M
|Third  Week |$0.24M|$0.95M|$0.83M|$0.08M|$0.06M|$0.06M|$0.06M|$17.43M
|%± LW|-35%|-40%|-37%|-33%|-40%|-45%|-40%| |			
	
**Scheduled showings update for Super Mario Galaxy Movie for the next few days:**

|Day |  Number of Showings |Presales|Projection
:----------- |:-----------:|:-----------:|:-----------:|
Today|26293|$7k|$0.05M-$0.06M
Friday|20324|$16k|$0.10M-$0.12M
Saturday|23284|$20k|$0.42M-$0.55M
Sunday|15291|$5k|$0.43M-$0.52M

---

###**Project Hail Mary**

Project Hail Mary climbed to 3rd with ¥1.34M/$0.20M on Thursday. Again remains pretty much flat for a 4th day running.

6th weekend projected at $1.2-1.5M(-39%)



**Screen Distribution Split:** Regular: $24.34M    , IMAX: $10.89M   , Rest: $2.30M 

**WoM figures:**

Maoyan: 9.3       , Taopiaopiao: 9.2      , Douban: 8.6

|#|FRI|SAT|SUN|MON|TUE|WED|THU|Total|
|:-----------:|:-----------:|:-----------:|:-----------:|:-----------:|:-----------:|:-----------:|:-----------:|:-----------:|:-----------:|								
|Fourth  Week |$0.55M|$1.38M|$1.07M|$0.28M|$0.34M|$0.33M|$0.28M	|$34.61M
|Fifth Week |$0.44M|$1.02M|$0.78M|$0.20M|$0.20M|$0.20M|$0.20M|$37.65M
|%± LW|-20%|-26%|-27%|-28%|-40%|-39%| | |		

**Scheduled showings update for Project Hail Mary for the next few days:**

|Day |  Number of Showings |Presales|Projection
:----------- |:-----------:|:-----------:|:-----------:|
Today|24435|$28k|$0.18M-$0.19M
Friday|18655|$32k|$0.23M-$0.24M
Saturday|16745|$62k|$0.54M-$0.75M
Sunday|10511|$16k|$0.42M-$0.51M

---

#**Other stuff:**

The next Holywood release Michael on April 24th followed by Devil Wears Prada 2 on the 30th.

---

**Michael Opening Day pre-sales**

Michael scores around $100k in midnight screenings.

Opening day pre-sales hit $665k at T-0. A pretty bad last day. 

Opening day projections downgraded further to $1.7-2.1M. Opening weekend projected at $5-7M. Total projections start at $10-16M

|Days till release |Michael | Project Hail Mary |F1 |
:----------- |:-----------:|:-----------:|:-----------:|:-----------:|:-----------:|:-----------:|:-----------:|  
8|$40k/12877 |/          |$31k/14328 |||   
7|$115k/18281|/          |$48k/15335 |||   
6|$170k/20839|$19k/4747  |$69k/16308 ||| 
5|$211k/23170|$38k/6270  |$87k/17506 |$833k/9748|| 
4|$253k/25655|$62k/7441  |$107k/19421||| 
3|$318k/30730|$104k/9268 |$156k/21808||| 		
2|$391k/43009|$154k/12234|$230k/29788|||
1|$483k/65765|$266k/18902|$319k/43313||| 
0|$665k/80228|$473k/23759|$543k/51748|||	
*Gross/Screenings

---

**May/Labor Day:**

The Devil Wears Prada 2 has a solid 2nd day of pre-sales reaching $58k

Cold War 1944 continues to lead pre-sales for May 1st Labor Day.

|Days till release |The Devil Wears Prada 2 |Cold War 1994 |Vanishing Point |Being Towards Death
:----------- |:-----------:|:-----------:|:-----------:|:-----------:|:-----------:|:-----------:|:-----------:|  
9|/          |$68k/35764 |$20k/13736 |$12k/15106|| 
8|/          |$191k/44903|$137k/19293|$52k/19940||   
7|$8k/2229   |$287k/51261|$189k/23937|$64k/23680||   
6|$58k/25865 |           |           ||| 
5|           |           |           || 
4|           |           |           ||| 
3|           |           |           ||| 		
2|           |           |           |||
1|           |           |           ||| 
0|           |           |           |||	
*Gross/Screenings

---


#**Release Schedule:**

A table including upcoming movies in the next month alongside trailers linked in the name of the movie, Want To See data from both Maoyan and Taopiaopiao alongside the Gender split and genre. 

Remember Want To See is not pre-sales. Its just an anticipation metric. A checkbox of sorts saying your interested in an upcoming movie.

Not all movies are included since a lot are just too small to be worth covering. 

---

**May/Labor Day Holidays(30.4-5.5)**

| Movie |Maoyan WTS|Daily Increase| Taopiaopiao WTS|Daily Increase|M/W %|Genre|Release Date|3rd party media projections
:----------- |:-----------:|:-----------:|:-----------:|:-----------:|:-----------:|:-----------:|:-----------:|:-----------:|
[Devil Wears Prada 2](https://vod.pipi.cn/fec9203cvodtransbj1251246104/0a6e64625145403721118746297/v.f42905.mp4) |161k|+3k|271k|+4k|26/74|Drama/Comedy|30.04|$9-41M
[Cold War 1944](https://vod.pipi.cn/fec9203cvodtransbj1251246104/0a6e64625145403721118746297/v.f42905.mp4) |69k|+1k|90k|+1k|75/25|Drama/Action/Crime|01.05|$60-88M
[Vanishing Point](https://vod.pipi.cn/fec9203cvodtransbj1251246104/0a6e64625145403721118746297/v.f42905.mp4) |68k|+2k|30k|+1k|33/67|Thriller/Crime|01.05|$21-36M
[Being Toward Death](https://vod.pipi.cn/fec9203cvodtransbj1251246104/7978f4ba5145403722772255413/v.f42905.mp4) |20k|+1k|10k|+1k|38/62|Drama|01.05|
[Once a Thief](https://vod.pipi.cn/fec9203cvodtransbj1251246104/7978f4ba5145403722772255413/v.f42905.mp4) |27k|+1k|21k|+1k|47/53|Drama/Comedy/Action|03.05|

**May**

| Movie |Maoyan WTS|Daily Increase| Taopiaopiao WTS|Daily Increase|M/W %|Genre|Release Date|3rd party media projections
:----------- |:-----------:|:-----------:|:-----------:|:-----------:|:-----------:|:-----------:|:-----------:|:-----------:|
[Mortal Kombat II](https://vod.pipi.cn/fec9203cvodtransbj1251246104/33b8b9245145403722890582563/v.f42905.mp4) |23k|+1k|11k|+1k|75/25|Action/Fantasy|08.05|
[Love Battle](https://i.imgur.com/yT3kgKV.jpeg) |34k|+1k|48k|+1k|20/80|Romance/Comedy|20.05|
[Be Yourself](https://vod.pipi.cn/fec9203cvodtransbj1251246104/43e695815145403722808184482/v.f42905.mp4) |18k|+1k|17k|+1k|31/69|Romance/Comedy|20.05|
[Star Wars: Mandalorian &amp; Grogu](https://vod.pipi.cn/fec9203cvodtransbj1251246104/ae3ca3b05145403723990636789/v.f42905.mp4) |6k|+1k|11k|+1k|63/37|Actiiom/Sci-Fi|20.05|$5M
[All The Good Eyes](https://vod.pipi.cn/fec9203cvodtransbj1251246104/0a6e64625145403721118746297/v.f42905.mp4) |20k|+1k|11k|+1k|34/66|Drama/Romance/Crime|23.05|"
1st4gdm,boxoffice,SK Wednesday Update: Can Mario and Devil Prada 2 keeps up the good presales,"|Movies|Monday-Monday Drop|Tuesday-Tuesday Drop|Wednesday-Wednesday Drop|Thursday-Thursday Drop|Friday-Friday Drop|Saturday-Saturday Drop|Sunday-Sunday Drop|Week-Week Drop|
|:-|:-|:-|:-|:-|:-|:-|:-|:-|
|Salmokji|37%|39%|37%||||||
|Project Hail Mary|33%|30%|18%||||||
|The Man Who Lives With the King|40%|43%|47%||||||

**Goat**: The movie is guaranteed to go under 50k admits as the movie is having no traction, as it is on track for a drop of at least 70% based on its current trajectory.

**Salmokji:** The movie is having drops in the high 30% range consistently, as the movie will cross 1.6 million admits tomorrow, and the movie will cross 1.85 million admits with ease this weekend

**Project Hail Mary:** The movie is seeing some great drops during the early week, as the movie is set to cross 2.4 million admits on Saturday, and it will cross 2.5 million admits next week.

**The Man Who Lives With the King:** The movie is starting to drop hard as it will cross 16.7 million admits this weekend.

**Presales**

**Super Mario Galaxy:** Despite a pretty slow start, the movie seems to be picking up pace and is sizing up an opening day of around 150k admits.  
 

|Days before Release|Moana 2|Bad Guys 2|Zootopia 2|Mario Super Galaxy|
|:-|:-|:-|:-|:-|
|T-7|42,238|8,916|73,487|35,433|
|T-6|51,863|9,549|94,120||
|T-5|64,147|14,312|113,186||
|T-4|79,655|7,449|141,029||
|T-3|105,249|11,440|182,918||
|T-2|150,351|18,765|258,224||
|T-1|224,262|34,944|370,645||
|Comp|165,076|164,964|149,070||

**Devil Wears Prada 2**: Presales are solid as the movie seems on track for an opening day north of 120k admits. I fully expect opening day to hit 160k unless presales plummet.

|Days before Release|Sinners|F1|Thunderbolts|Devil Wears Prada 2|
|:-|:-|:-|:-|:-|
|T-7|2,533|44,401|16,408|61,582|
|T-6|2,792|48,155|42,913||
|T-5|3,335|53,728|49,950||
|T-4|4,099|58,456|56,852||
|T-3|5,284|66,092|66,550||
|T-2|7,456|81,072|83,980||
|T-1|9,927|103,859|107,377||
|Comp|231,131|115,008|375,913||",27,3,1776907316.0,devil wears prada 2,nyc_premiere,2026-04-23,"SK Wednesday Update: Can Mario and Devil Prada 2 keeps up the good presales |Movies|Monday-Monday Drop|Tuesday-Tuesday Drop|Wednesday-Wednesday Drop|Thursday-Thursday Drop|Friday-Friday Drop|Saturday-Saturday Drop|Sunday-Sunday Drop|Week-Week Drop|
|:-|:-|:-|:-|:-|:-|:-|:-|:-|
|Salmokji|37%|39%|37%||||||
|Project Hail Mary|33%|30%|18%||||||
|The Man Who Lives With the King|40%|43%|47%||||||

**Goat**: The movie is guaranteed to go under 50k admits as the movie is having no traction, as it is on track for a drop of at least 70% based on its current trajectory.

**Salmokji:** The movie is having drops in the high 30% range consistently, as the movie will cross 1.6 million admits tomorrow, and the movie will cross 1.85 million admits with ease this weekend

**Project Hail Mary:** The movie is seeing some great drops during the early week, as the movie is set to cross 2.4 million admits on Saturday, and it will cross 2.5 million admits next week.

**The Man Who Lives With the King:** The movie is starting to drop hard as it will cross 16.7 million admits this weekend.

**Presales**

**Super Mario Galaxy:** Despite a pretty slow start, the movie seems to be picking up pace and is sizing up an opening day of around 150k admits.  
 

|Days before Release|Moana 2|Bad Guys 2|Zootopia 2|Mario Super Galaxy|
|:-|:-|:-|:-|:-|
|T-7|42,238|8,916|73,487|35,433|
|T-6|51,863|9,549|94,120||
|T-5|64,147|14,312|113,186||
|T-4|79,655|7,449|141,029||
|T-3|105,249|11,440|182,918||
|T-2|150,351|18,765|258,224||
|T-1|224,262|34,944|370,645||
|Comp|165,076|164,964|149,070||

**Devil Wears Prada 2**: Presales are solid as the movie seems on track for an opening day north of 120k admits. I fully expect opening day to hit 160k unless presales plummet.

|Days before Release|Sinners|F1|Thunderbolts|Devil Wears Prada 2|
|:-|:-|:-|:-|:-|
|T-7|2,533|44,401|16,408|61,582|
|T-6|2,792|48,155|42,913||
|T-5|3,335|53,728|49,950||
|T-4|4,099|58,456|56,852||
|T-3|5,284|66,092|66,550||
|T-2|7,456|81,072|83,980||
|T-1|9,927|103,859|107,377||
|Comp|231,131|115,008|375,913||"
1ssub69,boxoffice,In China It's OK leads on Wednesday with $0.36M(-29%)/$24.62M. Project Hail Mary in 4th adds $0.20M(-39%)/$37.45M. Michael opening day pre-sales hit $483k. Projected a $108-123k midnight screenings start tomorrow. Opening day projections downgraded to $1.8-2.3M into a likely $6-9M opening weekend.,"
#**Daily Box Office (April 22th 2026)**

The market hits ¥12.7M/$1.86M. Down -2% from yesterday and down -20% from last week.

**[Cold War 1944](https://vod.pipi.cn/fec9203cvodtransbj1251246104/45290c5d5145403724255095740/v.f42905.mp4)** released its final trailer ahead of its May 1st release. 


---

**Province map of the day:** 

https://i.imgur.com/YNjci0P.png

It's OK mostly dominate on Wednesday.

**In Metropolitan cities:** 

Project Hail Mary wins  Shanghai and Beijing

Its OK wins Guangzhou, Wuhan, Chengdu, Nanjing, Shenzhen, Hangzhou, Chongqing and Suzhou 


**City tiers:**

Nobody But You 2 drops to 3rd in T4.

**Tier 1**: Project Hail Mary&gt;It's OK&gt;The Caged Butterfly 

**Tier 2**: It's OK&gt;The Caged Butterfly&gt;Project Hail Mary 

**Tier 3**: It's OK&gt;The Caged Butterfly&gt;Dear You

**Tier 4**: It's OK&gt;The Caged Butterfly&gt;Nobody But You 2

---

|# | Movie |Gross|%YD| %LW|Screenings|Admisions(Today)|Total Gross|Projected Total Gross|
:----------- |:-----------|:-----------:|:-----------:|:-----------:|:-----------:|:--------:|:-----------:|:-----------:| 
1|It's OK                  |$0.36M  |-1%  |-29%  |60966 |0.07M |$24.62M  |$27M-$31M
2|The Caged Butterfly      |$0.24M  |-5%  |-7%   |40025 |0.05M |$11.34M  |$13M-$14M
3|**Nobody But You 2**     |$0.20M  |-16% |      |45017 |0.04M |$2.81M   |$3M-$4M
4|Project Hail Mary        |$0.20M  |+1%  |-39%  |24209 |0.03M |$37.45M  |$40M-$42M        
5|Now I Met Her            |$0.13M  |-2%  |-38%  |30655 |0.02M |$10.18M  |$11M-$12M
6|Pegasus 3                |$0.13M  |-4%  |-16%  |21446 |0.02M |$638.80M |$639M-$640M   
7|**Organ Child**          |$0.10M  |-9%  |      |23844 |0.02M |$1.18M   |$1M-$2M 
8|Super Mario Galaxy Movie |$0.06M  |+6%  |-45%  |26190 |0.01M |$17.37M  |$19M-$21M
9|Blades of The Guardians  |$0.05M  |-2%  |-70%  |9106  |0.01M |$209.59M |$209M-$210M 
10|A Game of Identity      |$0.05M  |-11% |-61%  |20141 |0.01M |$7.88M   |$8M-$9M 
11|Hoppers                 |$0.03M  |-0%  |-50%  |8454  |0.01M |$23.74M  |$24M-$25M   

New releases marked in **bold**

---


**Pre-Sales map for tomorrow**

https://i.imgur.com/hUNEHxJ.png

Michael midnight screenings pre-sales dominate the map for Thursday.

---

**IMAX Screenings distribution**

Project Hail Mary will continue to dominate IMAX through the week.


||Movie|IMAX Screeninsgs Today|IMAX Screeninsgs Tomorrow|Change|
:----------- |:-----------:|:-----------:|:-----------:|:-----------:|:-----------:|:-----------:|:-----------:|
1|Project Hail Mary                   |2131   |2008 |-123
2|Super Mario Galaxy                  |135    |174  |+39

---


###**Super Mario Galaxy Movie**

Mario Galaxy grossed ¥0.44M/$0.06M on its 3rd Wednesday. Actually slightly up from yesterday. 

Still below the first movies ¥0.58M/$0.08M 3rd Wednesday and tied with the 3rd Wednesday of Hoppers at ¥0.44/$0.06M

**Super Mario Galaxy vs Super Mario Bros:**

Galaxy continues to flatline.

https://i.imgur.com/Xx3dW86.png

**Screen Distribution Split:** Regular: $16.20M    , IMAX: $0.69M   , Rest: $0.48M 

**WoM figures:**

Maoyan: 9.3 , Taopiaopiao: 9.3 , Douban: 7.0

|#|FRI|SAT|SUN|MON|TUE|WED|THU|Total|
|:-----------:|:-----------:|:-----------:|:-----------:|:-----------:|:-----------:|:-----------:|:-----------:|:-----------:|:-----------:|							
|Second  Week |$0.37M|$1.58M|$1.32M|$0.12M|$0.10M|$0.11M|$0.10M|$15.15M
|Third  Week |$0.24M|$0.95M|$0.83M|$0.08M|$0.06M|$0.06M| |$17.37M
|%± LW|-35%|-40%|-37%|-33%|-40%|-45%| | |			
	
**Scheduled showings update for Super Mario Galaxy Movie for the next few days:**

|Day |  Number of Showings |Presales|Projection
:----------- |:-----------:|:-----------:|:-----------:|
Today|26462|$7k|$0.05M-$0.06M
Thursday|26293|$7k|$0.05M-$0.06M
Friday|13268|$4k|$0.05M-$0.06M
---

###**Project Hail Mary**

Project Hail Mary in 4th grossed ¥1.37M/$0.20M on Wednesday. Stays pretty much flat for a 2nd 

**Screen Distribution Split:** Regular: $24.20M    , IMAX: $10.84M   , Rest: $2.29M 

**WoM figures:**

Maoyan: 9.3       , Taopiaopiao: 9.2      , Douban: 8.6

|#|FRI|SAT|SUN|MON|TUE|WED|THU|Total|
|:-----------:|:-----------:|:-----------:|:-----------:|:-----------:|:-----------:|:-----------:|:-----------:|:-----------:|:-----------:|								
|Fourth  Week |$0.55M|$1.38M|$1.07M|$0.28M|$0.34M|$0.33M|$0.28M	|$34.61M
|Fifth Week |$0.44M|$1.02M|$0.78M|$0.20M|$0.20M|$0.20M	| |$37.45M
|%± LW|-20%|-26%|-27%|-28%|-40%|-39%| | |		

**Scheduled showings update for Project Hail Mary for the next few days:**

|Day |  Number of Showings |Presales|Projection
:----------- |:-----------:|:-----------:|:-----------:|
Today|24533|$25k|$0.19M-$0.20M
Thursday|24435|$28k|$0.18M-$0.19M
Friday|13503|$8k|$0.18M-$0.19M

---

#**Other stuff:**

The next Holywood release Michael on April 24th followed by Devil Wears Prada 2 on the 30th.

---

**Michael Opening Day pre-sales**

Michael started its run with a very limited 3 screenings preview where it grossed $8k

**Michael** opening day pre-sales hit $481k at T-1. $541k including previews and midnight screenings. Continues to not exactly set the world on fire. 

Final opening day pre-sales will likely land around $700k. 

Full weekend pre-sales hit $878k

Midnight screenings tomorrow are now projected at $108-123k. 

Opening day projections downgraded to $1.8-2.3M. Opening weekend should land somewhere between $6-8M if these opening day projecitons hold.

|Days till release |Michael | Project Hail Mary |F1 |
:----------- |:-----------:|:-----------:|:-----------:|:-----------:|:-----------:|:-----------:|:-----------:|  
8|$40k/12877 |/          |$31k/14328 |||   
7|$115k/18281|/          |$48k/15335 |||   
6|$170k/20839|$19k/4747  |$69k/16308 ||| 
5|$211k/23170|$38k/6270  |$87k/17506 |$833k/9748|| 
4|$253k/25655|$62k/7441  |$107k/19421||| 
3|$318k/30730|$104k/9268 |$156k/21808||| 		
2|$391k/43009|$154k/12234|$230k/29788|||
1|$483k/65765|$266k/18902|$319k/43313||| 
0|           |$473k/23759|$543k/51748|||	
*Gross/Screenings

---

**May/Labor Day:**

The Devil Wears Prada 2 will release on the 30th while the local movies arive on the 1st.

Cold War 1944 which is expected to be the biggest movie of the Holidays is leading pre-sales.

|Days till release |The Devil Wears Prada 2 |Cold War 1994 |Vanishing Point |Being Towards Death
:----------- |:-----------:|:-----------:|:-----------:|:-----------:|:-----------:|:-----------:|:-----------:|  
9|/          |$68k/35764 |$20k/13736 |$12k/15106|| 
8|/          |$191k/44903|$137k/19293|$52k/19940||   
7|$8k/2229   |           |           |||   
6|           |           |           ||| 
5|           |           |           || 
4|           |           |           ||| 
3|           |           |           ||| 		
2|           |           |           |||
1|           |           |           ||| 
0|           |           |           |||	
*Gross/Screenings

---


#**Release Schedule:**

A table including upcoming movies in the next month alongside trailers linked in the name of the movie, Want To See data from both Maoyan and Taopiaopiao alongside the Gender split and genre. 

Remember Want To See is not pre-sales. Its just an anticipation metric. A checkbox of sorts saying your interested in an upcoming movie.

Not all movies are included since a lot are just too small to be worth covering. 

---

**April:**

| Movie |Maoyan WTS|Daily Increase| Taopiaopiao WTS|Daily Increase|M/W %|Genre|Release Date|3rd party media projections
:----------- |:-----------:|:-----------:|:-----------:|:-----------:|:-----------:|:-----------:|:-----------:|:-----------:|
[Michael](https://vod.pipi.cn/fec9203cvodtransbj1251246104/4d3375735145403721513102387/v.f42905.mp4) |110k|+2k|96k|+1k|59/41|Biograpy/Drama|24.04|$8M

**May/Labor Day Holidays(30.4-5.5)**

| Movie |Maoyan WTS|Daily Increase| Taopiaopiao WTS|Daily Increase|M/W %|Genre|Release Date|3rd party media projections
:----------- |:-----------:|:-----------:|:-----------:|:-----------:|:-----------:|:-----------:|:-----------:|:-----------:|
[Devil Wears Prada 2](https://vod.pipi.cn/fec9203cvodtransbj1251246104/0a6e64625145403721118746297/v.f42905.mp4) |158k|+3k|267k|+9k|26/74|Drama/Comedy|30.04|$9-41M
[Cold War 1944](https://vod.pipi.cn/fec9203cvodtransbj1251246104/0a6e64625145403721118746297/v.f42905.mp4) |68k|+2k|89k|+1k|75/25|Drama/Action/Crime|01.05|$60-88M
[Vanishing Point](https://vod.pipi.cn/fec9203cvodtransbj1251246104/0a6e64625145403721118746297/v.f42905.mp4) |66k|+2k|29k|+1k|33/67|Thriller/Crime|01.05|$21-36M
[Being Toward Death](https://vod.pipi.cn/fec9203cvodtransbj1251246104/7978f4ba5145403722772255413/v.f42905.mp4) |19k|+1k|10k|+1k|38/62|Drama|01.05|
[Once a Thief](https://vod.pipi.cn/fec9203cvodtransbj1251246104/7978f4ba5145403722772255413/v.f42905.mp4) |26k|+1k|20k|+1k|47/53|Drama/Comedy/Action|03.05|

**May**

| Movie |Maoyan WTS|Daily Increase| Taopiaopiao WTS|Daily Increase|M/W %|Genre|Release Date|3rd party media projections
:----------- |:-----------:|:-----------:|:-----------:|:-----------:|:-----------:|:-----------:|:-----------:|:-----------:|
[Mortal Kombat II](https://vod.pipi.cn/fec9203cvodtransbj1251246104/33b8b9245145403722890582563/v.f42905.mp4) |22k|+1k|11k|+1k|75/25|Action/Fantasy|08.05|
[Love Battle](https://i.imgur.com/yT3kgKV.jpeg) |33k|+1k|48k|+1k|20/80|Romance/Comedy|20.05|
[Be Yourself](https://vod.pipi.cn/fec9203cvodtransbj1251246104/43e695815145403722808184482/v.f42905.mp4) |17k|+1k|16k|+1k|31/69|Romance/Comedy|20.05|
[Star Wars: Mandalorian &amp; Grogu](https://vod.pipi.cn/fec9203cvodtransbj1251246104/ae3ca3b05145403723990636789/v.f42905.mp4) |6k|+1k|10k|+1k|63/37|Actiiom/Sci-Fi|20.05|$5M
[All The Good Eyes](https://vod.pipi.cn/fec9203cvodtransbj1251246104/0a6e64625145403721118746297/v.f42905.mp4) |19k|+1k|11k|+1k|34/66|Drama/Romance/Crime|23.05|",25,0,1776883282.0,devil wears prada 2,nyc_premiere,2026-04-22,"In China It's OK leads on Wednesday with $0.36M(-29%)/$24.62M. Project Hail Mary in 4th adds $0.20M(-39%)/$37.45M. Michael opening day pre-sales hit $483k. Projected a $108-123k midnight screenings start tomorrow. Opening day projections downgraded to $1.8-2.3M into a likely $6-9M opening weekend. 
#**Daily Box Office (April 22th 2026)**

The market hits ¥12.7M/$1.86M. Down -2% from yesterday and down -20% from last week.

**[Cold War 1944](https://vod.pipi.cn/fec9203cvodtransbj1251246104/45290c5d5145403724255095740/v.f42905.mp4)** released its final trailer ahead of its May 1st release. 


---

**Province map of the day:** 

https://i.imgur.com/YNjci0P.png

It's OK mostly dominate on Wednesday.

**In Metropolitan cities:** 

Project Hail Mary wins  Shanghai and Beijing

Its OK wins Guangzhou, Wuhan, Chengdu, Nanjing, Shenzhen, Hangzhou, Chongqing and Suzhou 


**City tiers:**

Nobody But You 2 drops to 3rd in T4.

**Tier 1**: Project Hail Mary&gt;It's OK&gt;The Caged Butterfly 

**Tier 2**: It's OK&gt;The Caged Butterfly&gt;Project Hail Mary 

**Tier 3**: It's OK&gt;The Caged Butterfly&gt;Dear You

**Tier 4**: It's OK&gt;The Caged Butterfly&gt;Nobody But You 2

---

|# | Movie |Gross|%YD| %LW|Screenings|Admisions(Today)|Total Gross|Projected Total Gross|
:----------- |:-----------|:-----------:|:-----------:|:-----------:|:-----------:|:--------:|:-----------:|:-----------:| 
1|It's OK                  |$0.36M  |-1%  |-29%  |60966 |0.07M |$24.62M  |$27M-$31M
2|The Caged Butterfly      |$0.24M  |-5%  |-7%   |40025 |0.05M |$11.34M  |$13M-$14M
3|**Nobody But You 2**     |$0.20M  |-16% |      |45017 |0.04M |$2.81M   |$3M-$4M
4|Project Hail Mary        |$0.20M  |+1%  |-39%  |24209 |0.03M |$37.45M  |$40M-$42M        
5|Now I Met Her            |$0.13M  |-2%  |-38%  |30655 |0.02M |$10.18M  |$11M-$12M
6|Pegasus 3                |$0.13M  |-4%  |-16%  |21446 |0.02M |$638.80M |$639M-$640M   
7|**Organ Child**          |$0.10M  |-9%  |      |23844 |0.02M |$1.18M   |$1M-$2M 
8|Super Mario Galaxy Movie |$0.06M  |+6%  |-45%  |26190 |0.01M |$17.37M  |$19M-$21M
9|Blades of The Guardians  |$0.05M  |-2%  |-70%  |9106  |0.01M |$209.59M |$209M-$210M 
10|A Game of Identity      |$0.05M  |-11% |-61%  |20141 |0.01M |$7.88M   |$8M-$9M 
11|Hoppers                 |$0.03M  |-0%  |-50%  |8454  |0.01M |$23.74M  |$24M-$25M   

New releases marked in **bold**

---


**Pre-Sales map for tomorrow**

https://i.imgur.com/hUNEHxJ.png

Michael midnight screenings pre-sales dominate the map for Thursday.

---

**IMAX Screenings distribution**

Project Hail Mary will continue to dominate IMAX through the week.


||Movie|IMAX Screeninsgs Today|IMAX Screeninsgs Tomorrow|Change|
:----------- |:-----------:|:-----------:|:-----------:|:-----------:|:-----------:|:-----------:|:-----------:|
1|Project Hail Mary                   |2131   |2008 |-123
2|Super Mario Galaxy                  |135    |174  |+39

---


###**Super Mario Galaxy Movie**

Mario Galaxy grossed ¥0.44M/$0.06M on its 3rd Wednesday. Actually slightly up from yesterday. 

Still below the first movies ¥0.58M/$0.08M 3rd Wednesday and tied with the 3rd Wednesday of Hoppers at ¥0.44/$0.06M

**Super Mario Galaxy vs Super Mario Bros:**

Galaxy continues to flatline.

https://i.imgur.com/Xx3dW86.png

**Screen Distribution Split:** Regular: $16.20M    , IMAX: $0.69M   , Rest: $0.48M 

**WoM figures:**

Maoyan: 9.3 , Taopiaopiao: 9.3 , Douban: 7.0

|#|FRI|SAT|SUN|MON|TUE|WED|THU|Total|
|:-----------:|:-----------:|:-----------:|:-----------:|:-----------:|:-----------:|:-----------:|:-----------:|:-----------:|:-----------:|							
|Second  Week |$0.37M|$1.58M|$1.32M|$0.12M|$0.10M|$0.11M|$0.10M|$15.15M
|Third  Week |$0.24M|$0.95M|$0.83M|$0.08M|$0.06M|$0.06M| |$17.37M
|%± LW|-35%|-40%|-37%|-33%|-40%|-45%| | |			
	
**Scheduled showings update for Super Mario Galaxy Movie for the next few days:**

|Day |  Number of Showings |Presales|Projection
:----------- |:-----------:|:-----------:|:-----------:|
Today|26462|$7k|$0.05M-$0.06M
Thursday|26293|$7k|$0.05M-$0.06M
Friday|13268|$4k|$0.05M-$0.06M
---

###**Project Hail Mary**

Project Hail Mary in 4th grossed ¥1.37M/$0.20M on Wednesday. Stays pretty much flat for a 2nd 

**Screen Distribution Split:** Regular: $24.20M    , IMAX: $10.84M   , Rest: $2.29M 

**WoM figures:**

Maoyan: 9.3       , Taopiaopiao: 9.2      , Douban: 8.6

|#|FRI|SAT|SUN|MON|TUE|WED|THU|Total|
|:-----------:|:-----------:|:-----------:|:-----------:|:-----------:|:-----------:|:-----------:|:-----------:|:-----------:|:-----------:|								
|Fourth  Week |$0.55M|$1.38M|$1.07M|$0.28M|$0.34M|$0.33M|$0.28M	|$34.61M
|Fifth Week |$0.44M|$1.02M|$0.78M|$0.20M|$0.20M|$0.20M	| |$37.45M
|%± LW|-20%|-26%|-27%|-28%|-40%|-39%| | |		

**Scheduled showings update for Project Hail Mary for the next few days:**

|Day |  Number of Showings |Presales|Projection
:----------- |:-----------:|:-----------:|:-----------:|
Today|24533|$25k|$0.19M-$0.20M
Thursday|24435|$28k|$0.18M-$0.19M
Friday|13503|$8k|$0.18M-$0.19M

---

#**Other stuff:**

The next Holywood release Michael on April 24th followed by Devil Wears Prada 2 on the 30th.

---

**Michael Opening Day pre-sales**

Michael started its run with a very limited 3 screenings preview where it grossed $8k

**Michael** opening day pre-sales hit $481k at T-1. $541k including previews and midnight screenings. Continues to not exactly set the world on fire. 

Final opening day pre-sales will likely land around $700k. 

Full weekend pre-sales hit $878k

Midnight screenings tomorrow are now projected at $108-123k. 

Opening day projections downgraded to $1.8-2.3M. Opening weekend should land somewhere between $6-8M if these opening day projecitons hold.

|Days till release |Michael | Project Hail Mary |F1 |
:----------- |:-----------:|:-----------:|:-----------:|:-----------:|:-----------:|:-----------:|:-----------:|  
8|$40k/12877 |/          |$31k/14328 |||   
7|$115k/18281|/          |$48k/15335 |||   
6|$170k/20839|$19k/4747  |$69k/16308 ||| 
5|$211k/23170|$38k/6270  |$87k/17506 |$833k/9748|| 
4|$253k/25655|$62k/7441  |$107k/19421||| 
3|$318k/30730|$104k/9268 |$156k/21808||| 		
2|$391k/43009|$154k/12234|$230k/29788|||
1|$483k/65765|$266k/18902|$319k/43313||| 
0|           |$473k/23759|$543k/51748|||	
*Gross/Screenings

---

**May/Labor Day:**

The Devil Wears Prada 2 will release on the 30th while the local movies arive on the 1st.

Cold War 1944 which is expected to be the biggest movie of the Holidays is leading pre-sales.

|Days till release |The Devil Wears Prada 2 |Cold War 1994 |Vanishing Point |Being Towards Death
:----------- |:-----------:|:-----------:|:-----------:|:-----------:|:-----------:|:-----------:|:-----------:|  
9|/          |$68k/35764 |$20k/13736 |$12k/15106|| 
8|/          |$191k/44903|$137k/19293|$52k/19940||   
7|$8k/2229   |           |           |||   
6|           |           |           ||| 
5|           |           |           || 
4|           |           |           ||| 
3|           |           |           ||| 		
2|           |           |           |||
1|           |           |           ||| 
0|           |           |           |||	
*Gross/Screenings

---


#**Release Schedule:**

A table including upcoming movies in the next month alongside trailers linked in the name of the movie, Want To See data from both Maoyan and Taopiaopiao alongside the Gender split and genre. 

Remember Want To See is not pre-sales. Its just an anticipation metric. A checkbox of sorts saying your interested in an upcoming movie.

Not all movies are included since a lot are just too small to be worth covering. 

---

**April:**

| Movie |Maoyan WTS|Daily Increase| Taopiaopiao WTS|Daily Increase|M/W %|Genre|Release Date|3rd party media projections
:----------- |:-----------:|:-----------:|:-----------:|:-----------:|:-----------:|:-----------:|:-----------:|:-----------:|
[Michael](https://vod.pipi.cn/fec9203cvodtransbj1251246104/4d3375735145403721513102387/v.f42905.mp4) |110k|+2k|96k|+1k|59/41|Biograpy/Drama|24.04|$8M

**May/Labor Day Holidays(30.4-5.5)**

| Movie |Maoyan WTS|Daily Increase| Taopiaopiao WTS|Daily Increase|M/W %|Genre|Release Date|3rd party media projections
:----------- |:-----------:|:-----------:|:-----------:|:-----------:|:-----------:|:-----------:|:-----------:|:-----------:|
[Devil Wears Prada 2](https://vod.pipi.cn/fec9203cvodtransbj1251246104/0a6e64625145403721118746297/v.f42905.mp4) |158k|+3k|267k|+9k|26/74|Drama/Comedy|30.04|$9-41M
[Cold War 1944](https://vod.pipi.cn/fec9203cvodtransbj1251246104/0a6e64625145403721118746297/v.f42905.mp4) |68k|+2k|89k|+1k|75/25|Drama/Action/Crime|01.05|$60-88M
[Vanishing Point](https://vod.pipi.cn/fec9203cvodtransbj1251246104/0a6e64625145403721118746297/v.f42905.mp4) |66k|+2k|29k|+1k|33/67|Thriller/Crime|01.05|$21-36M
[Being Toward Death](https://vod.pipi.cn/fec9203cvodtransbj1251246104/7978f4ba5145403722772255413/v.f42905.mp4) |19k|+1k|10k|+1k|38/62|Drama|01.05|
[Once a Thief](https://vod.pipi.cn/fec9203cvodtransbj1251246104/7978f4ba5145403722772255413/v.f42905.mp4) |26k|+1k|20k|+1k|47/53|Drama/Comedy/Action|03.05|

**May**

| Movie |Maoyan WTS|Daily Increase| Taopiaopiao WTS|Daily Increase|M/W %|Genre|Release Date|3rd party media projections
:----------- |:-----------:|:-----------:|:-----------:|:-----------:|:-----------:|:-----------:|:-----------:|:-----------:|
[Mortal Kombat II](https://vod.pipi.cn/fec9203cvodtransbj1251246104/33b8b9245145403722890582563/v.f42905.mp4) |22k|+1k|11k|+1k|75/25|Action/Fantasy|08.05|
[Love Battle](https://i.imgur.com/yT3kgKV.jpeg) |33k|+1k|48k|+1k|20/80|Romance/Comedy|20.05|
[Be Yourself](https://vod.pipi.cn/fec9203cvodtransbj1251246104/43e695815145403722808184482/v.f42905.mp4) |17k|+1k|16k|+1k|31/69|Romance/Comedy|20.05|
[Star Wars: Mandalorian &amp; Grogu](https://vod.pipi.cn/fec9203cvodtransbj1251246104/ae3ca3b05145403723990636789/v.f42905.mp4) |6k|+1k|10k|+1k|63/37|Actiiom/Sci-Fi|20.05|$5M
[All The Good Eyes](https://vod.pipi.cn/fec9203cvodtransbj1251246104/0a6e64625145403721118746297/v.f42905.mp4) |19k|+1k|11k|+1k|34/66|Drama/Romance/Crime|23.05|"
1sso8xi,boxoffice,"r/BoxOffice Long Range Forecast: 'The Mandalorian and Grogu', 'Passenger' and 'I Love Boosters'","Before you comment, read these two rules:

#**1. Please provide specific numbers for your predictions. Don't do like ""It'll make less than this or that"" or ""double this movie or half this movie"". We want a real prediction.**

#**2. Given that a lot of parent comments do not even bother to give predictions, we are establishing a new rule. The parent comment must provide a prediction with specific numbers. The rest of the replies to the comment do not have to make a prediction, but the parent comment absolutely has to. Any parent comment without a prediction will be eliminated.**

Welcome to the newest edition of r/BoxOffice Long Range Forecast. And just like that, the 2026 summer season officially begins.

We're making long range predictions for films, 4 weeks out from their premieres. You will predict the opening weekend, domestic total and worldwide gross of these films. These predictions will be open for 48 hours and the results will be polled to form a consensus and posted the next week.

So let's meet the three films for the week and analyze each pro and con.

#**The Mandalorian and Grogu**

The film is directed by Jon Favreau (*Iron Man*, *The Lion King*, *The Jungle Book*, *Elf*, *Zathura*, etc.) and co-written by Favreau, Dave Filoni, and Noah Kloor. It is part of the *Star Wars* franchise and a continuation of the Disney+ television series *The Mandalorian*. It stars Pedro Pascal, Jeremy Allen White and Sigourney Weaver. In the film, which is set following the fall of the Galactic Empire, Din Djarin and his apprentice Grogu are enlisted by the New Republic to rescue Rotta the Hutt in exchange for information on a target.

#**Passenger**

The film is directed by André Øvredal (*Scary Stories to Tell in the Dark*, *The Last Voyage of the Demeter*) and written by T.W. Burgess and Zachary Donohue. It stars Jacob Scipio, Lou Llobell, and Melissa Leo. A few weeks into their van life adventure, a young couple witnesses a horrific accident that leaves the driver dead. Soon they’re being pursued by a demonic stalker who’s impossible to outrun and follows them wherever they go.

#**I Love Boosters**

The film is written and directed by Boots Riley (*Sorry to Bother You* and *I'm a Virgo*). It stars Keke Palmer, Naomi Ackie, Taylour Paige, Poppy Liu, Eiza González, LaKeith Stanfield, Will Poulter, Don Cheadle, and Demi Moore, and follows a group of shoplifters who take aim at a cutthroat fashion maven.

Now that you met this week's new release, let's look at some pros and cons.

#**PROS**

- *The Mandalorian and Grogu* marks the return of *Star Wars* to the big screen after a 7-year hiatus. Quality has been inconsistent, but *The Mandalorian* proved to be a big streaming success when it premiered back in 2019. The star rise of Pedro Pascal, along with the popularity of Grogu, should also be a plus. Jon Favreau also has a pretty great record when it comes to crowdpleasers, so it is expected that he can deliver a quality product. Dave Filoni’s involvement shouldn’t be underestimated either. Disney has made an aggressive push in marketing, highlighting the pairing of Pascal and Grogu as the selling point. The presence of the latter is hopefully indicating that families could be excited for this title. But it’s still a *Star Wars* title, so the push is also focused on action and big set pieces. Pre-sales have started last week, and they look very promising so far.

- *Passenger* can benefit from horror fans. While *Demeter* wasn't a success, Øvredal hit some high marks with *Scary Stories* back in 2019. Trailers look eerie, and if *Obsession* can't attract interest, it could be the first horror event in so many weeks.

- Boots Riley has amassed his own cult following, thanks to projects like *Sorry to Bother You* and *I'm a Virgo*. The trailers are very intriguing, promising that this is gonna be another wild ride. A stacked cast, along with light competition for dark comedies could result in an over-performance, especially with great reviews on its side (97% on RT).

#**CONS**

- To say that *Star Wars* has not lived up to its potential in the past years is selling it short. The mixed reception to the sequel trilogy, along with the varied quality of the streaming projects, have not helped in maintaining the brand in a positive light. And that sadly includes *The Mandalorian* too; while a notable success on its first two seasons, reception dwindled for the third season, along with a decline in buzz and no notable streaming records. That's what leads many to ponder if the show is still popular, and if it's enough to propel a theatrical movie. And that brings up another problem; it's a continuation to a streaming show. While that means it already has a built-in audience, it's a double-edged sword for two reasons; 1) it limits the audience as casuals won't watch 3 seasons of a show just to get a gist of the movie, and 2) who's to say that the audience that watches the show on Disney+ won't just wait till it's on streaming? It doesn't help that the trailers have struggled to maintain interest; there are no high views even compared to other trailers, and a misguided Super Bowl spot only caused confusion rather than excitement. It doesn’t help that most of the trailers have been so-so, signaling that it doesn’t look quite “cinematic” and it’s just an extended TV episode. One thing's clear: it's not gonna have great legs. Not only because movie continuations of TV shows don’t usually have them (look at *The Simpsons*, *The X-Files*, *Downton Abbey*, etc.), but because *Star Wars* doesn’t usually have them. *The Last Jedi* and *The Rise of Skywalker* couldn't hit a 3x multiplier despite being released during the holidays, and *Solo* mustered a mediocre 2.53x multiplier when it opened on the same Memorial Day weekend back in 2018, and that's after an already weak debut. And now that we mention *Solo*, this is your reminder that *Star Wars* is not flop-proof at the box office. That made $392 million worldwide, which means this franchise has no floor. *Star Wars* is also not a very strong presence in the overseas markets, judging by the trajectory of the sequels (45.2/54.8 &gt; 46.5/53.5 &gt; 47.8/52.2) and how *Solo* skewed domestically (54.4/45.6). If even the MCU is struggling with overseas appeal, now imagine *Star Wars*. Pre-sales are definitely strong so far, but it should be taken with caution; *Star Wars* was pre-sale heavy pre-COVID, even more than superhero titles (*Solo* was looking like a big opener based on its first days before completely dying). Times may be different, but there is no indication this isn't going to be different. And finally there's the audience factor; it's targeting families, but *Star Wars* has struggled to win over Gen Z and Gen Alpha. It doesn't help that it could lose that potential audience (Gen Z) to other titles like *Backrooms* or *Scary Movie* (sounds crazy, but the trailer managed to build buzz among that audience) in the coming weeks.

- Even though it looks eerie, *Passenger* feels like a pastiche of older and much better horror titles. Øvredal still hasn't become household name (as evidenced by the failure of *Demeter*), and the lack of big names is a disadvantage. Besides, whatever it does, it will get eclipsed the following week by the buzzier and much more anticipated horror *Backrooms*.

- Boots Riley is still not a crowdpleaser director. If you watched either *Sorry to Bother You* or *I'm a Virgo*, you know big audiences aren't expected here. Even with a stacked cast, most aren't proven box office draws, and the premise promises to be very wild and bizarre. That can be hit-and-miss at the box office.

And here's the past results.

Movie | Release Date | Distributor | Domestic Debut | Domestic Total | Worldwide Total
:-------:|:--------:|:--------:|:--------:|:--------:|:--------:|
*Michael* | April 24 | Lionsgate / Universal | $107,819,444 | $331,319,444 | $888,342,500
*The Devil Wears Prada 2* | May 1 | 20th Century Studios | $94,848,421 | $286,791,891 | $633,095,675
*Mortal Kombat II* | May 8 | Warner Bros. | $39,057,142 | $98,290,476 | $209,861,904
*The Sheep Detectives* | May 8 | Amazon MGM | $11,575,000 | $35,137,500 | $80,956,250
*Billie Eilish – Hit Me Hard and Soft: The Tour Live in 3D* | May 8 | Paramount | $17,444,444 | $33,222,222 | $59,444,444
*Obsession* | May 15 | Focus Features | $8,642,857 | $22,428,571 | $35,857,142
*Is God Is* | May 15 | Amazon MGM | $5,357,142 | $13,285,714 | $15,785,714

Next week, we're predicting *Backrooms*, *The Breadwinner* and *Pressure*. 

#**REMINDER: This weekend is Memorial Day weekend. So please include both 3-day and 4-day opening for all films.**

So what are your predictions for these films?",10,56,1776870482.0,devil wears prada 2,nyc_premiere,2026-04-22,"r/BoxOffice Long Range Forecast: 'The Mandalorian and Grogu', 'Passenger' and 'I Love Boosters' Before you comment, read these two rules:

#**1. Please provide specific numbers for your predictions. Don't do like ""It'll make less than this or that"" or ""double this movie or half this movie"". We want a real prediction.**

#**2. Given that a lot of parent comments do not even bother to give predictions, we are establishing a new rule. The parent comment must provide a prediction with specific numbers. The rest of the replies to the comment do not have to make a prediction, but the parent comment absolutely has to. Any parent comment without a prediction will be eliminated.**

Welcome to the newest edition of r/BoxOffice Long Range Forecast. And just like that, the 2026 summer season officially begins.

We're making long range predictions for films, 4 weeks out from their premieres. You will predict the opening weekend, domestic total and worldwide gross of these films. These predictions will be open for 48 hours and the results will be polled to form a consensus and posted the next week.

So let's meet the three films for the week and analyze each pro and con.

#**The Mandalorian and Grogu**

The film is directed by Jon Favreau (*Iron Man*, *The Lion King*, *The Jungle Book*, *Elf*, *Zathura*, etc.) and co-written by Favreau, Dave Filoni, and Noah Kloor. It is part of the *Star Wars* franchise and a continuation of the Disney+ television series *The Mandalorian*. It stars Pedro Pascal, Jeremy Allen White and Sigourney Weaver. In the film, which is set following the fall of the Galactic Empire, Din Djarin and his apprentice Grogu are enlisted by the New Republic to rescue Rotta the Hutt in exchange for information on a target.

#**Passenger**

The film is directed by André Øvredal (*Scary Stories to Tell in the Dark*, *The Last Voyage of the Demeter*) and written by T.W. Burgess and Zachary Donohue. It stars Jacob Scipio, Lou Llobell, and Melissa Leo. A few weeks into their van life adventure, a young couple witnesses a horrific accident that leaves the driver dead. Soon they’re being pursued by a demonic stalker who’s impossible to outrun and follows them wherever they go.

#**I Love Boosters**

The film is written and directed by Boots Riley (*Sorry to Bother You* and *I'm a Virgo*). It stars Keke Palmer, Naomi Ackie, Taylour Paige, Poppy Liu, Eiza González, LaKeith Stanfield, Will Poulter, Don Cheadle, and Demi Moore, and follows a group of shoplifters who take aim at a cutthroat fashion maven.

Now that you met this week's new release, let's look at some pros and cons.

#**PROS**

- *The Mandalorian and Grogu* marks the return of *Star Wars* to the big screen after a 7-year hiatus. Quality has been inconsistent, but *The Mandalorian* proved to be a big streaming success when it premiered back in 2019. The star rise of Pedro Pascal, along with the popularity of Grogu, should also be a plus. Jon Favreau also has a pretty great record when it comes to crowdpleasers, so it is expected that he can deliver a quality product. Dave Filoni’s involvement shouldn’t be underestimated either. Disney has made an aggressive push in marketing, highlighting the pairing of Pascal and Grogu as the selling point. The presence of the latter is hopefully indicating that families could be excited for this title. But it’s still a *Star Wars* title, so the push is also focused on action and big set pieces. Pre-sales have started last week, and they look very promising so far.

- *Passenger* can benefit from horror fans. While *Demeter* wasn't a success, Øvredal hit some high marks with *Scary Stories* back in 2019. Trailers look eerie, and if *Obsession* can't attract interest, it could be the first horror event in so many weeks.

- Boots Riley has amassed his own cult following, thanks to projects like *Sorry to Bother You* and *I'm a Virgo*. The trailers are very intriguing, promising that this is gonna be another wild ride. A stacked cast, along with light competition for dark comedies could result in an over-performance, especially with great reviews on its side (97% on RT).

#**CONS**

- To say that *Star Wars* has not lived up to its potential in the past years is selling it short. The mixed reception to the sequel trilogy, along with the varied quality of the streaming projects, have not helped in maintaining the brand in a positive light. And that sadly includes *The Mandalorian* too; while a notable success on its first two seasons, reception dwindled for the third season, along with a decline in buzz and no notable streaming records. That's what leads many to ponder if the show is still popular, and if it's enough to propel a theatrical movie. And that brings up another problem; it's a continuation to a streaming show. While that means it already has a built-in audience, it's a double-edged sword for two reasons; 1) it limits the audience as casuals won't watch 3 seasons of a show just to get a gist of the movie, and 2) who's to say that the audience that watches the show on Disney+ won't just wait till it's on streaming? It doesn't help that the trailers have struggled to maintain interest; there are no high views even compared to other trailers, and a misguided Super Bowl spot only caused confusion rather than excitement. It doesn’t help that most of the trailers have been so-so, signaling that it doesn’t look quite “cinematic” and it’s just an extended TV episode. One thing's clear: it's not gonna have great legs. Not only because movie continuations of TV shows don’t usually have them (look at *The Simpsons*, *The X-Files*, *Downton Abbey*, etc.), but because *Star Wars* doesn’t usually have them. *The Last Jedi* and *The Rise of Skywalker* couldn't hit a 3x multiplier despite being released during the holidays, and *Solo* mustered a mediocre 2.53x multiplier when it opened on the same Memorial Day weekend back in 2018, and that's after an already weak debut. And now that we mention *Solo*, this is your reminder that *Star Wars* is not flop-proof at the box office. That made $392 million worldwide, which means this franchise has no floor. *Star Wars* is also not a very strong presence in the overseas markets, judging by the trajectory of the sequels (45.2/54.8 &gt; 46.5/53.5 &gt; 47.8/52.2) and how *Solo* skewed domestically (54.4/45.6). If even the MCU is struggling with overseas appeal, now imagine *Star Wars*. Pre-sales are definitely strong so far, but it should be taken with caution; *Star Wars* was pre-sale heavy pre-COVID, even more than superhero titles (*Solo* was looking like a big opener based on its first days before completely dying). Times may be different, but there is no indication this isn't going to be different. And finally there's the audience factor; it's targeting families, but *Star Wars* has struggled to win over Gen Z and Gen Alpha. It doesn't help that it could lose that potential audience (Gen Z) to other titles like *Backrooms* or *Scary Movie* (sounds crazy, but the trailer managed to build buzz among that audience) in the coming weeks.

- Even though it looks eerie, *Passenger* feels like a pastiche of older and much better horror titles. Øvredal still hasn't become household name (as evidenced by the failure of *Demeter*), and the lack of big names is a disadvantage. Besides, whatever it does, it will get eclipsed the following week by the buzzier and much more anticipated horror *Backrooms*.

- Boots Riley is still not a crowdpleaser director. If you watched either *Sorry to Bother You* or *I'm a Virgo*, you know big audiences aren't expected here. Even with a stacked cast, most aren't proven box office draws, and the premise promises to be very wild and bizarre. That can be hit-and-miss at the box office.

And here's the past results.

Movie | Release Date | Distributor | Domestic Debut | Domestic Total | Worldwide Total
:-------:|:--------:|:--------:|:--------:|:--------:|:--------:|
*Michael* | April 24 | Lionsgate / Universal | $107,819,444 | $331,319,444 | $888,342,500
*The Devil Wears Prada 2* | May 1 | 20th Century Studios | $94,848,421 | $286,791,891 | $633,095,675
*Mortal Kombat II* | May 8 | Warner Bros. | $39,057,142 | $98,290,476 | $209,861,904
*The Sheep Detectives* | May 8 | Amazon MGM | $11,575,000 | $35,137,500 | $80,956,250
*Billie Eilish – Hit Me Hard and Soft: The Tour Live in 3D* | May 8 | Paramount | $17,444,444 | $33,222,222 | $59,444,444
*Obsession* | May 15 | Focus Features | $8,642,857 | $22,428,571 | $35,857,142
*Is God Is* | May 15 | Amazon MGM | $5,357,142 | $13,285,714 | $15,785,714

Next week, we're predicting *Backrooms*, *The Breadwinner* and *Pressure*. 

#**REMINDER: This weekend is Memorial Day weekend. So please include both 3-day and 4-day opening for all films.**

So what are your predictions for these films?"
1ssne97,boxoffice,The Devil Wears Prada 2 - Thoughts?,"How does everything think the Devil Wears Prada 2 will do? The trailers seem a little underwhelming and it looks geared more towards nostalgia than telling a new story. Plus, I'm seeing presales seem slow. I'm seeing estimates up to $210m but I'm feeling skeptical on this one. Does Michael releasing a week earlier cut into the DWP2 audience? Is DWP2 viewed more as a streaming comfort? Let's hear your thoughts.",57,134,1776868645.0,devil wears prada 2,nyc_premiere,2026-04-22,"The Devil Wears Prada 2 - Thoughts? How does everything think the Devil Wears Prada 2 will do? The trailers seem a little underwhelming and it looks geared more towards nostalgia than telling a new story. Plus, I'm seeing presales seem slow. I'm seeing estimates up to $210m but I'm feeling skeptical on this one. Does Michael releasing a week earlier cut into the DWP2 audience? Is DWP2 viewed more as a streaming comfort? Let's hear your thoughts."
1srucpf,boxoffice,In China It's OK leads on Tuesday with $0.36M(-31%)/$24.26M. Project Hail Mary in 4th adds $0.20M(-40%)/$37.25M while Super Mario Galaxy adds $0.06M(-40%)/$17.31M. Michael opening day pre-sales hit $391k. Projected a $140-160k midnight screenings start on Thursday into a $2-3M opening day on Friday.,"#**Daily Box Office (April 21th 2026)**

The market hits ¥12.8M/$1.88M. Down -8% from yesterday and down -12% from last week.

---

**Province map of the day:** 

https://i.imgur.com/k0JjEmz.png

It's OK mostly dominate on Tuesday

**In Metropolitan cities:** 

Project Hail Mary wins  Shanghai and Beijing

Its OK wins Guangzhou, Wuhan, Chengdu, Nanjing, Shenzhen, Hangzhou, Chongqing and Suzhou 


**City tiers:**

The Caged Butterfly  climbs to 3rd in T1 and 2nd in T2.

**Tier 1**: Project Hail Mary&gt;It's OK&gt;The Caged Butterfly 

**Tier 2**: It's OK&gt;The Caged Butterfly&gt;Project Hail Mary 

**Tier 3**: It's OK&gt;The Caged Butterfly&gt;Nobody But You 2

**Tier 4**: Nobody But You 2&gt;It's OK&gt;The Caged Butterfly

---

|# | Movie |Gross|%YD| %LW|Screenings|Admisions(Today)|Total Gross|Projected Total Gross|
:----------- |:-----------|:-----------:|:-----------:|:-----------:|:-----------:|:--------:|:-----------:|:-----------:| 
1|It's OK                  |$0.36M  |-1%  |-31%  |61048 |0.07M |$24.26M  |$27M-$31M
2|The Caged Butterfly      |$0.25M  |-1%  |+2%   |39659 |0.05M |$11.10M  |$13M-$14M
3|**Nobody But You 2**     |$0.24M  |-17% |      |45849 |0.04M |$2.61M   |$3M-$4M
4|Project Hail Mary        |$0.20M  |-2%  |-40%  |24310 |0.03M |$37.25M  |$40M-$41M
5|Pegasus 3                |$0.13M  |-4%  |-14%  |21142 |0.02M |$638.67M |$639M-$640M           
6|Now I Met Her            |$0.13M  |-1%  |-38%  |30668 |0.03M |$10.05M  |$11M-$12M
7|**Organ Child**          |$0.12M  |-15% |      |24280 |0.02M |$1.08M   |$1M-$2M 
8|Super Mario Galaxy Movie |$0.06M  |-28% |-40%  |27102 |0.01M |$17.31M  |$19M-$21M
9|A Game of Identity       |$0.05M  |-10% |-60%  |20481 |0.01M |$7.83M   |$8M-$9M 
10|Blades of The Guardians |$0.05M  |-1%  |-15%  |8692  |0.01M |$209.54M |$209M-$210M 
11|Hoppers                 |$0.03M  |-37% |-62%  |8619  |0.01M |$23.71M  |$24M-$25M   

New releases marked in **bold**

---


**Pre-Sales map for tomorrow**

https://i.imgur.com/mVR3oH6.png

It's OK mostly dominate pre-sales for Wednesday.

---

**IMAX Screenings distribution**

Project Hail Mary will continue to dominate IMAX through the week.


||Movie|IMAX Screeninsgs Today|IMAX Screeninsgs Tomorrow|Change|
:----------- |:-----------:|:-----------:|:-----------:|:-----------:|:-----------:|:-----------:|:-----------:|
1|Project Hail Mary                   |2147   |2163 |+,16
2|Super Mario Galaxy                  |146    |139  |-7
3|Hoppers                             |3      |5    |+2

---


###**Super Mario Galaxy Movie**

Mario Galaxy grossed ¥0.41M/$0.06M on its 3rd Tuesday. Below the first movies ¥0.62M/$0.09M 3rd Monday and below the 3rd Tuesday of Hoppers ¥0.54/$0.08M

**Super Mario Galaxy vs Super Mario Bros:**

Galaxy continues to flatline.

https://i.imgur.com/IlHGFfC.png

**Screen Distribution Split:** Regular: $16.14M    , IMAX: $0.69M   , Rest: $0.48M 

**WoM figures:**

Maoyan: 9.3 , Taopiaopiao: 9.3 , Douban: 7.0

|#|FRI|SAT|SUN|MON|TUE|WED|THU|Total|
|:-----------:|:-----------:|:-----------:|:-----------:|:-----------:|:-----------:|:-----------:|:-----------:|:-----------:|:-----------:|							
|Second  Week |$0.37M|$1.58M|$1.32M|$0.12M|$0.10M|$0.11M|$0.10M|$15.15M
|Third  Week |$0.24M|$0.95M|$0.83M|$0.08M|$0.06M| | |$17.31M
|%± LW|-35%|-40%|-37%|-33%|-40%| | | |			
	
**Scheduled showings update for Super Mario Galaxy Movie for the next few days:**

|Day |  Number of Showings |Presales|Projection
:----------- |:-----------:|:-----------:|:-----------:|
Today|27541|$6k|$0.07M-$0.12M
Wednesday|26462|$7k|$0.05M-$0.06M
Thursday|19862|$2k|$0.05M-$0.06M

---

###**Project Hail Mary**

Project Hail Mary in 4th grossed ¥1.36M/$0.20M on Tuesday. Continues its way towards $40M

**Screen Distribution Split:** Regular: $24.06M    , IMAX: $10.79M   , Rest: $2.28M 

**WoM figures:**

Maoyan: 9.3       , Taopiaopiao: 9.2      , Douban: 8.6

|#|FRI|SAT|SUN|MON|TUE|WED|THU|Total|
|:-----------:|:-----------:|:-----------:|:-----------:|:-----------:|:-----------:|:-----------:|:-----------:|:-----------:|:-----------:|								
|Fourth  Week |$0.55M|$1.38M|$1.07M|$0.28M|$0.34M|$0.33M|$0.28M	|$34.61M
|Fifth Week |$0.44M|$1.02M|$0.78M|$0.20M|$0.20M| | |$37.25M
|%± LW|-20%|-26%|-27%|-28%|-40%| | | |		

**Scheduled showings update for Project Hail Mary for the next few days:**

|Day |  Number of Showings |Presales|Projection
:----------- |:-----------:|:-----------:|:-----------:|
Today|24633|$25k|$0.18M-$0.19M
Wednesday|24533|$25k|$0.19M-$0.20M
Thursday|19217|$8k|$0.18M-$0.19M

---

#**Other stuff:**

The next Holywood release Michael on April 24th followed by Devil Wears Prada 2 on the 30th.

---

**Michael Opening Day pre-sales**

**Michael** pre-sales hit $391k at T-2. $439k including previews and midnight screenings. Not exatly scorching pace. Final opening day pre-sales will likely fall well short of $1M

Full weekend pre-sales hit $717k

Midnight screenings now projected at $140-160k. Opening day projections start at $2-3M.

|Days till release |Michael | Project Hail Mary |F1 |
:----------- |:-----------:|:-----------:|:-----------:|:-----------:|:-----------:|:-----------:|:-----------:|  
8|$40k/12877 |/          |$31k/14328 |||   
7|$115k/18281|/          |$48k/15335 |||   
6|$170k/20839|$19k/4747  |$69k/16308 ||| 
5|$211k/23170|$38k/6270  |$87k/17506 |$833k/9748|| 
4|$253k/25655|$62k/7441  |$107k/19421||| 
3|$318k/30730|$104k/9268 |$156k/21808||| 		
2|$391k/43009|$154k/12234|$230k/29788|||
1|           |$266k/18902|$319k/43313||| 
0|           |$473k/23759|$543k/51748|||	
*Gross/Screenings

---


#**Release Schedule:**

A table including upcoming movies in the next month alongside trailers linked in the name of the movie, Want To See data from both Maoyan and Taopiaopiao alongside the Gender split and genre. 

Remember Want To See is not pre-sales. Its just an anticipation metric. A checkbox of sorts saying your interested in an upcoming movie.

Not all movies are included since a lot are just too small to be worth covering. 

---

**April:**

| Movie |Maoyan WTS|Daily Increase| Taopiaopiao WTS|Daily Increase|M/W %|Genre|Release Date|3rd party media projections
:----------- |:-----------:|:-----------:|:-----------:|:-----------:|:-----------:|:-----------:|:-----------:|:-----------:|
[Michael](https://vod.pipi.cn/fec9203cvodtransbj1251246104/4d3375735145403721513102387/v.f42905.mp4) |109k|+2k|95k|+2k|59/41|Biograpy/Drama|24.04|$14M

**May/Labor Day Holidays(30.4-5.5)**

| Movie |Maoyan WTS|Daily Increase| Taopiaopiao WTS|Daily Increase|M/W %|Genre|Release Date|3rd party media projections
:----------- |:-----------:|:-----------:|:-----------:|:-----------:|:-----------:|:-----------:|:-----------:|:-----------:|
[Devil Wears Prada 2](https://vod.pipi.cn/fec9203cvodtransbj1251246104/0a6e64625145403721118746297/v.f42905.mp4) |155k|+6k|257k|+9k|26/74|Drama/Comedy|30.04|$9-41M
[Cold War 1944](https://vod.pipi.cn/fec9203cvodtransbj1251246104/0a6e64625145403721118746297/v.f42905.mp4) |66k|+2k|88k|+3k|75/25|Drama/Action/Crime|01.05|$60-88M
[Vanishing Point](https://vod.pipi.cn/fec9203cvodtransbj1251246104/0a6e64625145403721118746297/v.f42905.mp4) |64k|+3k|28k|+1k|33/67|Thriller/Crime|01.05|$21-36M
[All The Good Eyes](https://vod.pipi.cn/fec9203cvodtransbj1251246104/0a6e64625145403721118746297/v.f42905.mp4) |19k|+1k|11k|+1k|34/66|Drama/Romance/Crime|01.05|
[Being Toward Death](https://vod.pipi.cn/fec9203cvodtransbj1251246104/7978f4ba5145403722772255413/v.f42905.mp4) |18k|+1k|9k|+1k|38/62|Drama|01.05|
[Once a Thief](https://vod.pipi.cn/fec9203cvodtransbj1251246104/7978f4ba5145403722772255413/v.f42905.mp4) |25k|+1k|19k|+1k|47/53|Drama/Comedy/Action|03.05|$6M

**May**

| Movie |Maoyan WTS|Daily Increase| Taopiaopiao WTS|Daily Increase|M/W %|Genre|Release Date|3rd party media projections
:----------- |:-----------:|:-----------:|:-----------:|:-----------:|:-----------:|:-----------:|:-----------:|:-----------:|
[Mortal Kombat II](https://vod.pipi.cn/fec9203cvodtransbj1251246104/33b8b9245145403722890582563/v.f42905.mp4) |22k|+1k|11k|+1k|75/25|Action/Fantasy|08.05|$6M
[Love Battle](https://i.imgur.com/yT3kgKV.jpeg) |33k|+1k|48k|+1k|20/80|Romance/Comedy|20.05|$3M
[Be Yourself](https://vod.pipi.cn/fec9203cvodtransbj1251246104/43e695815145403722808184482/v.f42905.mp4) |16k|+1k|16k|+1k|31/69|Romance/Comedy|20.05|$7M
[Star Wars: Mandalorian &amp; Grogu](https://vod.pipi.cn/fec9203cvodtransbj1251246104/ae3ca3b05145403723990636789/v.f42905.mp4) |5k|+1k|9k|+1k|63/37|Actiiom/Sci-Fi|20.05|$5M",26,16,1776792074.0,devil wears prada 2,nyc_premiere,2026-04-21,"In China It's OK leads on Tuesday with $0.36M(-31%)/$24.26M. Project Hail Mary in 4th adds $0.20M(-40%)/$37.25M while Super Mario Galaxy adds $0.06M(-40%)/$17.31M. Michael opening day pre-sales hit $391k. Projected a $140-160k midnight screenings start on Thursday into a $2-3M opening day on Friday. #**Daily Box Office (April 21th 2026)**

The market hits ¥12.8M/$1.88M. Down -8% from yesterday and down -12% from last week.

---

**Province map of the day:** 

https://i.imgur.com/k0JjEmz.png

It's OK mostly dominate on Tuesday

**In Metropolitan cities:** 

Project Hail Mary wins  Shanghai and Beijing

Its OK wins Guangzhou, Wuhan, Chengdu, Nanjing, Shenzhen, Hangzhou, Chongqing and Suzhou 


**City tiers:**

The Caged Butterfly  climbs to 3rd in T1 and 2nd in T2.

**Tier 1**: Project Hail Mary&gt;It's OK&gt;The Caged Butterfly 

**Tier 2**: It's OK&gt;The Caged Butterfly&gt;Project Hail Mary 

**Tier 3**: It's OK&gt;The Caged Butterfly&gt;Nobody But You 2

**Tier 4**: Nobody But You 2&gt;It's OK&gt;The Caged Butterfly

---

|# | Movie |Gross|%YD| %LW|Screenings|Admisions(Today)|Total Gross|Projected Total Gross|
:----------- |:-----------|:-----------:|:-----------:|:-----------:|:-----------:|:--------:|:-----------:|:-----------:| 
1|It's OK                  |$0.36M  |-1%  |-31%  |61048 |0.07M |$24.26M  |$27M-$31M
2|The Caged Butterfly      |$0.25M  |-1%  |+2%   |39659 |0.05M |$11.10M  |$13M-$14M
3|**Nobody But You 2**     |$0.24M  |-17% |      |45849 |0.04M |$2.61M   |$3M-$4M
4|Project Hail Mary        |$0.20M  |-2%  |-40%  |24310 |0.03M |$37.25M  |$40M-$41M
5|Pegasus 3                |$0.13M  |-4%  |-14%  |21142 |0.02M |$638.67M |$639M-$640M           
6|Now I Met Her            |$0.13M  |-1%  |-38%  |30668 |0.03M |$10.05M  |$11M-$12M
7|**Organ Child**          |$0.12M  |-15% |      |24280 |0.02M |$1.08M   |$1M-$2M 
8|Super Mario Galaxy Movie |$0.06M  |-28% |-40%  |27102 |0.01M |$17.31M  |$19M-$21M
9|A Game of Identity       |$0.05M  |-10% |-60%  |20481 |0.01M |$7.83M   |$8M-$9M 
10|Blades of The Guardians |$0.05M  |-1%  |-15%  |8692  |0.01M |$209.54M |$209M-$210M 
11|Hoppers                 |$0.03M  |-37% |-62%  |8619  |0.01M |$23.71M  |$24M-$25M   

New releases marked in **bold**

---


**Pre-Sales map for tomorrow**

https://i.imgur.com/mVR3oH6.png

It's OK mostly dominate pre-sales for Wednesday.

---

**IMAX Screenings distribution**

Project Hail Mary will continue to dominate IMAX through the week.


||Movie|IMAX Screeninsgs Today|IMAX Screeninsgs Tomorrow|Change|
:----------- |:-----------:|:-----------:|:-----------:|:-----------:|:-----------:|:-----------:|:-----------:|
1|Project Hail Mary                   |2147   |2163 |+,16
2|Super Mario Galaxy                  |146    |139  |-7
3|Hoppers                             |3      |5    |+2

---


###**Super Mario Galaxy Movie**

Mario Galaxy grossed ¥0.41M/$0.06M on its 3rd Tuesday. Below the first movies ¥0.62M/$0.09M 3rd Monday and below the 3rd Tuesday of Hoppers ¥0.54/$0.08M

**Super Mario Galaxy vs Super Mario Bros:**

Galaxy continues to flatline.

https://i.imgur.com/IlHGFfC.png

**Screen Distribution Split:** Regular: $16.14M    , IMAX: $0.69M   , Rest: $0.48M 

**WoM figures:**

Maoyan: 9.3 , Taopiaopiao: 9.3 , Douban: 7.0

|#|FRI|SAT|SUN|MON|TUE|WED|THU|Total|
|:-----------:|:-----------:|:-----------:|:-----------:|:-----------:|:-----------:|:-----------:|:-----------:|:-----------:|:-----------:|							
|Second  Week |$0.37M|$1.58M|$1.32M|$0.12M|$0.10M|$0.11M|$0.10M|$15.15M
|Third  Week |$0.24M|$0.95M|$0.83M|$0.08M|$0.06M| | |$17.31M
|%± LW|-35%|-40%|-37%|-33%|-40%| | | |			
	
**Scheduled showings update for Super Mario Galaxy Movie for the next few days:**

|Day |  Number of Showings |Presales|Projection
:----------- |:-----------:|:-----------:|:-----------:|
Today|27541|$6k|$0.07M-$0.12M
Wednesday|26462|$7k|$0.05M-$0.06M
Thursday|19862|$2k|$0.05M-$0.06M

---

###**Project Hail Mary**

Project Hail Mary in 4th grossed ¥1.36M/$0.20M on Tuesday. Continues its way towards $40M

**Screen Distribution Split:** Regular: $24.06M    , IMAX: $10.79M   , Rest: $2.28M 

**WoM figures:**

Maoyan: 9.3       , Taopiaopiao: 9.2      , Douban: 8.6

|#|FRI|SAT|SUN|MON|TUE|WED|THU|Total|
|:-----------:|:-----------:|:-----------:|:-----------:|:-----------:|:-----------:|:-----------:|:-----------:|:-----------:|:-----------:|								
|Fourth  Week |$0.55M|$1.38M|$1.07M|$0.28M|$0.34M|$0.33M|$0.28M	|$34.61M
|Fifth Week |$0.44M|$1.02M|$0.78M|$0.20M|$0.20M| | |$37.25M
|%± LW|-20%|-26%|-27%|-28%|-40%| | | |		

**Scheduled showings update for Project Hail Mary for the next few days:**

|Day |  Number of Showings |Presales|Projection
:----------- |:-----------:|:-----------:|:-----------:|
Today|24633|$25k|$0.18M-$0.19M
Wednesday|24533|$25k|$0.19M-$0.20M
Thursday|19217|$8k|$0.18M-$0.19M

---

#**Other stuff:**

The next Holywood release Michael on April 24th followed by Devil Wears Prada 2 on the 30th.

---

**Michael Opening Day pre-sales**

**Michael** pre-sales hit $391k at T-2. $439k including previews and midnight screenings. Not exatly scorching pace. Final opening day pre-sales will likely fall well short of $1M

Full weekend pre-sales hit $717k

Midnight screenings now projected at $140-160k. Opening day projections start at $2-3M.

|Days till release |Michael | Project Hail Mary |F1 |
:----------- |:-----------:|:-----------:|:-----------:|:-----------:|:-----------:|:-----------:|:-----------:|  
8|$40k/12877 |/          |$31k/14328 |||   
7|$115k/18281|/          |$48k/15335 |||   
6|$170k/20839|$19k/4747  |$69k/16308 ||| 
5|$211k/23170|$38k/6270  |$87k/17506 |$833k/9748|| 
4|$253k/25655|$62k/7441  |$107k/19421||| 
3|$318k/30730|$104k/9268 |$156k/21808||| 		
2|$391k/43009|$154k/12234|$230k/29788|||
1|           |$266k/18902|$319k/43313||| 
0|           |$473k/23759|$543k/51748|||	
*Gross/Screenings

---


#**Release Schedule:**

A table including upcoming movies in the next month alongside trailers linked in the name of the movie, Want To See data from both Maoyan and Taopiaopiao alongside the Gender split and genre. 

Remember Want To See is not pre-sales. Its just an anticipation metric. A checkbox of sorts saying your interested in an upcoming movie.

Not all movies are included since a lot are just too small to be worth covering. 

---

**April:**

| Movie |Maoyan WTS|Daily Increase| Taopiaopiao WTS|Daily Increase|M/W %|Genre|Release Date|3rd party media projections
:----------- |:-----------:|:-----------:|:-----------:|:-----------:|:-----------:|:-----------:|:-----------:|:-----------:|
[Michael](https://vod.pipi.cn/fec9203cvodtransbj1251246104/4d3375735145403721513102387/v.f42905.mp4) |109k|+2k|95k|+2k|59/41|Biograpy/Drama|24.04|$14M

**May/Labor Day Holidays(30.4-5.5)**

| Movie |Maoyan WTS|Daily Increase| Taopiaopiao WTS|Daily Increase|M/W %|Genre|Release Date|3rd party media projections
:----------- |:-----------:|:-----------:|:-----------:|:-----------:|:-----------:|:-----------:|:-----------:|:-----------:|
[Devil Wears Prada 2](https://vod.pipi.cn/fec9203cvodtransbj1251246104/0a6e64625145403721118746297/v.f42905.mp4) |155k|+6k|257k|+9k|26/74|Drama/Comedy|30.04|$9-41M
[Cold War 1944](https://vod.pipi.cn/fec9203cvodtransbj1251246104/0a6e64625145403721118746297/v.f42905.mp4) |66k|+2k|88k|+3k|75/25|Drama/Action/Crime|01.05|$60-88M
[Vanishing Point](https://vod.pipi.cn/fec9203cvodtransbj1251246104/0a6e64625145403721118746297/v.f42905.mp4) |64k|+3k|28k|+1k|33/67|Thriller/Crime|01.05|$21-36M
[All The Good Eyes](https://vod.pipi.cn/fec9203cvodtransbj1251246104/0a6e64625145403721118746297/v.f42905.mp4) |19k|+1k|11k|+1k|34/66|Drama/Romance/Crime|01.05|
[Being Toward Death](https://vod.pipi.cn/fec9203cvodtransbj1251246104/7978f4ba5145403722772255413/v.f42905.mp4) |18k|+1k|9k|+1k|38/62|Drama|01.05|
[Once a Thief](https://vod.pipi.cn/fec9203cvodtransbj1251246104/7978f4ba5145403722772255413/v.f42905.mp4) |25k|+1k|19k|+1k|47/53|Drama/Comedy/Action|03.05|$6M

**May**

| Movie |Maoyan WTS|Daily Increase| Taopiaopiao WTS|Daily Increase|M/W %|Genre|Release Date|3rd party media projections
:----------- |:-----------:|:-----------:|:-----------:|:-----------:|:-----------:|:-----------:|:-----------:|:-----------:|
[Mortal Kombat II](https://vod.pipi.cn/fec9203cvodtransbj1251246104/33b8b9245145403722890582563/v.f42905.mp4) |22k|+1k|11k|+1k|75/25|Action/Fantasy|08.05|$6M
[Love Battle](https://i.imgur.com/yT3kgKV.jpeg) |33k|+1k|48k|+1k|20/80|Romance/Comedy|20.05|$3M
[Be Yourself](https://vod.pipi.cn/fec9203cvodtransbj1251246104/43e695815145403722808184482/v.f42905.mp4) |16k|+1k|16k|+1k|31/69|Romance/Comedy|20.05|$7M
[Star Wars: Mandalorian &amp; Grogu](https://vod.pipi.cn/fec9203cvodtransbj1251246104/ae3ca3b05145403723990636789/v.f42905.mp4) |5k|+1k|9k|+1k|63/37|Actiiom/Sci-Fi|20.05|$5M"
1srrb5w,boxoffice,Summer Box Office Draft,"Last spring, some buddies and I got together to have a movie draft. Whoever picked the slate of movies with the highest global box office total by Oct 1 won the pool. The guy who won picked Lilo &amp; Stitch in round 3 (none of us foresaw it crossing $1B). It was a bunch of fun for us as we’re all movie buffs. 

Here’s this year’s draft. Who do you think picked the best 6 movies in terms of global box office potential? The spreadsheet is linked to each movie’s BoxOfficeMojo site and updates the totals automatically.

Kevin had first pick, and the draft had a snaking format (Kevin, Craig, Eli, Brandon, then Brandon, Eli, Craig, Kevin, and repeat 3x). We did an Oscar Pool to determine draft order this year. 

(We only picked movies that release from Apr-Aug)",6,5,1776785805.0,devil wears prada 2,nyc_premiere,2026-04-21,"Summer Box Office Draft Last spring, some buddies and I got together to have a movie draft. Whoever picked the slate of movies with the highest global box office total by Oct 1 won the pool. The guy who won picked Lilo &amp; Stitch in round 3 (none of us foresaw it crossing $1B). It was a bunch of fun for us as we’re all movie buffs. 

Here’s this year’s draft. Who do you think picked the best 6 movies in terms of global box office potential? The spreadsheet is linked to each movie’s BoxOfficeMojo site and updates the totals automatically.

Kevin had first pick, and the draft had a snaking format (Kevin, Craig, Eli, Brandon, then Brandon, Eli, Craig, Kevin, and repeat 3x). We did an Oscar Pool to determine draft order this year. 

(We only picked movies that release from Apr-Aug)"
1srohww,boxoffice,"It seems 2026 will be the best year for the box office post COVID, but I think it also has good odds of being above average by even pre COVID standards","It seems based on the data from the year so far that this year should have no trouble being the best year for the box office since the pandemic, but looking at the release schedule down the stretch, I have a hard time seeing how it doesn't manage to hit even bigger highs. It seems Mario is about to become the 1st billion dollar release of the year, and I definitely won't be the last. Michael this week, Devil Wears Prada 2, Toy Story 5, Moana, Odyssey, Spiderman, both movies from Dunesday all have the chance to hit that billion dollar mark, and those don't even begin to stretch the surface of major releases either. Sure the Pre COVID era box office was insane, but with this year's release schedule and success so far I just don't see how it could be possible for it not to be an above average year even by those standards. It really does feel like studios are throwing absolutely everything at this year. I guess my only concern with that would be oversaturation causing some box office cannibalization.  ",41,38,1776779947.0,devil wears prada 2,nyc_premiere,2026-04-21,"It seems 2026 will be the best year for the box office post COVID, but I think it also has good odds of being above average by even pre COVID standards It seems based on the data from the year so far that this year should have no trouble being the best year for the box office since the pandemic, but looking at the release schedule down the stretch, I have a hard time seeing how it doesn't manage to hit even bigger highs. It seems Mario is about to become the 1st billion dollar release of the year, and I definitely won't be the last. Michael this week, Devil Wears Prada 2, Toy Story 5, Moana, Odyssey, Spiderman, both movies from Dunesday all have the chance to hit that billion dollar mark, and those don't even begin to stretch the surface of major releases either. Sure the Pre COVID era box office was insane, but with this year's release schedule and success so far I just don't see how it could be possible for it not to be an above average year even by those standards. It really does feel like studios are throwing absolutely everything at this year. I guess my only concern with that would be oversaturation causing some box office cannibalization."
1srciz5,boxoffice,SK Monday Update: Salmokji cross 1.5 million admits,"|Movies|Monday-Monday Drop|Tuesday-Tuesday Drop|Wednesday-Wednesday Drop|Thursday-Thursday Drop|Friday-Friday Drop|Saturday-Saturday Drop|Sunday-Sunday Drop|Week-Week Drop|
|:-|:-|:-|:-|:-|:-|:-|:-|:-|
|Salmokji|37%||||||||
|Project Hail Mary|33%||||||||
|The Man Who Lives With the King|40%||||||||

**Goat**: The movie is finally going to cross 20k admits tomorrow, as the movie will not have a single weekday above a thousand admits as the movie is looking like a disaster.

**Salmokji:** The movie has now sneaked into the 1.5 million admits range as the movie is still barreling toward a finish north of 2 million admits. The movie will likely have another strong week with little to no new competition.

**Project Hail Mary:** The movie is still guaranteed to hit 2.5 million admits as a finish around 2.6 million admits is becoming very likely as the movie continues to see drops in the 30% area.

**The Man Who Lives With the King:** The movie is still on track for 16.8 to 16.9 million admits range as the movie continues to see consistent drops.

**Presales**

**Super Mario Galaxy:** The presales are starting to jump as the movie increases presales by 10k tickets to 17,847 tickets

**Devil Wears Prada 2**: Presales increased by around 15k tickets over the last two days. Expect a comp table on Wednesday.

**The Mummy:** Presales at 6,826 as an opening day south of 10k admits is becoming more likely by the day.",16,0,1776743293.0,devil wears prada 2,nyc_premiere,2026-04-21,"SK Monday Update: Salmokji cross 1.5 million admits |Movies|Monday-Monday Drop|Tuesday-Tuesday Drop|Wednesday-Wednesday Drop|Thursday-Thursday Drop|Friday-Friday Drop|Saturday-Saturday Drop|Sunday-Sunday Drop|Week-Week Drop|
|:-|:-|:-|:-|:-|:-|:-|:-|:-|
|Salmokji|37%||||||||
|Project Hail Mary|33%||||||||
|The Man Who Lives With the King|40%||||||||

**Goat**: The movie is finally going to cross 20k admits tomorrow, as the movie will not have a single weekday above a thousand admits as the movie is looking like a disaster.

**Salmokji:** The movie has now sneaked into the 1.5 million admits range as the movie is still barreling toward a finish north of 2 million admits. The movie will likely have another strong week with little to no new competition.

**Project Hail Mary:** The movie is still guaranteed to hit 2.5 million admits as a finish around 2.6 million admits is becoming very likely as the movie continues to see drops in the 30% area.

**The Man Who Lives With the King:** The movie is still on track for 16.8 to 16.9 million admits range as the movie continues to see consistent drops.

**Presales**

**Super Mario Galaxy:** The presales are starting to jump as the movie increases presales by 10k tickets to 17,847 tickets

**Devil Wears Prada 2**: Presales increased by around 15k tickets over the last two days. Expect a comp table on Wednesday.

**The Mummy:** Presales at 6,826 as an opening day south of 10k admits is becoming more likely by the day."
1sqxkyq,boxoffice,Dan Murrell's 2026 Summer Box Office Predictions,"https://preview.redd.it/wx2nv5ejzdwg1.png?width=1920&amp;format=png&amp;auto=webp&amp;s=feb43fe1d94af32a5ddb667560a076de4b9c00f8

  
Dan's predictions this year are actually pretty similar to [this sub's predictions](https://www.reddit.com/r/boxoffice/comments/1sqs9l7/rboxoffice_2026_summer_box_office_predictions/); he has the same list of ten movies, and no movie has a difference of more than two slots.



Honourable Mentions:



1) *Mortal Kombat II*

2) *Masters of the Universe*

3) *Evil Dead Burn*

4) *Passenger*

5) *Obsession*

6) *Hokum*

7) *The End of Oak Street*

8) *Coyote vs. Acme*",37,68,1776708890.0,devil wears prada 2,nyc_premiere,2026-04-20,"Dan Murrell's 2026 Summer Box Office Predictions https://preview.redd.it/wx2nv5ejzdwg1.png?width=1920&amp;format=png&amp;auto=webp&amp;s=feb43fe1d94af32a5ddb667560a076de4b9c00f8

  
Dan's predictions this year are actually pretty similar to [this sub's predictions](https://www.reddit.com/r/boxoffice/comments/1sqs9l7/rboxoffice_2026_summer_box_office_predictions/); he has the same list of ten movies, and no movie has a difference of more than two slots.



Honourable Mentions:



1) *Mortal Kombat II*

2) *Masters of the Universe*

3) *Evil Dead Burn*

4) *Passenger*

5) *Obsession*

6) *Hokum*

7) *The End of Oak Street*

8) *Coyote vs. Acme*"
1sqwv38,boxoffice,In China It's OK leads on Monday with $0.36M(-37%)/$23.90M ahead of Nobody But You 2 in 2nd with $0.29M/$2.37M. Project Hail Mary in 4th adds $0.20M(-28%)/$37.05M. Super Mario Galaxy adds $0.08M(-33%)/$17.25M. Michael opening day pre-sales hit $318k. Projected a $160-220k midnight screenings start.,"#**Daily Box Office (April 20th 2026)**

The market hits ¥13.8M/$6.11M. Down -67% from yesterday and down -5% from last week.

**The Mandalorian &amp; Grogu** will release on May 22nd. The same day as in the US

**The Shadows Edge 2** has now officialy been announced. It will film sometimes in the 2nd part of the year with Jackie Chan, Tony Leung and Zhang Zifeng all confirmed to return.

---

**Province map of the day:** 

https://i.imgur.com/PVO2DEi.png

Nobody But You 2 and It's OK mostly dominate on Monday

**In Metropolitan cities:** 

Project Hail Mary wins  Shanghai and Beijing

Its OK wins Guangzhou, Wuhan, Chengdu, Nanjing, Shenzhen, Hangzhou, Chongqing and Suzhou 


**City tiers:**

The Caged Butterfly  climbs to 3rd in T2-T3.

**Tier 1**: Project Hail Mary&gt;It's OK&gt;Nobody But You 2

**Tier 2**: It's OK&gt;Nobody But You 2&gt;The Caged Butterfly 

**Tier 3**: It's OK&gt;Nobody But You 2&gt;The Caged Butterfly 

**Tier 4**: Nobody But You 2&gt;It's OK&gt;The Caged Butterfly

---

|# | Movie |Gross|%YD| %LW|Screenings|Admisions(Today)|Total Gross|Projected Total Gross|
:----------- |:-----------|:-----------:|:-----------:|:-----------:|:-----------:|:--------:|:-----------:|:-----------:| 
1|It's OK                  |$0.36M  |-62% |-37%  |61393 |0.07M |$23.90M  |$27M-$30M
2|**Nobody But You 2**     |$0.29M  |-58% |      |46442 |0.05M |$2.37M   |$3M-$4M
3|The Caged Butterfly      |$0.25M  |-56% |-7%   |39483 |0.05M |$10.85M  |$13M-$14M
4|Project Hail Mary        |$0.20M  |-74% |-28%  |24704 |0.03M |$37.05M  |$39M-$40M
5|Pegasus 3                |$0.14M  |-62% |-12%  |20940 |0.02M |$638.54M |$639M-$640M           
6|**Organ Child**          |$0.14M  |-57% |      |24290 |0.03M |$0.96M   |$1M-$2M 
7|Now I Met Her            |$0.13M  |-64% |-40%  |30750 |0.03M |$9.92M   |$11M-$12M
8|Super Mario Galaxy Movie |$0.08M  |-90% |-33%  |28573 |0.01M |$17.25M  |$20M-$22M
9|A Game of Identity       |$0.06M  |-65% |-56%  |20736 |0.01M |$7.78M   |$8M-$9M 
10|Blades of The Guardians |$0.05M  |-55% |-16%  |8665  |0.01M |$209.49M |$209M-$210M 
11|Hoppers                 |$0.05M  |-86% |-26%  |9389  |0.01M |$23.68M  |$24M-$25M   

New releases marked in **bold**

---


**Pre-Sales map for tomorrow**

https://i.imgur.com/J6JfyJ6.png

Nobody But You 2 and It's OK dominate pre-sales for Tuesday.

---

**IMAX Screenings distribution**

Project Hail Mary will continue to dominate IMAX through the weekend.


||Movie|IMAX Screeninsgs Today|IMAX Screeninsgs Tomorrow|Change|
:----------- |:-----------:|:-----------:|:-----------:|:-----------:|:-----------:|:-----------:|:-----------:|
1|Project Hail Mary                   |2218   |2189 |-29
2|Super Mario Galaxy                  |142    |146  |+4
3|Hoppers                             |3      |5    |+2

---


###**Super Mario Galaxy Movie**

Mario Galaxy grossed ¥0.57M/$0.08M on its 3rd Monday. Below the first movies ¥0.68M/$0.10M 3rd Monday.

**Super Mario Galaxy vs Super Mario Bros:**

Galaxy flatlines again.

https://i.imgur.com/WiE6OvO.png

**Screen Distribution Split:** Regular: $16.08M    , IMAX: $0.69M   , Rest: $0.48M 

**WoM figures:**

Maoyan: 9.3 , Taopiaopiao: 9.3 , Douban: 7.0

|#|FRI|SAT|SUN|MON|TUE|WED|THU|Total|
|:-----------:|:-----------:|:-----------:|:-----------:|:-----------:|:-----------:|:-----------:|:-----------:|:-----------:|:-----------:|							
|Second  Week |$0.37M|$1.58M|$1.32M|$0.12M|$0.10M|$0.11M|$0.10M|$15.15M
|Third  Week |$0.24M|$0.95M|$0.83M|$0.08M| | | |$17.25M
|%± LW|-35%|-40%|-37%|-33%| | | | |			
	
**Scheduled showings update for Super Mario Galaxy Movie for the next few days:**

|Day |  Number of Showings |Presales|Projection
:----------- |:-----------:|:-----------:|:-----------:|
Today|28857|$8k|$0.08M-$0.13M
Tuesday|27541|$6k|$0.07M-$0.12M
Wednesday|19734|$1k|$0.07M-$0.12M

---

###**Project Hail Mary**

Project Hail Mary in 4th grossed ¥1.39M/$0.20M on Monday. Continues its strong week on week holds as it croses $37M total. 

**Screen Distribution Split:** Regular: $23.92M    , IMAX: $10.74M   , Rest: $2.27M 

**WoM figures:**

Maoyan: 9.3       , Taopiaopiao: 9.2      , Douban: 8.6

|#|FRI|SAT|SUN|MON|TUE|WED|THU|Total|
|:-----------:|:-----------:|:-----------:|:-----------:|:-----------:|:-----------:|:-----------:|:-----------:|:-----------:|:-----------:|								
|Fourth  Week |$0.55M|$1.38M|$1.07M|$0.28M|$0.34M|$0.33M|$0.28M	|$34.61M
|Fifth Week |$0.44M|$1.02M|$0.78M|$0.20M| | | |$37.05M
|%± LW|-20%|-26%|-27%|-28%| | | | |		

**Scheduled showings update for Project Hail Mary for the next few days:**

|Day |  Number of Showings |Presales|Projection
:----------- |:-----------:|:-----------:|:-----------:|
Today|25022|$22k|$0.18M-$0.20M
Tuesday|24633|$25k|$0.18M-$0.19M
Wednesday|18850|$7k|$0.18M-$0.19M

---

#**Other stuff:**

The next Holywood release Michael on April 24th followed by Devil Wears Prada 2 on the 30th.

---

**Michael Opening Day pre-sales**

**Michael** pre-sales hit $318k after the 6th day of pre-sales. $366k including previews and midnight screenings.

Full weekend pre-sales hit $572k

Its projected a $160-220k midnight screenings start on Thursday. We will be getting our first official opening day projections 

|Days till release |Michael | Project Hail Mary |F1 |
:----------- |:-----------:|:-----------:|:-----------:|:-----------:|:-----------:|:-----------:|:-----------:|  
8|$40k/12877 |/          |$31k/14328 |||   
7|$115k/18281|/          |$48k/15335 |||   
6|$170k/20839|$19k/4747  |$69k/16308 ||| 
5|$211k/23170|$38k/6270  |$87k/17506 |$833k/9748|| 
4|$253k/25655|$62k/7441  |$107k/19421||| 
3|$318k/30730|$104k/9268 |$156k/21808||| 		
2|           |$154k/12234|$230k/29788|||
1|           |$266k/18902|$319k/43313||| 
0|           |$473k/23759|$543k/51748|||	
*Gross/Screenings

---


#**Release Schedule:**

A table including upcoming movies in the next month alongside trailers linked in the name of the movie, Want To See data from both Maoyan and Taopiaopiao alongside the Gender split and genre. 

Remember Want To See is not pre-sales. Its just an anticipation metric. A checkbox of sorts saying your interested in an upcoming movie.

Not all movies are included since a lot are just too small to be worth covering. 

---

**April:**

| Movie |Maoyan WTS|Daily Increase| Taopiaopiao WTS|Daily Increase|M/W %|Genre|Release Date|3rd party media projections
:----------- |:-----------:|:-----------:|:-----------:|:-----------:|:-----------:|:-----------:|:-----------:|:-----------:|
[Michael](https://vod.pipi.cn/fec9203cvodtransbj1251246104/4d3375735145403721513102387/v.f42905.mp4) |107k|+2k|93k|+6k|59/41|Biograpy/Drama|24.04|$8M

**May/Labor Day Holidays(30.4-5.5)**

| Movie |Maoyan WTS|Daily Increase| Taopiaopiao WTS|Daily Increase|M/W %|Genre|Release Date|3rd party media projections
:----------- |:-----------:|:-----------:|:-----------:|:-----------:|:-----------:|:-----------:|:-----------:|:-----------:|
[Devil Wears Prada 2](https://vod.pipi.cn/fec9203cvodtransbj1251246104/0a6e64625145403721118746297/v.f42905.mp4) |149k|+5k|248k|+8k|26/74|Drama/Comedy|30.04|$9-41M
[Cold War 1944](https://vod.pipi.cn/fec9203cvodtransbj1251246104/0a6e64625145403721118746297/v.f42905.mp4) |64k|+3k|85k|+5k|75/25|Drama/Action/Crime|01.05|$60-88M
[Vanishing Point](https://vod.pipi.cn/fec9203cvodtransbj1251246104/0a6e64625145403721118746297/v.f42905.mp4) |61k|+4k|27k|+3k|33/67|Thriller/Crime|01.05|$21-36M
[All The Good Eyes](https://vod.pipi.cn/fec9203cvodtransbj1251246104/0a6e64625145403721118746297/v.f42905.mp4) |18k|+1k|10k|+1k|34/66|Drama/Romance/Crime|01.05|
[Being Toward Death](https://vod.pipi.cn/fec9203cvodtransbj1251246104/7978f4ba5145403722772255413/v.f42905.mp4) |18k|+2k|8k|+1k|38/62|Drama|01.05|
[Once a Thief](https://vod.pipi.cn/fec9203cvodtransbj1251246104/7978f4ba5145403722772255413/v.f42905.mp4) |24k|+2k|18k|+1k|47/53|Drama/Comedy/Action|03.05|

**May**

| Movie |Maoyan WTS|Daily Increase| Taopiaopiao WTS|Daily Increase|M/W %|Genre|Release Date|3rd party media projections
:----------- |:-----------:|:-----------:|:-----------:|:-----------:|:-----------:|:-----------:|:-----------:|:-----------:|
[Mortal Kombat II](https://vod.pipi.cn/fec9203cvodtransbj1251246104/33b8b9245145403722890582563/v.f42905.mp4) |22k|+1k|11k|+1k|75/25|Action/Fantasy|08.05|
[Love Battle](https://i.imgur.com/yT3kgKV.jpeg) |33k|+1k|48k|+1k|20/80|Romance/Comedy|20.05|
[Be Yourself](https://vod.pipi.cn/fec9203cvodtransbj1251246104/43e695815145403722808184482/v.f42905.mp4) |16k|+1k|15k|+1k|31/69|Romance/Comedy|20.05|",28,27,1776707586.0,devil wears prada 2,nyc_premiere,2026-04-20,"In China It's OK leads on Monday with $0.36M(-37%)/$23.90M ahead of Nobody But You 2 in 2nd with $0.29M/$2.37M. Project Hail Mary in 4th adds $0.20M(-28%)/$37.05M. Super Mario Galaxy adds $0.08M(-33%)/$17.25M. Michael opening day pre-sales hit $318k. Projected a $160-220k midnight screenings start. #**Daily Box Office (April 20th 2026)**

The market hits ¥13.8M/$6.11M. Down -67% from yesterday and down -5% from last week.

**The Mandalorian &amp; Grogu** will release on May 22nd. The same day as in the US

**The Shadows Edge 2** has now officialy been announced. It will film sometimes in the 2nd part of the year with Jackie Chan, Tony Leung and Zhang Zifeng all confirmed to return.

---

**Province map of the day:** 

https://i.imgur.com/PVO2DEi.png

Nobody But You 2 and It's OK mostly dominate on Monday

**In Metropolitan cities:** 

Project Hail Mary wins  Shanghai and Beijing

Its OK wins Guangzhou, Wuhan, Chengdu, Nanjing, Shenzhen, Hangzhou, Chongqing and Suzhou 


**City tiers:**

The Caged Butterfly  climbs to 3rd in T2-T3.

**Tier 1**: Project Hail Mary&gt;It's OK&gt;Nobody But You 2

**Tier 2**: It's OK&gt;Nobody But You 2&gt;The Caged Butterfly 

**Tier 3**: It's OK&gt;Nobody But You 2&gt;The Caged Butterfly 

**Tier 4**: Nobody But You 2&gt;It's OK&gt;The Caged Butterfly

---

|# | Movie |Gross|%YD| %LW|Screenings|Admisions(Today)|Total Gross|Projected Total Gross|
:----------- |:-----------|:-----------:|:-----------:|:-----------:|:-----------:|:--------:|:-----------:|:-----------:| 
1|It's OK                  |$0.36M  |-62% |-37%  |61393 |0.07M |$23.90M  |$27M-$30M
2|**Nobody But You 2**     |$0.29M  |-58% |      |46442 |0.05M |$2.37M   |$3M-$4M
3|The Caged Butterfly      |$0.25M  |-56% |-7%   |39483 |0.05M |$10.85M  |$13M-$14M
4|Project Hail Mary        |$0.20M  |-74% |-28%  |24704 |0.03M |$37.05M  |$39M-$40M
5|Pegasus 3                |$0.14M  |-62% |-12%  |20940 |0.02M |$638.54M |$639M-$640M           
6|**Organ Child**          |$0.14M  |-57% |      |24290 |0.03M |$0.96M   |$1M-$2M 
7|Now I Met Her            |$0.13M  |-64% |-40%  |30750 |0.03M |$9.92M   |$11M-$12M
8|Super Mario Galaxy Movie |$0.08M  |-90% |-33%  |28573 |0.01M |$17.25M  |$20M-$22M
9|A Game of Identity       |$0.06M  |-65% |-56%  |20736 |0.01M |$7.78M   |$8M-$9M 
10|Blades of The Guardians |$0.05M  |-55% |-16%  |8665  |0.01M |$209.49M |$209M-$210M 
11|Hoppers                 |$0.05M  |-86% |-26%  |9389  |0.01M |$23.68M  |$24M-$25M   

New releases marked in **bold**

---


**Pre-Sales map for tomorrow**

https://i.imgur.com/J6JfyJ6.png

Nobody But You 2 and It's OK dominate pre-sales for Tuesday.

---

**IMAX Screenings distribution**

Project Hail Mary will continue to dominate IMAX through the weekend.


||Movie|IMAX Screeninsgs Today|IMAX Screeninsgs Tomorrow|Change|
:----------- |:-----------:|:-----------:|:-----------:|:-----------:|:-----------:|:-----------:|:-----------:|
1|Project Hail Mary                   |2218   |2189 |-29
2|Super Mario Galaxy                  |142    |146  |+4
3|Hoppers                             |3      |5    |+2

---


###**Super Mario Galaxy Movie**

Mario Galaxy grossed ¥0.57M/$0.08M on its 3rd Monday. Below the first movies ¥0.68M/$0.10M 3rd Monday.

**Super Mario Galaxy vs Super Mario Bros:**

Galaxy flatlines again.

https://i.imgur.com/WiE6OvO.png

**Screen Distribution Split:** Regular: $16.08M    , IMAX: $0.69M   , Rest: $0.48M 

**WoM figures:**

Maoyan: 9.3 , Taopiaopiao: 9.3 , Douban: 7.0

|#|FRI|SAT|SUN|MON|TUE|WED|THU|Total|
|:-----------:|:-----------:|:-----------:|:-----------:|:-----------:|:-----------:|:-----------:|:-----------:|:-----------:|:-----------:|							
|Second  Week |$0.37M|$1.58M|$1.32M|$0.12M|$0.10M|$0.11M|$0.10M|$15.15M
|Third  Week |$0.24M|$0.95M|$0.83M|$0.08M| | | |$17.25M
|%± LW|-35%|-40%|-37%|-33%| | | | |			
	
**Scheduled showings update for Super Mario Galaxy Movie for the next few days:**

|Day |  Number of Showings |Presales|Projection
:----------- |:-----------:|:-----------:|:-----------:|
Today|28857|$8k|$0.08M-$0.13M
Tuesday|27541|$6k|$0.07M-$0.12M
Wednesday|19734|$1k|$0.07M-$0.12M

---

###**Project Hail Mary**

Project Hail Mary in 4th grossed ¥1.39M/$0.20M on Monday. Continues its strong week on week holds as it croses $37M total. 

**Screen Distribution Split:** Regular: $23.92M    , IMAX: $10.74M   , Rest: $2.27M 

**WoM figures:**

Maoyan: 9.3       , Taopiaopiao: 9.2      , Douban: 8.6

|#|FRI|SAT|SUN|MON|TUE|WED|THU|Total|
|:-----------:|:-----------:|:-----------:|:-----------:|:-----------:|:-----------:|:-----------:|:-----------:|:-----------:|:-----------:|								
|Fourth  Week |$0.55M|$1.38M|$1.07M|$0.28M|$0.34M|$0.33M|$0.28M	|$34.61M
|Fifth Week |$0.44M|$1.02M|$0.78M|$0.20M| | | |$37.05M
|%± LW|-20%|-26%|-27%|-28%| | | | |		

**Scheduled showings update for Project Hail Mary for the next few days:**

|Day |  Number of Showings |Presales|Projection
:----------- |:-----------:|:-----------:|:-----------:|
Today|25022|$22k|$0.18M-$0.20M
Tuesday|24633|$25k|$0.18M-$0.19M
Wednesday|18850|$7k|$0.18M-$0.19M

---

#**Other stuff:**

The next Holywood release Michael on April 24th followed by Devil Wears Prada 2 on the 30th.

---

**Michael Opening Day pre-sales**

**Michael** pre-sales hit $318k after the 6th day of pre-sales. $366k including previews and midnight screenings.

Full weekend pre-sales hit $572k

Its projected a $160-220k midnight screenings start on Thursday. We will be getting our first official opening day projections 

|Days till release |Michael | Project Hail Mary |F1 |
:----------- |:-----------:|:-----------:|:-----------:|:-----------:|:-----------:|:-----------:|:-----------:|  
8|$40k/12877 |/          |$31k/14328 |||   
7|$115k/18281|/          |$48k/15335 |||   
6|$170k/20839|$19k/4747  |$69k/16308 ||| 
5|$211k/23170|$38k/6270  |$87k/17506 |$833k/9748|| 
4|$253k/25655|$62k/7441  |$107k/19421||| 
3|$318k/30730|$104k/9268 |$156k/21808||| 		
2|           |$154k/12234|$230k/29788|||
1|           |$266k/18902|$319k/43313||| 
0|           |$473k/23759|$543k/51748|||	
*Gross/Screenings

---


#**Release Schedule:**

A table including upcoming movies in the next month alongside trailers linked in the name of the movie, Want To See data from both Maoyan and Taopiaopiao alongside the Gender split and genre. 

Remember Want To See is not pre-sales. Its just an anticipation metric. A checkbox of sorts saying your interested in an upcoming movie.

Not all movies are included since a lot are just too small to be worth covering. 

---

**April:**

| Movie |Maoyan WTS|Daily Increase| Taopiaopiao WTS|Daily Increase|M/W %|Genre|Release Date|3rd party media projections
:----------- |:-----------:|:-----------:|:-----------:|:-----------:|:-----------:|:-----------:|:-----------:|:-----------:|
[Michael](https://vod.pipi.cn/fec9203cvodtransbj1251246104/4d3375735145403721513102387/v.f42905.mp4) |107k|+2k|93k|+6k|59/41|Biograpy/Drama|24.04|$8M

**May/Labor Day Holidays(30.4-5.5)**

| Movie |Maoyan WTS|Daily Increase| Taopiaopiao WTS|Daily Increase|M/W %|Genre|Release Date|3rd party media projections
:----------- |:-----------:|:-----------:|:-----------:|:-----------:|:-----------:|:-----------:|:-----------:|:-----------:|
[Devil Wears Prada 2](https://vod.pipi.cn/fec9203cvodtransbj1251246104/0a6e64625145403721118746297/v.f42905.mp4) |149k|+5k|248k|+8k|26/74|Drama/Comedy|30.04|$9-41M
[Cold War 1944](https://vod.pipi.cn/fec9203cvodtransbj1251246104/0a6e64625145403721118746297/v.f42905.mp4) |64k|+3k|85k|+5k|75/25|Drama/Action/Crime|01.05|$60-88M
[Vanishing Point](https://vod.pipi.cn/fec9203cvodtransbj1251246104/0a6e64625145403721118746297/v.f42905.mp4) |61k|+4k|27k|+3k|33/67|Thriller/Crime|01.05|$21-36M
[All The Good Eyes](https://vod.pipi.cn/fec9203cvodtransbj1251246104/0a6e64625145403721118746297/v.f42905.mp4) |18k|+1k|10k|+1k|34/66|Drama/Romance/Crime|01.05|
[Being Toward Death](https://vod.pipi.cn/fec9203cvodtransbj1251246104/7978f4ba5145403722772255413/v.f42905.mp4) |18k|+2k|8k|+1k|38/62|Drama|01.05|
[Once a Thief](https://vod.pipi.cn/fec9203cvodtransbj1251246104/7978f4ba5145403722772255413/v.f42905.mp4) |24k|+2k|18k|+1k|47/53|Drama/Comedy/Action|03.05|

**May**

| Movie |Maoyan WTS|Daily Increase| Taopiaopiao WTS|Daily Increase|M/W %|Genre|Release Date|3rd party media projections
:----------- |:-----------:|:-----------:|:-----------:|:-----------:|:-----------:|:-----------:|:-----------:|:-----------:|
[Mortal Kombat II](https://vod.pipi.cn/fec9203cvodtransbj1251246104/33b8b9245145403722890582563/v.f42905.mp4) |22k|+1k|11k|+1k|75/25|Action/Fantasy|08.05|
[Love Battle](https://i.imgur.com/yT3kgKV.jpeg) |33k|+1k|48k|+1k|20/80|Romance/Comedy|20.05|
[Be Yourself](https://vod.pipi.cn/fec9203cvodtransbj1251246104/43e695815145403722808184482/v.f42905.mp4) |16k|+1k|15k|+1k|31/69|Romance/Comedy|20.05|"
1sqvyqo,boxoffice,My Predictions For The Domestic Top 3 Of Every Weekend In Summer 2026,"May 1st - May 3rd:

1st: The Devil Wears Prada 2

2nd: Micheal

3rd: The Super Mario Galaxy Movie

  
May 8th - May 10th:

1st: Mortal Kombat 2

2nd: The Devil Wears Prada 2

3rd: Micheal

  
May 15th -May 17th:

1st: The Devil Wears Prada 2

2nd: Mortal Kombat 2

3rd: Micheal

  
May 22nd - May 24th:

1st: The Mandolorian &amp; Grogu

2nd: The Devil Wears Prada 2

3rd: Mortal Kombat 2

  
May 29th - May 31st:

1st: Backrooms

2nd: The Mandolorian &amp; Grogu

3rd: The Breadwinner

  
June 5th - June 7th:

1st: Scary Movie

2nd: The Amazing Digital Circus: The Last Act (If Thursday counts for its opening this could potentially open at first.)

3rd: Masters Of The Universe

  
June 12th - June 14th:

1st: Disclosure Day

2nd: Scary Movie

3rd: The Amazing Digital Circus: The Last Act

  
June 19th - June 21st:

1st: Toy Story 5

2nd: Disclosure Day

3rd: Scary Movie

  
June 26th - June 28th:

1st: Supergirl

2nd: Toy Story 5

3rd: Jackass: Best And Last

  
July 3rd - July 5th:

1st: Minions &amp; Monsters

2nd: Toy Story 5

3rd: Supergirl

  
July 10th - July 12th:

1st: Moana :(

2nd: Minions &amp; Monsters

3rd: Toy Story 5

  
July 17th - July 19th:

1st: The Odyssey

2nd: Moana

3rd: Minions &amp; Monsters

  
July 24th - July 26th:

1st: The Odyssey

2nd: Moana

3rd: Evil Dead Burn

  
July 31st - August 2nd:

1st: Spider-Man: Brand New Day

2nd: The Odyssey

3rd: Moana

  
August 7th - August 9th:

1st: Spider-Man: Brand New Day

2nd: The Odyssey

3rd: Moana

  
August 14th - August 16th:

1st: Spider-Man: Brand New Day

2nd: The End Of Oak Street

3rd: Paw Patrol: The Dino Movie

  
August 21st - August 23rd:

1st: Spider-Man: Brand New Day

2nd: Insidious: Out Of The Further

3rd: The End Of Oak Street

  
August 28th - August 30th:

1st: Spider-Man: Brand New Day

2nd: The Dog Stars

3rd: Coyote Vs Acme

  
Top 15 Highest Domestic Grossers Of The Summer:

1st: Spider-Man: Brand New Day

2nd: Toy Story 5

3rd: The Odyssey

4th: Minions &amp; Monsters (This is the box office performance I'm most curious about. After Mario Galaxy underperformed, we could be seeing Illumination movies start to see box office fatigue, and this franchise has arguably had it coming for a while. Gru and the main Minions not returning is also a big red flag. However, despite Despicable Me 4 being just as aimless and scattershot as the Mario Galaxy Movie, audiences still loved it, and it was able to stay pretty flat from Rise Of Gru. This movie gives me huge Jurassic World: Rebirth vibes in terms on how I think it performs, and I'm gonna predict it makes a similar amount to it. That being said, if this movie makes over 900 million, despite the lack of the franchise's main characters and the glut of competition, I'm fully ready to call this franchise immortal.)

5th: Moana (It looks like bias, but after the underperformances of Mario 2, Avatar 3, and Wicked 2, I feel like this has a similar box office drop, especially considering how Moana 2 was generally disliked and this has tough competition with Toy Story 5 and Minions &amp; Monsters. I'm tempted to switch this with Minions, but I'm more confident in that franchise's staying power.)

6th: The Devil Wears Prada 2

7th: The Mandolorian &amp; Grogu

8th: Supergirl

9th: Scary Movie

10th: Backrooms

11th: Mortal Kombat 2

12th: Disclosure Day (This is the one I'm most conflicted on. My head says that this gets crushed by the competition, considering its current lack of hype, but my heart says that it becomes a big word of mouth hit. However, this isn't a wishlist, so I'm choosing to play it safe here. I will be extremely happy if I'm wrong though.)

13th: The Amazing Digital Circus: The Last Act (Super bullish on this, especially after it was revealed to have a two week run instead of a one weekend run. The show is massive and the fandom will be rushing to avoid spoilers.)

14th: The End Of Oak Street

15th: Young Washington (I think this does similarly to King Of Kings and David. It totally has the potential to blow up and reach the top ten though.)

",6,14,1776705792.0,devil wears prada 2,nyc_premiere,2026-04-20,"My Predictions For The Domestic Top 3 Of Every Weekend In Summer 2026 May 1st - May 3rd:

1st: The Devil Wears Prada 2

2nd: Micheal

3rd: The Super Mario Galaxy Movie

  
May 8th - May 10th:

1st: Mortal Kombat 2

2nd: The Devil Wears Prada 2

3rd: Micheal

  
May 15th -May 17th:

1st: The Devil Wears Prada 2

2nd: Mortal Kombat 2

3rd: Micheal

  
May 22nd - May 24th:

1st: The Mandolorian &amp; Grogu

2nd: The Devil Wears Prada 2

3rd: Mortal Kombat 2

  
May 29th - May 31st:

1st: Backrooms

2nd: The Mandolorian &amp; Grogu

3rd: The Breadwinner

  
June 5th - June 7th:

1st: Scary Movie

2nd: The Amazing Digital Circus: The Last Act (If Thursday counts for its opening this could potentially open at first.)

3rd: Masters Of The Universe

  
June 12th - June 14th:

1st: Disclosure Day

2nd: Scary Movie

3rd: The Amazing Digital Circus: The Last Act

  
June 19th - June 21st:

1st: Toy Story 5

2nd: Disclosure Day

3rd: Scary Movie

  
June 26th - June 28th:

1st: Supergirl

2nd: Toy Story 5

3rd: Jackass: Best And Last

  
July 3rd - July 5th:

1st: Minions &amp; Monsters

2nd: Toy Story 5

3rd: Supergirl

  
July 10th - July 12th:

1st: Moana :(

2nd: Minions &amp; Monsters

3rd: Toy Story 5

  
July 17th - July 19th:

1st: The Odyssey

2nd: Moana

3rd: Minions &amp; Monsters

  
July 24th - July 26th:

1st: The Odyssey

2nd: Moana

3rd: Evil Dead Burn

  
July 31st - August 2nd:

1st: Spider-Man: Brand New Day

2nd: The Odyssey

3rd: Moana

  
August 7th - August 9th:

1st: Spider-Man: Brand New Day

2nd: The Odyssey

3rd: Moana

  
August 14th - August 16th:

1st: Spider-Man: Brand New Day

2nd: The End Of Oak Street

3rd: Paw Patrol: The Dino Movie

  
August 21st - August 23rd:

1st: Spider-Man: Brand New Day

2nd: Insidious: Out Of The Further

3rd: The End Of Oak Street

  
August 28th - August 30th:

1st: Spider-Man: Brand New Day

2nd: The Dog Stars

3rd: Coyote Vs Acme

  
Top 15 Highest Domestic Grossers Of The Summer:

1st: Spider-Man: Brand New Day

2nd: Toy Story 5

3rd: The Odyssey

4th: Minions &amp; Monsters (This is the box office performance I'm most curious about. After Mario Galaxy underperformed, we could be seeing Illumination movies start to see box office fatigue, and this franchise has arguably had it coming for a while. Gru and the main Minions not returning is also a big red flag. However, despite Despicable Me 4 being just as aimless and scattershot as the Mario Galaxy Movie, audiences still loved it, and it was able to stay pretty flat from Rise Of Gru. This movie gives me huge Jurassic World: Rebirth vibes in terms on how I think it performs, and I'm gonna predict it makes a similar amount to it. That being said, if this movie makes over 900 million, despite the lack of the franchise's main characters and the glut of competition, I'm fully ready to call this franchise immortal.)

5th: Moana (It looks like bias, but after the underperformances of Mario 2, Avatar 3, and Wicked 2, I feel like this has a similar box office drop, especially considering how Moana 2 was generally disliked and this has tough competition with Toy Story 5 and Minions &amp; Monsters. I'm tempted to switch this with Minions, but I'm more confident in that franchise's staying power.)

6th: The Devil Wears Prada 2

7th: The Mandolorian &amp; Grogu

8th: Supergirl

9th: Scary Movie

10th: Backrooms

11th: Mortal Kombat 2

12th: Disclosure Day (This is the one I'm most conflicted on. My head says that this gets crushed by the competition, considering its current lack of hype, but my heart says that it becomes a big word of mouth hit. However, this isn't a wishlist, so I'm choosing to play it safe here. I will be extremely happy if I'm wrong though.)

13th: The Amazing Digital Circus: The Last Act (Super bullish on this, especially after it was revealed to have a two week run instead of a one weekend run. The show is massive and the fandom will be rushing to avoid spoilers.)

14th: The End Of Oak Street

15th: Young Washington (I think this does similarly to King Of Kings and David. It totally has the potential to blow up and reach the top ten though.)"
1sqs9l7,boxoffice,r/boxoffice 2026 Summer Box Office Predictions,"The polls are closed, submissions for Summer Box Office Predictions game will no longer be taken so now it's time to reveal the average predictions.

This was very interesting to track. It's safe to say this sub is very confident about what will be the top movie of the summer but after that, answers were all over the place. It wouldn't shock me if we only get the #1 movie in the correct spot.

As a reminder of how this sub has done the previous 2 years I've done this:

In 2024, we did 7/10 in terms of correct films because people had The Garfield Movie, Furiosa, and The Fall Guy as the top films of the saummer, and not expecting Twisters, IF, and (still particularly embarrassing in hindsight) It Ends With Us. Though we only had Despicable Me 4 and Alien: Romulus in the correct spot

In 2025, we again did 7/10 in correct films; we thought Elio, the Bad Guys 2, and 28 Years Later would be big while F1, Final Destination: Bloodlines, and especially Weapons were absent. But we were a bit more accurate with 5 in the correct spots; it would've been a complete 7 if Jurassic World Rebirth and Superman had swapped places.",110,131,1776698136.0,devil wears prada 2,nyc_premiere,2026-04-20,"r/boxoffice 2026 Summer Box Office Predictions The polls are closed, submissions for Summer Box Office Predictions game will no longer be taken so now it's time to reveal the average predictions.

This was very interesting to track. It's safe to say this sub is very confident about what will be the top movie of the summer but after that, answers were all over the place. It wouldn't shock me if we only get the #1 movie in the correct spot.

As a reminder of how this sub has done the previous 2 years I've done this:

In 2024, we did 7/10 in terms of correct films because people had The Garfield Movie, Furiosa, and The Fall Guy as the top films of the saummer, and not expecting Twisters, IF, and (still particularly embarrassing in hindsight) It Ends With Us. Though we only had Despicable Me 4 and Alien: Romulus in the correct spot

In 2025, we again did 7/10 in correct films; we thought Elio, the Bad Guys 2, and 28 Years Later would be big while F1, Final Destination: Bloodlines, and especially Weapons were absent. But we were a bit more accurate with 5 in the correct spots; it would've been a complete 7 if Jurassic World Rebirth and Superman had swapped places."
1sqn918,boxoffice,Fantasy Box Office – Summer Picks,"Hey, my friends and I are playing a box office fantasy game. Who do you think had the best summer picks? Spider-Man and Toy Story were already taken, by the way.",14,13,1776686480.0,devil wears prada 2,nyc_premiere,2026-04-20,"Fantasy Box Office – Summer Picks Hey, my friends and I are playing a box office fantasy game. Who do you think had the best summer picks? Spider-Man and Toy Story were already taken, by the way."
1spwyg6,boxoffice,In China It's OK wins the weekend with 2 $2.91M(-36%)/$23.54M ahead of Project Hail Mary in 3rd with $2.24M(-25%)/$36.85M. Nobody But You 2 opens 3rd with $2.08M. Super Mario Galaxy in 4th adds $2.02M(-38%)/$17.17M. Michael opening day pre-sales hit $253k after day 5. Full Weekend presales hit $469k,"#**Weekend Box Office (April 17th-19th)**

**It's OK** repeats for the 3rd weekend in a row with $2.91M. A decent -36% drop from the previous weekend.

**Project Hail Mary** climbs to 2nd after grossing a strong $2.24M on its 5th weekend. 

**Nobody But You 2** opens 3rd with $2.08M from its 2 days in release.

**Super Mario Galaxy** drops to 4th after adding ¥13.7M/$2.02M on its 3rd weekend. An ok but unremarkable drop. Down from the 3rd weekend of Hoppers(¥15.0M/$2.19M) but ahead of the first movies 3rd weekend of ¥12.5M/$1.80M. The first Mario faced a workday Sunday on its 3rd Sunday.

|# | Movie                 |Gross  | %LW|Total Gross|Total Admissions| Weekends
:----------- |:-----------|:-----------|:-----------:|:-----------:|:-----------:|:-----------:|:-----------:|:-----------:|:-----------:|:-----------:
1| It's Ok                   |$2.91M  |-36%  |$23.54M   |4.71M  |3
2| Project Hail Mary         |$2.24M  |-25%  |$36.85M   |5.62M  |5
3| **Nobody But You 2**      |$2.08M  |      |$2.08M    |0.38M  |1
4| Super Mario Galaxy        |$2.02M  |-38%  |$17.17M   |2.92M  |3
5| The Cagged Butterfly      |$1.87M  |-22%  |$10.60M   |2.16M  |3
6| Now I Met Her             |$1.08M  |-39%  |$9.79M    |1.81M  |3
7| Pegasus 3                 |$1.08M  |-7%   |$638.40M  |94.21M |9
8| Hoppers                   |$0.85M  |-15%  |$23.63M   |4.15M  |5
9| **Organ Child**           |$0.82M  |      |$0.82M    |0.15M  |1
10| A Game of Identity       |$0.54M  |-56%  |$7.72M    |1.57M  |3
11| Blades Of The Guardians  |$0.29M  |-36%  |$209.44M  |31.33M |9
12| Sunshine Women's Choir   |$0.22M  |-48%  |$2.59M    |0.46M  |3


#**Daily Box Office (April 19th 2026)**

The market hits ¥41.7M/$6.11M. Down -28% from yesterday and down -17% from last week.

---

**Province map of the day:** 

https://i.imgur.com/PVO2DEi.png

Nobody But You 2 and It's OK mostly dominate on Sunday.

**In Metropolitan cities:** 

Project Hail Mary wins  Shanghai, Nanjing, Shenzhen, Hangzhou and Beijing

Its OK wins Guangzhou, Wuhan and Chengdu

Nobody But You 2 wins Chongqing

Silent Friend wins Suzhou 


**City tiers:**

It's OK returns to the top in T2-T3.

**Tier 1**: Project Hail Mary&gt;Super Mario Galaxy Movie&gt;It's OK

**Tier 2**: It's OK&gt;Project Hail Mary&gt;Super Mario Galaxy Movie

**Tier 3**: It's OK&gt;The Caged Butterfly&gt;Nobody But You 2

**Tier 4**: Nobody But You 2&gt;It's OK&gt;The Caged Butterfly

---

|# | Movie |Gross|%YD| %LW|Screenings|Admisions(Today)|Total Gross|Projected Total Gross|
:----------- |:-----------|:-----------:|:-----------:|:-----------:|:-----------:|:--------:|:-----------:|:-----------:| 
1|It's OK                  |$0.95M  |-25% |-37%  |69388 |0.18M |$23.54M  |$27M-$30M
2|Super Mario Galaxy Movie |$0.83M  |-13% |-37%  |46876 |0.14M |$17.17M  |$20M-$22M
3|Project Hail Mary        |$0.78M  |-24% |-27%  |29528 |0.12M |$36.85M  |$39M-$40M
4|**Nobody But You 2**     |$0.69M  |-50% |      |55924 |0.13M |$2.08M   |$3M-$4M
5|The Caged Butterfly      |$0.57M  |-37% |-19%  |43667 |0.11M |$10.60M  |$13M-$14M
6|Pegasus 3                |$0.37M  |-20% |-12%  |22409 |0.06M |$638.40M |$639M-$640M           
7|Hoppers                  |$0.36M  |-8%  |-18%  |20133 |0.06M |$23.63M  |$24M-$25M 
8|Now I Met Her            |$0.36M  |-21% |-41%  |32497 |0.07M |$9.79M   |$11M-$12M  
9|**Organ Child**          |$0.33M  |-32% |      |27896 |0.06M |$0.82M   |$1M-$2M 
10|A Game of Identity      |$0.17M  |-22% |-59%  |22286 |0.03M |$7.72M   |$8M-$9M 
11|Blades of The Guardians |$0.11M  |-7%  |-30%  |8596  |0.02M |$209.44M |$209M-$210M 
12|Sunshine Women's Choir  |$0.07M  |-21% |-54%  |6152  |0.01M |$2.59M   |$2M-$3M

New releases marked in **bold**

---


**Pre-Sales map for tomorrow**

https://i.imgur.com/J6JfyJ6.png

Nobody But You 2 and It's OK dominate pre-sales for Monday.

---

**IMAX Screenings distribution**

Project Hail Mary will continue to dominate IMAX through the weekend.


||Movie|IMAX Screeninsgs Today|IMAX Screeninsgs Tomorrow|Change|
:----------- |:-----------:|:-----------:|:-----------:|:-----------:|:-----------:|:-----------:|:-----------:|
1|Project Hail Mary                   |3027   |2246 |-781
2|Super Mario Galaxy                  |361    |148  |-213
3|Hoppers                             |13     |3    |-10

---


###**Super Mario Galaxy Movie**

Mario Galaxy grossed ¥5.64M/$0.83M on its 4rd Sunday. Looks like it will potentialy be able to squeze out $20M+ for its total gross although still ending up below the first movie and Hoppers.

**Super Mario Galaxy vs Super Mario Bros:**

https://i.imgur.com/Dy8epaT.png

**Screen Distribution Split:** Regular: $16.00M    , IMAX: $0.69M   , Rest: $0.48M 

**WoM figures:**

Maoyan: 9.3 , Taopiaopiao: 9.3 , Douban: 7.0(-0.1)

|#|FRI|SAT|SUN|MON|TUE|WED|THU|Total|
|:-----------:|:-----------:|:-----------:|:-----------:|:-----------:|:-----------:|:-----------:|:-----------:|:-----------:|:-----------:|							
|Second  Week |$0.37M|$1.58M|$1.32M|$0.12M|$0.10M|$0.11M|$0.10M|$15.15M
|Third  Week |$0.24M|$0.95M|$0.83M| | | | |$17.17M
|%± LW|-35%|-40%|-37%| | | | | |			
	
**Scheduled showings update for Super Mario Galaxy Movie for the next few days:**

|Day |  Number of Showings |Presales|Projection
:----------- |:-----------:|:-----------:|:-----------:|
Today|46833|$107k|$0.76M-$0.78M
Monday|28857|$8k|$0.08M-$0.13M
Tuesday|19035|$1k|$0.07M-$0.12M

---

###**Project Hail Mary**

Project Hail Mary in 3rd grossed ¥5.32M/$0.78M on Sunday. Continues its strong performances and will continue to attempt to reach $40M


**Project Hail Mary vs F1:**

https://i.imgur.com/2xtzfVv.png

**Screen Distribution Split:** Regular: $23.78M    , IMAX: $10.69M   , Rest: $2.26M 

**WoM figures:**

Maoyan: 9.3       , Taopiaopiao: 9.2      , Douban: 8.6

|#|FRI|SAT|SUN|MON|TUE|WED|THU|Total|
|:-----------:|:-----------:|:-----------:|:-----------:|:-----------:|:-----------:|:-----------:|:-----------:|:-----------:|:-----------:|								
|Fourth  Week |$0.55M|$1.38M|$1.07M|$0.28M|$0.34M|$0.33M|$0.28M	|$34.61M
|Fifth Week |$0.44M|$1.02M|$0.78M| | | | |$36.85M
|%± LW|-20%|-26%|-27%| | | | | |		

**Scheduled showings update for Project Hail Mary for the next few days:**

|Day |  Number of Showings |Presales|Projection
:----------- |:-----------:|:-----------:|:-----------:|
Today|29718|$170k|$0.75M-$0.82M
Monday|25022|$22k|$0.18M-$0.20M
Tuesday|17667|$6k|$0.18M-$0.19M

---

#**Other stuff:**

The next Holywood release Michael on April 24th followed by Devil Wears Prada 2 on the 30th.

---

**Michael Opening Day pre-sales**

**Michael** pre-sales hit $253k after the 5th day of pre-sales. $293k including previews and midnight screenings.

Full weekend pre-sales hit $469k

|Days till release |Michael | Project Hail Mary |F1 |
:----------- |:-----------:|:-----------:|:-----------:|:-----------:|:-----------:|:-----------:|:-----------:|  
8|$40k/12877 |/          |$31k/14328 |||   
7|$115k/18281|/          |$48k/15335 |||   
6|$170k/20839|$19k/4747  |$69k/16308 ||| 
5|$211k/23170|$38k/6270  |$87k/17506 |$833k/9748|| 
4|$253k/25655|$62k/7441  |$107k/19421||| 
3|           |$104k/9268 |$156k/21808||| 		
2|           |$154k/12234|$230k/29788|||
1|           |$266k/18902|$319k/43313||| 
0|           |$473k/23759|$543k/51748|||	
*Gross/Screenings

---


#**Release Schedule:**

A table including upcoming movies in the next month alongside trailers linked in the name of the movie, Want To See data from both Maoyan and Taopiaopiao alongside the Gender split and genre. 

Remember Want To See is not pre-sales. Its just an anticipation metric. A checkbox of sorts saying your interested in an upcoming movie.

Not all movies are included since a lot are just too small to be worth covering. 

---

**April:**

| Movie |Maoyan WTS|Daily Increase| Taopiaopiao WTS|Daily Increase|M/W %|Genre|Release Date|3rd party media projections
:----------- |:-----------:|:-----------:|:-----------:|:-----------:|:-----------:|:-----------:|:-----------:|:-----------:|
[Michael](https://vod.pipi.cn/fec9203cvodtransbj1251246104/4d3375735145403721513102387/v.f42905.mp4) |105k|+2k|87k|+2k|59/41|Biograpy/Drama|24.04|$8M

**May/Labor Day Holidays(30.4-5.5)**

| Movie |Maoyan WTS|Daily Increase| Taopiaopiao WTS|Daily Increase|M/W %|Genre|Release Date|3rd party media projections
:----------- |:-----------:|:-----------:|:-----------:|:-----------:|:-----------:|:-----------:|:-----------:|:-----------:|
[Devil Wears Prada 2](https://vod.pipi.cn/fec9203cvodtransbj1251246104/0a6e64625145403721118746297/v.f42905.mp4) |144k|+6k|240k|+11k|26/74|Drama/Comedy|30.04|$9-41M
[Cold War 1944](https://vod.pipi.cn/fec9203cvodtransbj1251246104/0a6e64625145403721118746297/v.f42905.mp4) |61k|+4k|80k|+5k|75/25|Drama/Action/Crime|01.05|$60-88M
[Vanishing Point](https://vod.pipi.cn/fec9203cvodtransbj1251246104/0a6e64625145403721118746297/v.f42905.mp4) |57k|+4k|24k|+2k|33/67|Thriller/Crime|01.05|$21-36M
[All The Good Eyes](https://vod.pipi.cn/fec9203cvodtransbj1251246104/0a6e64625145403721118746297/v.f42905.mp4) |17k|+1k|10k|+1k|34/66|Drama/Romance/Crime|01.05|
[Being Toward Death](https://vod.pipi.cn/fec9203cvodtransbj1251246104/7978f4ba5145403722772255413/v.f42905.mp4) |16k|+2k|7k|+1k|38/62|Drama|01.05|
[Once a Thief](https://vod.pipi.cn/fec9203cvodtransbj1251246104/7978f4ba5145403722772255413/v.f42905.mp4) |22k|+2k|17k|+1k|47/53|Drama/Comedy/Action|03.05|

**May**

| Movie |Maoyan WTS|Daily Increase| Taopiaopiao WTS|Daily Increase|M/W %|Genre|Release Date|3rd party media projections
:----------- |:-----------:|:-----------:|:-----------:|:-----------:|:-----------:|:-----------:|:-----------:|:-----------:|
[Mortal Kombat II](https://vod.pipi.cn/fec9203cvodtransbj1251246104/33b8b9245145403722890582563/v.f42905.mp4) |21k|+1k|10k|+1k|75/25|Action/Fantasy|08.05|
[Love Battle](https://i.imgur.com/yT3kgKV.jpeg) |33k|+1k|48k|+1k|20/80|Romance/Comedy|20.05|
[Be Yourself](https://vod.pipi.cn/fec9203cvodtransbj1251246104/43e695815145403722808184482/v.f42905.mp4) |15k|+1k|15k|+1k|31/69|Romance/Comedy|20.05|",30,10,1776614533.0,devil wears prada 2,nyc_premiere,2026-04-19,"In China It's OK wins the weekend with 2 $2.91M(-36%)/$23.54M ahead of Project Hail Mary in 3rd with $2.24M(-25%)/$36.85M. Nobody But You 2 opens 3rd with $2.08M. Super Mario Galaxy in 4th adds $2.02M(-38%)/$17.17M. Michael opening day pre-sales hit $253k after day 5. Full Weekend presales hit $469k #**Weekend Box Office (April 17th-19th)**

**It's OK** repeats for the 3rd weekend in a row with $2.91M. A decent -36% drop from the previous weekend.

**Project Hail Mary** climbs to 2nd after grossing a strong $2.24M on its 5th weekend. 

**Nobody But You 2** opens 3rd with $2.08M from its 2 days in release.

**Super Mario Galaxy** drops to 4th after adding ¥13.7M/$2.02M on its 3rd weekend. An ok but unremarkable drop. Down from the 3rd weekend of Hoppers(¥15.0M/$2.19M) but ahead of the first movies 3rd weekend of ¥12.5M/$1.80M. The first Mario faced a workday Sunday on its 3rd Sunday.

|# | Movie                 |Gross  | %LW|Total Gross|Total Admissions| Weekends
:----------- |:-----------|:-----------|:-----------:|:-----------:|:-----------:|:-----------:|:-----------:|:-----------:|:-----------:|:-----------:
1| It's Ok                   |$2.91M  |-36%  |$23.54M   |4.71M  |3
2| Project Hail Mary         |$2.24M  |-25%  |$36.85M   |5.62M  |5
3| **Nobody But You 2**      |$2.08M  |      |$2.08M    |0.38M  |1
4| Super Mario Galaxy        |$2.02M  |-38%  |$17.17M   |2.92M  |3
5| The Cagged Butterfly      |$1.87M  |-22%  |$10.60M   |2.16M  |3
6| Now I Met Her             |$1.08M  |-39%  |$9.79M    |1.81M  |3
7| Pegasus 3                 |$1.08M  |-7%   |$638.40M  |94.21M |9
8| Hoppers                   |$0.85M  |-15%  |$23.63M   |4.15M  |5
9| **Organ Child**           |$0.82M  |      |$0.82M    |0.15M  |1
10| A Game of Identity       |$0.54M  |-56%  |$7.72M    |1.57M  |3
11| Blades Of The Guardians  |$0.29M  |-36%  |$209.44M  |31.33M |9
12| Sunshine Women's Choir   |$0.22M  |-48%  |$2.59M    |0.46M  |3


#**Daily Box Office (April 19th 2026)**

The market hits ¥41.7M/$6.11M. Down -28% from yesterday and down -17% from last week.

---

**Province map of the day:** 

https://i.imgur.com/PVO2DEi.png

Nobody But You 2 and It's OK mostly dominate on Sunday.

**In Metropolitan cities:** 

Project Hail Mary wins  Shanghai, Nanjing, Shenzhen, Hangzhou and Beijing

Its OK wins Guangzhou, Wuhan and Chengdu

Nobody But You 2 wins Chongqing

Silent Friend wins Suzhou 


**City tiers:**

It's OK returns to the top in T2-T3.

**Tier 1**: Project Hail Mary&gt;Super Mario Galaxy Movie&gt;It's OK

**Tier 2**: It's OK&gt;Project Hail Mary&gt;Super Mario Galaxy Movie

**Tier 3**: It's OK&gt;The Caged Butterfly&gt;Nobody But You 2

**Tier 4**: Nobody But You 2&gt;It's OK&gt;The Caged Butterfly

---

|# | Movie |Gross|%YD| %LW|Screenings|Admisions(Today)|Total Gross|Projected Total Gross|
:----------- |:-----------|:-----------:|:-----------:|:-----------:|:-----------:|:--------:|:-----------:|:-----------:| 
1|It's OK                  |$0.95M  |-25% |-37%  |69388 |0.18M |$23.54M  |$27M-$30M
2|Super Mario Galaxy Movie |$0.83M  |-13% |-37%  |46876 |0.14M |$17.17M  |$20M-$22M
3|Project Hail Mary        |$0.78M  |-24% |-27%  |29528 |0.12M |$36.85M  |$39M-$40M
4|**Nobody But You 2**     |$0.69M  |-50% |      |55924 |0.13M |$2.08M   |$3M-$4M
5|The Caged Butterfly      |$0.57M  |-37% |-19%  |43667 |0.11M |$10.60M  |$13M-$14M
6|Pegasus 3                |$0.37M  |-20% |-12%  |22409 |0.06M |$638.40M |$639M-$640M           
7|Hoppers                  |$0.36M  |-8%  |-18%  |20133 |0.06M |$23.63M  |$24M-$25M 
8|Now I Met Her            |$0.36M  |-21% |-41%  |32497 |0.07M |$9.79M   |$11M-$12M  
9|**Organ Child**          |$0.33M  |-32% |      |27896 |0.06M |$0.82M   |$1M-$2M 
10|A Game of Identity      |$0.17M  |-22% |-59%  |22286 |0.03M |$7.72M   |$8M-$9M 
11|Blades of The Guardians |$0.11M  |-7%  |-30%  |8596  |0.02M |$209.44M |$209M-$210M 
12|Sunshine Women's Choir  |$0.07M  |-21% |-54%  |6152  |0.01M |$2.59M   |$2M-$3M

New releases marked in **bold**

---


**Pre-Sales map for tomorrow**

https://i.imgur.com/J6JfyJ6.png

Nobody But You 2 and It's OK dominate pre-sales for Monday.

---

**IMAX Screenings distribution**

Project Hail Mary will continue to dominate IMAX through the weekend.


||Movie|IMAX Screeninsgs Today|IMAX Screeninsgs Tomorrow|Change|
:----------- |:-----------:|:-----------:|:-----------:|:-----------:|:-----------:|:-----------:|:-----------:|
1|Project Hail Mary                   |3027   |2246 |-781
2|Super Mario Galaxy                  |361    |148  |-213
3|Hoppers                             |13     |3    |-10

---


###**Super Mario Galaxy Movie**

Mario Galaxy grossed ¥5.64M/$0.83M on its 4rd Sunday. Looks like it will potentialy be able to squeze out $20M+ for its total gross although still ending up below the first movie and Hoppers.

**Super Mario Galaxy vs Super Mario Bros:**

https://i.imgur.com/Dy8epaT.png

**Screen Distribution Split:** Regular: $16.00M    , IMAX: $0.69M   , Rest: $0.48M 

**WoM figures:**

Maoyan: 9.3 , Taopiaopiao: 9.3 , Douban: 7.0(-0.1)

|#|FRI|SAT|SUN|MON|TUE|WED|THU|Total|
|:-----------:|:-----------:|:-----------:|:-----------:|:-----------:|:-----------:|:-----------:|:-----------:|:-----------:|:-----------:|							
|Second  Week |$0.37M|$1.58M|$1.32M|$0.12M|$0.10M|$0.11M|$0.10M|$15.15M
|Third  Week |$0.24M|$0.95M|$0.83M| | | | |$17.17M
|%± LW|-35%|-40%|-37%| | | | | |			
	
**Scheduled showings update for Super Mario Galaxy Movie for the next few days:**

|Day |  Number of Showings |Presales|Projection
:----------- |:-----------:|:-----------:|:-----------:|
Today|46833|$107k|$0.76M-$0.78M
Monday|28857|$8k|$0.08M-$0.13M
Tuesday|19035|$1k|$0.07M-$0.12M

---

###**Project Hail Mary**

Project Hail Mary in 3rd grossed ¥5.32M/$0.78M on Sunday. Continues its strong performances and will continue to attempt to reach $40M


**Project Hail Mary vs F1:**

https://i.imgur.com/2xtzfVv.png

**Screen Distribution Split:** Regular: $23.78M    , IMAX: $10.69M   , Rest: $2.26M 

**WoM figures:**

Maoyan: 9.3       , Taopiaopiao: 9.2      , Douban: 8.6

|#|FRI|SAT|SUN|MON|TUE|WED|THU|Total|
|:-----------:|:-----------:|:-----------:|:-----------:|:-----------:|:-----------:|:-----------:|:-----------:|:-----------:|:-----------:|								
|Fourth  Week |$0.55M|$1.38M|$1.07M|$0.28M|$0.34M|$0.33M|$0.28M	|$34.61M
|Fifth Week |$0.44M|$1.02M|$0.78M| | | | |$36.85M
|%± LW|-20%|-26%|-27%| | | | | |		

**Scheduled showings update for Project Hail Mary for the next few days:**

|Day |  Number of Showings |Presales|Projection
:----------- |:-----------:|:-----------:|:-----------:|
Today|29718|$170k|$0.75M-$0.82M
Monday|25022|$22k|$0.18M-$0.20M
Tuesday|17667|$6k|$0.18M-$0.19M

---

#**Other stuff:**

The next Holywood release Michael on April 24th followed by Devil Wears Prada 2 on the 30th.

---

**Michael Opening Day pre-sales**

**Michael** pre-sales hit $253k after the 5th day of pre-sales. $293k including previews and midnight screenings.

Full weekend pre-sales hit $469k

|Days till release |Michael | Project Hail Mary |F1 |
:----------- |:-----------:|:-----------:|:-----------:|:-----------:|:-----------:|:-----------:|:-----------:|  
8|$40k/12877 |/          |$31k/14328 |||   
7|$115k/18281|/          |$48k/15335 |||   
6|$170k/20839|$19k/4747  |$69k/16308 ||| 
5|$211k/23170|$38k/6270  |$87k/17506 |$833k/9748|| 
4|$253k/25655|$62k/7441  |$107k/19421||| 
3|           |$104k/9268 |$156k/21808||| 		
2|           |$154k/12234|$230k/29788|||
1|           |$266k/18902|$319k/43313||| 
0|           |$473k/23759|$543k/51748|||	
*Gross/Screenings

---


#**Release Schedule:**

A table including upcoming movies in the next month alongside trailers linked in the name of the movie, Want To See data from both Maoyan and Taopiaopiao alongside the Gender split and genre. 

Remember Want To See is not pre-sales. Its just an anticipation metric. A checkbox of sorts saying your interested in an upcoming movie.

Not all movies are included since a lot are just too small to be worth covering. 

---

**April:**

| Movie |Maoyan WTS|Daily Increase| Taopiaopiao WTS|Daily Increase|M/W %|Genre|Release Date|3rd party media projections
:----------- |:-----------:|:-----------:|:-----------:|:-----------:|:-----------:|:-----------:|:-----------:|:-----------:|
[Michael](https://vod.pipi.cn/fec9203cvodtransbj1251246104/4d3375735145403721513102387/v.f42905.mp4) |105k|+2k|87k|+2k|59/41|Biograpy/Drama|24.04|$8M

**May/Labor Day Holidays(30.4-5.5)**

| Movie |Maoyan WTS|Daily Increase| Taopiaopiao WTS|Daily Increase|M/W %|Genre|Release Date|3rd party media projections
:----------- |:-----------:|:-----------:|:-----------:|:-----------:|:-----------:|:-----------:|:-----------:|:-----------:|
[Devil Wears Prada 2](https://vod.pipi.cn/fec9203cvodtransbj1251246104/0a6e64625145403721118746297/v.f42905.mp4) |144k|+6k|240k|+11k|26/74|Drama/Comedy|30.04|$9-41M
[Cold War 1944](https://vod.pipi.cn/fec9203cvodtransbj1251246104/0a6e64625145403721118746297/v.f42905.mp4) |61k|+4k|80k|+5k|75/25|Drama/Action/Crime|01.05|$60-88M
[Vanishing Point](https://vod.pipi.cn/fec9203cvodtransbj1251246104/0a6e64625145403721118746297/v.f42905.mp4) |57k|+4k|24k|+2k|33/67|Thriller/Crime|01.05|$21-36M
[All The Good Eyes](https://vod.pipi.cn/fec9203cvodtransbj1251246104/0a6e64625145403721118746297/v.f42905.mp4) |17k|+1k|10k|+1k|34/66|Drama/Romance/Crime|01.05|
[Being Toward Death](https://vod.pipi.cn/fec9203cvodtransbj1251246104/7978f4ba5145403722772255413/v.f42905.mp4) |16k|+2k|7k|+1k|38/62|Drama|01.05|
[Once a Thief](https://vod.pipi.cn/fec9203cvodtransbj1251246104/7978f4ba5145403722772255413/v.f42905.mp4) |22k|+2k|17k|+1k|47/53|Drama/Comedy/Action|03.05|

**May**

| Movie |Maoyan WTS|Daily Increase| Taopiaopiao WTS|Daily Increase|M/W %|Genre|Release Date|3rd party media projections
:----------- |:-----------:|:-----------:|:-----------:|:-----------:|:-----------:|:-----------:|:-----------:|:-----------:|
[Mortal Kombat II](https://vod.pipi.cn/fec9203cvodtransbj1251246104/33b8b9245145403722890582563/v.f42905.mp4) |21k|+1k|10k|+1k|75/25|Action/Fantasy|08.05|
[Love Battle](https://i.imgur.com/yT3kgKV.jpeg) |33k|+1k|48k|+1k|20/80|Romance/Comedy|20.05|
[Be Yourself](https://vod.pipi.cn/fec9203cvodtransbj1251246104/43e695815145403722808184482/v.f42905.mp4) |15k|+1k|15k|+1k|31/69|Romance/Comedy|20.05|"
1sp4j1y,boxoffice,SK Saturday Update: Salmokji is a beast!,"|Movies|Monday-Monday Drop|Tuesday-Tuesday Drop|Wednesday-Wednesday Drop|Thursday-Thursday Drop|Friday-Friday Drop|Saturday-Saturday Drop|Sunday-Sunday Drop|Week-Week Drop|
|:-|:-|:-|:-|:-|:-|:-|:-|:-|
|Salmokji|||24%|18%|12%|7%|||
|Project Hail Mary|33%|32%|34%|44%|42%|37%|||
|Demon Slayer|61%|55%|57%|66%|68%|61%|||
|Hoppers|67%|74%|61%|74%|75%|75%|||
|The Man Who Lives With the King|37%|26%|26%|42%|38%|38%|||

**Goat**: The movie has another awful day, as the Friday-to-Saturday jump is pretty pathetic. It is well within the realm of possible that this missed 50k admits. They probably spent more on marketing in South Korea than they will make here. What a whiff.

**Salmokji:** The movie is guaranteed to have a drop this weekend of under 20%, and under 15% is pretty damn likely after such a strong overperformance. 1.5 million admits is coming tomorrow, and I'm pretty damn convinced this will reach 2.5 million admits.

**Demon Slayer:** The movie will look to cross 5.81 million admits early next week before ending its rerun.

**Project Hail Mary:** The movie is still guaranteed to hit 2.5 million admits, but it is now likely towards the part of its run where it will take some big drops in the upcoming next two weekends.

**Hoppers:** Hoppers is still hanging around, but the movie will be dropped after Sunday for my daily updates.

**The Man Who Lives With the King:** The movie continues to have solid drops, just not amazing, crazy drops anymore. Will likely be irrelevant to the box office in a couple of weeks.

**Presales**

**Super Mario Galaxy:** The presales are staying steady with an increase of 1.6k tickets to bring the total to 7,387 tickets. Still a ton of time, but I don’t like the growth. It needs to start popping off starting next Wednesday.

**Devil Wears Prada 2**: Presales increased by over 3k admits again, as the movie’s presales are at 28,641 tickets. I think the movie could open up around 100k admits. Thinking 600k admits opening 5-day weekend, maybe a finish around 1.5 to 1.8 million admits.

**The Mummy:** Movie is at 4,632 tickets, as the movie might be like Goat, where missing 50k admits is more likely than not.",26,6,1776534960.0,devil wears prada 2,nyc_premiere,2026-04-18,"SK Saturday Update: Salmokji is a beast! |Movies|Monday-Monday Drop|Tuesday-Tuesday Drop|Wednesday-Wednesday Drop|Thursday-Thursday Drop|Friday-Friday Drop|Saturday-Saturday Drop|Sunday-Sunday Drop|Week-Week Drop|
|:-|:-|:-|:-|:-|:-|:-|:-|:-|
|Salmokji|||24%|18%|12%|7%|||
|Project Hail Mary|33%|32%|34%|44%|42%|37%|||
|Demon Slayer|61%|55%|57%|66%|68%|61%|||
|Hoppers|67%|74%|61%|74%|75%|75%|||
|The Man Who Lives With the King|37%|26%|26%|42%|38%|38%|||

**Goat**: The movie has another awful day, as the Friday-to-Saturday jump is pretty pathetic. It is well within the realm of possible that this missed 50k admits. They probably spent more on marketing in South Korea than they will make here. What a whiff.

**Salmokji:** The movie is guaranteed to have a drop this weekend of under 20%, and under 15% is pretty damn likely after such a strong overperformance. 1.5 million admits is coming tomorrow, and I'm pretty damn convinced this will reach 2.5 million admits.

**Demon Slayer:** The movie will look to cross 5.81 million admits early next week before ending its rerun.

**Project Hail Mary:** The movie is still guaranteed to hit 2.5 million admits, but it is now likely towards the part of its run where it will take some big drops in the upcoming next two weekends.

**Hoppers:** Hoppers is still hanging around, but the movie will be dropped after Sunday for my daily updates.

**The Man Who Lives With the King:** The movie continues to have solid drops, just not amazing, crazy drops anymore. Will likely be irrelevant to the box office in a couple of weeks.

**Presales**

**Super Mario Galaxy:** The presales are staying steady with an increase of 1.6k tickets to bring the total to 7,387 tickets. Still a ton of time, but I don’t like the growth. It needs to start popping off starting next Wednesday.

**Devil Wears Prada 2**: Presales increased by over 3k admits again, as the movie’s presales are at 28,641 tickets. I think the movie could open up around 100k admits. Thinking 600k admits opening 5-day weekend, maybe a finish around 1.5 to 1.8 million admits.

**The Mummy:** Movie is at 4,632 tickets, as the movie might be like Goat, where missing 50k admits is more likely than not."
1sp28cg,boxoffice,In China Nobody But You 2 opens on top on Saturday with $1.39M. It's OK in 2nd adds $1.27M(-37%)/$22.59M ahead of Project Hail Mary in 3rd with $1.02M(-26%)/$36.07M. Super Mario Galaxy in 4th adds $0.95M(-40%)/$16.34M. Michael opening day pre-sales hit $210k after day 3. Full Weekend PS hit $381k,"#**Daily Box Office (April 18th 2026)**

The market hits ¥57.3M/$8.40M. Up +169% from yesterday and down -11% from last week.

**[Pegasus 3](https://vod.pipi.cn/fec9203cvodtransbj1251246104/617828db5145403716834222373/v.f42905.mp4)** has surpassed ¥4.4B/$638M. Admissions wise it sits at 94.15M tickets sold.

**Avatar 3** has finished its run today with a total gross of ¥1.202B/$171.6M and 24.92M tickets sold. A -29.4% drop in gross from the 2nd movie and a -26.5% drop in admissions. 

According to recent comments made by Ren Yue. The director and general manager at China Film Group Wuershans **Voyages of Zheng He** remains in production and will get the full support needed.

---

**Province map of the day:** 

https://i.imgur.com/SDItoKr.png

Nobody But You 2 mostly dominates on its release day.

**In Metropolitan cities:** 

Project Hail Mary wins  Shanghai, Nanjing, Shenzhen, Hangzhou, Guangzhou and Beijing

Nobody But You 2 wins Chongqing, Chengdu and Suzhou 

It's OK wins Wuhan

**City tiers:**

Super Mario Galaxy Movie climbs to 3rd in T1. Nobody But You 2 debuts on top in T2-T4.

**Tier 1**: Project Hail Mary&gt;Super Mario Galaxy Movie&gt;It's OK

**Tier 2**: Nobody But You 2&gt;It's OK&gt;Project Hail Mary

**Tier 3**: Nobody But You 2&gt;The Caged Butterfly&gt;It's OK

**Tier 4**: Nobody But You 2&gt;The Caged Butterfly&gt;It's OK

---

|# | Movie |Gross|%YD| %LW|Screenings|Admisions(Today)|Total Gross|Projected Total Gross|
:----------- |:-----------|:-----------:|:-----------:|:-----------:|:-----------:|:--------:|:-----------:|:-----------:| 
1|**Nobody But You 2**     |$1.39M  |     |      |57603 |0.25M |$1.39M   |$3M-$5M
2|It's OK                  |$1.27M  |+84% |-37%  |70050 |0.25M |$22.59M  |$26M-$30M
3|Project Hail Mary        |$1.02M  |+132%|-26%  |29458 |0.15M |$36.07M  |$39M-$40M
4|Super Mario Galaxy Movie |$0.95M  |+295%|-40%  |47273 |0.16M |$16.34M  |$19M-$22M
5|The Caged Butterfly      |$0.91M  |+134%|-24%  |41628 |0.18M |$10.03M  |$12M-$13M
6|**Organ Child**          |$0.49M  |     |      |30783 |0.09M |$0.49M   |$1M-$2M 
7|Pegasus 3                |$0.46M  |+83% |-13%  |22563 |0.07M |$638.03M |$639M-$640M   
8|Now I Met Her            |$0.45M  |+67% |-42%  |32708 |0.09M |$9.43M   |$11M-$12M          
9|Hoppers                  |$0.39M  |+290%|-15%  |19515 |0.07M |$23.27M  |$24M-$25M 
10|A Game of Identity      |$0.22M  |+46% |-59%  |22591 |0.04M |$7.55M   |$8M-$9M 
11|Blades of The Guardians |$0.12M  |+100%|-30%  |7955  |0.02M |$209.33M |$209M-$210M 
12|Sunshine Women's Choir  |$0.09M  |+50% |-46%  |6211  |0.02M |$2.52M   |$2M-$3M

New releases marked in **bold**

---


**Pre-Sales map for tomorrow**

https://i.imgur.com/wn7RYq5.png

Nobody But You 2 and It's OK dominate pre-sales for Sunday.

---

**IMAX Screenings distribution**

Project Hail Mary will continue to dominate IMAX through the weekend.


||Movie|IMAX Screeninsgs Today|IMAX Screeninsgs Tomorrow|Change|
:----------- |:-----------:|:-----------:|:-----------:|:-----------:|:-----------:|:-----------:|:-----------:|
1|Project Hail Mary                   |3049   |3056 |+7
2|Super Mario Galaxy                  |373    |351  |-22
3|Hoppers                             |11     |10   |-1

---


###**Super Mario Galaxy Movie**

Mario Galaxy climbs to 4th on Saturday grossing ¥6.46M/$0.95M on its 3rd Saturday. For the first time in a while it posts a day better than the equivalent 3rd Saturday of Hoppers(¥5.43M/$0.79M) but remains trailing the 3rd Saturday of Super Mario Bros(¥8.74M/$1.26M)

3rd weekend projections narrow to $1.9-2.0M(-41%). 

**Super Mario Galaxy vs Super Mario Bros:**

https://i.imgur.com/ifaP2ig.png

**Screen Distribution Split:** Regular: $15.21M    , IMAX: $0.68M   , Rest: $0.47M 

**WoM figures:**

Maoyan: 9.3 , Taopiaopiao: 9.3 , Douban: 7.1

|#|FRI|SAT|SUN|MON|TUE|WED|THU|Total|
|:-----------:|:-----------:|:-----------:|:-----------:|:-----------:|:-----------:|:-----------:|:-----------:|:-----------:|:-----------:|							
|Second  Week |$0.37M|$1.58M|$1.32M|$0.12M|$0.10M|$0.11M|$0.10M|$15.15M
|Third  Week |$0.24M|$0.95M| | | | | |$16.34M
|%± LW|-35%|-40%| | | | | | |			
	
**Scheduled showings update for Super Mario Galaxy Movie for the next few days:**

|Day |  Number of Showings |Presales|Projection
:----------- |:-----------:|:-----------:|:-----------:|
Today|47580|$135k|$0.84M-$0.95M
Sunday|46833|$107k|$0.76M-$0.78M
Monday|17812|$1k|$0.07M-$0.12M

---

###**Project Hail Mary**

Project Hail Mary in 3rd grossed ¥6.96M/$1.02M on Saturday. Its last day above $1M as it passes $36M for its totla gross.

5th weekend projections slightly lowered to $2.2-2.3M(-24%)

**Project Hail Mary vs F1:**

https://i.imgur.com/2xtzfVv.png

**Screen Distribution Split:** Regular: $23.26M    , IMAX: $10.48M   , Rest: $2.23M 

**WoM figures:**

Maoyan: 9.3       , Taopiaopiao: 9.2      , Douban: 8.6

|#|FRI|SAT|SUN|MON|TUE|WED|THU|Total|
|:-----------:|:-----------:|:-----------:|:-----------:|:-----------:|:-----------:|:-----------:|:-----------:|:-----------:|:-----------:|								
|Fourth  Week |$0.55M|$1.38M|$1.07M|$0.28M|$0.34M|$0.33M|$0.28M	|$34.61M
|Fifth Week |$0.44M|$1.02M| | | | | |$36.07M
|%± LW|-20%|-26%| | | | | | |		

**Scheduled showings update for Project Hail Mary for the next few days:**

|Day |  Number of Showings |Presales|Projection
:----------- |:-----------:|:-----------:|:-----------:|
Today|29657|$230k|$1.08M-$1.10M
Sunday|29718|$170k|$0.75M-$0.82M
Monday|16801|$5k|$0.19M-$0.25M

---

#**Other stuff:**

The next Holywood release Michael on April 24th followed by Devil Wears Prada 2 on the 30th.

---

**Michael Opening Day pre-sales**

**Michael** pre-sales hit $211k after the 4th day of pre-sales. $234k including previews and midnight screenings.

Full weekend pre-sales hit $381k

|Days till release |Michael | Project Hail Mary |F1 |
:----------- |:-----------:|:-----------:|:-----------:|:-----------:|:-----------:|:-----------:|:-----------:|  
8|$40k/12877 |/          |$31k/14328 |||   
7|$115k/18281|/          |$48k/15335 |||   
6|$170k/20839|$19k/4747  |$69k/16308 ||| 
5|$211k/23170|$38k/6270  |$87k/17506 ||| 
4|           |$62k/7441  |$107k/19421||| 
3|           |$104k/9268 |$156k/21808||| 		
2|           |$154k/12234|$230k/29788|||
1|           |$266k/18902|$319k/43313||| 
0|           |$473k/23759|$543k/51748|||	
*Gross/Screenings

---


#**Release Schedule:**

A table including upcoming movies in the next month alongside trailers linked in the name of the movie, Want To See data from both Maoyan and Taopiaopiao alongside the Gender split and genre. 

Remember Want To See is not pre-sales. Its just an anticipation metric. A checkbox of sorts saying your interested in an upcoming movie.

Not all movies are included since a lot are just too small to be worth covering. 

---

**April:**

| Movie |Maoyan WTS|Daily Increase| Taopiaopiao WTS|Daily Increase|M/W %|Genre|Release Date|3rd party media projections
:----------- |:-----------:|:-----------:|:-----------:|:-----------:|:-----------:|:-----------:|:-----------:|:-----------:|
[Michael](https://vod.pipi.cn/fec9203cvodtransbj1251246104/4d3375735145403721513102387/v.f42905.mp4) |103k|+2k|85k|+3k|59/41|Biograpy/Drama|24.04|$8M

**May/Labor Day Holidays(30.4-5.5)**

| Movie |Maoyan WTS|Daily Increase| Taopiaopiao WTS|Daily Increase|M/W %|Genre|Release Date|3rd party media projections
:----------- |:-----------:|:-----------:|:-----------:|:-----------:|:-----------:|:-----------:|:-----------:|:-----------:|
[Devil Wears Prada 2](https://vod.pipi.cn/fec9203cvodtransbj1251246104/0a6e64625145403721118746297/v.f42905.mp4) |138k|+6k|229k|+9k|26/74|Drama/Comedy|30.04|$9-41M
[Cold War 1944](https://vod.pipi.cn/fec9203cvodtransbj1251246104/0a6e64625145403721118746297/v.f42905.mp4) |57k|+4k|75k|+4k|75/25|Drama/Action/Crime|01.05|$60-88M
[Vanishing Point](https://vod.pipi.cn/fec9203cvodtransbj1251246104/0a6e64625145403721118746297/v.f42905.mp4) |53k|+4k|22k|+2k|33/67|Thriller/Crime|01.05|$21-36M
[All The Good Eyes](https://vod.pipi.cn/fec9203cvodtransbj1251246104/0a6e64625145403721118746297/v.f42905.mp4) |16k|+1k|9k|+1k|34/66|Drama/Romance/Crime|01.05|
[Being Toward Death](https://vod.pipi.cn/fec9203cvodtransbj1251246104/7978f4ba5145403722772255413/v.f42905.mp4) |14k|+1k|6k|+1k|38/62|Drama|01.05|
[Once a Thief](https://vod.pipi.cn/fec9203cvodtransbj1251246104/7978f4ba5145403722772255413/v.f42905.mp4) |20k|+1k|15k|+2k|47/53|Drama/Comedy/Action|03.05|

**May**

| Movie |Maoyan WTS|Daily Increase| Taopiaopiao WTS|Daily Increase|M/W %|Genre|Release Date|3rd party media projections
:----------- |:-----------:|:-----------:|:-----------:|:-----------:|:-----------:|:-----------:|:-----------:|:-----------:|
[Mortal Kombat II](https://vod.pipi.cn/fec9203cvodtransbj1251246104/33b8b9245145403722890582563/v.f42905.mp4) |21k|+1k|10k|+1k|75/25|Action/Fantasy|08.05|
[Love Battle](https://i.imgur.com/yT3kgKV.jpeg) |33k|+1k|47k|+1k|20/80|Romance/Comedy|20.05|
[Be Yourself](https://vod.pipi.cn/fec9203cvodtransbj1251246104/43e695815145403722808184482/v.f42905.mp4) |15k|+1k|15k|+1k|31/69|Romance/Comedy|20.05|",34,2,1776529734.0,devil wears prada 2,nyc_premiere,2026-04-18,"In China Nobody But You 2 opens on top on Saturday with $1.39M. It's OK in 2nd adds $1.27M(-37%)/$22.59M ahead of Project Hail Mary in 3rd with $1.02M(-26%)/$36.07M. Super Mario Galaxy in 4th adds $0.95M(-40%)/$16.34M. Michael opening day pre-sales hit $210k after day 3. Full Weekend PS hit $381k #**Daily Box Office (April 18th 2026)**

The market hits ¥57.3M/$8.40M. Up +169% from yesterday and down -11% from last week.

**[Pegasus 3](https://vod.pipi.cn/fec9203cvodtransbj1251246104/617828db5145403716834222373/v.f42905.mp4)** has surpassed ¥4.4B/$638M. Admissions wise it sits at 94.15M tickets sold.

**Avatar 3** has finished its run today with a total gross of ¥1.202B/$171.6M and 24.92M tickets sold. A -29.4% drop in gross from the 2nd movie and a -26.5% drop in admissions. 

According to recent comments made by Ren Yue. The director and general manager at China Film Group Wuershans **Voyages of Zheng He** remains in production and will get the full support needed.

---

**Province map of the day:** 

https://i.imgur.com/SDItoKr.png

Nobody But You 2 mostly dominates on its release day.

**In Metropolitan cities:** 

Project Hail Mary wins  Shanghai, Nanjing, Shenzhen, Hangzhou, Guangzhou and Beijing

Nobody But You 2 wins Chongqing, Chengdu and Suzhou 

It's OK wins Wuhan

**City tiers:**

Super Mario Galaxy Movie climbs to 3rd in T1. Nobody But You 2 debuts on top in T2-T4.

**Tier 1**: Project Hail Mary&gt;Super Mario Galaxy Movie&gt;It's OK

**Tier 2**: Nobody But You 2&gt;It's OK&gt;Project Hail Mary

**Tier 3**: Nobody But You 2&gt;The Caged Butterfly&gt;It's OK

**Tier 4**: Nobody But You 2&gt;The Caged Butterfly&gt;It's OK

---

|# | Movie |Gross|%YD| %LW|Screenings|Admisions(Today)|Total Gross|Projected Total Gross|
:----------- |:-----------|:-----------:|:-----------:|:-----------:|:-----------:|:--------:|:-----------:|:-----------:| 
1|**Nobody But You 2**     |$1.39M  |     |      |57603 |0.25M |$1.39M   |$3M-$5M
2|It's OK                  |$1.27M  |+84% |-37%  |70050 |0.25M |$22.59M  |$26M-$30M
3|Project Hail Mary        |$1.02M  |+132%|-26%  |29458 |0.15M |$36.07M  |$39M-$40M
4|Super Mario Galaxy Movie |$0.95M  |+295%|-40%  |47273 |0.16M |$16.34M  |$19M-$22M
5|The Caged Butterfly      |$0.91M  |+134%|-24%  |41628 |0.18M |$10.03M  |$12M-$13M
6|**Organ Child**          |$0.49M  |     |      |30783 |0.09M |$0.49M   |$1M-$2M 
7|Pegasus 3                |$0.46M  |+83% |-13%  |22563 |0.07M |$638.03M |$639M-$640M   
8|Now I Met Her            |$0.45M  |+67% |-42%  |32708 |0.09M |$9.43M   |$11M-$12M          
9|Hoppers                  |$0.39M  |+290%|-15%  |19515 |0.07M |$23.27M  |$24M-$25M 
10|A Game of Identity      |$0.22M  |+46% |-59%  |22591 |0.04M |$7.55M   |$8M-$9M 
11|Blades of The Guardians |$0.12M  |+100%|-30%  |7955  |0.02M |$209.33M |$209M-$210M 
12|Sunshine Women's Choir  |$0.09M  |+50% |-46%  |6211  |0.02M |$2.52M   |$2M-$3M

New releases marked in **bold**

---


**Pre-Sales map for tomorrow**

https://i.imgur.com/wn7RYq5.png

Nobody But You 2 and It's OK dominate pre-sales for Sunday.

---

**IMAX Screenings distribution**

Project Hail Mary will continue to dominate IMAX through the weekend.


||Movie|IMAX Screeninsgs Today|IMAX Screeninsgs Tomorrow|Change|
:----------- |:-----------:|:-----------:|:-----------:|:-----------:|:-----------:|:-----------:|:-----------:|
1|Project Hail Mary                   |3049   |3056 |+7
2|Super Mario Galaxy                  |373    |351  |-22
3|Hoppers                             |11     |10   |-1

---


###**Super Mario Galaxy Movie**

Mario Galaxy climbs to 4th on Saturday grossing ¥6.46M/$0.95M on its 3rd Saturday. For the first time in a while it posts a day better than the equivalent 3rd Saturday of Hoppers(¥5.43M/$0.79M) but remains trailing the 3rd Saturday of Super Mario Bros(¥8.74M/$1.26M)

3rd weekend projections narrow to $1.9-2.0M(-41%). 

**Super Mario Galaxy vs Super Mario Bros:**

https://i.imgur.com/ifaP2ig.png

**Screen Distribution Split:** Regular: $15.21M    , IMAX: $0.68M   , Rest: $0.47M 

**WoM figures:**

Maoyan: 9.3 , Taopiaopiao: 9.3 , Douban: 7.1

|#|FRI|SAT|SUN|MON|TUE|WED|THU|Total|
|:-----------:|:-----------:|:-----------:|:-----------:|:-----------:|:-----------:|:-----------:|:-----------:|:-----------:|:-----------:|							
|Second  Week |$0.37M|$1.58M|$1.32M|$0.12M|$0.10M|$0.11M|$0.10M|$15.15M
|Third  Week |$0.24M|$0.95M| | | | | |$16.34M
|%± LW|-35%|-40%| | | | | | |			
	
**Scheduled showings update for Super Mario Galaxy Movie for the next few days:**

|Day |  Number of Showings |Presales|Projection
:----------- |:-----------:|:-----------:|:-----------:|
Today|47580|$135k|$0.84M-$0.95M
Sunday|46833|$107k|$0.76M-$0.78M
Monday|17812|$1k|$0.07M-$0.12M

---

###**Project Hail Mary**

Project Hail Mary in 3rd grossed ¥6.96M/$1.02M on Saturday. Its last day above $1M as it passes $36M for its totla gross.

5th weekend projections slightly lowered to $2.2-2.3M(-24%)

**Project Hail Mary vs F1:**

https://i.imgur.com/2xtzfVv.png

**Screen Distribution Split:** Regular: $23.26M    , IMAX: $10.48M   , Rest: $2.23M 

**WoM figures:**

Maoyan: 9.3       , Taopiaopiao: 9.2      , Douban: 8.6

|#|FRI|SAT|SUN|MON|TUE|WED|THU|Total|
|:-----------:|:-----------:|:-----------:|:-----------:|:-----------:|:-----------:|:-----------:|:-----------:|:-----------:|:-----------:|								
|Fourth  Week |$0.55M|$1.38M|$1.07M|$0.28M|$0.34M|$0.33M|$0.28M	|$34.61M
|Fifth Week |$0.44M|$1.02M| | | | | |$36.07M
|%± LW|-20%|-26%| | | | | | |		

**Scheduled showings update for Project Hail Mary for the next few days:**

|Day |  Number of Showings |Presales|Projection
:----------- |:-----------:|:-----------:|:-----------:|
Today|29657|$230k|$1.08M-$1.10M
Sunday|29718|$170k|$0.75M-$0.82M
Monday|16801|$5k|$0.19M-$0.25M

---

#**Other stuff:**

The next Holywood release Michael on April 24th followed by Devil Wears Prada 2 on the 30th.

---

**Michael Opening Day pre-sales**

**Michael** pre-sales hit $211k after the 4th day of pre-sales. $234k including previews and midnight screenings.

Full weekend pre-sales hit $381k

|Days till release |Michael | Project Hail Mary |F1 |
:----------- |:-----------:|:-----------:|:-----------:|:-----------:|:-----------:|:-----------:|:-----------:|  
8|$40k/12877 |/          |$31k/14328 |||   
7|$115k/18281|/          |$48k/15335 |||   
6|$170k/20839|$19k/4747  |$69k/16308 ||| 
5|$211k/23170|$38k/6270  |$87k/17506 ||| 
4|           |$62k/7441  |$107k/19421||| 
3|           |$104k/9268 |$156k/21808||| 		
2|           |$154k/12234|$230k/29788|||
1|           |$266k/18902|$319k/43313||| 
0|           |$473k/23759|$543k/51748|||	
*Gross/Screenings

---


#**Release Schedule:**

A table including upcoming movies in the next month alongside trailers linked in the name of the movie, Want To See data from both Maoyan and Taopiaopiao alongside the Gender split and genre. 

Remember Want To See is not pre-sales. Its just an anticipation metric. A checkbox of sorts saying your interested in an upcoming movie.

Not all movies are included since a lot are just too small to be worth covering. 

---

**April:**

| Movie |Maoyan WTS|Daily Increase| Taopiaopiao WTS|Daily Increase|M/W %|Genre|Release Date|3rd party media projections
:----------- |:-----------:|:-----------:|:-----------:|:-----------:|:-----------:|:-----------:|:-----------:|:-----------:|
[Michael](https://vod.pipi.cn/fec9203cvodtransbj1251246104/4d3375735145403721513102387/v.f42905.mp4) |103k|+2k|85k|+3k|59/41|Biograpy/Drama|24.04|$8M

**May/Labor Day Holidays(30.4-5.5)**

| Movie |Maoyan WTS|Daily Increase| Taopiaopiao WTS|Daily Increase|M/W %|Genre|Release Date|3rd party media projections
:----------- |:-----------:|:-----------:|:-----------:|:-----------:|:-----------:|:-----------:|:-----------:|:-----------:|
[Devil Wears Prada 2](https://vod.pipi.cn/fec9203cvodtransbj1251246104/0a6e64625145403721118746297/v.f42905.mp4) |138k|+6k|229k|+9k|26/74|Drama/Comedy|30.04|$9-41M
[Cold War 1944](https://vod.pipi.cn/fec9203cvodtransbj1251246104/0a6e64625145403721118746297/v.f42905.mp4) |57k|+4k|75k|+4k|75/25|Drama/Action/Crime|01.05|$60-88M
[Vanishing Point](https://vod.pipi.cn/fec9203cvodtransbj1251246104/0a6e64625145403721118746297/v.f42905.mp4) |53k|+4k|22k|+2k|33/67|Thriller/Crime|01.05|$21-36M
[All The Good Eyes](https://vod.pipi.cn/fec9203cvodtransbj1251246104/0a6e64625145403721118746297/v.f42905.mp4) |16k|+1k|9k|+1k|34/66|Drama/Romance/Crime|01.05|
[Being Toward Death](https://vod.pipi.cn/fec9203cvodtransbj1251246104/7978f4ba5145403722772255413/v.f42905.mp4) |14k|+1k|6k|+1k|38/62|Drama|01.05|
[Once a Thief](https://vod.pipi.cn/fec9203cvodtransbj1251246104/7978f4ba5145403722772255413/v.f42905.mp4) |20k|+1k|15k|+2k|47/53|Drama/Comedy/Action|03.05|

**May**

| Movie |Maoyan WTS|Daily Increase| Taopiaopiao WTS|Daily Increase|M/W %|Genre|Release Date|3rd party media projections
:----------- |:-----------:|:-----------:|:-----------:|:-----------:|:-----------:|:-----------:|:-----------:|:-----------:|
[Mortal Kombat II](https://vod.pipi.cn/fec9203cvodtransbj1251246104/33b8b9245145403722890582563/v.f42905.mp4) |21k|+1k|10k|+1k|75/25|Action/Fantasy|08.05|
[Love Battle](https://i.imgur.com/yT3kgKV.jpeg) |33k|+1k|47k|+1k|20/80|Romance/Comedy|20.05|
[Be Yourself](https://vod.pipi.cn/fec9203cvodtransbj1251246104/43e695815145403722808184482/v.f42905.mp4) |15k|+1k|15k|+1k|31/69|Romance/Comedy|20.05|"
1sokop6,boxoffice,SK Friday update: GOAT poor opening and poor audience reception,"|Movies|Monday-Monday Drop|Tuesday-Tuesday Drop|Wednesday-Wednesday Drop|Thursday-Thursday Drop|Friday-Friday Drop|Saturday-Saturday Drop|Sunday-Sunday Drop|Week-Week Drop|
|:-|:-|:-|:-|:-|:-|:-|:-|:-|
|Salmokji|||24%|18%|12%||||
|Project Hail Mary|33%|32%|34%|44%|42%||||
|Demon Slayer|61%|55%|57%|66%|68%||||
|Hoppers|67%|74%|61%|74%|75%||||
|The Man Who Lives With the King|37%|26%|26%|42%|38%||||

**Goat**: The movie had an awful opening day, and the scores are even worse news as the movie is sitting at 89 on CGV(187/210) and a really meh 8.1 on Megabox. Will definitely finish under 100k admits with this WOM and poor opening.

**Salmokji:** The movie is looking at a drop of under 20% for the entire weekend as presales are solid, but walkups have been very impressive. I am fully on board with 2 million admits and I think people will agree after this weekend.

**Demon Slayer:** The movie made 657 more admits today as the movie is looking to reach 5.81 million admits before the movie’s rerun is over. Will be very close!

**Project Hail Mary:** The movie is struggling, but this is not an uncommon phenomenon in South Korea. Usually WOM hits tend to hurt the legs of others, WOM hits, and Salmokji is hurting PHM's legs just like PHM hurt The Man Who Lives With the King’s late legs.

**Hoppers:** Hoppers made 221 admits as the movie is pretty much done, will likely miss out on 760k admits.

**The Man Who Lives With the King:** The movie crossed 16.5 million admits as the movie is still aiming for a finish in the range of 16.7 million to 16.9 million admits.

**Presales**

**Super Mario Galaxy:** The movie presales stay steady as we see an increase of 1.7k tickets to 5,811 tickets. Not looking at a breakout here.

**Devil Wears Prada 2**: Presales increased by over 3k admits as the movie’s presales are at 25,828 admits. Will be a modest success with presales looking this strong. Late presales pace will be interesting

**The Mummy:** Movie is at 4,118 tickets as this movie seems to be another movie that will struggle to miss 100k admits based on its current presales.",34,11,1776478096.0,devil wears prada 2,nyc_premiere,2026-04-18,"SK Friday update: GOAT poor opening and poor audience reception |Movies|Monday-Monday Drop|Tuesday-Tuesday Drop|Wednesday-Wednesday Drop|Thursday-Thursday Drop|Friday-Friday Drop|Saturday-Saturday Drop|Sunday-Sunday Drop|Week-Week Drop|
|:-|:-|:-|:-|:-|:-|:-|:-|:-|
|Salmokji|||24%|18%|12%||||
|Project Hail Mary|33%|32%|34%|44%|42%||||
|Demon Slayer|61%|55%|57%|66%|68%||||
|Hoppers|67%|74%|61%|74%|75%||||
|The Man Who Lives With the King|37%|26%|26%|42%|38%||||

**Goat**: The movie had an awful opening day, and the scores are even worse news as the movie is sitting at 89 on CGV(187/210) and a really meh 8.1 on Megabox. Will definitely finish under 100k admits with this WOM and poor opening.

**Salmokji:** The movie is looking at a drop of under 20% for the entire weekend as presales are solid, but walkups have been very impressive. I am fully on board with 2 million admits and I think people will agree after this weekend.

**Demon Slayer:** The movie made 657 more admits today as the movie is looking to reach 5.81 million admits before the movie’s rerun is over. Will be very close!

**Project Hail Mary:** The movie is struggling, but this is not an uncommon phenomenon in South Korea. Usually WOM hits tend to hurt the legs of others, WOM hits, and Salmokji is hurting PHM's legs just like PHM hurt The Man Who Lives With the King’s late legs.

**Hoppers:** Hoppers made 221 admits as the movie is pretty much done, will likely miss out on 760k admits.

**The Man Who Lives With the King:** The movie crossed 16.5 million admits as the movie is still aiming for a finish in the range of 16.7 million to 16.9 million admits.

**Presales**

**Super Mario Galaxy:** The movie presales stay steady as we see an increase of 1.7k tickets to 5,811 tickets. Not looking at a breakout here.

**Devil Wears Prada 2**: Presales increased by over 3k admits as the movie’s presales are at 25,828 admits. Will be a modest success with presales looking this strong. Late presales pace will be interesting

**The Mummy:** Movie is at 4,118 tickets as this movie seems to be another movie that will struggle to miss 100k admits based on its current presales."
1soc2ax,boxoffice,In China It's OK leads on Friday with $0.69M(-32%)/$21.32M. Project Hail Mary in 2nd adds $0.44M(-20%)/$35.05M. Projected a $2.3-2.4M(-22%) 5th weekend. Super Mario Galaxy adds $0.24M(-35%)/$15.39M. Projected a $1.8-2.0M(-42%) 3rd weekend. Michael opening day pre-sales hit $170k after day 3.,"#**Daily Box Office (April 17th 2026)**

The market hits ¥21.2M/$3.10M. Up +52% from yesterday and down -20% from last week.

---

**Province map of the day:** 

https://i.imgur.com/siiC5Ln.png

It's OK dominates in most places.

**In Metropolitan cities:** 

It's OK wins Guangzhou, Chongqing, Chengdu, Hangzhou, Wuhan, Suzhou and Nanjing 

Project Hail Mary wins  Shanghai, Shenzhen and Beijing

**City tiers:**

Pegasus 3 climbs to 3rd in T4.

**Tier 1**: Project Hail Mary&gt;It's OK&gt;Super Mario Galaxy Movie

**Tier 2**: It's OK&gt;Project Hail Mary&gt;The Caged Butterfly

**Tier 3**: It's OK&gt;The Caged Butterfly&gt;Now I Met Her

**Tier 4**: It's OK&gt;The Caged Butterfly&gt;Pegasus 3

---

|# | Movie |Gross|%YD| %LW|Screenings|Admisions(Today)|Total Gross|Projected Total Gross|
:----------- |:-----------|:-----------:|:-----------:|:-----------:|:-----------:|:--------:|:-----------:|:-----------:| 
1|It's OK                  |$0.69M  |+47% |-32%  |71698 |0.14M |$21.32M  |$28M-$30M
2|Project Hail Mary        |$0.44M  |+57% |-20%  |29459 |0.07M |$35.05M  |$39M-$40M
3|The Caged Butterfly      |$0.39M  |+44% |-23%  |43397 |0.08M |$9.12M   |$12M-$13M
4|Now I Met Her            |$0.27M  |+47% |-31%  |41255 |0.05M |$8.98M   |$11M-$12M   
5|Pegasus 3                |$0.25M  |+47% |+19%  |26010 |0.04M |$637.57M |$639M-$640M          
6|Super Mario Galaxy Movie |$0.24M  |+140%|-35%  |38278 |0.04M |$15.39M  |$19M-$21M
7|A Game of Identity       |$0.15M  |+25% |-44%  |34684 |0.03M |$7.33M   |$8M-$9M 
8|Hoppers                  |$0.10M  |+67% |+8%   |13743 |0.02M |$22.88M  |$24M-$25M 
9|Blades of The Guardians  |$0.06M  |+9%  |-50%  |10092 |0.01M |$209.21M |$209M-$210M 
10|Sunshine Women's Choir  |$0.06M  |+32% |-40%  |7957  |0.01M |$2.43M   |$2M-$3M

New releases marked in **bold**

---


**Pre-Sales map for tomorrow**

https://i.imgur.com/bBLY4N5.png

Nobody But You 2 dominates pre-sales ahead of its release tomorrow.

---

**IMAX Screenings distribution**

Project Hail Mary will continue to dominate IMAX through the weekend.


||Movie|IMAX Screeninsgs Today|IMAX Screeninsgs Tomorrow|Change|
:----------- |:-----------:|:-----------:|:-----------:|:-----------:|:-----------:|:-----------:|:-----------:|
1|Project Hail Mary                   |2524   |3076 |+552
2|Super Mario Galaxy                  |218    |367  |+149
3|Hoppers                             |7      |9    |+2

---


###**Super Mario Galaxy Movie**

Mario Galaxy in 6th adds ¥1.66M/$0.24M on its 3rd Friday. Way below the 3rd Friday of Hoppers(¥2.92M/$0.43M) and slightly below the 3rd Friday of Super Mario Bros(¥1.99M/$0.29M)

3rd weekend projections slightly raised to $1.8-2.0M(-42%). 

**Super Mario Galaxy vs Super Mario Bros:**

Mario Galaxy continues to fall further and further behind.

https://i.imgur.com/MHrJzuI.png

**Screen Distribution Split:** Regular: $14.32M    , IMAX: $0.67M   , Rest: $0.45M 

**WoM figures:**

Maoyan: 9.3 , Taopiaopiao: 9.3 , Douban: 7.1

|#|FRI|SAT|SUN|MON|TUE|WED|THU|Total|
|:-----------:|:-----------:|:-----------:|:-----------:|:-----------:|:-----------:|:-----------:|:-----------:|:-----------:|:-----------:|							
|Second  Week |$0.37M|$1.58M|$1.32M|$0.12M|$0.10M|$0.11M|$0.10M|$15.15M
|Third  Week |$0.24M| | | | | | |$15.39M
|%± LW|-35%| | | | | | | |			
	
**Scheduled showings update for Super Mario Galaxy Movie for the next few days:**

|Day |  Number of Showings |Presales|Projection
:----------- |:-----------:|:-----------:|:-----------:|
Today|38443|$34k|$0.15M-$0.19M
Saturday|47580|$135k|$0.84M-$0.95M
Sunday|38803|$26k|$0.75M-$0.79M

---

###**Project Hail Mary**

Project Hail Mary grossed ¥2.98M/$0.44M on Friday. Crosses $35M total.

5th weekend projections slightly raised to $2.3-2.4M(-22%)

**Project Hail Mary vs F1:**

https://i.imgur.com/52N9WDK.png

**Screen Distribution Split:** Regular: $22.59M    , IMAX: $10.21M   , Rest: $2.19M 

**WoM figures:**

Maoyan: 9.3       , Taopiaopiao: 9.2      , Douban: 8.6

|#|FRI|SAT|SUN|MON|TUE|WED|THU|Total|
|:-----------:|:-----------:|:-----------:|:-----------:|:-----------:|:-----------:|:-----------:|:-----------:|:-----------:|:-----------:|								
|Fourth  Week |$0.55M|$1.38M|$1.07M|$0.28M|$0.34M|$0.33M|$0.28M	|$34.61M
|Fifth Week |$0.44M| | | | | | |$35.05M
|%± LW|-20%| | | | | | | |		

**Scheduled showings update for Project Hail Mary for the next few days:**

|Day |  Number of Showings |Presales|Projection
:----------- |:-----------:|:-----------:|:-----------:|
Today|29686|$68k|$0.43M-$0.46M
Saturday|29657|$230k|$1.08M-$1.10M
Sunday|25605|$73k|$0.82M-$0.84M

---

#**Other stuff:**

The next Holywood release Michael on April 24th followed by Devil Wears Prada 2 on the 30th.

---

**Michael Opening Day pre-sales**

**Michael** pre-sales hit $170k after the 3rd day. $200k including previews and midnight screenings.

Slight slowdown in pace after the first 2 days.

Full weekend pre-sales hit $320k

|Days till release |Michael | Project Hail Mary |F1 |
:----------- |:-----------:|:-----------:|:-----------:|:-----------:|:-----------:|:-----------:|:-----------:|  
8|$40k/12877 |/          |$31k/14328 |||   
7|$115k/18281|/          |$48k/15335 |||   
6|$170k/20839|$19k/4747  |$69k/16308 ||| 
5|           |$38k/6270  |$87k/17506 ||| 
4|           |$62k/7441  |$107k/19421||| 
3|           |$104k/9268 |$156k/21808||| 		
2|           |$154k/12234|$230k/29788|||
1|           |$266k/18902|$319k/43313||| 
0|           |$473k/23759|$543k/51748|||	
*Gross/Screenings

---


#**Release Schedule:**

A table including upcoming movies in the next month alongside trailers linked in the name of the movie, Want To See data from both Maoyan and Taopiaopiao alongside the Gender split and genre. 

Remember Want To See is not pre-sales. Its just an anticipation metric. A checkbox of sorts saying your interested in an upcoming movie.

Not all movies are included since a lot are just too small to be worth covering. 

---

**April:**

| Movie |Maoyan WTS|Daily Increase| Taopiaopiao WTS|Daily Increase|M/W %|Genre|Release Date|3rd party media projections
:----------- |:-----------:|:-----------:|:-----------:|:-----------:|:-----------:|:-----------:|:-----------:|:-----------:|
[Michael](https://vod.pipi.cn/fec9203cvodtransbj1251246104/4d3375735145403721513102387/v.f42905.mp4) |101k|+3k|82k|+1k|59/41|Biograpy/Drama|24.04|$8M

**May/Labor Day Holidays(30.4-5.5)**

| Movie |Maoyan WTS|Daily Increase| Taopiaopiao WTS|Daily Increase|M/W %|Genre|Release Date|3rd party media projections
:----------- |:-----------:|:-----------:|:-----------:|:-----------:|:-----------:|:-----------:|:-----------:|:-----------:|
[Devil Wears Prada 2](https://vod.pipi.cn/fec9203cvodtransbj1251246104/0a6e64625145403721118746297/v.f42905.mp4) |132k|+8k|220k|+11k|26/74|Drama/Comedy|30.04|$9-41M
[Cold War 1944](https://vod.pipi.cn/fec9203cvodtransbj1251246104/0a6e64625145403721118746297/v.f42905.mp4) |53k|+3k|71k|+3k|75/25|Drama/Action/Crime|01.05|$60-88M
[Vanishing Point](https://vod.pipi.cn/fec9203cvodtransbj1251246104/0a6e64625145403721118746297/v.f42905.mp4) |49k|+5k|20k|+1k|33/67|Thriller/Crime|01.05|$21-36M
[All The Good Eyes](https://vod.pipi.cn/fec9203cvodtransbj1251246104/0a6e64625145403721118746297/v.f42905.mp4) |15k|+2k|9k|+1k|34/66|Drama/Romance/Crime|01.05|
[Being Toward Death](https://vod.pipi.cn/fec9203cvodtransbj1251246104/7978f4ba5145403722772255413/v.f42905.mp4) |13k|+1k|5k|+1k|38/62|Drama|01.05|
",27,2,1776456494.0,devil wears prada 2,nyc_premiere,2026-04-17,"In China It's OK leads on Friday with $0.69M(-32%)/$21.32M. Project Hail Mary in 2nd adds $0.44M(-20%)/$35.05M. Projected a $2.3-2.4M(-22%) 5th weekend. Super Mario Galaxy adds $0.24M(-35%)/$15.39M. Projected a $1.8-2.0M(-42%) 3rd weekend. Michael opening day pre-sales hit $170k after day 3. #**Daily Box Office (April 17th 2026)**

The market hits ¥21.2M/$3.10M. Up +52% from yesterday and down -20% from last week.

---

**Province map of the day:** 

https://i.imgur.com/siiC5Ln.png

It's OK dominates in most places.

**In Metropolitan cities:** 

It's OK wins Guangzhou, Chongqing, Chengdu, Hangzhou, Wuhan, Suzhou and Nanjing 

Project Hail Mary wins  Shanghai, Shenzhen and Beijing

**City tiers:**

Pegasus 3 climbs to 3rd in T4.

**Tier 1**: Project Hail Mary&gt;It's OK&gt;Super Mario Galaxy Movie

**Tier 2**: It's OK&gt;Project Hail Mary&gt;The Caged Butterfly

**Tier 3**: It's OK&gt;The Caged Butterfly&gt;Now I Met Her

**Tier 4**: It's OK&gt;The Caged Butterfly&gt;Pegasus 3

---

|# | Movie |Gross|%YD| %LW|Screenings|Admisions(Today)|Total Gross|Projected Total Gross|
:----------- |:-----------|:-----------:|:-----------:|:-----------:|:-----------:|:--------:|:-----------:|:-----------:| 
1|It's OK                  |$0.69M  |+47% |-32%  |71698 |0.14M |$21.32M  |$28M-$30M
2|Project Hail Mary        |$0.44M  |+57% |-20%  |29459 |0.07M |$35.05M  |$39M-$40M
3|The Caged Butterfly      |$0.39M  |+44% |-23%  |43397 |0.08M |$9.12M   |$12M-$13M
4|Now I Met Her            |$0.27M  |+47% |-31%  |41255 |0.05M |$8.98M   |$11M-$12M   
5|Pegasus 3                |$0.25M  |+47% |+19%  |26010 |0.04M |$637.57M |$639M-$640M          
6|Super Mario Galaxy Movie |$0.24M  |+140%|-35%  |38278 |0.04M |$15.39M  |$19M-$21M
7|A Game of Identity       |$0.15M  |+25% |-44%  |34684 |0.03M |$7.33M   |$8M-$9M 
8|Hoppers                  |$0.10M  |+67% |+8%   |13743 |0.02M |$22.88M  |$24M-$25M 
9|Blades of The Guardians  |$0.06M  |+9%  |-50%  |10092 |0.01M |$209.21M |$209M-$210M 
10|Sunshine Women's Choir  |$0.06M  |+32% |-40%  |7957  |0.01M |$2.43M   |$2M-$3M

New releases marked in **bold**

---


**Pre-Sales map for tomorrow**

https://i.imgur.com/bBLY4N5.png

Nobody But You 2 dominates pre-sales ahead of its release tomorrow.

---

**IMAX Screenings distribution**

Project Hail Mary will continue to dominate IMAX through the weekend.


||Movie|IMAX Screeninsgs Today|IMAX Screeninsgs Tomorrow|Change|
:----------- |:-----------:|:-----------:|:-----------:|:-----------:|:-----------:|:-----------:|:-----------:|
1|Project Hail Mary                   |2524   |3076 |+552
2|Super Mario Galaxy                  |218    |367  |+149
3|Hoppers                             |7      |9    |+2

---


###**Super Mario Galaxy Movie**

Mario Galaxy in 6th adds ¥1.66M/$0.24M on its 3rd Friday. Way below the 3rd Friday of Hoppers(¥2.92M/$0.43M) and slightly below the 3rd Friday of Super Mario Bros(¥1.99M/$0.29M)

3rd weekend projections slightly raised to $1.8-2.0M(-42%). 

**Super Mario Galaxy vs Super Mario Bros:**

Mario Galaxy continues to fall further and further behind.

https://i.imgur.com/MHrJzuI.png

**Screen Distribution Split:** Regular: $14.32M    , IMAX: $0.67M   , Rest: $0.45M 

**WoM figures:**

Maoyan: 9.3 , Taopiaopiao: 9.3 , Douban: 7.1

|#|FRI|SAT|SUN|MON|TUE|WED|THU|Total|
|:-----------:|:-----------:|:-----------:|:-----------:|:-----------:|:-----------:|:-----------:|:-----------:|:-----------:|:-----------:|							
|Second  Week |$0.37M|$1.58M|$1.32M|$0.12M|$0.10M|$0.11M|$0.10M|$15.15M
|Third  Week |$0.24M| | | | | | |$15.39M
|%± LW|-35%| | | | | | | |			
	
**Scheduled showings update for Super Mario Galaxy Movie for the next few days:**

|Day |  Number of Showings |Presales|Projection
:----------- |:-----------:|:-----------:|:-----------:|
Today|38443|$34k|$0.15M-$0.19M
Saturday|47580|$135k|$0.84M-$0.95M
Sunday|38803|$26k|$0.75M-$0.79M

---

###**Project Hail Mary**

Project Hail Mary grossed ¥2.98M/$0.44M on Friday. Crosses $35M total.

5th weekend projections slightly raised to $2.3-2.4M(-22%)

**Project Hail Mary vs F1:**

https://i.imgur.com/52N9WDK.png

**Screen Distribution Split:** Regular: $22.59M    , IMAX: $10.21M   , Rest: $2.19M 

**WoM figures:**

Maoyan: 9.3       , Taopiaopiao: 9.2      , Douban: 8.6

|#|FRI|SAT|SUN|MON|TUE|WED|THU|Total|
|:-----------:|:-----------:|:-----------:|:-----------:|:-----------:|:-----------:|:-----------:|:-----------:|:-----------:|:-----------:|								
|Fourth  Week |$0.55M|$1.38M|$1.07M|$0.28M|$0.34M|$0.33M|$0.28M	|$34.61M
|Fifth Week |$0.44M| | | | | | |$35.05M
|%± LW|-20%| | | | | | | |		

**Scheduled showings update for Project Hail Mary for the next few days:**

|Day |  Number of Showings |Presales|Projection
:----------- |:-----------:|:-----------:|:-----------:|
Today|29686|$68k|$0.43M-$0.46M
Saturday|29657|$230k|$1.08M-$1.10M
Sunday|25605|$73k|$0.82M-$0.84M

---

#**Other stuff:**

The next Holywood release Michael on April 24th followed by Devil Wears Prada 2 on the 30th.

---

**Michael Opening Day pre-sales**

**Michael** pre-sales hit $170k after the 3rd day. $200k including previews and midnight screenings.

Slight slowdown in pace after the first 2 days.

Full weekend pre-sales hit $320k

|Days till release |Michael | Project Hail Mary |F1 |
:----------- |:-----------:|:-----------:|:-----------:|:-----------:|:-----------:|:-----------:|:-----------:|  
8|$40k/12877 |/          |$31k/14328 |||   
7|$115k/18281|/          |$48k/15335 |||   
6|$170k/20839|$19k/4747  |$69k/16308 ||| 
5|           |$38k/6270  |$87k/17506 ||| 
4|           |$62k/7441  |$107k/19421||| 
3|           |$104k/9268 |$156k/21808||| 		
2|           |$154k/12234|$230k/29788|||
1|           |$266k/18902|$319k/43313||| 
0|           |$473k/23759|$543k/51748|||	
*Gross/Screenings

---


#**Release Schedule:**

A table including upcoming movies in the next month alongside trailers linked in the name of the movie, Want To See data from both Maoyan and Taopiaopiao alongside the Gender split and genre. 

Remember Want To See is not pre-sales. Its just an anticipation metric. A checkbox of sorts saying your interested in an upcoming movie.

Not all movies are included since a lot are just too small to be worth covering. 

---

**April:**

| Movie |Maoyan WTS|Daily Increase| Taopiaopiao WTS|Daily Increase|M/W %|Genre|Release Date|3rd party media projections
:----------- |:-----------:|:-----------:|:-----------:|:-----------:|:-----------:|:-----------:|:-----------:|:-----------:|
[Michael](https://vod.pipi.cn/fec9203cvodtransbj1251246104/4d3375735145403721513102387/v.f42905.mp4) |101k|+3k|82k|+1k|59/41|Biograpy/Drama|24.04|$8M

**May/Labor Day Holidays(30.4-5.5)**

| Movie |Maoyan WTS|Daily Increase| Taopiaopiao WTS|Daily Increase|M/W %|Genre|Release Date|3rd party media projections
:----------- |:-----------:|:-----------:|:-----------:|:-----------:|:-----------:|:-----------:|:-----------:|:-----------:|
[Devil Wears Prada 2](https://vod.pipi.cn/fec9203cvodtransbj1251246104/0a6e64625145403721118746297/v.f42905.mp4) |132k|+8k|220k|+11k|26/74|Drama/Comedy|30.04|$9-41M
[Cold War 1944](https://vod.pipi.cn/fec9203cvodtransbj1251246104/0a6e64625145403721118746297/v.f42905.mp4) |53k|+3k|71k|+3k|75/25|Drama/Action/Crime|01.05|$60-88M
[Vanishing Point](https://vod.pipi.cn/fec9203cvodtransbj1251246104/0a6e64625145403721118746297/v.f42905.mp4) |49k|+5k|20k|+1k|33/67|Thriller/Crime|01.05|$21-36M
[All The Good Eyes](https://vod.pipi.cn/fec9203cvodtransbj1251246104/0a6e64625145403721118746297/v.f42905.mp4) |15k|+2k|9k|+1k|34/66|Drama/Romance/Crime|01.05|
[Being Toward Death](https://vod.pipi.cn/fec9203cvodtransbj1251246104/7978f4ba5145403722772255413/v.f42905.mp4) |13k|+1k|5k|+1k|38/62|Drama|01.05|"
1snq3vx,boxoffice,SK Thursday Update: Salmokji is hitting a million admits tomorrow!,"|Movies|Monday-Monday Drop|Tuesday-Tuesday Drop|Wednesday-Wednesday Drop|Thursday-Thursday Drop|Friday-Friday Drop|Saturday-Saturday Drop|Sunday-Sunday Drop|Week-Week Drop|
|:-|:-|:-|:-|:-|:-|:-|:-|:-|
|Salmokji|||24%|18%|||||
|Project Hail Mary|33%|32%|34%|44%|||||
|Demon Slayer|61%|55%|57%|66%|||||
|Hoppers|67%|74%|61%|74%|||||
|The Man Who Lives With the King|37%|26%|26%|42%|||||

**Salmokji:** The movie will cash in on a million admits tomorrow as the movie is quickly becoming a lock to hit 2 million admits. Presales lost some steam, but I still think a drop under 30% for the weekend is likely.

**Demon Slayer:** The movie cashed in on 444 more admits today as the movie is still chugging along.

**Project Hail Mary:** The movie is having some unusual, harsh drops as it looks like the movie is on the downside of its run.

**Hoppers:** Hoppers made 196 admits as the movie hits 755k admits today.

**The Man Who Lives With the King:** The movie had a really meh day as the movie will cross 16.5 million admits on Friday, aka tomorrow.

**Presales**

**Super Mario Galaxy:** The movie decided to pick up presales by 2k as tickets are sitting at 4,127. We need to start seeing some movement soon.

**Devil Wears Prada 2**: Presales increased by nearly 5k admits as the movie’s presales are at 22,618 admits

**The Mummy:** Movie is at 4,117 tickets, as this movie seems like it will make very little and will be of no point in following.

**Goat**: The movie had an awful day again, as the movie will have a chance at 10k admits opening day, but I could see 8k admits if walkups are poor.

|Days before Release|Hoppers|Elio|GOAT|
|:-|:-|:-|:-|
|T-8|1,033|2,881||
|T-7|2,401|337||
|T-6|4,461|2,774||
|T-5|9,046|7,660|234|
|T-4|18,261|10,569|3,498|
|T-3|19,000|15,604|5,110|
|T-2|10,696|28,390|5,626|
|T-1|17,169|35,615|8,289|
|Comp|8,281|6,077||",20,2,1776398539.0,devil wears prada 2,nyc_premiere,2026-04-17,"SK Thursday Update: Salmokji is hitting a million admits tomorrow! |Movies|Monday-Monday Drop|Tuesday-Tuesday Drop|Wednesday-Wednesday Drop|Thursday-Thursday Drop|Friday-Friday Drop|Saturday-Saturday Drop|Sunday-Sunday Drop|Week-Week Drop|
|:-|:-|:-|:-|:-|:-|:-|:-|:-|
|Salmokji|||24%|18%|||||
|Project Hail Mary|33%|32%|34%|44%|||||
|Demon Slayer|61%|55%|57%|66%|||||
|Hoppers|67%|74%|61%|74%|||||
|The Man Who Lives With the King|37%|26%|26%|42%|||||

**Salmokji:** The movie will cash in on a million admits tomorrow as the movie is quickly becoming a lock to hit 2 million admits. Presales lost some steam, but I still think a drop under 30% for the weekend is likely.

**Demon Slayer:** The movie cashed in on 444 more admits today as the movie is still chugging along.

**Project Hail Mary:** The movie is having some unusual, harsh drops as it looks like the movie is on the downside of its run.

**Hoppers:** Hoppers made 196 admits as the movie hits 755k admits today.

**The Man Who Lives With the King:** The movie had a really meh day as the movie will cross 16.5 million admits on Friday, aka tomorrow.

**Presales**

**Super Mario Galaxy:** The movie decided to pick up presales by 2k as tickets are sitting at 4,127. We need to start seeing some movement soon.

**Devil Wears Prada 2**: Presales increased by nearly 5k admits as the movie’s presales are at 22,618 admits

**The Mummy:** Movie is at 4,117 tickets, as this movie seems like it will make very little and will be of no point in following.

**Goat**: The movie had an awful day again, as the movie will have a chance at 10k admits opening day, but I could see 8k admits if walkups are poor.

|Days before Release|Hoppers|Elio|GOAT|
|:-|:-|:-|:-|
|T-8|1,033|2,881||
|T-7|2,401|337||
|T-6|4,461|2,774||
|T-5|9,046|7,660|234|
|T-4|18,261|10,569|3,498|
|T-3|19,000|15,604|5,110|
|T-2|10,696|28,390|5,626|
|T-1|17,169|35,615|8,289|
|Comp|8,281|6,077||"
1snfybe,boxoffice,The Devil Wears Prada 2 has a final runtime of 119 minutes (Via Irish Film Classification Office),,47,5,1776372467.0,devil wears prada 2,nyc_premiere,2026-04-16,The Devil Wears Prada 2 has a final runtime of 119 minutes (Via Irish Film Classification Office)
1sn8ssv,boxoffice,In China It's OK leads on Thursday with $0.47M(-33%)/$20.63M. Project Hail Mary in 2nd adds $0.28M(-15%)/$34.61M. Super Mario Galaxy adds $0.10M(-40%)/$15.15M. Michael opening day pre-sales hit a strong $115k after day 2. Crossing releasing June 26 while Toy Story 5 is also confirmed for release,"

#**Daily Box Office (April 15th 2026)**

The market hits ¥13.8M/$2.02M. Down -12% from yesterday and down -23% from last week.

The movie **[Crossing](https://vod.pipi.cn/fec9203cvodtransbj1251246104/07de8c145145403723505337150/v.f42905.mp4)** has officialy been confirmed for a June 26th release.

**Toy Story 5** has been confirmed for release.

---

**Province map of the day:** 

https://i.imgur.com/T2ntSOZ.png

It's OK dominates in most places.

**In Metropolitan cities:** 

It's OK wins Shenzhen, Guangzhou, Chongqing, Chengdu, Hangzhou, Wuhan, Suzhou and Nanjing 

Project Hail Mary wins  Shanghai and Beijing

**City tiers:**

Unchanged from yesterday.

**Tier 1**: Project Hail Mary&gt;It's OK&gt;Super Mario Galaxy Movie

**Tier 2**: It's OK&gt;Project Hail Mary&gt;The Caged Butterfly

**Tier 3**: It's OK&gt;The Caged Butterfly&gt;Now I Met Her

**Tier 4**: It's OK&gt;The Caged Butterfly&gt;Now I Met Her

---

|# | Movie |Gross|%YD| %LW|Screenings|Admisions(Today)|Total Gross|Projected Total Gross|
:----------- |:-----------|:-----------:|:-----------:|:-----------:|:-----------:|:--------:|:-----------:|:-----------:| 
1|It's OK                  |$0.47M  |-6%  |-33%  |69630 |0.09M |$20.63M  |$27M-$30M
2|Project Hail Mary        |$0.28M  |-15% |-15%  |28380 |0.04M |$34.61M  |$39M-$40M
3|The Caged Butterfly      |$0.27M  |+4%  |-18%  |44060 |0.05M |$8.73M   |$12M-$13M
4|Now I Met Her            |$0.20M  |-4%  |-30%  |41723 |0.04M |$8.71M   |$11M-$12M   
5|Pegasus 3                |$0.17M  |+6%  |-1%   |25374 |0.03M |$637.32M |$639M-$640M 
6|A Game of Identity       |$0.12M  |-6%  |-45%  |37065 |0.02M |$7.18M   |$8M-$9M          
7|Super Mario Galaxy Movie |$0.10M  |-8%  |-40%  |36754 |0.02M |$15.15M  |$19M-$21M
8|Blades of The Guardians  |$0.06M  |-65% |-13%  |11767 |0.02M |$209.15M |$209M-$210M 
9|Hoppers                  |$0.06M  |+1%  |+3%   |12369 |0.01M |$22.78M  |$24M-$25M 
10|Sunshine Women's Choir  |$0.05M  |-10% |-36%  |8116  |0.01M |$2.37M   |$2M-$3M

New releases marked in **bold**

---


**Pre-Sales map for tomorrow**

https://i.imgur.com/X3EZLSS.png

It's OK mostly dominates pre-sales for Friday.

---

**IMAX Screenings distribution**

Project Hail Mary will continue to dominate IMAX through the weekend.


||Movie|IMAX Screeninsgs Today|IMAX Screeninsgs Tomorrow|Change|
:----------- |:-----------:|:-----------:|:-----------:|:-----------:|:-----------:|:-----------:|:-----------:|
1|Project Hail Mary                   |2275   |2297 |+262
2|Super Mario Galaxy                  |196    |222  |+26
3|Hoppers                             |4      |7    |+3

---


###**Super Mario Galaxy Movie**

Mario Galaxy in 7th adds ¥0.66M/$0.10M on its 2nd Thursday. Way below the 2nd Thursday of Hoppers(¥3.11M/$0.45M) and slightly below the 2nd Thursday of Super Mario Bros(¥0.71M/$0.10M)

3rd weekend projections raised to $1.8-1.9M(-43%). 

**Super Mario Galaxy vs Super Mario Bros:**

Mario Galaxy continues to fall further and further behind.

https://i.imgur.com/gPyw7CQ.png

**Screen Distribution Split:** Regular: $14.09M    , IMAX: $0.67M   , Rest: $0.45M 

**WoM figures:**

Maoyan: 9.3 , Taopiaopiao: 9.3 , Douban: 7.1

|#|FRI|SAT|SUN|MON|TUE|WED|THU|Total|
|:-----------:|:-----------:|:-----------:|:-----------:|:-----------:|:-----------:|:-----------:|:-----------:|:-----------:|:-----------:|							
|First Week |$1.59M|$3.44M|$3.28M|$2.48M|$0.28M|$0.21M|$0.17M|$11.45M
|Second  Week |$0.37M|$1.58M|$1.32M|$0.12M|$0.10M|$0.11M|$0.10M|$15.15M
|%± LW|-77%|-54%|-60%|-95%|-64%|-48%|-40%| |			
	
**Scheduled showings update for Super Mario Galaxy Movie for the next few days:**

|Day |  Number of Showings |Presales|Projection
:----------- |:-----------:|:-----------:|:-----------:|
Today|37112|$12k|$0.09M-$0.10M
Friday|38443|$34k|$0.15M-$0.19M
Saturday|36768|$35k|$0.15M-$0.19M
Sunday|23701|$10k|$0.15M-$0.19M

---

###**Project Hail Mary**

Project Hail Mary grossed ¥1.93M/$0.28M on Thursday. 

5th weekend projections raised to $2.2-2.4M(-24%)

**Project Hail Mary vs F1:**

https://i.imgur.com/LiZu0Nk.png

**Screen Distribution Split:** Regular: $22.29M    , IMAX: $10.10M   , Rest: $2.17M 

**WoM figures:**

Maoyan: 9.3       , Taopiaopiao: 9.2      , Douban: 8.6

|#|FRI|SAT|SUN|MON|TUE|WED|THU|Total|
|:-----------:|:-----------:|:-----------:|:-----------:|:-----------:|:-----------:|:-----------:|:-----------:|:-----------:|:-----------:|								
|Third  Week |$1.04M|$2.14M|$2.49M|$1.54M|$0.38M|$0.35M|$0.33M|$30.38M
|Fourth  Week |$0.55M|$1.38M|$1.07M|$0.28M|$0.34M|$0.33M|$0.28M	|$34.61M
|%± LW|-47%|-36%|-57%|-82%|-11%|-6%|-15%| |		

**Scheduled showings update for Project Hail Mary for the next few days:**

|Day |  Number of Showings |Presales|Projection
:----------- |:-----------:|:-----------:|:-----------:|
Today|28648|$47k|$0.27M-$0.30M
Friday|29686|$68k|$0.43M-$0.46M
Saturday|24494|$96k|$1.03M-$1.08M
Sunday|15814|$44k|$0.78M-$0.80M

---

#**Other stuff:**

The next Holywood release Michael on April 24th followed by Devil Wears Prada 2 on the 30th.

---

**Michael Opening Day pre-sales**

**Michael** pre-sales hit a strong $115k after the 2nd day. $138k including previews and midnight screenings.

Lets see the pace going forward can remain strong or if this is just an earl fan rush. 

Full weekend pre-sales hit $217k

|Days till release |Michael | Project Hail Mary |F1 |
:----------- |:-----------:|:-----------:|:-----------:|:-----------:|:-----------:|:-----------:|:-----------:|  
8|$40k/12877 |/          |$31k/14328 |||   
7|$115k/18281|/          |$48k/15335 |||   
6|           |$19k/4747  |$69k/16308 ||| 
5|           |$38k/6270  |$87k/17506 ||| 
4|           |$62k/7441  |$107k/19421||| 
3|           |$104k/9268 |$156k/21808||| 		
2|           |$154k/12234|$230k/29788|||
1|           |$266k/18902|$319k/43313||| 
0|           |$473k/23759|$543k/51748|||	
*Gross/Screenings

---


#**Release Schedule:**

A table including upcoming movies in the next month alongside trailers linked in the name of the movie, Want To See data from both Maoyan and Taopiaopiao alongside the Gender split and genre. 

Remember Want To See is not pre-sales. Its just an anticipation metric. A checkbox of sorts saying your interested in an upcoming movie.

Not all movies are included since a lot are just too small to be worth covering. 

---

**April:**

| Movie |Maoyan WTS|Daily Increase| Taopiaopiao WTS|Daily Increase|M/W %|Genre|Release Date|3rd party media projections
:----------- |:-----------:|:-----------:|:-----------:|:-----------:|:-----------:|:-----------:|:-----------:|:-----------:|
[Michael](https://vod.pipi.cn/fec9203cvodtransbj1251246104/4d3375735145403721513102387/v.f42905.mp4) |98k|+2k|82k|+1k|59/41|Biograpy/Drama|24.04|$8M

**May/Labor Day Holidays(30.4-5.5)**

| Movie |Maoyan WTS|Daily Increase| Taopiaopiao WTS|Daily Increase|M/W %|Genre|Release Date|3rd party media projections
:----------- |:-----------:|:-----------:|:-----------:|:-----------:|:-----------:|:-----------:|:-----------:|:-----------:|
[Devil Wears Prada 2](https://vod.pipi.cn/fec9203cvodtransbj1251246104/0a6e64625145403721118746297/v.f42905.mp4) |124k|+5k|209k|+8k|26/74|Drama/Comedy|30.04|$9-41M
[Cold War 1944](https://vod.pipi.cn/fec9203cvodtransbj1251246104/0a6e64625145403721118746297/v.f42905.mp4) |50k|+3k|67k|+4k|75/25|Drama/Action/Crime|01.05|$60-88M
[Vanishing Point](https://vod.pipi.cn/fec9203cvodtransbj1251246104/0a6e64625145403721118746297/v.f42905.mp4) |44k|+3k|19k|+2k|33/67|Thriller/Crime|01.05|$21-36M
[All The Good Eyes](https://vod.pipi.cn/fec9203cvodtransbj1251246104/0a6e64625145403721118746297/v.f42905.mp4) |13k|+1k|8k|+1k|34/66|Drama/Romance/Crime|01.05|
[Being Toward Death](https://vod.pipi.cn/fec9203cvodtransbj1251246104/7978f4ba5145403722772255413/v.f42905.mp4) |12k|+1k|4k|+1k|38/62|Drama|01.05|",21,6,1776357362.0,devil wears prada 2,nyc_premiere,2026-04-16,"In China It's OK leads on Thursday with $0.47M(-33%)/$20.63M. Project Hail Mary in 2nd adds $0.28M(-15%)/$34.61M. Super Mario Galaxy adds $0.10M(-40%)/$15.15M. Michael opening day pre-sales hit a strong $115k after day 2. Crossing releasing June 26 while Toy Story 5 is also confirmed for release 

#**Daily Box Office (April 15th 2026)**

The market hits ¥13.8M/$2.02M. Down -12% from yesterday and down -23% from last week.

The movie **[Crossing](https://vod.pipi.cn/fec9203cvodtransbj1251246104/07de8c145145403723505337150/v.f42905.mp4)** has officialy been confirmed for a June 26th release.

**Toy Story 5** has been confirmed for release.

---

**Province map of the day:** 

https://i.imgur.com/T2ntSOZ.png

It's OK dominates in most places.

**In Metropolitan cities:** 

It's OK wins Shenzhen, Guangzhou, Chongqing, Chengdu, Hangzhou, Wuhan, Suzhou and Nanjing 

Project Hail Mary wins  Shanghai and Beijing

**City tiers:**

Unchanged from yesterday.

**Tier 1**: Project Hail Mary&gt;It's OK&gt;Super Mario Galaxy Movie

**Tier 2**: It's OK&gt;Project Hail Mary&gt;The Caged Butterfly

**Tier 3**: It's OK&gt;The Caged Butterfly&gt;Now I Met Her

**Tier 4**: It's OK&gt;The Caged Butterfly&gt;Now I Met Her

---

|# | Movie |Gross|%YD| %LW|Screenings|Admisions(Today)|Total Gross|Projected Total Gross|
:----------- |:-----------|:-----------:|:-----------:|:-----------:|:-----------:|:--------:|:-----------:|:-----------:| 
1|It's OK                  |$0.47M  |-6%  |-33%  |69630 |0.09M |$20.63M  |$27M-$30M
2|Project Hail Mary        |$0.28M  |-15% |-15%  |28380 |0.04M |$34.61M  |$39M-$40M
3|The Caged Butterfly      |$0.27M  |+4%  |-18%  |44060 |0.05M |$8.73M   |$12M-$13M
4|Now I Met Her            |$0.20M  |-4%  |-30%  |41723 |0.04M |$8.71M   |$11M-$12M   
5|Pegasus 3                |$0.17M  |+6%  |-1%   |25374 |0.03M |$637.32M |$639M-$640M 
6|A Game of Identity       |$0.12M  |-6%  |-45%  |37065 |0.02M |$7.18M   |$8M-$9M          
7|Super Mario Galaxy Movie |$0.10M  |-8%  |-40%  |36754 |0.02M |$15.15M  |$19M-$21M
8|Blades of The Guardians  |$0.06M  |-65% |-13%  |11767 |0.02M |$209.15M |$209M-$210M 
9|Hoppers                  |$0.06M  |+1%  |+3%   |12369 |0.01M |$22.78M  |$24M-$25M 
10|Sunshine Women's Choir  |$0.05M  |-10% |-36%  |8116  |0.01M |$2.37M   |$2M-$3M

New releases marked in **bold**

---


**Pre-Sales map for tomorrow**

https://i.imgur.com/X3EZLSS.png

It's OK mostly dominates pre-sales for Friday.

---

**IMAX Screenings distribution**

Project Hail Mary will continue to dominate IMAX through the weekend.


||Movie|IMAX Screeninsgs Today|IMAX Screeninsgs Tomorrow|Change|
:----------- |:-----------:|:-----------:|:-----------:|:-----------:|:-----------:|:-----------:|:-----------:|
1|Project Hail Mary                   |2275   |2297 |+262
2|Super Mario Galaxy                  |196    |222  |+26
3|Hoppers                             |4      |7    |+3

---


###**Super Mario Galaxy Movie**

Mario Galaxy in 7th adds ¥0.66M/$0.10M on its 2nd Thursday. Way below the 2nd Thursday of Hoppers(¥3.11M/$0.45M) and slightly below the 2nd Thursday of Super Mario Bros(¥0.71M/$0.10M)

3rd weekend projections raised to $1.8-1.9M(-43%). 

**Super Mario Galaxy vs Super Mario Bros:**

Mario Galaxy continues to fall further and further behind.

https://i.imgur.com/gPyw7CQ.png

**Screen Distribution Split:** Regular: $14.09M    , IMAX: $0.67M   , Rest: $0.45M 

**WoM figures:**

Maoyan: 9.3 , Taopiaopiao: 9.3 , Douban: 7.1

|#|FRI|SAT|SUN|MON|TUE|WED|THU|Total|
|:-----------:|:-----------:|:-----------:|:-----------:|:-----------:|:-----------:|:-----------:|:-----------:|:-----------:|:-----------:|							
|First Week |$1.59M|$3.44M|$3.28M|$2.48M|$0.28M|$0.21M|$0.17M|$11.45M
|Second  Week |$0.37M|$1.58M|$1.32M|$0.12M|$0.10M|$0.11M|$0.10M|$15.15M
|%± LW|-77%|-54%|-60%|-95%|-64%|-48%|-40%| |			
	
**Scheduled showings update for Super Mario Galaxy Movie for the next few days:**

|Day |  Number of Showings |Presales|Projection
:----------- |:-----------:|:-----------:|:-----------:|
Today|37112|$12k|$0.09M-$0.10M
Friday|38443|$34k|$0.15M-$0.19M
Saturday|36768|$35k|$0.15M-$0.19M
Sunday|23701|$10k|$0.15M-$0.19M

---

###**Project Hail Mary**

Project Hail Mary grossed ¥1.93M/$0.28M on Thursday. 

5th weekend projections raised to $2.2-2.4M(-24%)

**Project Hail Mary vs F1:**

https://i.imgur.com/LiZu0Nk.png

**Screen Distribution Split:** Regular: $22.29M    , IMAX: $10.10M   , Rest: $2.17M 

**WoM figures:**

Maoyan: 9.3       , Taopiaopiao: 9.2      , Douban: 8.6

|#|FRI|SAT|SUN|MON|TUE|WED|THU|Total|
|:-----------:|:-----------:|:-----------:|:-----------:|:-----------:|:-----------:|:-----------:|:-----------:|:-----------:|:-----------:|								
|Third  Week |$1.04M|$2.14M|$2.49M|$1.54M|$0.38M|$0.35M|$0.33M|$30.38M
|Fourth  Week |$0.55M|$1.38M|$1.07M|$0.28M|$0.34M|$0.33M|$0.28M	|$34.61M
|%± LW|-47%|-36%|-57%|-82%|-11%|-6%|-15%| |		

**Scheduled showings update for Project Hail Mary for the next few days:**

|Day |  Number of Showings |Presales|Projection
:----------- |:-----------:|:-----------:|:-----------:|
Today|28648|$47k|$0.27M-$0.30M
Friday|29686|$68k|$0.43M-$0.46M
Saturday|24494|$96k|$1.03M-$1.08M
Sunday|15814|$44k|$0.78M-$0.80M

---

#**Other stuff:**

The next Holywood release Michael on April 24th followed by Devil Wears Prada 2 on the 30th.

---

**Michael Opening Day pre-sales**

**Michael** pre-sales hit a strong $115k after the 2nd day. $138k including previews and midnight screenings.

Lets see the pace going forward can remain strong or if this is just an earl fan rush. 

Full weekend pre-sales hit $217k

|Days till release |Michael | Project Hail Mary |F1 |
:----------- |:-----------:|:-----------:|:-----------:|:-----------:|:-----------:|:-----------:|:-----------:|  
8|$40k/12877 |/          |$31k/14328 |||   
7|$115k/18281|/          |$48k/15335 |||   
6|           |$19k/4747  |$69k/16308 ||| 
5|           |$38k/6270  |$87k/17506 ||| 
4|           |$62k/7441  |$107k/19421||| 
3|           |$104k/9268 |$156k/21808||| 		
2|           |$154k/12234|$230k/29788|||
1|           |$266k/18902|$319k/43313||| 
0|           |$473k/23759|$543k/51748|||	
*Gross/Screenings

---


#**Release Schedule:**

A table including upcoming movies in the next month alongside trailers linked in the name of the movie, Want To See data from both Maoyan and Taopiaopiao alongside the Gender split and genre. 

Remember Want To See is not pre-sales. Its just an anticipation metric. A checkbox of sorts saying your interested in an upcoming movie.

Not all movies are included since a lot are just too small to be worth covering. 

---

**April:**

| Movie |Maoyan WTS|Daily Increase| Taopiaopiao WTS|Daily Increase|M/W %|Genre|Release Date|3rd party media projections
:----------- |:-----------:|:-----------:|:-----------:|:-----------:|:-----------:|:-----------:|:-----------:|:-----------:|
[Michael](https://vod.pipi.cn/fec9203cvodtransbj1251246104/4d3375735145403721513102387/v.f42905.mp4) |98k|+2k|82k|+1k|59/41|Biograpy/Drama|24.04|$8M

**May/Labor Day Holidays(30.4-5.5)**

| Movie |Maoyan WTS|Daily Increase| Taopiaopiao WTS|Daily Increase|M/W %|Genre|Release Date|3rd party media projections
:----------- |:-----------:|:-----------:|:-----------:|:-----------:|:-----------:|:-----------:|:-----------:|:-----------:|
[Devil Wears Prada 2](https://vod.pipi.cn/fec9203cvodtransbj1251246104/0a6e64625145403721118746297/v.f42905.mp4) |124k|+5k|209k|+8k|26/74|Drama/Comedy|30.04|$9-41M
[Cold War 1944](https://vod.pipi.cn/fec9203cvodtransbj1251246104/0a6e64625145403721118746297/v.f42905.mp4) |50k|+3k|67k|+4k|75/25|Drama/Action/Crime|01.05|$60-88M
[Vanishing Point](https://vod.pipi.cn/fec9203cvodtransbj1251246104/0a6e64625145403721118746297/v.f42905.mp4) |44k|+3k|19k|+2k|33/67|Thriller/Crime|01.05|$21-36M
[All The Good Eyes](https://vod.pipi.cn/fec9203cvodtransbj1251246104/0a6e64625145403721118746297/v.f42905.mp4) |13k|+1k|8k|+1k|34/66|Drama/Romance/Crime|01.05|
[Being Toward Death](https://vod.pipi.cn/fec9203cvodtransbj1251246104/7978f4ba5145403722772255413/v.f42905.mp4) |12k|+1k|4k|+1k|38/62|Drama|01.05|"
1smrg7d,boxoffice,Could we see a blockbuster get an A+ Cinemascore?,"Everything I've heard out of Cinemacon is making me really excited for this year. With footage being shown there, I feel good about a lot that is coming out. But more importantly, what is going to satisfy everyone? We haven't had a movie meant for a more general audience get an A+ Cinemascore since Top Gun: Maverick (though Till could count). So what blockbuster (since they are generally multi-quadrant) could get an A+ Cinemascore? Let me discuss a few:

* Michael- Ultimately going to be hard because it won't focus on the controversial parts of his life so there will be some people who won't approve **Prediction: A-**
* The Devil Wears Prada 2- Maybe and it has been a sequel two decades in the making, but needs to outdo the first **Prediction: A**
* The Mandalorian and Grogu- I don't think this will be that great, but if it is then it's possible **Prediction: B+**
* Disclosure Day- If Project Hail Mary couldn't do it, gonna be tough if even if it's Spielberg **Prediction: A-**
* Toy Story 5- It's set for a high score but it'll need to be closer to the first three than the last one **Prediction: A**
* Minions and Monsters- Unless it's by far the best Despicable Me/Minions movie probably not **Prediction: A**
* The Odyssey- While it's going to be a success critically and financially, it'd have to be one of Nolan's best to do so **Prediction: A**
* Spider-Man: Brand New Day- I do think this has one of the highest chances here but coming off No Way Home makes expectations high **Prediction: A**
* Digger- I think this is gonna do better with critics than audiences, just happens with blockbusters that are more artisan **Prediction: A-**
* Hunger Games: Sunrise on the Reaping- Would be cool but I don't see it topping the original movies and none of those got an A+ **Prediction: A**
* Avengers: Doomsday- If this picks up where Avengers: Endgame left off, then it's very possible but that is a tall task **Prediction: A, but I see the potential**
* Dune: Part Three- If a film were to do, I think this could be it even if Paul Atredis takes a turn, especially what I heard out of Cinemacon **Prediction: A**

Feel free to say what Cinemascore grade these get and what films you think could get an A+ this year.",18,44,1776308489.0,devil wears prada 2,nyc_premiere,2026-04-16,"Could we see a blockbuster get an A+ Cinemascore? Everything I've heard out of Cinemacon is making me really excited for this year. With footage being shown there, I feel good about a lot that is coming out. But more importantly, what is going to satisfy everyone? We haven't had a movie meant for a more general audience get an A+ Cinemascore since Top Gun: Maverick (though Till could count). So what blockbuster (since they are generally multi-quadrant) could get an A+ Cinemascore? Let me discuss a few:

* Michael- Ultimately going to be hard because it won't focus on the controversial parts of his life so there will be some people who won't approve **Prediction: A-**
* The Devil Wears Prada 2- Maybe and it has been a sequel two decades in the making, but needs to outdo the first **Prediction: A**
* The Mandalorian and Grogu- I don't think this will be that great, but if it is then it's possible **Prediction: B+**
* Disclosure Day- If Project Hail Mary couldn't do it, gonna be tough if even if it's Spielberg **Prediction: A-**
* Toy Story 5- It's set for a high score but it'll need to be closer to the first three than the last one **Prediction: A**
* Minions and Monsters- Unless it's by far the best Despicable Me/Minions movie probably not **Prediction: A**
* The Odyssey- While it's going to be a success critically and financially, it'd have to be one of Nolan's best to do so **Prediction: A**
* Spider-Man: Brand New Day- I do think this has one of the highest chances here but coming off No Way Home makes expectations high **Prediction: A**
* Digger- I think this is gonna do better with critics than audiences, just happens with blockbusters that are more artisan **Prediction: A-**
* Hunger Games: Sunrise on the Reaping- Would be cool but I don't see it topping the original movies and none of those got an A+ **Prediction: A**
* Avengers: Doomsday- If this picks up where Avengers: Endgame left off, then it's very possible but that is a tall task **Prediction: A, but I see the potential**
* Dune: Part Three- If a film were to do, I think this could be it even if Paul Atredis takes a turn, especially what I heard out of Cinemacon **Prediction: A**

Feel free to say what Cinemascore grade these get and what films you think could get an A+ this year."
1smpowl,boxoffice,SK Wednesday update: Salmokji is having a great week,"|Movies|Monday-Monday Drop|Tuesday-Tuesday Drop|Wednesday-Wednesday Drop|Thursday-Thursday Drop|Friday-Friday Drop|Saturday-Saturday Drop|Sunday-Sunday Drop|Week-Week Drop|
|:-|:-|:-|:-|:-|:-|:-|:-|:-|
|Salmokji|||24%||||||
|Project Hail Mary|33%|32%|34%||||||
|Demon Slayer|61%|55%|57%||||||
|Hoppers|67%|74%|61%||||||
|The Man Who Lives With the King|37%|26%|26%||||||

**Salmokji:** The movie is now above 900k admits as the movie has the chance to cross a million admits tomorrow, a day earlier than I originally thought. Still thinking a drop under 30% for the weekend

**Demon Slayer:** The movie cashed in on 528 admits as the movie will claw its way to 5.81 million admits.

**Project Hail Mary:** The movie hit 2.1 million admits as the movie is slipping a bit this week, but is still having very healthy drops.

**Hoppers:** Hoppers made 251 admits as the movie hits 755k admits tomorrow.

**The Man Who Lives With the King:** The movie is having a great couple of days, as it is still hanging around despite being more than two months old

**Presales**

**Super Mario Galaxy:** The movie has 2,486 presales tickets on about 160 screens.

**Devil Wears Prada 2**: Presales increased by nearly 3k admits again, as the movie’s presales are at 17,792 admits

**The Mummy**: Movie will release next Wednesday, as presales are at 3,443. Might track the last week

**Goat**: The movie had an awful day, as the movie is going to open around 10k admits

|Days before Release|Hoppers|Elio|GOAT|
|:-|:-|:-|:-|
|T-8|1,033|2,881||
|T-7|2,401|337||
|T-6|4,461|2,774||
|T-5|9,046|7,660|234|
|T-4|18,261|10,569|3,498|
|T-3|19,000|15,604|5,110|
|T-2|10,696|28,390|5,626|
|T-1|17,169|35,615||
|Comp|9,022|5,174||",17,3,1776303828.0,devil wears prada 2,nyc_premiere,2026-04-16,"SK Wednesday update: Salmokji is having a great week |Movies|Monday-Monday Drop|Tuesday-Tuesday Drop|Wednesday-Wednesday Drop|Thursday-Thursday Drop|Friday-Friday Drop|Saturday-Saturday Drop|Sunday-Sunday Drop|Week-Week Drop|
|:-|:-|:-|:-|:-|:-|:-|:-|:-|
|Salmokji|||24%||||||
|Project Hail Mary|33%|32%|34%||||||
|Demon Slayer|61%|55%|57%||||||
|Hoppers|67%|74%|61%||||||
|The Man Who Lives With the King|37%|26%|26%||||||

**Salmokji:** The movie is now above 900k admits as the movie has the chance to cross a million admits tomorrow, a day earlier than I originally thought. Still thinking a drop under 30% for the weekend

**Demon Slayer:** The movie cashed in on 528 admits as the movie will claw its way to 5.81 million admits.

**Project Hail Mary:** The movie hit 2.1 million admits as the movie is slipping a bit this week, but is still having very healthy drops.

**Hoppers:** Hoppers made 251 admits as the movie hits 755k admits tomorrow.

**The Man Who Lives With the King:** The movie is having a great couple of days, as it is still hanging around despite being more than two months old

**Presales**

**Super Mario Galaxy:** The movie has 2,486 presales tickets on about 160 screens.

**Devil Wears Prada 2**: Presales increased by nearly 3k admits again, as the movie’s presales are at 17,792 admits

**The Mummy**: Movie will release next Wednesday, as presales are at 3,443. Might track the last week

**Goat**: The movie had an awful day, as the movie is going to open around 10k admits

|Days before Release|Hoppers|Elio|GOAT|
|:-|:-|:-|:-|
|T-8|1,033|2,881||
|T-7|2,401|337||
|T-6|4,461|2,774||
|T-5|9,046|7,660|234|
|T-4|18,261|10,569|3,498|
|T-3|19,000|15,604|5,110|
|T-2|10,696|28,390|5,626|
|T-1|17,169|35,615||
|Comp|9,022|5,174||"
1smgr0c,boxoffice,In China It's OK leads on Wednesday with $0.50M(-34%)/$20.16M. Project Hail Mary in 2nd adds $0.33M(-6%)/$34.33M. Super Mario Galaxy in 8th adds $0.11M(-48%)/$15.05M. Michael pre-sales start with $40k for its opening day. Light Chaser Animation's Three Kingdoms: The Beginning releasing July 10th.,"

#**Daily Box Office (April 15th 2026)**

The market hits ¥15.7M/$2.30M. Up +8% from yesterday and down -20% from last week.

Light Chaser Animation's new animated movie **[Three Kingdoms: The Beginning](https://vod.pipi.cn/fec9203cvodtransbj1251246104/5438953b5145403723357293502/v.f42905.mp4)** has officialy been announced for a July 10th release.

**[The Decisive Moment](https://vod.pipi.cn/fec9203cvodtransbj1251246104/9345c0045145403723439666092/v.f42905.mp4)** got its first trailer ahead of its summer release.

May/Labor Day Holiday release **[Vanishing Point](https://vod.pipi.cn/fec9203cvodtransbj1251246104/ae8e6ac75145403723358802895/v.f42905.mp4)** got a new trailer.

The movie **[Crossing](https://vod.pipi.cn/fec9203cvodtransbj1251246104/90dc61965145403710591348500/v.f42905.mp4)** covering the brutal Long March retreat of the Chinese Red Army will get its release date tomorrow. Rumored to be June 26th. The Long March is an event that put Mao at the forefront of the party and basicaly established his leadership role.

On the Holywood front there's a bunch of movies set to get their official confirmation in the near future including **Toy Story 5**, **Disclosure Day**, **Supergirl** and **Masters of the Universe**

---

**Province map of the day:** 

https://i.imgur.com/1nSLER7.png

It's OK dominates in most places.

**In Metropolitan cities:** 

It's OK wins Shenzhen, Guangzhou, Chongqing, Beijing, Chengdu, Hangzhou, Wuhan, Suzhou and Nanjing 

Project Hail Mary wins  Shanghai

**City tiers:**

Now I Met Her climbs to 3rd in T3.

**Tier 1**: Project Hail Mary&gt;It's OK&gt;Super Mario Galaxy Movie

**Tier 2**: It's OK&gt;Project Hail Mary&gt;The Caged Butterfly

**Tier 3**: It's OK&gt;The Caged Butterfly&gt;Now I Met Her

**Tier 4**: It's OK&gt;The Caged Butterfly&gt;Now I Met Her

---

|# | Movie |Gross|%YD| %LW|Screenings|Admisions(Today)|Total Gross|Projected Total Gross|
:----------- |:-----------|:-----------:|:-----------:|:-----------:|:-----------:|:--------:|:-----------:|:-----------:| 
1|It's OK                  |$0.50M  |-3%  |-34%  |69490 |0.10M |$20.16M  |$26M-$31M
2|Project Hail Mary        |$0.33M  |-3%  |-6%   |28398 |0.05M |$34.33M  |$39M-$40M
3|The Caged Butterfly      |$0.26M  |+4%  |-30%  |43823 |0.05M |$8.46M   |$11M-$13M
4|Now I Met Her            |$0.21M  |+1%  |-30%  |41574 |0.04M |$8.51M   |$10M-$12M   
5|Blades of The Guardians  |$0.17M  |+184%|+143% |11686 |0.02M |$209.09M |$209M-$210M 
6|Pegasus 3                |$0.16M  |+6%  |-11%  |25091 |0.03M |$637.15M |$639M-$640M 
7|A Game of Identity       |$0.13M  |+1%  |-58%  |37403 |0.03M |$7.06M   |$8M-$9M          
8|Super Mario Galaxy Movie |$0.11M  |+2%  |-48%  |37342 |0.02M |$15.05M  |$19M-$21M
9|Hoppers                  |$0.06M  |-30% |-17%  |12215 |0.01M |$22.72M  |$24M-$25M 
10|Sunshine Women's Choir  |$0.05M  |+1%  |-36%  |8115  |0.01M |$2.32M   |$2M-$3M

New releases marked in **bold**

---


**Pre-Sales map for tomorrow**

https://i.imgur.com/yuIhw9M.png

It's OK mostly dominates pre-sales for Thursday.

---

**IMAX Screenings distribution**

Project Hail Mary will continue to dominate IMAX through the week.


||Movie|IMAX Screeninsgs Today|IMAX Screeninsgs Tomorrow|Change|
:----------- |:-----------:|:-----------:|:-----------:|:-----------:|:-----------:|:-----------:|:-----------:|
1|Project Hail Mary                   |2254   |2297 |+43
2|Super Mario Galaxy                  |221    |202  |-19
3|Hoppers                             |5      |5    |-0

---


###**Super Mario Galaxy Movie**

Mario Galaxy drops to 8th but actually increases a tiny bit from yeseterday after grossing ¥0.71M/$0.11M on its 2nd Wednesday. Way below the 2nd Tuesdays of Hoppers(¥3.07M/$0.45M) and Super Mario Bros(¥1.11M/$0.16M)

Crosses $15M with 2.55M admissions sold.

Early 3rd weekend projections at $1.5-1.6M(-52%). 

**Super Mario Galaxy vs Super Mario Bros:**

Mario Galaxy continues to flatline.

https://i.imgur.com/6bu3lQ4.png

**Screen Distribution Split:** Regular: $14.00M    , IMAX: $0.67M   , Rest: $0.45M 

**WoM figures:**

Maoyan: 9.3 , Taopiaopiao: 9.3 , Douban: 7.1

|#|FRI|SAT|SUN|MON|TUE|WED|THU|Total|
|:-----------:|:-----------:|:-----------:|:-----------:|:-----------:|:-----------:|:-----------:|:-----------:|:-----------:|:-----------:|							
|First Week |$1.59M|$3.44M|$3.28M|$2.48M|$0.28M|$0.21M|$0.17M|$11.45M
|Second  Week |$0.37M|$1.58M|$1.32M|$0.12M|$0.10M|$0.11M| |$15.05M
|%± LW|-77%|-54%|-60%|-95%|-64%|-48%| | |			
	
**Scheduled showings update for Super Mario Galaxy Movie for the next few days:**

|Day |  Number of Showings |Presales|Projection
:----------- |:-----------:|:-----------:|:-----------:|
Today|37744|$14k|$0.09M-$0.10M
Thursday|37112|$12k|$0.09M-$0.10M
Friday|26538|$10k|$0.15M-$0.19M

---

###**Project Hail Mary**

Project Hail Mary grossed  ¥2.26M/$0.33M on Wednesday. 

Early 5th weekend projections at $1.8-2.1M(-35%)

**Project Hail Mary vs F1:**

https://i.imgur.com/ufOfSoh.png

**Screen Distribution Split:** Regular: $22.10M    , IMAX: $10.03M   , Rest: $2.16M 

**WoM figures:**

Maoyan: 9.3       , Taopiaopiao: 9.2      , Douban: 8.6

|#|FRI|SAT|SUN|MON|TUE|WED|THU|Total|
|:-----------:|:-----------:|:-----------:|:-----------:|:-----------:|:-----------:|:-----------:|:-----------:|:-----------:|:-----------:|								
|Third  Week |$1.04M|$2.14M|$2.49M|$1.54M|$0.38M|$0.35M|$0.33M|$30.38M
|Fourth  Week |$0.55M|$1.38M|$1.07M|$0.28M|$0.34M|$0.33M| |$34.33M
|%± LW|-47%|-36%|-57%|-82%|-11%|-6%| | |		

**Scheduled showings update for Project Hail Mary for the next few days:**

|Day |  Number of Showings |Presales|Projection
:----------- |:-----------:|:-----------:|:-----------:|
Today|28738|$87k|$0.38M-$0.41M
Thursday|28648|$47k|$0.27M-$0.30M
Friday|21937|$21k|$0.39M-$0.41M

---

#**Other stuff:**

The next Holywood release Michael on April 24th followed by Devil Wears Prada 2 on the 30th.

---

**Michael Opening Day pre-sales**

**Michael** pre-sales have kicked off with a good $40k in pre-sales for its opening day. $57k including previews and the rare midnight screenings which are not really common these days. 

Full weekend pre-sales hit $95k

|Days till release |Michael | Project Hail Mary |F1 |
:----------- |:-----------:|:-----------:|:-----------:|:-----------:|:-----------:|:-----------:|:-----------:|  
8|$40k/12877|/          |$31k/14328 |||   
7|          |/          |$48k/15335 |||   
6|          |$19k/4747  |$69k/16308 ||| 
5|          |$38k/6270  |$87k/17506 ||| 
4|          |$62k/7441  |$107k/19421||| 
3|          |$104k/9268 |$156k/21808||| 		
2|          |$154k/12234|$230k/29788|||
1|          |$266k/18902|$319k/43313||| 
0|          |$473k/23759|$543k/51748|||	
*Gross/Screenings

---


#**Release Schedule:**

A table including upcoming movies in the next month alongside trailers linked in the name of the movie, Want To See data from both Maoyan and Taopiaopiao alongside the Gender split and genre. 

Remember Want To See is not pre-sales. Its just an anticipation metric. A checkbox of sorts saying your interested in an upcoming movie.

Not all movies are included since a lot are just too small to be worth covering. 

---

**April:**

| Movie |Maoyan WTS|Daily Increase| Taopiaopiao WTS|Daily Increase|M/W %|Genre|Release Date|3rd party media projections
:----------- |:-----------:|:-----------:|:-----------:|:-----------:|:-----------:|:-----------:|:-----------:|:-----------:|
[Michael](https://vod.pipi.cn/fec9203cvodtransbj1251246104/4d3375735145403721513102387/v.f42905.mp4) |96k|+2k|81k|+1k|59/41|Biograpy/Drama|24.04|$8M

**May/Labor Day Holidays(30.4-5.5)**

| Movie |Maoyan WTS|Daily Increase| Taopiaopiao WTS|Daily Increase|M/W %|Genre|Release Date|3rd party media projections
:----------- |:-----------:|:-----------:|:-----------:|:-----------:|:-----------:|:-----------:|:-----------:|:-----------:|
[Devil Wears Prada 2](https://vod.pipi.cn/fec9203cvodtransbj1251246104/0a6e64625145403721118746297/v.f42905.mp4) |119k|+6k|201k|+10k|26/74|Drama/Comedy|30.04|$9-41M
[Cold War 1944](https://vod.pipi.cn/fec9203cvodtransbj1251246104/0a6e64625145403721118746297/v.f42905.mp4) |47k|+3k|63k|+4k|75/25|Drama/Action/Crime|01.05|$60-88M
[Vanishing Point](https://vod.pipi.cn/fec9203cvodtransbj1251246104/0a6e64625145403721118746297/v.f42905.mp4) |41k|+6k|17k|+2k|33/67|Thriller/Crime|01.05|$21-36M
[All The Good Eyes](https://vod.pipi.cn/fec9203cvodtransbj1251246104/0a6e64625145403721118746297/v.f42905.mp4) |13k|+1k|8k|+1k|34/66|Drama/Romance/Crime|01.05|
[Being Toward Death](https://vod.pipi.cn/fec9203cvodtransbj1251246104/7978f4ba5145403722772255413/v.f42905.mp4) |11k|+1k|4k|+1k|38/62|Drama|01.05|",29,8,1776282400.0,devil wears prada 2,nyc_premiere,2026-04-15,"In China It's OK leads on Wednesday with $0.50M(-34%)/$20.16M. Project Hail Mary in 2nd adds $0.33M(-6%)/$34.33M. Super Mario Galaxy in 8th adds $0.11M(-48%)/$15.05M. Michael pre-sales start with $40k for its opening day. Light Chaser Animation's Three Kingdoms: The Beginning releasing July 10th. 

#**Daily Box Office (April 15th 2026)**

The market hits ¥15.7M/$2.30M. Up +8% from yesterday and down -20% from last week.

Light Chaser Animation's new animated movie **[Three Kingdoms: The Beginning](https://vod.pipi.cn/fec9203cvodtransbj1251246104/5438953b5145403723357293502/v.f42905.mp4)** has officialy been announced for a July 10th release.

**[The Decisive Moment](https://vod.pipi.cn/fec9203cvodtransbj1251246104/9345c0045145403723439666092/v.f42905.mp4)** got its first trailer ahead of its summer release.

May/Labor Day Holiday release **[Vanishing Point](https://vod.pipi.cn/fec9203cvodtransbj1251246104/ae8e6ac75145403723358802895/v.f42905.mp4)** got a new trailer.

The movie **[Crossing](https://vod.pipi.cn/fec9203cvodtransbj1251246104/90dc61965145403710591348500/v.f42905.mp4)** covering the brutal Long March retreat of the Chinese Red Army will get its release date tomorrow. Rumored to be June 26th. The Long March is an event that put Mao at the forefront of the party and basicaly established his leadership role.

On the Holywood front there's a bunch of movies set to get their official confirmation in the near future including **Toy Story 5**, **Disclosure Day**, **Supergirl** and **Masters of the Universe**

---

**Province map of the day:** 

https://i.imgur.com/1nSLER7.png

It's OK dominates in most places.

**In Metropolitan cities:** 

It's OK wins Shenzhen, Guangzhou, Chongqing, Beijing, Chengdu, Hangzhou, Wuhan, Suzhou and Nanjing 

Project Hail Mary wins  Shanghai

**City tiers:**

Now I Met Her climbs to 3rd in T3.

**Tier 1**: Project Hail Mary&gt;It's OK&gt;Super Mario Galaxy Movie

**Tier 2**: It's OK&gt;Project Hail Mary&gt;The Caged Butterfly

**Tier 3**: It's OK&gt;The Caged Butterfly&gt;Now I Met Her

**Tier 4**: It's OK&gt;The Caged Butterfly&gt;Now I Met Her

---

|# | Movie |Gross|%YD| %LW|Screenings|Admisions(Today)|Total Gross|Projected Total Gross|
:----------- |:-----------|:-----------:|:-----------:|:-----------:|:-----------:|:--------:|:-----------:|:-----------:| 
1|It's OK                  |$0.50M  |-3%  |-34%  |69490 |0.10M |$20.16M  |$26M-$31M
2|Project Hail Mary        |$0.33M  |-3%  |-6%   |28398 |0.05M |$34.33M  |$39M-$40M
3|The Caged Butterfly      |$0.26M  |+4%  |-30%  |43823 |0.05M |$8.46M   |$11M-$13M
4|Now I Met Her            |$0.21M  |+1%  |-30%  |41574 |0.04M |$8.51M   |$10M-$12M   
5|Blades of The Guardians  |$0.17M  |+184%|+143% |11686 |0.02M |$209.09M |$209M-$210M 
6|Pegasus 3                |$0.16M  |+6%  |-11%  |25091 |0.03M |$637.15M |$639M-$640M 
7|A Game of Identity       |$0.13M  |+1%  |-58%  |37403 |0.03M |$7.06M   |$8M-$9M          
8|Super Mario Galaxy Movie |$0.11M  |+2%  |-48%  |37342 |0.02M |$15.05M  |$19M-$21M
9|Hoppers                  |$0.06M  |-30% |-17%  |12215 |0.01M |$22.72M  |$24M-$25M 
10|Sunshine Women's Choir  |$0.05M  |+1%  |-36%  |8115  |0.01M |$2.32M   |$2M-$3M

New releases marked in **bold**

---


**Pre-Sales map for tomorrow**

https://i.imgur.com/yuIhw9M.png

It's OK mostly dominates pre-sales for Thursday.

---

**IMAX Screenings distribution**

Project Hail Mary will continue to dominate IMAX through the week.


||Movie|IMAX Screeninsgs Today|IMAX Screeninsgs Tomorrow|Change|
:----------- |:-----------:|:-----------:|:-----------:|:-----------:|:-----------:|:-----------:|:-----------:|
1|Project Hail Mary                   |2254   |2297 |+43
2|Super Mario Galaxy                  |221    |202  |-19
3|Hoppers                             |5      |5    |-0

---


###**Super Mario Galaxy Movie**

Mario Galaxy drops to 8th but actually increases a tiny bit from yeseterday after grossing ¥0.71M/$0.11M on its 2nd Wednesday. Way below the 2nd Tuesdays of Hoppers(¥3.07M/$0.45M) and Super Mario Bros(¥1.11M/$0.16M)

Crosses $15M with 2.55M admissions sold.

Early 3rd weekend projections at $1.5-1.6M(-52%). 

**Super Mario Galaxy vs Super Mario Bros:**

Mario Galaxy continues to flatline.

https://i.imgur.com/6bu3lQ4.png

**Screen Distribution Split:** Regular: $14.00M    , IMAX: $0.67M   , Rest: $0.45M 

**WoM figures:**

Maoyan: 9.3 , Taopiaopiao: 9.3 , Douban: 7.1

|#|FRI|SAT|SUN|MON|TUE|WED|THU|Total|
|:-----------:|:-----------:|:-----------:|:-----------:|:-----------:|:-----------:|:-----------:|:-----------:|:-----------:|:-----------:|							
|First Week |$1.59M|$3.44M|$3.28M|$2.48M|$0.28M|$0.21M|$0.17M|$11.45M
|Second  Week |$0.37M|$1.58M|$1.32M|$0.12M|$0.10M|$0.11M| |$15.05M
|%± LW|-77%|-54%|-60%|-95%|-64%|-48%| | |			
	
**Scheduled showings update for Super Mario Galaxy Movie for the next few days:**

|Day |  Number of Showings |Presales|Projection
:----------- |:-----------:|:-----------:|:-----------:|
Today|37744|$14k|$0.09M-$0.10M
Thursday|37112|$12k|$0.09M-$0.10M
Friday|26538|$10k|$0.15M-$0.19M

---

###**Project Hail Mary**

Project Hail Mary grossed  ¥2.26M/$0.33M on Wednesday. 

Early 5th weekend projections at $1.8-2.1M(-35%)

**Project Hail Mary vs F1:**

https://i.imgur.com/ufOfSoh.png

**Screen Distribution Split:** Regular: $22.10M    , IMAX: $10.03M   , Rest: $2.16M 

**WoM figures:**

Maoyan: 9.3       , Taopiaopiao: 9.2      , Douban: 8.6

|#|FRI|SAT|SUN|MON|TUE|WED|THU|Total|
|:-----------:|:-----------:|:-----------:|:-----------:|:-----------:|:-----------:|:-----------:|:-----------:|:-----------:|:-----------:|								
|Third  Week |$1.04M|$2.14M|$2.49M|$1.54M|$0.38M|$0.35M|$0.33M|$30.38M
|Fourth  Week |$0.55M|$1.38M|$1.07M|$0.28M|$0.34M|$0.33M| |$34.33M
|%± LW|-47%|-36%|-57%|-82%|-11%|-6%| | |		

**Scheduled showings update for Project Hail Mary for the next few days:**

|Day |  Number of Showings |Presales|Projection
:----------- |:-----------:|:-----------:|:-----------:|
Today|28738|$87k|$0.38M-$0.41M
Thursday|28648|$47k|$0.27M-$0.30M
Friday|21937|$21k|$0.39M-$0.41M

---

#**Other stuff:**

The next Holywood release Michael on April 24th followed by Devil Wears Prada 2 on the 30th.

---

**Michael Opening Day pre-sales**

**Michael** pre-sales have kicked off with a good $40k in pre-sales for its opening day. $57k including previews and the rare midnight screenings which are not really common these days. 

Full weekend pre-sales hit $95k

|Days till release |Michael | Project Hail Mary |F1 |
:----------- |:-----------:|:-----------:|:-----------:|:-----------:|:-----------:|:-----------:|:-----------:|  
8|$40k/12877|/          |$31k/14328 |||   
7|          |/          |$48k/15335 |||   
6|          |$19k/4747  |$69k/16308 ||| 
5|          |$38k/6270  |$87k/17506 ||| 
4|          |$62k/7441  |$107k/19421||| 
3|          |$104k/9268 |$156k/21808||| 		
2|          |$154k/12234|$230k/29788|||
1|          |$266k/18902|$319k/43313||| 
0|          |$473k/23759|$543k/51748|||	
*Gross/Screenings

---


#**Release Schedule:**

A table including upcoming movies in the next month alongside trailers linked in the name of the movie, Want To See data from both Maoyan and Taopiaopiao alongside the Gender split and genre. 

Remember Want To See is not pre-sales. Its just an anticipation metric. A checkbox of sorts saying your interested in an upcoming movie.

Not all movies are included since a lot are just too small to be worth covering. 

---

**April:**

| Movie |Maoyan WTS|Daily Increase| Taopiaopiao WTS|Daily Increase|M/W %|Genre|Release Date|3rd party media projections
:----------- |:-----------:|:-----------:|:-----------:|:-----------:|:-----------:|:-----------:|:-----------:|:-----------:|
[Michael](https://vod.pipi.cn/fec9203cvodtransbj1251246104/4d3375735145403721513102387/v.f42905.mp4) |96k|+2k|81k|+1k|59/41|Biograpy/Drama|24.04|$8M

**May/Labor Day Holidays(30.4-5.5)**

| Movie |Maoyan WTS|Daily Increase| Taopiaopiao WTS|Daily Increase|M/W %|Genre|Release Date|3rd party media projections
:----------- |:-----------:|:-----------:|:-----------:|:-----------:|:-----------:|:-----------:|:-----------:|:-----------:|
[Devil Wears Prada 2](https://vod.pipi.cn/fec9203cvodtransbj1251246104/0a6e64625145403721118746297/v.f42905.mp4) |119k|+6k|201k|+10k|26/74|Drama/Comedy|30.04|$9-41M
[Cold War 1944](https://vod.pipi.cn/fec9203cvodtransbj1251246104/0a6e64625145403721118746297/v.f42905.mp4) |47k|+3k|63k|+4k|75/25|Drama/Action/Crime|01.05|$60-88M
[Vanishing Point](https://vod.pipi.cn/fec9203cvodtransbj1251246104/0a6e64625145403721118746297/v.f42905.mp4) |41k|+6k|17k|+2k|33/67|Thriller/Crime|01.05|$21-36M
[All The Good Eyes](https://vod.pipi.cn/fec9203cvodtransbj1251246104/0a6e64625145403721118746297/v.f42905.mp4) |13k|+1k|8k|+1k|34/66|Drama/Romance/Crime|01.05|
[Being Toward Death](https://vod.pipi.cn/fec9203cvodtransbj1251246104/7978f4ba5145403722772255413/v.f42905.mp4) |11k|+1k|4k|+1k|38/62|Drama|01.05|"
1sm8oso,boxoffice,"r/BoxOffice Long Range Forecast: 'Billie Eilish – Hit Me Hard and Soft: The Tour Live in 3D', 'Obsession', and 'Is God Is'","Before you comment, read these two rules:

#**1. Please provide specific numbers for your predictions. Don't do like ""It'll make less than this or that"" or ""double this movie or half this movie"". We want a real prediction.**

#**2. Given that a lot of parent comments do not even bother to give predictions, we are establishing a new rule. The parent comment must provide a prediction with specific numbers. The rest of the replies to the comment do not have to make a prediction, but the parent comment absolutely has to. Any parent comment without a prediction will be eliminated.**

Welcome to the newest edition of r/BoxOffice Long Range Forecast. And just like that, the 2026 summer season officially begins.

We're making long range predictions for films, 4 weeks out from their premieres. You will predict the opening weekend, domestic total and worldwide gross of these films. These predictions will be open for 48 hours and the results will be polled to form a consensus and posted the next week.

So let's meet the three films for the week and analyze each pro and con.

#**Billie Eilish – Hit Me Hard and Soft: The Tour Live in 3D**

The film is by James Cameron (a newcomer indie guy) and Billie Eilish. The film stars Eilish and features performances from her seventh headlining concert tour, *Hit Me Hard and Soft: The Tour*, in Manchester.

This title actually releases the week prior, but we're just predicting it now.

#**Obsession**

The film is written, directed, and edited by Curry Barker (*Milk &amp; Serial*). The film stars Michael Johnston, Inde Navarrette, Cooper Tomlinson, Megan Lawless and Andy Richter, and follows Bear, a music store employee who buys a supernatural toy and wishes for his childhood friend Nikki to fall in love with him. 

#**Is God Is**

The film is written and directed by Aleshea Harris (in her feature directorial debut). Based on Harris' 2018 play, it stars Kara Young, Mallori Johnson, Janelle Monáe, Vivica A. Fox, and Sterling K. Brown. In the film, twin sisters with disfiguring burn scars are ordered by their bedridden mother to kill their abusive father who caused their scars. They must decide whether to seek vengeance or find mercy.

Now that you met this week's new release, let's look at some pros and cons.

#**PROS**

- Billie Eilish is one of the world's most popular singers today, amassing 84.3 million monthly listeners on Spotify (the tenth biggest in the site). As a big attraction for fans, it should earn some high interest at least on its opening weekend. The involvement of James Cameron should also raise some awareness, and the emphasis on 3D should translate to stronger sales across the board. A proper comp should be the last advertised concert films: *Taylor Swift: The Eras Tour* and *Renaissance: A Film by Beyoncé*. Unlike those two, *Hit Me Hard and Soft* will be released through a major studio (Paramount), so there should be a bigger marketing campaign.

- *Obsession* could benefit from horror fans looking for some cheap thrills. The film looks similar to other released films, but it has already made a good impression on its TIFF debut (it's currently at 95% on RT and 76 on Metacritic). 

- *Is God Is* primarily targets African-American audiences, a demo that helped push some hits in past years (most importantly *Sinners*). Given the success of the play, it could get some legs if it has similar word of mouth.

#**CONS**

- Like every single concert film, *Hit Me Hard and Soft* is going to be front-loaded, as it has zero appeal beyond Eilish's fans. That should translate to a strong debut, but legs will probably leave a lot to be desired, especially as it releases in a summer filled with many sequels and IP titles. Look at *EPic* earlier this year; strong numbers in limited and wide debut, but weak legs afterwards (and thas't with some of the year's best reviews). And while you need to use *Eras* as reference, it's foolish to expect this to come anywhere close to those numbers, as Swift is far, far bigger than Eilish.

- *Obsession* lacks big names in its cast and crew, and the low marketing spend is a signal that Focus Features and Blumhouse aren't expecting much. While it tries to win horror fans, those fans will probably wait two more weeks for the much more anticipated *Backrooms* to come.

- *Is God Is*' title is not gonna do it any favors, as so many people are confused by its meaning and purpose. Remember, a good impression is important to sell a film. Lack of big names is also a con. And the film's tone might be a bit too much for general audiences. And like other similar titles, the film will probably not make a dime outside America (if it ever releases in the first place).

And here's the past results.

Movie | Release Date | Distributor | Domestic Debut | Domestic Total | Worldwide Total
:-------:|:--------:|:--------:|:--------:|:--------:|:--------:|
*Lee Cronin's The Mummy* | April 17 | Warner Bros. | $15,775,000 | $39,558,333 | $86,445,454
*Mother Mary* | April 17 | A24 | $4,000,000 | $9,972,727 | $14,940,000
*Michael* | April 24 | Lionsgate / Universal | $107,819,444 | $331,319,444 | $888,342,500
*The Devil Wears Prada 2* | May 1 | 20th Century Studios | $94,848,421 | $286,791,891 | $633,095,675
*Mortal Kombat II* | May 8 | Warner Bros. | $39,057,142 | $98,290,476 | $209,861,904
*The Sheep Detectives* | May 8 | Amazon MGM | $11,575,000 | $35,137,500 | $80,956,250

Next week, we're predicting *The Mandalorian and Grogu*, *Passenger* and *I Love Boosters*. 

So what are your predictions for these films?",14,12,1776265463.0,devil wears prada 2,nyc_premiere,2026-04-15,"r/BoxOffice Long Range Forecast: 'Billie Eilish – Hit Me Hard and Soft: The Tour Live in 3D', 'Obsession', and 'Is God Is' Before you comment, read these two rules:

#**1. Please provide specific numbers for your predictions. Don't do like ""It'll make less than this or that"" or ""double this movie or half this movie"". We want a real prediction.**

#**2. Given that a lot of parent comments do not even bother to give predictions, we are establishing a new rule. The parent comment must provide a prediction with specific numbers. The rest of the replies to the comment do not have to make a prediction, but the parent comment absolutely has to. Any parent comment without a prediction will be eliminated.**

Welcome to the newest edition of r/BoxOffice Long Range Forecast. And just like that, the 2026 summer season officially begins.

We're making long range predictions for films, 4 weeks out from their premieres. You will predict the opening weekend, domestic total and worldwide gross of these films. These predictions will be open for 48 hours and the results will be polled to form a consensus and posted the next week.

So let's meet the three films for the week and analyze each pro and con.

#**Billie Eilish – Hit Me Hard and Soft: The Tour Live in 3D**

The film is by James Cameron (a newcomer indie guy) and Billie Eilish. The film stars Eilish and features performances from her seventh headlining concert tour, *Hit Me Hard and Soft: The Tour*, in Manchester.

This title actually releases the week prior, but we're just predicting it now.

#**Obsession**

The film is written, directed, and edited by Curry Barker (*Milk &amp; Serial*). The film stars Michael Johnston, Inde Navarrette, Cooper Tomlinson, Megan Lawless and Andy Richter, and follows Bear, a music store employee who buys a supernatural toy and wishes for his childhood friend Nikki to fall in love with him. 

#**Is God Is**

The film is written and directed by Aleshea Harris (in her feature directorial debut). Based on Harris' 2018 play, it stars Kara Young, Mallori Johnson, Janelle Monáe, Vivica A. Fox, and Sterling K. Brown. In the film, twin sisters with disfiguring burn scars are ordered by their bedridden mother to kill their abusive father who caused their scars. They must decide whether to seek vengeance or find mercy.

Now that you met this week's new release, let's look at some pros and cons.

#**PROS**

- Billie Eilish is one of the world's most popular singers today, amassing 84.3 million monthly listeners on Spotify (the tenth biggest in the site). As a big attraction for fans, it should earn some high interest at least on its opening weekend. The involvement of James Cameron should also raise some awareness, and the emphasis on 3D should translate to stronger sales across the board. A proper comp should be the last advertised concert films: *Taylor Swift: The Eras Tour* and *Renaissance: A Film by Beyoncé*. Unlike those two, *Hit Me Hard and Soft* will be released through a major studio (Paramount), so there should be a bigger marketing campaign.

- *Obsession* could benefit from horror fans looking for some cheap thrills. The film looks similar to other released films, but it has already made a good impression on its TIFF debut (it's currently at 95% on RT and 76 on Metacritic). 

- *Is God Is* primarily targets African-American audiences, a demo that helped push some hits in past years (most importantly *Sinners*). Given the success of the play, it could get some legs if it has similar word of mouth.

#**CONS**

- Like every single concert film, *Hit Me Hard and Soft* is going to be front-loaded, as it has zero appeal beyond Eilish's fans. That should translate to a strong debut, but legs will probably leave a lot to be desired, especially as it releases in a summer filled with many sequels and IP titles. Look at *EPic* earlier this year; strong numbers in limited and wide debut, but weak legs afterwards (and thas't with some of the year's best reviews). And while you need to use *Eras* as reference, it's foolish to expect this to come anywhere close to those numbers, as Swift is far, far bigger than Eilish.

- *Obsession* lacks big names in its cast and crew, and the low marketing spend is a signal that Focus Features and Blumhouse aren't expecting much. While it tries to win horror fans, those fans will probably wait two more weeks for the much more anticipated *Backrooms* to come.

- *Is God Is*' title is not gonna do it any favors, as so many people are confused by its meaning and purpose. Remember, a good impression is important to sell a film. Lack of big names is also a con. And the film's tone might be a bit too much for general audiences. And like other similar titles, the film will probably not make a dime outside America (if it ever releases in the first place).

And here's the past results.

Movie | Release Date | Distributor | Domestic Debut | Domestic Total | Worldwide Total
:-------:|:--------:|:--------:|:--------:|:--------:|:--------:|
*Lee Cronin's The Mummy* | April 17 | Warner Bros. | $15,775,000 | $39,558,333 | $86,445,454
*Mother Mary* | April 17 | A24 | $4,000,000 | $9,972,727 | $14,940,000
*Michael* | April 24 | Lionsgate / Universal | $107,819,444 | $331,319,444 | $888,342,500
*The Devil Wears Prada 2* | May 1 | 20th Century Studios | $94,848,421 | $286,791,891 | $633,095,675
*Mortal Kombat II* | May 8 | Warner Bros. | $39,057,142 | $98,290,476 | $209,861,904
*The Sheep Detectives* | May 8 | Amazon MGM | $11,575,000 | $35,137,500 | $80,956,250

Next week, we're predicting *The Mandalorian and Grogu*, *Passenger* and *I Love Boosters*. 

So what are your predictions for these films?"
1slv2ii,boxoffice,SK Tuesday Update: Goat presales still terrible as Devil Wears Prada 2 is oddly decent,"|Movies|Monday-Monday Drop|Tuesday-Tuesday Drop|Wednesday-Wednesday Drop|Thursday-Thursday Drop|Friday-Friday Drop|Saturday-Saturday Drop|Sunday-Sunday Drop|Week-Week Drop|
|:-|:-|:-|:-|:-|:-|:-|:-|:-|
|Project Hail Mary|33%|32%|||||||
|Demon Slayer|61%|55%|||||||
|Hoppers|67%|74%|||||||
|The Man Who Lives With the King|37%|26%|||||||

**Salmokji:** The movie has hit 800k admits, tomorrow will be 900k admits, and Friday the movie will smash a million admits. It looks like the movie will become a breakout hit. The movie is still looking at a drop of under 30% for the weekend based on current presales.

**Demon Slayer:** The movie continues to put up decent numbers and should cross 5.81 million admits before the rerun is over.

**Project Hail Mary:** The movie is going to cross 2.1 million admits tomorrow, as the movie is still on track for a finish north of 2.5 million admits.

**Hoppers:** Hoppers is fading fast and hard; the movie is still aiming for 760k admits finish.

**The Man Who Lives With the King:** The movie is still aiming to cross 16.5 million admits, and the movie has a good chance to hit it on Friday if it can hold up well against more competition.

**Presales**

**Super Mario Galaxy:** The movie still has 2,465 presale tickets across just 18 screens.

**Devil Wears Prada 2**: Presales increased by nearly 3k admits as the movie’s presales are at 14,072 admits

**Goat**: The movie had a pretty meh day, as the movie is still aiming for an opening day around 15k admits.

|Days before Release|Hoppers|Elio|GOAT|
|:-|:-|:-|:-|
|T-8|1,033|2,881||
|T-7|2,401|337||
|T-6|4,461|2,774||
|T-5|9,046|7,660|234|
|T-4|18,261|10,569|3,498|
|T-3|19,000|15,604|5,110|
|T-2|10,696|28,390||
|T-1|17,169|35,615||
|Comp|4,613|8,551||",26,6,1776225153.0,devil wears prada 2,nyc_premiere,2026-04-15,"SK Tuesday Update: Goat presales still terrible as Devil Wears Prada 2 is oddly decent |Movies|Monday-Monday Drop|Tuesday-Tuesday Drop|Wednesday-Wednesday Drop|Thursday-Thursday Drop|Friday-Friday Drop|Saturday-Saturday Drop|Sunday-Sunday Drop|Week-Week Drop|
|:-|:-|:-|:-|:-|:-|:-|:-|:-|
|Project Hail Mary|33%|32%|||||||
|Demon Slayer|61%|55%|||||||
|Hoppers|67%|74%|||||||
|The Man Who Lives With the King|37%|26%|||||||

**Salmokji:** The movie has hit 800k admits, tomorrow will be 900k admits, and Friday the movie will smash a million admits. It looks like the movie will become a breakout hit. The movie is still looking at a drop of under 30% for the weekend based on current presales.

**Demon Slayer:** The movie continues to put up decent numbers and should cross 5.81 million admits before the rerun is over.

**Project Hail Mary:** The movie is going to cross 2.1 million admits tomorrow, as the movie is still on track for a finish north of 2.5 million admits.

**Hoppers:** Hoppers is fading fast and hard; the movie is still aiming for 760k admits finish.

**The Man Who Lives With the King:** The movie is still aiming to cross 16.5 million admits, and the movie has a good chance to hit it on Friday if it can hold up well against more competition.

**Presales**

**Super Mario Galaxy:** The movie still has 2,465 presale tickets across just 18 screens.

**Devil Wears Prada 2**: Presales increased by nearly 3k admits as the movie’s presales are at 14,072 admits

**Goat**: The movie had a pretty meh day, as the movie is still aiming for an opening day around 15k admits.

|Days before Release|Hoppers|Elio|GOAT|
|:-|:-|:-|:-|
|T-8|1,033|2,881||
|T-7|2,401|337||
|T-6|4,461|2,774||
|T-5|9,046|7,660|234|
|T-4|18,261|10,569|3,498|
|T-3|19,000|15,604|5,110|
|T-2|10,696|28,390||
|T-1|17,169|35,615||
|Comp|4,613|8,551||"
1slf3st,boxoffice,In China It's OK leads on Tuesday with $0.52M(-36%)/$19.66M. Project Hail Mary in 2nd adds 0.34M(-11%)/$34.00M. +22% versus yesterday. Super Mario Galaxy in 7th adds $0.10M(-64%)/$14.94M. Might struggle to reach ¥140M/$20M. Christopher Nolan's Memento confirmed for release.,"
#**Daily Box Office (April 14th 2026)**

The market hits ¥14.51M/$2.13M. Down -1% from yesterday and down -34% from last weeks Holiday Monday.

Christopher Nolan's **Memento** has now officialy been confirmed for release. No date yet.


Light Chaser Animation's new animated movie **[Three Kingdoms: The Beginning ](https://vod.pipi.cn/fec9203cvodtransbj1251246104/be29ac2c5145403717455489834/v.f42905.mp4)** will get a release date tomorrow. Likely to aim for early July like **Curious Tales of a Temple** and **Chang'An** did.   


---

**Province map of the day:** 

https://i.imgur.com/1nSLER7.png

It's OK dominates in most places.

**In Metropolitan cities:** 

It's OK wins Shenzhen, Guangzhou, Chengdu, Hangzhou, Wuhan, Suzhou and Nanjing 

Project Hail Mary wins  Shanghai, Beijing and Chongqing

**City tiers:**

Project Hail Mary back on top in T1 and climbs to 3rd in T3.

**Tier 1**: Project Hail Mary&gt;It's OK&gt;Super Mario Galaxy Movie

**Tier 2**: It's OK&gt;Project Hail Mary&gt;The Caged Butterfly

**Tier 3**: It's OK&gt;The Caged Butterfly&gt;Project Hail Mary

**Tier 4**: It's OK&gt;The Caged Butterfly&gt;Now I Met Her

---

|# | Movie |Gross|%YD| %LW|Screenings|Admisions(Today)|Total Gross|Projected Total Gross|
:----------- |:-----------|:-----------:|:-----------:|:-----------:|:-----------:|:--------:|:-----------:|:-----------:| 
1|It's OK                  |$0.52M  |-8%  |-36%  |69652 |0.10M |$19.66M  |$26M-$30M
2|Project Hail Mary        |$0.34M  |+22% |-11%  |28546 |0.05M |$34.00M  |$39M-$41M
3|The Caged Butterfly      |$0.25M  |-7%  |-37%  |43854 |0.05M |$8.20M   |$11M-$12M
4|Now I Met Her            |$0.21M  |-5%  |-40%  |41871 |0.04M |$8.30M   |$10M-$11M   
5|Pegasus 3                |$0.15M  |-5%  |-21%  |24812 |0.02M |$636.99M |$639M-$640M 
6|A Game of Identity       |$0.13M  |-7%  |-58%  |37944 |0.03M |$6.93M   |$8M-$9M          
7|Super Mario Galaxy Movie |$0.10M  |-9%  |-64%  |38544 |0.02M |$14.94M  |$19M-$20M
8|Hoppers                  |$0.08M  |+29% |+11%  |12318 |0.02M |$22.66M  |$23M-$25M 
9|Blades of The Guardians  |$0.06M  |+10% |-13%  |11393 |0.01M |$208.92M |$209M-$210M 
10|Sunshine Women's Choir  |$0.05M  |-7%  |-45%  |8165  |0.01M |$2.27M   |$2M-$3M

New releases marked in **bold**

---


**Pre-Sales map for tomorrow**

https://i.imgur.com/yuIhw9M.png

It's OK mostly dominates pre-sales for Wednesday although PHM gains some ground.

---

**IMAX Screenings distribution**

Project Hail Mary will continue to dominate IMAX through the week.


||Movie|IMAX Screeninsgs Today|IMAX Screeninsgs Tomorrow|Change|
:----------- |:-----------:|:-----------:|:-----------:|:-----------:|:-----------:|:-----------:|:-----------:|
1|Project Hail Mary                   |2288   |2284 |-4
2|Super Mario Galaxy                  |221    |228  |+7
3|Hoppers                             |5      |5    |-0

---


###**Super Mario Galaxy Movie**

Mario Galaxy remains 7th after grossing ¥0.70M/$0.10M on its 2nd Tuesday. Way below the 2nd Tuesdays of Hoppers(¥2.24M/$0.33M) and Super Mario Bros(¥1.17M/$0.17M)

**Super Mario Galaxy vs Super Mario Bros:**

Mario Galaxy continues to flatline. It might even struggle to reach ¥140M/$20M now.

https://i.imgur.com/sW2KGTO.png

**Screen Distribution Split:** Regular: $13.65M    , IMAX: $0.67M   , Rest: $0.45M 

**WoM figures:**

Maoyan: 9.3 , Taopiaopiao: 9.3 , Douban: 7.1

|#|FRI|SAT|SUN|MON|TUE|WED|THU|Total|
|:-----------:|:-----------:|:-----------:|:-----------:|:-----------:|:-----------:|:-----------:|:-----------:|:-----------:|:-----------:|							
|First Week |$1.59M|$3.44M|$3.28M|$2.48M|$0.28M|$0.21M|$0.17M|$11.45M
|Second  Week |$0.37M|$1.58M|$1.32M|$0.12M|$0.10M| | |$14.94M
|%± LW|-77%|-54%|-60%|-95%|-64%| | | |			
	
**Scheduled showings update for Super Mario Galaxy Movie for the next few days:**

|Day |  Number of Showings |Presales|Projection
:----------- |:-----------:|:-----------:|:-----------:|
Today|39110|$12k|$0.10M-$0.11M
Wednesday|37744|$14k|$0.09M-$0.10M
Thursday|28392|$3k|$0.08M-$0.10M

---

###**Project Hail Mary**

Project Hail Mary grossed a great ¥2.33M/$0.34M on Tuesday. +22% versus yesterday and down just -11% versus last week.

**Project Hail Mary vs F1:**

https://i.imgur.com/ufOfSoh.png

**Screen Distribution Split:** Regular: $21.88M    , IMAX: $9.96M   , Rest: $2.15M 

**WoM figures:**

Maoyan: 9.3       , Taopiaopiao: 9.2      , Douban: 8.6

|#|FRI|SAT|SUN|MON|TUE|WED|THU|Total|
|:-----------:|:-----------:|:-----------:|:-----------:|:-----------:|:-----------:|:-----------:|:-----------:|:-----------:|:-----------:|								
|Third  Week |$1.04M|$2.14M|$2.49M|$1.54M|$0.38M|$0.35M|$0.33M|$30.38M
|Second  Week |$0.55M|$1.38M|$1.07M|$0.28M|$0.34M| | |$34.00M
|%± LW|-47%|-36%|-57%|-82%|-11%| | | |		

**Scheduled showings update for Project Hail Mary for the next few days:**

|Day |  Number of Showings |Presales|Projection
:----------- |:-----------:|:-----------:|:-----------:|
Today|28887|$56k|$0.32M-$0.34M
Wednesday|28738|$87k|$0.38M-$0.41M
Thursday|22555|$18k|$0.33M-$0.40M

---

#**Other stuff:**

The next Holywood release Michael on April 24th followed by Devil Wears Prada 2 on the 30th.


---


#**Release Schedule:**

A table including upcoming movies in the next month alongside trailers linked in the name of the movie, Want To See data from both Maoyan and Taopiaopiao alongside the Gender split and genre. 

Remember Want To See is not pre-sales. Its just an anticipation metric. A checkbox of sorts saying your interested in an upcoming movie.

Not all movies are included since a lot are just too small to be worth covering. 

---

**April:**

| Movie |Maoyan WTS|Daily Increase| Taopiaopiao WTS|Daily Increase|M/W %|Genre|Release Date|3rd party media projections
:----------- |:-----------:|:-----------:|:-----------:|:-----------:|:-----------:|:-----------:|:-----------:|:-----------:|
[Michael](https://vod.pipi.cn/fec9203cvodtransbj1251246104/4d3375735145403721513102387/v.f42905.mp4) |94k|+4k|80k|+4k|59/41|Biograpy/Drama|24.04|$8M

**May/Labor Day Holidays(30.4-5.5)**

| Movie |Maoyan WTS|Daily Increase| Taopiaopiao WTS|Daily Increase|M/W %|Genre|Release Date|3rd party media projections
:----------- |:-----------:|:-----------:|:-----------:|:-----------:|:-----------:|:-----------:|:-----------:|:-----------:|
[Devil Wears Prada 2](https://vod.pipi.cn/fec9203cvodtransbj1251246104/0a6e64625145403721118746297/v.f42905.mp4) |113k|+6k|191k|+9k|26/74|Drama/Comedy|30.04|$9-41M
[Cold War 1944](https://vod.pipi.cn/fec9203cvodtransbj1251246104/0a6e64625145403721118746297/v.f42905.mp4) |44k|+2k|59k|+3k|75/25|Drama/Action/Crime|01.05|$60-88M
[Vanishing Point](https://vod.pipi.cn/fec9203cvodtransbj1251246104/0a6e64625145403721118746297/v.f42905.mp4) |35k|+1k|15k|+1k|33/67|Thriller/Crime|01.05|$21-36M
[All The Good Eyes](https://vod.pipi.cn/fec9203cvodtransbj1251246104/0a6e64625145403721118746297/v.f42905.mp4) |12k|+1k|7k|+1k|34/66|Drama/Romance/Crime|01.05|
[Being Toward Death](https://vod.pipi.cn/fec9203cvodtransbj1251246104/7978f4ba5145403722772255413/v.f42905.mp4) |10k|+1k|4k|+1k|38/62|Drama|01.05|",27,2,1776187052.0,devil wears prada 2,nyc_premiere,2026-04-14,"In China It's OK leads on Tuesday with $0.52M(-36%)/$19.66M. Project Hail Mary in 2nd adds 0.34M(-11%)/$34.00M. +22% versus yesterday. Super Mario Galaxy in 7th adds $0.10M(-64%)/$14.94M. Might struggle to reach ¥140M/$20M. Christopher Nolan's Memento confirmed for release. 
#**Daily Box Office (April 14th 2026)**

The market hits ¥14.51M/$2.13M. Down -1% from yesterday and down -34% from last weeks Holiday Monday.

Christopher Nolan's **Memento** has now officialy been confirmed for release. No date yet.


Light Chaser Animation's new animated movie **[Three Kingdoms: The Beginning ](https://vod.pipi.cn/fec9203cvodtransbj1251246104/be29ac2c5145403717455489834/v.f42905.mp4)** will get a release date tomorrow. Likely to aim for early July like **Curious Tales of a Temple** and **Chang'An** did.   


---

**Province map of the day:** 

https://i.imgur.com/1nSLER7.png

It's OK dominates in most places.

**In Metropolitan cities:** 

It's OK wins Shenzhen, Guangzhou, Chengdu, Hangzhou, Wuhan, Suzhou and Nanjing 

Project Hail Mary wins  Shanghai, Beijing and Chongqing

**City tiers:**

Project Hail Mary back on top in T1 and climbs to 3rd in T3.

**Tier 1**: Project Hail Mary&gt;It's OK&gt;Super Mario Galaxy Movie

**Tier 2**: It's OK&gt;Project Hail Mary&gt;The Caged Butterfly

**Tier 3**: It's OK&gt;The Caged Butterfly&gt;Project Hail Mary

**Tier 4**: It's OK&gt;The Caged Butterfly&gt;Now I Met Her

---

|# | Movie |Gross|%YD| %LW|Screenings|Admisions(Today)|Total Gross|Projected Total Gross|
:----------- |:-----------|:-----------:|:-----------:|:-----------:|:-----------:|:--------:|:-----------:|:-----------:| 
1|It's OK                  |$0.52M  |-8%  |-36%  |69652 |0.10M |$19.66M  |$26M-$30M
2|Project Hail Mary        |$0.34M  |+22% |-11%  |28546 |0.05M |$34.00M  |$39M-$41M
3|The Caged Butterfly      |$0.25M  |-7%  |-37%  |43854 |0.05M |$8.20M   |$11M-$12M
4|Now I Met Her            |$0.21M  |-5%  |-40%  |41871 |0.04M |$8.30M   |$10M-$11M   
5|Pegasus 3                |$0.15M  |-5%  |-21%  |24812 |0.02M |$636.99M |$639M-$640M 
6|A Game of Identity       |$0.13M  |-7%  |-58%  |37944 |0.03M |$6.93M   |$8M-$9M          
7|Super Mario Galaxy Movie |$0.10M  |-9%  |-64%  |38544 |0.02M |$14.94M  |$19M-$20M
8|Hoppers                  |$0.08M  |+29% |+11%  |12318 |0.02M |$22.66M  |$23M-$25M 
9|Blades of The Guardians  |$0.06M  |+10% |-13%  |11393 |0.01M |$208.92M |$209M-$210M 
10|Sunshine Women's Choir  |$0.05M  |-7%  |-45%  |8165  |0.01M |$2.27M   |$2M-$3M

New releases marked in **bold**

---


**Pre-Sales map for tomorrow**

https://i.imgur.com/yuIhw9M.png

It's OK mostly dominates pre-sales for Wednesday although PHM gains some ground.

---

**IMAX Screenings distribution**

Project Hail Mary will continue to dominate IMAX through the week.


||Movie|IMAX Screeninsgs Today|IMAX Screeninsgs Tomorrow|Change|
:----------- |:-----------:|:-----------:|:-----------:|:-----------:|:-----------:|:-----------:|:-----------:|
1|Project Hail Mary                   |2288   |2284 |-4
2|Super Mario Galaxy                  |221    |228  |+7
3|Hoppers                             |5      |5    |-0

---


###**Super Mario Galaxy Movie**

Mario Galaxy remains 7th after grossing ¥0.70M/$0.10M on its 2nd Tuesday. Way below the 2nd Tuesdays of Hoppers(¥2.24M/$0.33M) and Super Mario Bros(¥1.17M/$0.17M)

**Super Mario Galaxy vs Super Mario Bros:**

Mario Galaxy continues to flatline. It might even struggle to reach ¥140M/$20M now.

https://i.imgur.com/sW2KGTO.png

**Screen Distribution Split:** Regular: $13.65M    , IMAX: $0.67M   , Rest: $0.45M 

**WoM figures:**

Maoyan: 9.3 , Taopiaopiao: 9.3 , Douban: 7.1

|#|FRI|SAT|SUN|MON|TUE|WED|THU|Total|
|:-----------:|:-----------:|:-----------:|:-----------:|:-----------:|:-----------:|:-----------:|:-----------:|:-----------:|:-----------:|							
|First Week |$1.59M|$3.44M|$3.28M|$2.48M|$0.28M|$0.21M|$0.17M|$11.45M
|Second  Week |$0.37M|$1.58M|$1.32M|$0.12M|$0.10M| | |$14.94M
|%± LW|-77%|-54%|-60%|-95%|-64%| | | |			
	
**Scheduled showings update for Super Mario Galaxy Movie for the next few days:**

|Day |  Number of Showings |Presales|Projection
:----------- |:-----------:|:-----------:|:-----------:|
Today|39110|$12k|$0.10M-$0.11M
Wednesday|37744|$14k|$0.09M-$0.10M
Thursday|28392|$3k|$0.08M-$0.10M

---

###**Project Hail Mary**

Project Hail Mary grossed a great ¥2.33M/$0.34M on Tuesday. +22% versus yesterday and down just -11% versus last week.

**Project Hail Mary vs F1:**

https://i.imgur.com/ufOfSoh.png

**Screen Distribution Split:** Regular: $21.88M    , IMAX: $9.96M   , Rest: $2.15M 

**WoM figures:**

Maoyan: 9.3       , Taopiaopiao: 9.2      , Douban: 8.6

|#|FRI|SAT|SUN|MON|TUE|WED|THU|Total|
|:-----------:|:-----------:|:-----------:|:-----------:|:-----------:|:-----------:|:-----------:|:-----------:|:-----------:|:-----------:|								
|Third  Week |$1.04M|$2.14M|$2.49M|$1.54M|$0.38M|$0.35M|$0.33M|$30.38M
|Second  Week |$0.55M|$1.38M|$1.07M|$0.28M|$0.34M| | |$34.00M
|%± LW|-47%|-36%|-57%|-82%|-11%| | | |		

**Scheduled showings update for Project Hail Mary for the next few days:**

|Day |  Number of Showings |Presales|Projection
:----------- |:-----------:|:-----------:|:-----------:|
Today|28887|$56k|$0.32M-$0.34M
Wednesday|28738|$87k|$0.38M-$0.41M
Thursday|22555|$18k|$0.33M-$0.40M

---

#**Other stuff:**

The next Holywood release Michael on April 24th followed by Devil Wears Prada 2 on the 30th.


---


#**Release Schedule:**

A table including upcoming movies in the next month alongside trailers linked in the name of the movie, Want To See data from both Maoyan and Taopiaopiao alongside the Gender split and genre. 

Remember Want To See is not pre-sales. Its just an anticipation metric. A checkbox of sorts saying your interested in an upcoming movie.

Not all movies are included since a lot are just too small to be worth covering. 

---

**April:**

| Movie |Maoyan WTS|Daily Increase| Taopiaopiao WTS|Daily Increase|M/W %|Genre|Release Date|3rd party media projections
:----------- |:-----------:|:-----------:|:-----------:|:-----------:|:-----------:|:-----------:|:-----------:|:-----------:|
[Michael](https://vod.pipi.cn/fec9203cvodtransbj1251246104/4d3375735145403721513102387/v.f42905.mp4) |94k|+4k|80k|+4k|59/41|Biograpy/Drama|24.04|$8M

**May/Labor Day Holidays(30.4-5.5)**

| Movie |Maoyan WTS|Daily Increase| Taopiaopiao WTS|Daily Increase|M/W %|Genre|Release Date|3rd party media projections
:----------- |:-----------:|:-----------:|:-----------:|:-----------:|:-----------:|:-----------:|:-----------:|:-----------:|
[Devil Wears Prada 2](https://vod.pipi.cn/fec9203cvodtransbj1251246104/0a6e64625145403721118746297/v.f42905.mp4) |113k|+6k|191k|+9k|26/74|Drama/Comedy|30.04|$9-41M
[Cold War 1944](https://vod.pipi.cn/fec9203cvodtransbj1251246104/0a6e64625145403721118746297/v.f42905.mp4) |44k|+2k|59k|+3k|75/25|Drama/Action/Crime|01.05|$60-88M
[Vanishing Point](https://vod.pipi.cn/fec9203cvodtransbj1251246104/0a6e64625145403721118746297/v.f42905.mp4) |35k|+1k|15k|+1k|33/67|Thriller/Crime|01.05|$21-36M
[All The Good Eyes](https://vod.pipi.cn/fec9203cvodtransbj1251246104/0a6e64625145403721118746297/v.f42905.mp4) |12k|+1k|7k|+1k|34/66|Drama/Romance/Crime|01.05|
[Being Toward Death](https://vod.pipi.cn/fec9203cvodtransbj1251246104/7978f4ba5145403722772255413/v.f42905.mp4) |10k|+1k|4k|+1k|38/62|Drama|01.05|"
1sl1617,boxoffice,SK Monday update: Salmokji looking to be a sleeper hit,"|Movies|Monday-Monday Drop|Tuesday-Tuesday Drop|Wednesday-Wednesday Drop|Thursday-Thursday Drop|Friday-Friday Drop|Saturday-Saturday Drop|Sunday-Sunday Drop|Week-Week Drop|
|:-|:-|:-|:-|:-|:-|:-|:-|:-|
|Project Hail Mary|33%||||||||
|Demon Slayer|61%||||||||
|Hoppers|67%||||||||
|The Man Who Lives With the King|37%||||||||

**Salmokji:** The movie has a very nice Monday, and presales for the next weekend are already starting to take off. I think the movie will have a pretty big 2^(nd) weekend with a drop of under 30%. Of course, a lot can change; it is only Monday, but we are seeing good signs already for its legs.

**Demon Slayer:** The movie continues to see its rerun come to an end as the movie will add about a couple more thousand admits before the end of the run.

**Project Hail Mary:** The movie is off to a good start for this week, even if the hold is one of the most average holds it has had since the run began.

**Hoppers:** Hoppers is on its last week of making anything significant.

**The Man Who Lives With the King:** The movie sees another drop of above 35% as the movie is set to cross 16.5 million admits on either Friday or Saturday, depending on the drops.

**Presales**

**Super Mario Galaxy:** The movie is now at 2,465 presales tickets on just 18 screens.

**Devil Wears Prada 2**: The movie is set to release on 4/29. The movie currently has 11,812 presale tickets in about 300 theaters.

**Goat**: The movie had some movement in the right direction. Maybe an opening day around 15k admits is more likely than not, especially since the bump for Tuesday is looking healthy too.

|Days before Release|Hoppers|Elio|GOAT|
|:-|:-|:-|:-|
|T-8|1,033|2,881||
|T-7|2,401|337||
|T-6|4,461|2,774||
|T-5|9,046|7,660|234|
|T-4|18,261|10,569|3,498|
|T-3|19,000|15,604||
|T-2|10,696|28,390||
|T-1|17,169|35,615||
|Comp|3,288|8,642||",13,3,1776150061.0,devil wears prada 2,nyc_premiere,2026-04-14,"SK Monday update: Salmokji looking to be a sleeper hit |Movies|Monday-Monday Drop|Tuesday-Tuesday Drop|Wednesday-Wednesday Drop|Thursday-Thursday Drop|Friday-Friday Drop|Saturday-Saturday Drop|Sunday-Sunday Drop|Week-Week Drop|
|:-|:-|:-|:-|:-|:-|:-|:-|:-|
|Project Hail Mary|33%||||||||
|Demon Slayer|61%||||||||
|Hoppers|67%||||||||
|The Man Who Lives With the King|37%||||||||

**Salmokji:** The movie has a very nice Monday, and presales for the next weekend are already starting to take off. I think the movie will have a pretty big 2^(nd) weekend with a drop of under 30%. Of course, a lot can change; it is only Monday, but we are seeing good signs already for its legs.

**Demon Slayer:** The movie continues to see its rerun come to an end as the movie will add about a couple more thousand admits before the end of the run.

**Project Hail Mary:** The movie is off to a good start for this week, even if the hold is one of the most average holds it has had since the run began.

**Hoppers:** Hoppers is on its last week of making anything significant.

**The Man Who Lives With the King:** The movie sees another drop of above 35% as the movie is set to cross 16.5 million admits on either Friday or Saturday, depending on the drops.

**Presales**

**Super Mario Galaxy:** The movie is now at 2,465 presales tickets on just 18 screens.

**Devil Wears Prada 2**: The movie is set to release on 4/29. The movie currently has 11,812 presale tickets in about 300 theaters.

**Goat**: The movie had some movement in the right direction. Maybe an opening day around 15k admits is more likely than not, especially since the bump for Tuesday is looking healthy too.

|Days before Release|Hoppers|Elio|GOAT|
|:-|:-|:-|:-|
|T-8|1,033|2,881||
|T-7|2,401|337||
|T-6|4,461|2,774||
|T-5|9,046|7,660|234|
|T-4|18,261|10,569|3,498|
|T-3|19,000|15,604||
|T-2|10,696|28,390||
|T-1|17,169|35,615||
|Comp|3,288|8,642||"
1sko2m8,boxoffice,2026 Cinemacon Predictions,"**Sony**:

* Resident Evil - Trailer released online
* Spider-Man: Brand New Day - Extended preview; Sadie Sink's character revealed
* The Social Reckoning - First look
* Jumanji 4 - Title and logo reveal
* The Legend of Zelda - Short teaser
* Spider-Man: Beyond the Spider-Verse - New plot details, more publicly released stills, maybe a teaser
* Beatles biopics - Small update

**Warner Bros.**:

* Supergirl - Cast talking about the movie; exclusive footage
* Digger - Exclusive trailer for attendees
* Clayface - First look
* The Cat in the Hat - Panel exclusive trailer
* Dune Part Three - Panel exclusive trailer, still images
* Godzilla x Kong: Supernova - First look
* Minecraft movie sequel - Title reveal; plot synopsis
* Potential updates on Man of Tomorrow and/or The Batman Part II

**Universal**:

* Disclosure Day - Footage shown to attendees
* The Odyssey - Extended preview
* Minions &amp; Monsters - Footage shown to attendees
* Forgotten Island - Details shared alongside the film itself being confirmed to screen at the event
* Focker in Law - First look; plot synopsis
* Violent Night 2 - New details, first look at Kristen Bell as Ms. Claus
* Werewolf - First look
* Shrek 5 - Plot synopsis
* Potential third Mario movie and/or Donkey Kong spinoff announcement
* Potential Wild Robot sequel and/or Kung Fu Panda 5 title and release date announcements

**MGM**:

* The Sheep Detectives - Panel exclusive clip
* Master of the Universes - Exclusive footage
* How to Rob a Bank - Trailer released online
* I Play Rocky - First look images
* The Beekeeper sequel - Panel exclusive trailer
* Spaceballs sequel - Small teaser
* 26th James Bond film - Production announcements
* Suprise Project Hail Mary sequel announcement

**Paramount**:

* Passengers - Trailer released online
* Paw Patrol: The Dino Movie - Panel exclusive footage
* Street Fighter - New trailer; exclusive clip
* Angry Birds 3 - Exclusive trailer for attendees
* Sonic 4 - Plot synopsis; Announcements regarding Nick Offerman and Ben Kinsley's roles
* Potential updates regarding the third Quiet Place film, TMNT: Mutant Mayhem sequel, and/or the Transformers/GI-Joe crossover movie

**Disney**:

* The Devil Wears Prada 2 - Short clip shown
* The Mandalorian &amp; Grogu - Panel exclusive footage
* Toy Story 5 - First 20 minutes shown to attendees
* Moana (live action) - Panel exclusive footage
* The Dog Stars - Trailer released online
* Whalefall - First look
* Hexed - First look; cast announcement
* Avengers: Doomsday - Official trailer released online
* Ice Age: Boiling Point - First look, plot synopsis, director announcement",70,81,1776114371.0,devil wears prada 2,nyc_premiere,2026-04-13,"2026 Cinemacon Predictions **Sony**:

* Resident Evil - Trailer released online
* Spider-Man: Brand New Day - Extended preview; Sadie Sink's character revealed
* The Social Reckoning - First look
* Jumanji 4 - Title and logo reveal
* The Legend of Zelda - Short teaser
* Spider-Man: Beyond the Spider-Verse - New plot details, more publicly released stills, maybe a teaser
* Beatles biopics - Small update

**Warner Bros.**:

* Supergirl - Cast talking about the movie; exclusive footage
* Digger - Exclusive trailer for attendees
* Clayface - First look
* The Cat in the Hat - Panel exclusive trailer
* Dune Part Three - Panel exclusive trailer, still images
* Godzilla x Kong: Supernova - First look
* Minecraft movie sequel - Title reveal; plot synopsis
* Potential updates on Man of Tomorrow and/or The Batman Part II

**Universal**:

* Disclosure Day - Footage shown to attendees
* The Odyssey - Extended preview
* Minions &amp; Monsters - Footage shown to attendees
* Forgotten Island - Details shared alongside the film itself being confirmed to screen at the event
* Focker in Law - First look; plot synopsis
* Violent Night 2 - New details, first look at Kristen Bell as Ms. Claus
* Werewolf - First look
* Shrek 5 - Plot synopsis
* Potential third Mario movie and/or Donkey Kong spinoff announcement
* Potential Wild Robot sequel and/or Kung Fu Panda 5 title and release date announcements

**MGM**:

* The Sheep Detectives - Panel exclusive clip
* Master of the Universes - Exclusive footage
* How to Rob a Bank - Trailer released online
* I Play Rocky - First look images
* The Beekeeper sequel - Panel exclusive trailer
* Spaceballs sequel - Small teaser
* 26th James Bond film - Production announcements
* Suprise Project Hail Mary sequel announcement

**Paramount**:

* Passengers - Trailer released online
* Paw Patrol: The Dino Movie - Panel exclusive footage
* Street Fighter - New trailer; exclusive clip
* Angry Birds 3 - Exclusive trailer for attendees
* Sonic 4 - Plot synopsis; Announcements regarding Nick Offerman and Ben Kinsley's roles
* Potential updates regarding the third Quiet Place film, TMNT: Mutant Mayhem sequel, and/or the Transformers/GI-Joe crossover movie

**Disney**:

* The Devil Wears Prada 2 - Short clip shown
* The Mandalorian &amp; Grogu - Panel exclusive footage
* Toy Story 5 - First 20 minutes shown to attendees
* Moana (live action) - Panel exclusive footage
* The Dog Stars - Trailer released online
* Whalefall - First look
* Hexed - First look; cast announcement
* Avengers: Doomsday - Official trailer released online
* Ice Age: Boiling Point - First look, plot synopsis, director announcement"
1skgbft,boxoffice,In China It's OK leads on Monday with $0.57M(-69%)/$19.14M. Project Hail Mary in 2nd adds 0.28M(-82%)/$33.66M ahead of The Caged Butterfly in 3rd with $0.27M(-71%)/$7.95M. Super Mario Galaxy drops to 7th with $0.12M(-95%)/$14.84M. 2nd  Monday down vs Super Mario Bros($0.19M) and Hoppers($0.32M),"
#**Daily Box Office(April 13th 2026)**

The market hits ¥14.5M/$7.32M. Down -71% from yesterday and down -81% from last weeks Holiday Monday.

Christopher Nolans **Memento** will be released in China in the near future. **Jaws** should also be released at some point.

---

**Province map of the day:** 

https://i.imgur.com/FNgLw7R.png

It's OK dominates in most places.

**In Metropolitan cities:** 

It's OK wins  Beijing, Shenzhen, Guangzhou, Chongqing, Chengdu, Chongqing,  Hangzhou, Wuhan, Suzhou and Nanjing 

Project Hail Mary wins  Shanghai

**City tiers:**

Its OK climbs to 1st in T1.

**Tier 1**: It's OK&gt;Project Hail Mary&gt;Super Mario Galaxy Movie

**Tier 2**: It's OK&gt;Project Hail Mary&gt;The Caged Butterfly

**Tier 3**: It's OK&gt;The Caged Butterfly&gt;Now I Met Her

**Tier 4**: It's OK&gt;The Caged Butterfly&gt;Now I Met Her

---

|# | Movie |Gross|%YD| %LW|Screenings|Admisions(Today)|Total Gross|Projected Total Gross|
:----------- |:-----------|:-----------:|:-----------:|:-----------:|:-----------:|:--------:|:-----------:|:-----------:| 
1|It's OK                  |$0.57M  |-62% |-69%  |69829 |0.11M |$19.14M  |$26M-$31M
2|Project Hail Mary        |$0.28M  |-74% |-82%  |28753 |0.04M |$33.66M  |$39M-$40M
3|The Caged Butterfly      |$0.27M  |-61% |-71%  |44200 |0.05M |$7.95M   |$11M-$12M
4|Now I Met Her            |$0.22M  |-64% |-80%  |42110 |0.04M |$8.09M   |$10M-$11M   
5|Pegasus 3                |$0.16M  |-62% |-75%  |24817 |0.03M |$636.84M |$639M-$640M 
6|A Game of Identity       |$0.14M  |-67% |-86%  |39018 |0.03M |$6.80M   |$8M-$9M          
7|Super Mario Galaxy Movie |$0.12M  |-91% |-95%  |41030 |0.02M |$14.84M  |$19M-$21M
9|Hoppers                  |$0.06M  |-86% |-92%  |12911 |0.01M |$22.58M  |$23M-$25M 
10|Sunshine Women's Choir  |$0.06M  |-60% |-70%  |8314  |0.01M |$2.22M   |$2M-$3M
11|Blades of The Guardians |$0.06M  |-63% |-71%  |11138 |0.01M |$208.86M |$209M-$210M 

New releases marked in **bold**

---


**Pre-Sales map for tomorrow**

https://i.imgur.com/PtzlQDO.png

It's OK mostly dominates pre-sales for Tuesday

---

**IMAX Screenings distribution**

Project Hail Mary will continue to dominate IMAX through the week.


||Movie|IMAX Screeninsgs Today|IMAX Screeninsgs Tomorrow|Change|
:----------- |:-----------:|:-----------:|:-----------:|:-----------:|:-----------:|:-----------:|:-----------:|
1|Project Hail Mary                   |2302   |2322 |+20
2|Super Mario Galaxy                  |248    |228  |-20
3|Hoppers                             |4      |4    |-0

---


###**Super Mario Galaxy Movie**

Mario Galaxy drops back to 7th after grossing ¥0.79M/$0.12M on its 2nd Monday. Way below the 2nd Mondays of Hoppers(¥2.22M/$0.32M) and Super Mario Bros(¥1.32M/$0.19M)

**Super Mario Galaxy vs Super Mario Bros:**

And here comes the flatline. Mario Galaxy craters back behind Super Mario Bros and massively loses ground on Hoppers. ¥150M/$22M seems very unlikely now. It might even struggle to reach ¥140M/$20M. 

https://i.imgur.com/DJTS2Ok.png

**Screen Distribution Split:** Regular: $13.55M    , IMAX: $0.67M   , Rest: $0.45M 

**WoM figures:**

Maoyan: 9.3 , Taopiaopiao: 9.3 , Douban: 7.1

|#|FRI|SAT|SUN|MON|TUE|WED|THU|Total|
|:-----------:|:-----------:|:-----------:|:-----------:|:-----------:|:-----------:|:-----------:|:-----------:|:-----------:|:-----------:|							
|First Week |$1.59M|$3.44M|$3.28M|$2.48M|$0.28M|$0.21M|$0.17M|$11.45M
|Second  Week |$0.37M|$1.58M|$1.32M|$0.12M| | | |$14.84M
|%± LW|-77%|-54%|-60%|-95%| | | | |			
	
**Scheduled showings update for Super Mario Galaxy Movie for the next few days:**

|Day |  Number of Showings |Presales|Projection
:----------- |:-----------:|:-----------:|:-----------:|
Today|41440|$12k|$0.14M-$0.22M
Tuesday|39110|$12k|$0.10M-$0.11M
Wednesday|28231|$3k|$0.09M-$0.10M

---

###**Project Hail Mary**

Project Hail Mary holds up better grossing ¥1.93M/$0.28M on Monday. It could increase tomorrow. 

**Project Hail Mary vs F1:**

https://i.imgur.com/2iz6OXe.png

**Screen Distribution Split:** Regular: $21.65M    , IMAX: $9.89M   , Rest: $2.14M 

**WoM figures:**

Maoyan: 9.3       , Taopiaopiao: 9.2      , Douban: 8.6

|#|FRI|SAT|SUN|MON|TUE|WED|THU|Total|
|:-----------:|:-----------:|:-----------:|:-----------:|:-----------:|:-----------:|:-----------:|:-----------:|:-----------:|:-----------:|								
|Third  Week |$1.04M|$2.14M|$2.49M|$1.54M|$0.38M|$0.35M|$0.33M|$30.38M
|Second  Week |$0.55M|$1.38M|$1.07M|$0.28M| | | |$33.66M
|%± LW|-47%|-36%|-57%|-82%| | | | |		

**Scheduled showings update for Project Hail Mary for the next few days:**

|Day |  Number of Showings |Presales|Projection
:----------- |:-----------:|:-----------:|:-----------:|
Today|29001|$33k|$0.28M-$0.30M
Tuesday|28887|$56k|$0.32M-$0.34M
Wednesday|22076|$14k|$0.30M-$0.33M

---

#**Other stuff:**

The next Holywood release Michael on April 24th followed by Devil Wears Prada 2 on the 30th.


---


#**Release Schedule:**

A table including upcoming movies in the next month alongside trailers linked in the name of the movie, Want To See data from both Maoyan and Taopiaopiao alongside the Gender split and genre. 

Remember Want To See is not pre-sales. Its just an anticipation metric. A checkbox of sorts saying your interested in an upcoming movie.

Not all movies are included since a lot are just too small to be worth covering. 

---

**April:**

| Movie |Maoyan WTS|Daily Increase| Taopiaopiao WTS|Daily Increase|M/W %|Genre|Release Date|3rd party media projections
:----------- |:-----------:|:-----------:|:-----------:|:-----------:|:-----------:|:-----------:|:-----------:|:-----------:|
[Michael](https://vod.pipi.cn/fec9203cvodtransbj1251246104/4d3375735145403721513102387/v.f42905.mp4) |90k|+4k|76k|+3k|59/41|Biograpy/Drama|24.04|$8M

**May/Labor Day Holidays(30.4-5.5)**

| Movie |Maoyan WTS|Daily Increase| Taopiaopiao WTS|Daily Increase|M/W %|Genre|Release Date|3rd party media projections
:----------- |:-----------:|:-----------:|:-----------:|:-----------:|:-----------:|:-----------:|:-----------:|:-----------:|
[Devil Wears Prada 2](https://vod.pipi.cn/fec9203cvodtransbj1251246104/0a6e64625145403721118746297/v.f42905.mp4) |107k|+6k|182k|+12k|26/74|Drama/Comedy|30.04|$9-41M
[Cold War 1944](https://vod.pipi.cn/fec9203cvodtransbj1251246104/0a6e64625145403721118746297/v.f42905.mp4) |42k|+2k|56k|+3k|75/25|Drama/Action/Crime|01.05|$60-88M
[Vanishing Point](https://vod.pipi.cn/fec9203cvodtransbj1251246104/0a6e64625145403721118746297/v.f42905.mp4) |34k|+1k|14k|+1k|33/67|Thriller/Crime|01.05|$21-36M
[All The Good Eyes](https://vod.pipi.cn/fec9203cvodtransbj1251246104/0a6e64625145403721118746297/v.f42905.mp4) |11k|+1k|6k|+1k|34/66|Drama/Romance/Crime|01.05|
[Being Toward Death](https://vod.pipi.cn/fec9203cvodtransbj1251246104/7978f4ba5145403722772255413/v.f42905.mp4) |10k|+1k|3k|+1k|38/62|Drama|01.05|",24,13,1776098434.0,devil wears prada 2,nyc_premiere,2026-04-13,"In China It's OK leads on Monday with $0.57M(-69%)/$19.14M. Project Hail Mary in 2nd adds 0.28M(-82%)/$33.66M ahead of The Caged Butterfly in 3rd with $0.27M(-71%)/$7.95M. Super Mario Galaxy drops to 7th with $0.12M(-95%)/$14.84M. 2nd  Monday down vs Super Mario Bros($0.19M) and Hoppers($0.32M) 
#**Daily Box Office(April 13th 2026)**

The market hits ¥14.5M/$7.32M. Down -71% from yesterday and down -81% from last weeks Holiday Monday.

Christopher Nolans **Memento** will be released in China in the near future. **Jaws** should also be released at some point.

---

**Province map of the day:** 

https://i.imgur.com/FNgLw7R.png

It's OK dominates in most places.

**In Metropolitan cities:** 

It's OK wins  Beijing, Shenzhen, Guangzhou, Chongqing, Chengdu, Chongqing,  Hangzhou, Wuhan, Suzhou and Nanjing 

Project Hail Mary wins  Shanghai

**City tiers:**

Its OK climbs to 1st in T1.

**Tier 1**: It's OK&gt;Project Hail Mary&gt;Super Mario Galaxy Movie

**Tier 2**: It's OK&gt;Project Hail Mary&gt;The Caged Butterfly

**Tier 3**: It's OK&gt;The Caged Butterfly&gt;Now I Met Her

**Tier 4**: It's OK&gt;The Caged Butterfly&gt;Now I Met Her

---

|# | Movie |Gross|%YD| %LW|Screenings|Admisions(Today)|Total Gross|Projected Total Gross|
:----------- |:-----------|:-----------:|:-----------:|:-----------:|:-----------:|:--------:|:-----------:|:-----------:| 
1|It's OK                  |$0.57M  |-62% |-69%  |69829 |0.11M |$19.14M  |$26M-$31M
2|Project Hail Mary        |$0.28M  |-74% |-82%  |28753 |0.04M |$33.66M  |$39M-$40M
3|The Caged Butterfly      |$0.27M  |-61% |-71%  |44200 |0.05M |$7.95M   |$11M-$12M
4|Now I Met Her            |$0.22M  |-64% |-80%  |42110 |0.04M |$8.09M   |$10M-$11M   
5|Pegasus 3                |$0.16M  |-62% |-75%  |24817 |0.03M |$636.84M |$639M-$640M 
6|A Game of Identity       |$0.14M  |-67% |-86%  |39018 |0.03M |$6.80M   |$8M-$9M          
7|Super Mario Galaxy Movie |$0.12M  |-91% |-95%  |41030 |0.02M |$14.84M  |$19M-$21M
9|Hoppers                  |$0.06M  |-86% |-92%  |12911 |0.01M |$22.58M  |$23M-$25M 
10|Sunshine Women's Choir  |$0.06M  |-60% |-70%  |8314  |0.01M |$2.22M   |$2M-$3M
11|Blades of The Guardians |$0.06M  |-63% |-71%  |11138 |0.01M |$208.86M |$209M-$210M 

New releases marked in **bold**

---


**Pre-Sales map for tomorrow**

https://i.imgur.com/PtzlQDO.png

It's OK mostly dominates pre-sales for Tuesday

---

**IMAX Screenings distribution**

Project Hail Mary will continue to dominate IMAX through the week.


||Movie|IMAX Screeninsgs Today|IMAX Screeninsgs Tomorrow|Change|
:----------- |:-----------:|:-----------:|:-----------:|:-----------:|:-----------:|:-----------:|:-----------:|
1|Project Hail Mary                   |2302   |2322 |+20
2|Super Mario Galaxy                  |248    |228  |-20
3|Hoppers                             |4      |4    |-0

---


###**Super Mario Galaxy Movie**

Mario Galaxy drops back to 7th after grossing ¥0.79M/$0.12M on its 2nd Monday. Way below the 2nd Mondays of Hoppers(¥2.22M/$0.32M) and Super Mario Bros(¥1.32M/$0.19M)

**Super Mario Galaxy vs Super Mario Bros:**

And here comes the flatline. Mario Galaxy craters back behind Super Mario Bros and massively loses ground on Hoppers. ¥150M/$22M seems very unlikely now. It might even struggle to reach ¥140M/$20M. 

https://i.imgur.com/DJTS2Ok.png

**Screen Distribution Split:** Regular: $13.55M    , IMAX: $0.67M   , Rest: $0.45M 

**WoM figures:**

Maoyan: 9.3 , Taopiaopiao: 9.3 , Douban: 7.1

|#|FRI|SAT|SUN|MON|TUE|WED|THU|Total|
|:-----------:|:-----------:|:-----------:|:-----------:|:-----------:|:-----------:|:-----------:|:-----------:|:-----------:|:-----------:|							
|First Week |$1.59M|$3.44M|$3.28M|$2.48M|$0.28M|$0.21M|$0.17M|$11.45M
|Second  Week |$0.37M|$1.58M|$1.32M|$0.12M| | | |$14.84M
|%± LW|-77%|-54%|-60%|-95%| | | | |			
	
**Scheduled showings update for Super Mario Galaxy Movie for the next few days:**

|Day |  Number of Showings |Presales|Projection
:----------- |:-----------:|:-----------:|:-----------:|
Today|41440|$12k|$0.14M-$0.22M
Tuesday|39110|$12k|$0.10M-$0.11M
Wednesday|28231|$3k|$0.09M-$0.10M

---

###**Project Hail Mary**

Project Hail Mary holds up better grossing ¥1.93M/$0.28M on Monday. It could increase tomorrow. 

**Project Hail Mary vs F1:**

https://i.imgur.com/2iz6OXe.png

**Screen Distribution Split:** Regular: $21.65M    , IMAX: $9.89M   , Rest: $2.14M 

**WoM figures:**

Maoyan: 9.3       , Taopiaopiao: 9.2      , Douban: 8.6

|#|FRI|SAT|SUN|MON|TUE|WED|THU|Total|
|:-----------:|:-----------:|:-----------:|:-----------:|:-----------:|:-----------:|:-----------:|:-----------:|:-----------:|:-----------:|								
|Third  Week |$1.04M|$2.14M|$2.49M|$1.54M|$0.38M|$0.35M|$0.33M|$30.38M
|Second  Week |$0.55M|$1.38M|$1.07M|$0.28M| | | |$33.66M
|%± LW|-47%|-36%|-57%|-82%| | | | |		

**Scheduled showings update for Project Hail Mary for the next few days:**

|Day |  Number of Showings |Presales|Projection
:----------- |:-----------:|:-----------:|:-----------:|
Today|29001|$33k|$0.28M-$0.30M
Tuesday|28887|$56k|$0.32M-$0.34M
Wednesday|22076|$14k|$0.30M-$0.33M

---

#**Other stuff:**

The next Holywood release Michael on April 24th followed by Devil Wears Prada 2 on the 30th.


---


#**Release Schedule:**

A table including upcoming movies in the next month alongside trailers linked in the name of the movie, Want To See data from both Maoyan and Taopiaopiao alongside the Gender split and genre. 

Remember Want To See is not pre-sales. Its just an anticipation metric. A checkbox of sorts saying your interested in an upcoming movie.

Not all movies are included since a lot are just too small to be worth covering. 

---

**April:**

| Movie |Maoyan WTS|Daily Increase| Taopiaopiao WTS|Daily Increase|M/W %|Genre|Release Date|3rd party media projections
:----------- |:-----------:|:-----------:|:-----------:|:-----------:|:-----------:|:-----------:|:-----------:|:-----------:|
[Michael](https://vod.pipi.cn/fec9203cvodtransbj1251246104/4d3375735145403721513102387/v.f42905.mp4) |90k|+4k|76k|+3k|59/41|Biograpy/Drama|24.04|$8M

**May/Labor Day Holidays(30.4-5.5)**

| Movie |Maoyan WTS|Daily Increase| Taopiaopiao WTS|Daily Increase|M/W %|Genre|Release Date|3rd party media projections
:----------- |:-----------:|:-----------:|:-----------:|:-----------:|:-----------:|:-----------:|:-----------:|:-----------:|
[Devil Wears Prada 2](https://vod.pipi.cn/fec9203cvodtransbj1251246104/0a6e64625145403721118746297/v.f42905.mp4) |107k|+6k|182k|+12k|26/74|Drama/Comedy|30.04|$9-41M
[Cold War 1944](https://vod.pipi.cn/fec9203cvodtransbj1251246104/0a6e64625145403721118746297/v.f42905.mp4) |42k|+2k|56k|+3k|75/25|Drama/Action/Crime|01.05|$60-88M
[Vanishing Point](https://vod.pipi.cn/fec9203cvodtransbj1251246104/0a6e64625145403721118746297/v.f42905.mp4) |34k|+1k|14k|+1k|33/67|Thriller/Crime|01.05|$21-36M
[All The Good Eyes](https://vod.pipi.cn/fec9203cvodtransbj1251246104/0a6e64625145403721118746297/v.f42905.mp4) |11k|+1k|6k|+1k|34/66|Drama/Romance/Crime|01.05|
[Being Toward Death](https://vod.pipi.cn/fec9203cvodtransbj1251246104/7978f4ba5145403722772255413/v.f42905.mp4) |10k|+1k|3k|+1k|38/62|Drama|01.05|"
1ssh3df,boxoffice,'Fuze' Review Thread,"I will continue to update this post as reviews come in.

[**Rotten Tomatoes:**](https://www.rottentomatoes.com/m/fuze) Certified Fresh

**Critics Consensus:** Unapologetically leaning into its own pulpy excess, *Fuze* detonates as a stylish thriller with energy, craft, and twists to spare.

|Critics|Score|**Number of Reviews**|Average Rating (Unofficial)|
|:-|:-|:-|:-|
|**All Critics**|77%|79|6.50/10|
|**Top Critics**|76%|25||

[**Metacritic:**](https://www.metacritic.com/movie/fuze/) 59 (22 Reviews)

**Sample Reviews:**

Bilge Ebiri, New York Magazine/Vulture - While Fuze demonstrates much of Mackenzie’s technical abilities and his clear skill with actors, it does ultimately feel a bit vaporous. It’s a minor effort from a major director.

Glenn Kenny, [RogerEbert.com](http://RogerEbert.com) **3.5/4** \- In addition to serving up heaping helpings of suspense and action, 'Fuze’ abounds in twists.

Amy Nicholson, Los Angeles Times - While the outro feels tacked on, upon reflection, it’s the missing piece that transforms the movie from a puzzle into a proclamation on group cohesion. Only afterward does it hit us that Mackenzie has really made a thriller about trust.

Barry Hertz, Globe and Mail - \[Fuze\] simply and frequently fails to justify its many swerves, triple crosses and fondness for chaotic shoot-outs. Much like its central plot device, Mackenzie’s film is a bomb hiding in plain sight -- get too close and you’ll be blown to bits.

Kimberley Jones, Austin Chronicle **2/5** \- Exuding direct-to-Redbox energy, Fuze has enough plot twists to make it watchable. You’re just not liable to remember much of it afterwards.

Jeannette Catsoulis, New York Times - Fuze hurtles along entertainingly and with no small amount of tension.

Randy Myers, San Jose Mercury News **3/4** \- Mackenzie never takes the weight off the pedal off this twisty, hyper-efficient thriller that comes fully loaded with eye candy and a gutsy plot detour in its final act. Put the brain on mute and just enjoy.

Ross McIndoe, Slant Magazine **2.5/4** \- The film is much more interested in the logistics of bomb defusal than any of its characters.

Sandra Hall, The Age (Australia) **3.5/5** \- Character and dialogue are not exactly a priority, but you pick up the essentials as the script hurries you back and forth between plot strands.

Donald Clarke, Irish Times **3/5** \- Cast in impressive depth – Theo James and Sam Worthington lead the heist – Fuze just about sustains interest over that often too-busy closing section. Mackenzie knows how to shoot a car chase and a gun fight.

John Nugent, Empire Magazine **3/5** \- It’s thinner than the paper it’s written on, and full of questionable choices — but in a switch-your-brain-off kind of way, this will adequately activate your heist glands. Light the fuze!

Wendy Ide, Observer (UK) - Notwithstanding a couple of ﻿silly moments, this is an enjoyabl﻿e if pulpy watch.

Mark Kermode, Kermode and Mayo's Take (YouTube) - It's lively, watchable fare.

Danny Leigh, Financial Times **3/5** \- Much about what ensues is cheerfully hokey. ...But there is also a real joie de vivre to how Mackenzie and writer Ben Hopkins contrive twist after twist, making actors and genres collide as if playing with mismatched action figures.

Kevin Maher, The Times (UK) **3/5** \- The twists are many and some predictable, but the mood here is mostly, and unapologetically, guilty-pleasure hokum.

Hannah Strong, Little White Lies **3/5** \- The resulting film is an uneven one – occasional flashes of intrigue are hampered by Fuze​’s strange structure and uncertainty about how funny it wants to be.

Gayle Sequeira, Sight &amp; Sound - An unexploded World War II-era bomb is unearthed early on in the twisty, propulsive Fuze; what gradually becomes apparent is that the men in its radius possess the same hair-trigger volatility.

Linda Marric, HeyUGuys **3/5** \- You'll enjoy it while it's on, and Taylor-Johnson, Theo James et al are worth watching throughout. You just might not find yourself thinking about it much once it’s over.

Thelma Adams, AARP Movies for Grownups **4/5** \- Fuze may not be on the Oscar track, but it’s an enjoyable, ticking-clock caper about karma, explosives, friendship and betrayal.

Jason Bailey, [RogerEbert.com](http://RogerEbert.com) \- It’s the kind of lickety-split, old-school programmer Steven Soderbergh and very few others are bothering to make anymore, and if it were content to simply be that, it would land cleanly.

Drew Taylor, TheWrap - ...Mackenzie maintains enough depth and earthy characterization that even when the twists start piling on, the texture of the movie never fades away.

Benjamin Lee, Guardian **2/5** \- ... it’s all rather pedestrian, with a plodding TV score and a dearth of energy, a killer for a film about both a ticking bomb and a daring heist.

Peter Debruge, Variety - If it weren’t for the film’s cast,...“Fuze” might have been a complete dud. But “Hell or High Water” helmer Mackenzie treats the assignment like he’s the one saving lives, eschewing anything that might count as fun along the way.

Richard Lawson, The Hollywood Reporter - The film prizes style, but has no higher ambition than to entertain, with an economy of means and no fussy pretension.

Christian Zilko, IndieWire **B-** \- “Fuze” might not be exceptional enough to break out your finest celebratory shot glasses, but you’re still unlikely to find another film that makes the field of urban construction look so exciting.

**SYNOPSIS:**

Central London is thrown into panic by the discovery of an unexploded WW2 bomb on a construction site. Amidst the chaos of a widespread evacuation, a gang of criminals begins an audacious heist.

**CAST:**

* Aaron Taylor-Johnson as Major Will Tranter
* Theo James as Karalis
* Gugu Mbatha-Raw as Chief Superintendent Zuzana
* Sam Worthington as X
* Elham Ehsas as Rahim
* Honor Swinton Byrne as Clareese
* Saffron Hocking as Military Sergeant Dootsie Keane

**DIRECTED BY:** David Mackenzie

**SCREENPLAY BY:** Ben Hopkins

**PRODUCED BY:** Sébastien Raybaud, Callum Grant, David Mackenzie, Gillian Berrie

**EXECUTIVE PRODUCERS:** Alexander O'Neal, Alastair Burlingham, Gary Raskin, Charlie Dombek, Pieter Engels

**DIRECTOR OF PHOTOGRAPHY:** Giles Nuttgens

**PRODUCTION DESIGNER:** Amanda McArthur

**EDITED BY:** Matt Mayer

**COSTUME DESIGNER:** Nigel Egerton

**MUSIC BY:** Tony Doogan

**RUNTIME:** 98 Minutes

**RELEASE DATE:** April 24, 2026",42,30,1776852294.0,runway magazine film,nyc_premiere,2026-04-22,"'Fuze' Review Thread I will continue to update this post as reviews come in.

[**Rotten Tomatoes:**](https://www.rottentomatoes.com/m/fuze) Certified Fresh

**Critics Consensus:** Unapologetically leaning into its own pulpy excess, *Fuze* detonates as a stylish thriller with energy, craft, and twists to spare.

|Critics|Score|**Number of Reviews**|Average Rating (Unofficial)|
|:-|:-|:-|:-|
|**All Critics**|77%|79|6.50/10|
|**Top Critics**|76%|25||

[**Metacritic:**](https://www.metacritic.com/movie/fuze/) 59 (22 Reviews)

**Sample Reviews:**

Bilge Ebiri, New York Magazine/Vulture - While Fuze demonstrates much of Mackenzie’s technical abilities and his clear skill with actors, it does ultimately feel a bit vaporous. It’s a minor effort from a major director.

Glenn Kenny, [RogerEbert.com](http://RogerEbert.com) **3.5/4** \- In addition to serving up heaping helpings of suspense and action, 'Fuze’ abounds in twists.

Amy Nicholson, Los Angeles Times - While the outro feels tacked on, upon reflection, it’s the missing piece that transforms the movie from a puzzle into a proclamation on group cohesion. Only afterward does it hit us that Mackenzie has really made a thriller about trust.

Barry Hertz, Globe and Mail - \[Fuze\] simply and frequently fails to justify its many swerves, triple crosses and fondness for chaotic shoot-outs. Much like its central plot device, Mackenzie’s film is a bomb hiding in plain sight -- get too close and you’ll be blown to bits.

Kimberley Jones, Austin Chronicle **2/5** \- Exuding direct-to-Redbox energy, Fuze has enough plot twists to make it watchable. You’re just not liable to remember much of it afterwards.

Jeannette Catsoulis, New York Times - Fuze hurtles along entertainingly and with no small amount of tension.

Randy Myers, San Jose Mercury News **3/4** \- Mackenzie never takes the weight off the pedal off this twisty, hyper-efficient thriller that comes fully loaded with eye candy and a gutsy plot detour in its final act. Put the brain on mute and just enjoy.

Ross McIndoe, Slant Magazine **2.5/4** \- The film is much more interested in the logistics of bomb defusal than any of its characters.

Sandra Hall, The Age (Australia) **3.5/5** \- Character and dialogue are not exactly a priority, but you pick up the essentials as the script hurries you back and forth between plot strands.

Donald Clarke, Irish Times **3/5** \- Cast in impressive depth – Theo James and Sam Worthington lead the heist – Fuze just about sustains interest over that often too-busy closing section. Mackenzie knows how to shoot a car chase and a gun fight.

John Nugent, Empire Magazine **3/5** \- It’s thinner than the paper it’s written on, and full of questionable choices — but in a switch-your-brain-off kind of way, this will adequately activate your heist glands. Light the fuze!

Wendy Ide, Observer (UK) - Notwithstanding a couple of ﻿silly moments, this is an enjoyabl﻿e if pulpy watch.

Mark Kermode, Kermode and Mayo's Take (YouTube) - It's lively, watchable fare.

Danny Leigh, Financial Times **3/5** \- Much about what ensues is cheerfully hokey. ...But there is also a real joie de vivre to how Mackenzie and writer Ben Hopkins contrive twist after twist, making actors and genres collide as if playing with mismatched action figures.

Kevin Maher, The Times (UK) **3/5** \- The twists are many and some predictable, but the mood here is mostly, and unapologetically, guilty-pleasure hokum.

Hannah Strong, Little White Lies **3/5** \- The resulting film is an uneven one – occasional flashes of intrigue are hampered by Fuze​’s strange structure and uncertainty about how funny it wants to be.

Gayle Sequeira, Sight &amp; Sound - An unexploded World War II-era bomb is unearthed early on in the twisty, propulsive Fuze; what gradually becomes apparent is that the men in its radius possess the same hair-trigger volatility.

Linda Marric, HeyUGuys **3/5** \- You'll enjoy it while it's on, and Taylor-Johnson, Theo James et al are worth watching throughout. You just might not find yourself thinking about it much once it’s over.

Thelma Adams, AARP Movies for Grownups **4/5** \- Fuze may not be on the Oscar track, but it’s an enjoyable, ticking-clock caper about karma, explosives, friendship and betrayal.

Jason Bailey, [RogerEbert.com](http://RogerEbert.com) \- It’s the kind of lickety-split, old-school programmer Steven Soderbergh and very few others are bothering to make anymore, and if it were content to simply be that, it would land cleanly.

Drew Taylor, TheWrap - ...Mackenzie maintains enough depth and earthy characterization that even when the twists start piling on, the texture of the movie never fades away.

Benjamin Lee, Guardian **2/5** \- ... it’s all rather pedestrian, with a plodding TV score and a dearth of energy, a killer for a film about both a ticking bomb and a daring heist.

Peter Debruge, Variety - If it weren’t for the film’s cast,...“Fuze” might have been a complete dud. But “Hell or High Water” helmer Mackenzie treats the assignment like he’s the one saving lives, eschewing anything that might count as fun along the way.

Richard Lawson, The Hollywood Reporter - The film prizes style, but has no higher ambition than to entertain, with an economy of means and no fussy pretension.

Christian Zilko, IndieWire **B-** \- “Fuze” might not be exceptional enough to break out your finest celebratory shot glasses, but you’re still unlikely to find another film that makes the field of urban construction look so exciting.

**SYNOPSIS:**

Central London is thrown into panic by the discovery of an unexploded WW2 bomb on a construction site. Amidst the chaos of a widespread evacuation, a gang of criminals begins an audacious heist.

**CAST:**

* Aaron Taylor-Johnson as Major Will Tranter
* Theo James as Karalis
* Gugu Mbatha-Raw as Chief Superintendent Zuzana
* Sam Worthington as X
* Elham Ehsas as Rahim
* Honor Swinton Byrne as Clareese
* Saffron Hocking as Military Sergeant Dootsie Keane

**DIRECTED BY:** David Mackenzie

**SCREENPLAY BY:** Ben Hopkins

**PRODUCED BY:** Sébastien Raybaud, Callum Grant, David Mackenzie, Gillian Berrie

**EXECUTIVE PRODUCERS:** Alexander O'Neal, Alastair Burlingham, Gary Raskin, Charlie Dombek, Pieter Engels

**DIRECTOR OF PHOTOGRAPHY:** Giles Nuttgens

**PRODUCTION DESIGNER:** Amanda McArthur

**EDITED BY:** Matt Mayer

**COSTUME DESIGNER:** Nigel Egerton

**MUSIC BY:** Tony Doogan

**RUNTIME:** 98 Minutes

**RELEASE DATE:** April 24, 2026"
1srmy8j,boxoffice,'Michael' Review Thread,"I will continue to update this post as reviews come in.

[**Rotten Tomatoes:**](https://www.rottentomatoes.com/m/michael) Rotten

**Critics Consensus:** While Jaafar Jackson's smooth moves bring the King of Pop to uncanny life, this musical biopic mostly plays like a ""greatest hits"" album that could've benefitted from including liner notes to give actual insight into the icon.

|Critics|Score|**Number of Reviews**|Average Rating (Unofficial)|
|:-|:-|:-|:-|
|**All Critics**|38%|210|4.90/10|
|**Top Critics**|23%|52||

[**Metacritic:**](https://www.metacritic.com/movie/michael-2026/) 39 (49 Reviews)

**Sample Reviews:**

Radheyan Simonpillai, CBC Radio - There's a satisfying narrative in here for fans who wish to compartmentalize their feelings about Michael Jackson's complicated legacy, somewhere in the lousy, cliched storytelling, which, to be fair, is no worse than Bohemian Rhapsody.

Peter Travers, The Travers Take **2/4** \- In a cash grab intermittently relieved by magic, Jaafar Jackson vividly channels his uncle as a performer, but MJ the man in all his complications eludes him and the movie.

Sara Michelle Fetters, [MovieFreak.com](http://MovieFreak.com) **1.5/4** \- The whole thing is a hagiographic nightmare that only works as well as it does because the music is so undeniably brilliant. But there’s no there, there. None.

Bill Goodykoontz, Arizona Republic **2.5/5** \- Eventually “Michael” starts to feel like a really high-end version of one of those Vegas tribute shows, with some biographical sketches thrown in every now and then.

Mark Kermode, Kermode and Mayo's Take (YouTube) - The problem is, there is a whole other film not happening. There is a whole other story not happening.

Thelma Adams, AARP Movies for Grownups **3/5** \- The film excels in capturing the ebullience of the early days for this Mozart of Motown... \[But\] while the music and dancing are vibrant, the narrative tension is one-note and toothless.

Jack Hamilton, Slate - Michael never really settles into a consistent pace, and its points of emphasis and points of omission will seem bizarre to anyone already familiar with Jackson’s career.

Kyle Smith, Wall Street Journal - As a tribute to what was great about Michael Jackson, Mr. Fuqua’s movie excels, though I wished there had been more performance: What, only one song from the 1979 disco masterpiece “Off the Wall”?

Alison Willmore, New York Magazine/Vulture - What Jaafar does amounts to an elaborate impression instead of an interpretation, re-creating the voice and the famous choreography and otherwise staring blankly into the middle distance when called upon to transmit emotions.

Jake Wilson, Sydney Morning Herald **3/5** \- This truncated version is bland and cautious, but never exactly dull.

Randy Myers, San Jose Mercury News **2/4** \- Either way, there is no denying that “Michael” only scratches the surface of Michael the troubled person, even though it does a commendable job of showcasing Michael the star performer.

Odie Henderson, Boston Globe **1/4** \- I don’t know how good the original version of “Michael” would have been. But I can tell you with certainty that what’s on the screen now barely counts as a movie. Director Antoine Fuqua traffics in fan service of the highest order and the lowest quality.

Keith Phipps, The Reveal **1.5/5** \- The Michael Jackson of Michael never colors outside the lines of the image Jackson and his team attempted to project while alive—that of a childlike, endearing eccentric, kindhearted genius. It’s a hard act to keep up for the length of a feature film.

Peter Howell, Toronto Star **2/4** \- “Michael” occasionally dazzles -- the “Bad” tour finale is a genuine showstopper -- but it’s frustratingly incomplete, a film made for devoted fans and unquestioning apologists.

Amy Nicholson, Los Angeles Times - Suffocating nepotism might be the only way for now to capture someone as singularly strange as Jackson — if Jaafar delivered a line reading that wasn’t note perfect, it’s likely that someone in his clan would pipe up and say so.

Johnny Oleksinski, New York Post **1/4** \- What I did not expect of the movie about arguably the greatest entertainer of all time, however, was that it would be so devoid of, um, entertainment.

Alissa Wilkinson, New York Times - This Michael is flat, barely human.

Nikki Gemmell, The Australian **2.5/5** \- This movie is for the glazers. Pure joy for them; mainly for its spectacular recreations of Jackson’s iconic performances. For the cynics among us, it was infuriating and dishonest. A wasted opportunity.

Nell Minow, Movie Mom **B-** \- The movie has its entertaining moments, mostly when Jaafar Jackson replicates some of his uncle’s most iconic performances, but the dramatic sections are weak and sanitized.

Katie Walsh, Tribune News Service **2/4** \- The music is great. Jaafar Jackson is a star. But the movie itself is uncomfortably problematic in a way that’s hard to overlook.

Cary Darling, Houston Chronicle **3/5** \- ""Michael"" goes down as easily as the soft drink Jackson was pushing. It's smooth. It's bubbly. It's tasty. But it's a concoction of ultimately empty calories, albeit one that comes with striking performances and an absolutely killer soundtrack.

Philip De Semlyen, Time Out - No respectable record collection could be without ""Off the Wall"" and ""Thriller."" No Blu-ray shelf will need a copy of ""Michael.""

Tara Brady, Irish Times **2/5** \- Backed by the kind of production budget normally reserved for resurrected dinosaurs running amok in a theme park, this long-gestating biopic of Michael Jackson offers two solid hours of cosplay karaoke.

Liz Shannon Miller, Consequence **C-** \- This is a movie terrified to explore the interiority of its protagonist, and that approach will work just fine for the fans who just want to watch an uncomplicated ramble of a movie that plays all the hits.

Alonso Duralde, The Film Verdict - Where Fuqua and his team are allowed to shine is in the evocation of some of the most exciting musical moments from Jackson's career, but the rest of Michael is utterly empty, even by biopic standards.

Kristen Lopez, The Film Maven **C-** \- It's very much a hagiography swathed in glitter and flash and, in the moment, it does what it sets out to do. Just don't expect to walk away learning anything new. Only established Jackson fans need apply.

John Nugent, Empire Magazine **2/5** \- Hugely impressive musical and dance performances from the two young men playing Michael Jackson cannot shake off the uncomfortable fact that there is an entire other side to the pop star’s story which is entirely conspicuous by its absence here.

Jake Coyle, Associated Press **1.5/4** \- The nostalgia of “Michael” is for more than Michael Jackson. But blindly believing only in that celebrity, in that fantasy, is repeating a sad history all over again.

Kate Erbland, IndieWire **C-** \- The film is tasked with covering the first 26 years of Jackson’s life and nearly two decades of his career. That’s a tough ask for any feature film, but the great leaps of time and logic that run through “Michael” err on the side of boring.

Robert Daniels, [RogerEbert.com](http://RogerEbert.com) **1/4** \- Antoine Fuqua might’ve had some cameras and microphones on hand to produce moving images and sound for this estate-approved King of Pop biopic. But make no mistake about it: ""Michael"" isn’t a movie. It’s a filmed playlist in search of a story.

Rafer Guzman, Newsday **2/4** \- Yes, the resemblance is uncanny. Yes, he can really act. As for his dancing: You’d swear the King of Pop himself had sprung back to life. The rest of the movie? Like the singer’s career and legacy, it is decidedly mixed.

Robbie Collin, Daily Telegraph (UK) **2/5** \- When you leave the cinema, what’s ringing in your ears isn’t the music -- it’s the words: “Yes, and…?”

Barry Hertz, Globe and Mail - There is just not enough of a movie to hang those showstopping numbers on. Just as all the note-perfect moves and movie-star magic of a sensational Jaafar Jackson are not enough to ensure his uncle’s story is given the cinematic life that it deserves.

David Jenkins, Little White Lies **1/5** \- It’s hard to imagine a more superficial and safe film, although there is the suggestion that all the juicy stuff has been compartmentalised and stored up for a possible sequel.

Kevin Maher, The Times (UK) **1/5** \- The narrative is an aimless Wiki-plod through Jackson’s back catalogue, first with the Jackson 5 and then his early solo career. His siblings are negligible as characters and there’s a conspicuous vacuum where Janet Jackson should have been.

Wenlei Ma, The Nightly (AU) **1/5** \- Michael is so awful at times, you risk physically collapsing into yourself from all the cringing.

Nicholas Barber, [BBC.com](http://BBC.com) **1/5** \- The functional dialogue has all the nuance of a road sign, and the visuals are so lacking in flair that even the reconstructions of Jackson's groundbreaking videos and concerts are a snooze.

Clarisse Loughrey, Independent (UK) **2/5** \- All ""Michael"" does is recreate, in mechanical style, the most famous visuals of Jackson’s career. It’s certainly easier that way. Why bother to depict a human being when you can simply turn them into a product?

Adam Graham, Detroit News **B-** \- In the realm of superstar biopics, ""Michael"" finds its rhythm, and Jaafar Jackson gives it its pulsating a heartbeat.

Monica Castillo, AV Club **C-** \- There’s almost an element of comfort in its predictability, even as it skirts as much controversy as possible, finally throwing up a card that reads “His Story Continues,” when it’s time to bail. Only, the audience knows what’s next.

David Fear, Rolling Stone - You’re reminded of the first time you heard Jackson’s music... And you’re also reminded that such things are still tainted, even if the movie twists itself into knots to avoid you thinking about such things.

Owen Gleiberman, Variety - Simply put, this is not a movie about Michael Jackson’s dark side. Yet the surprise of “Michael” is how well it plays, and what an engrossing middle-of-the-road biopic it is.

Matt Singer, ScreenCrush **4/10** \- Depicts Michael Jackson as a moonwalking and talking human jukebox, with little in the way of a compelling story.

Peter Bradshaw, Guardian **2/5** \- This is a frustratingly shallow, inert picture, a kind of cruise-ship entertainment, which can’t quite bring itself to show that Michael was an abuse victim, brutalised by his father and robbed of his childhood.

Melissa Ruggieri, USA Today **3/4** \- Jaafar may share his late uncle’s megawatt smile, lithe frame and Bambi eyelashes. But his liquid dance moves -- highlighted as he teaches gang members the footwork in the “Beat It” video -- and soft-spoken cadence are studied to perfection.

David Rooney, The Hollywood Reporter - If you’re even remotely nostalgic for the time when his songs were ubiquitous on pop charts, at parties and on dance floors worldwide, the movie will be a warm rush of transporting pleasure.

William Bibbiani, TheWrap - It can’t be taken seriously, no matter how earnest it looks and sounds. because it’s not really a story. Maybe it used to be before the reshoots. Maybe not. Either way, now it’s just feature-length publicity, and it plays like damage control.

Tim Grierson, Screen International - By denying any contradictory views of its subject, Michael seems disconnected from reality -- a problem the massively famous and troubled Jackson would himself come to embody.

Danny Leigh, Financial Times **1/5** \- Jackson bears a striking likeness to his uncle. His steps onstage are picture perfect. But nothing moves. In a film like Michael, live performance should let you see what fans see. Here, when audiences sob in ecstasy, you want to inch away in bafflement.

Nick Schager, The Daily Beast - All ""Thriller,"" no infamy, presenting an uplifting, crowd-pleasing version of events that, for all its expert impersonations, is simply the palatable half of this sordid tale.

Linda Marric, HeyUGuys **3/5** \- In the end, Fuqua's Michael is a beautifully performed but carefully curated story. It celebrates more than it questions and remembers more than it reveals.

Derek Smith, Slant Magazine **1.5/4** \- The film turns the realities of a tragic, deeply complicated life into a sanitized popcorn film.

**SYNOPSIS:**

MICHAEL is the cinematic portrayal of the life and legacy of one of the most influential artists the world has ever known. The film tells the story of Michael Jackson’s life beyond the music, tracing his journey from the discovery of his extraordinary talent as the lead of the Jackson Five, to the visionary artist whose creative ambition fueled a relentless pursuit to become the biggest entertainer in the world. Highlighting both his life off-stage and some of the most iconic performances from his early solo career, the film gives audiences a front-row seat to Michael Jackson as never before. This is where his story begins.

**CAST:**

* Jaafar Jackson as Michael Jackson
* Nia Long as Katherine Jackson
* Laura Harrier as Suzanne de Passe
* Juliano Krue Valdi as Young Michael Jackson
* Mike Myers as Walter Yetnikoff
* Miles Teller as John Branca
* Colman Domingo as Joe Jackson

**DIRECTED BY:** Antoine Fuqua

**SCREENPLAY BY:** John Logan

**PRODUCED BY:** Graham King, John Branca, John McClain

**EXECUTIVE PRODUCER:** David B. Householter

**DIRECTOR OF PHOTOGRAPHY:** Dion Beebe

**PRODUCTION DESIGNER:** Barbara Ling

**EDITED BY:** John Ottman, Harry Yoon

**COSTUME DESIGNER:** Marci Rodgers

**MUSIC BY:** Lior Rosner

**CASTING BY:** Kimberly Hardin, Victoria Thomas

**RUNTIME:** 127 Minutes

**RELEASE DATE:** April 24, 2026",383,823,1776776391.0,runway magazine film,nyc_premiere,2026-04-21,"'Michael' Review Thread I will continue to update this post as reviews come in.

[**Rotten Tomatoes:**](https://www.rottentomatoes.com/m/michael) Rotten

**Critics Consensus:** While Jaafar Jackson's smooth moves bring the King of Pop to uncanny life, this musical biopic mostly plays like a ""greatest hits"" album that could've benefitted from including liner notes to give actual insight into the icon.

|Critics|Score|**Number of Reviews**|Average Rating (Unofficial)|
|:-|:-|:-|:-|
|**All Critics**|38%|210|4.90/10|
|**Top Critics**|23%|52||

[**Metacritic:**](https://www.metacritic.com/movie/michael-2026/) 39 (49 Reviews)

**Sample Reviews:**

Radheyan Simonpillai, CBC Radio - There's a satisfying narrative in here for fans who wish to compartmentalize their feelings about Michael Jackson's complicated legacy, somewhere in the lousy, cliched storytelling, which, to be fair, is no worse than Bohemian Rhapsody.

Peter Travers, The Travers Take **2/4** \- In a cash grab intermittently relieved by magic, Jaafar Jackson vividly channels his uncle as a performer, but MJ the man in all his complications eludes him and the movie.

Sara Michelle Fetters, [MovieFreak.com](http://MovieFreak.com) **1.5/4** \- The whole thing is a hagiographic nightmare that only works as well as it does because the music is so undeniably brilliant. But there’s no there, there. None.

Bill Goodykoontz, Arizona Republic **2.5/5** \- Eventually “Michael” starts to feel like a really high-end version of one of those Vegas tribute shows, with some biographical sketches thrown in every now and then.

Mark Kermode, Kermode and Mayo's Take (YouTube) - The problem is, there is a whole other film not happening. There is a whole other story not happening.

Thelma Adams, AARP Movies for Grownups **3/5** \- The film excels in capturing the ebullience of the early days for this Mozart of Motown... \[But\] while the music and dancing are vibrant, the narrative tension is one-note and toothless.

Jack Hamilton, Slate - Michael never really settles into a consistent pace, and its points of emphasis and points of omission will seem bizarre to anyone already familiar with Jackson’s career.

Kyle Smith, Wall Street Journal - As a tribute to what was great about Michael Jackson, Mr. Fuqua’s movie excels, though I wished there had been more performance: What, only one song from the 1979 disco masterpiece “Off the Wall”?

Alison Willmore, New York Magazine/Vulture - What Jaafar does amounts to an elaborate impression instead of an interpretation, re-creating the voice and the famous choreography and otherwise staring blankly into the middle distance when called upon to transmit emotions.

Jake Wilson, Sydney Morning Herald **3/5** \- This truncated version is bland and cautious, but never exactly dull.

Randy Myers, San Jose Mercury News **2/4** \- Either way, there is no denying that “Michael” only scratches the surface of Michael the troubled person, even though it does a commendable job of showcasing Michael the star performer.

Odie Henderson, Boston Globe **1/4** \- I don’t know how good the original version of “Michael” would have been. But I can tell you with certainty that what’s on the screen now barely counts as a movie. Director Antoine Fuqua traffics in fan service of the highest order and the lowest quality.

Keith Phipps, The Reveal **1.5/5** \- The Michael Jackson of Michael never colors outside the lines of the image Jackson and his team attempted to project while alive—that of a childlike, endearing eccentric, kindhearted genius. It’s a hard act to keep up for the length of a feature film.

Peter Howell, Toronto Star **2/4** \- “Michael” occasionally dazzles -- the “Bad” tour finale is a genuine showstopper -- but it’s frustratingly incomplete, a film made for devoted fans and unquestioning apologists.

Amy Nicholson, Los Angeles Times - Suffocating nepotism might be the only way for now to capture someone as singularly strange as Jackson — if Jaafar delivered a line reading that wasn’t note perfect, it’s likely that someone in his clan would pipe up and say so.

Johnny Oleksinski, New York Post **1/4** \- What I did not expect of the movie about arguably the greatest entertainer of all time, however, was that it would be so devoid of, um, entertainment.

Alissa Wilkinson, New York Times - This Michael is flat, barely human.

Nikki Gemmell, The Australian **2.5/5** \- This movie is for the glazers. Pure joy for them; mainly for its spectacular recreations of Jackson’s iconic performances. For the cynics among us, it was infuriating and dishonest. A wasted opportunity.

Nell Minow, Movie Mom **B-** \- The movie has its entertaining moments, mostly when Jaafar Jackson replicates some of his uncle’s most iconic performances, but the dramatic sections are weak and sanitized.

Katie Walsh, Tribune News Service **2/4** \- The music is great. Jaafar Jackson is a star. But the movie itself is uncomfortably problematic in a way that’s hard to overlook.

Cary Darling, Houston Chronicle **3/5** \- ""Michael"" goes down as easily as the soft drink Jackson was pushing. It's smooth. It's bubbly. It's tasty. But it's a concoction of ultimately empty calories, albeit one that comes with striking performances and an absolutely killer soundtrack.

Philip De Semlyen, Time Out - No respectable record collection could be without ""Off the Wall"" and ""Thriller."" No Blu-ray shelf will need a copy of ""Michael.""

Tara Brady, Irish Times **2/5** \- Backed by the kind of production budget normally reserved for resurrected dinosaurs running amok in a theme park, this long-gestating biopic of Michael Jackson offers two solid hours of cosplay karaoke.

Liz Shannon Miller, Consequence **C-** \- This is a movie terrified to explore the interiority of its protagonist, and that approach will work just fine for the fans who just want to watch an uncomplicated ramble of a movie that plays all the hits.

Alonso Duralde, The Film Verdict - Where Fuqua and his team are allowed to shine is in the evocation of some of the most exciting musical moments from Jackson's career, but the rest of Michael is utterly empty, even by biopic standards.

Kristen Lopez, The Film Maven **C-** \- It's very much a hagiography swathed in glitter and flash and, in the moment, it does what it sets out to do. Just don't expect to walk away learning anything new. Only established Jackson fans need apply.

John Nugent, Empire Magazine **2/5** \- Hugely impressive musical and dance performances from the two young men playing Michael Jackson cannot shake off the uncomfortable fact that there is an entire other side to the pop star’s story which is entirely conspicuous by its absence here.

Jake Coyle, Associated Press **1.5/4** \- The nostalgia of “Michael” is for more than Michael Jackson. But blindly believing only in that celebrity, in that fantasy, is repeating a sad history all over again.

Kate Erbland, IndieWire **C-** \- The film is tasked with covering the first 26 years of Jackson’s life and nearly two decades of his career. That’s a tough ask for any feature film, but the great leaps of time and logic that run through “Michael” err on the side of boring.

Robert Daniels, [RogerEbert.com](http://RogerEbert.com) **1/4** \- Antoine Fuqua might’ve had some cameras and microphones on hand to produce moving images and sound for this estate-approved King of Pop biopic. But make no mistake about it: ""Michael"" isn’t a movie. It’s a filmed playlist in search of a story.

Rafer Guzman, Newsday **2/4** \- Yes, the resemblance is uncanny. Yes, he can really act. As for his dancing: You’d swear the King of Pop himself had sprung back to life. The rest of the movie? Like the singer’s career and legacy, it is decidedly mixed.

Robbie Collin, Daily Telegraph (UK) **2/5** \- When you leave the cinema, what’s ringing in your ears isn’t the music -- it’s the words: “Yes, and…?”

Barry Hertz, Globe and Mail - There is just not enough of a movie to hang those showstopping numbers on. Just as all the note-perfect moves and movie-star magic of a sensational Jaafar Jackson are not enough to ensure his uncle’s story is given the cinematic life that it deserves.

David Jenkins, Little White Lies **1/5** \- It’s hard to imagine a more superficial and safe film, although there is the suggestion that all the juicy stuff has been compartmentalised and stored up for a possible sequel.

Kevin Maher, The Times (UK) **1/5** \- The narrative is an aimless Wiki-plod through Jackson’s back catalogue, first with the Jackson 5 and then his early solo career. His siblings are negligible as characters and there’s a conspicuous vacuum where Janet Jackson should have been.

Wenlei Ma, The Nightly (AU) **1/5** \- Michael is so awful at times, you risk physically collapsing into yourself from all the cringing.

Nicholas Barber, [BBC.com](http://BBC.com) **1/5** \- The functional dialogue has all the nuance of a road sign, and the visuals are so lacking in flair that even the reconstructions of Jackson's groundbreaking videos and concerts are a snooze.

Clarisse Loughrey, Independent (UK) **2/5** \- All ""Michael"" does is recreate, in mechanical style, the most famous visuals of Jackson’s career. It’s certainly easier that way. Why bother to depict a human being when you can simply turn them into a product?

Adam Graham, Detroit News **B-** \- In the realm of superstar biopics, ""Michael"" finds its rhythm, and Jaafar Jackson gives it its pulsating a heartbeat.

Monica Castillo, AV Club **C-** \- There’s almost an element of comfort in its predictability, even as it skirts as much controversy as possible, finally throwing up a card that reads “His Story Continues,” when it’s time to bail. Only, the audience knows what’s next.

David Fear, Rolling Stone - You’re reminded of the first time you heard Jackson’s music... And you’re also reminded that such things are still tainted, even if the movie twists itself into knots to avoid you thinking about such things.

Owen Gleiberman, Variety - Simply put, this is not a movie about Michael Jackson’s dark side. Yet the surprise of “Michael” is how well it plays, and what an engrossing middle-of-the-road biopic it is.

Matt Singer, ScreenCrush **4/10** \- Depicts Michael Jackson as a moonwalking and talking human jukebox, with little in the way of a compelling story.

Peter Bradshaw, Guardian **2/5** \- This is a frustratingly shallow, inert picture, a kind of cruise-ship entertainment, which can’t quite bring itself to show that Michael was an abuse victim, brutalised by his father and robbed of his childhood.

Melissa Ruggieri, USA Today **3/4** \- Jaafar may share his late uncle’s megawatt smile, lithe frame and Bambi eyelashes. But his liquid dance moves -- highlighted as he teaches gang members the footwork in the “Beat It” video -- and soft-spoken cadence are studied to perfection.

David Rooney, The Hollywood Reporter - If you’re even remotely nostalgic for the time when his songs were ubiquitous on pop charts, at parties and on dance floors worldwide, the movie will be a warm rush of transporting pleasure.

William Bibbiani, TheWrap - It can’t be taken seriously, no matter how earnest it looks and sounds. because it’s not really a story. Maybe it used to be before the reshoots. Maybe not. Either way, now it’s just feature-length publicity, and it plays like damage control.

Tim Grierson, Screen International - By denying any contradictory views of its subject, Michael seems disconnected from reality -- a problem the massively famous and troubled Jackson would himself come to embody.

Danny Leigh, Financial Times **1/5** \- Jackson bears a striking likeness to his uncle. His steps onstage are picture perfect. But nothing moves. In a film like Michael, live performance should let you see what fans see. Here, when audiences sob in ecstasy, you want to inch away in bafflement.

Nick Schager, The Daily Beast - All ""Thriller,"" no infamy, presenting an uplifting, crowd-pleasing version of events that, for all its expert impersonations, is simply the palatable half of this sordid tale.

Linda Marric, HeyUGuys **3/5** \- In the end, Fuqua's Michael is a beautifully performed but carefully curated story. It celebrates more than it questions and remembers more than it reveals.

Derek Smith, Slant Magazine **1.5/4** \- The film turns the realities of a tragic, deeply complicated life into a sanitized popcorn film.

**SYNOPSIS:**

MICHAEL is the cinematic portrayal of the life and legacy of one of the most influential artists the world has ever known. The film tells the story of Michael Jackson’s life beyond the music, tracing his journey from the discovery of his extraordinary talent as the lead of the Jackson Five, to the visionary artist whose creative ambition fueled a relentless pursuit to become the biggest entertainer in the world. Highlighting both his life off-stage and some of the most iconic performances from his early solo career, the film gives audiences a front-row seat to Michael Jackson as never before. This is where his story begins.

**CAST:**

* Jaafar Jackson as Michael Jackson
* Nia Long as Katherine Jackson
* Laura Harrier as Suzanne de Passe
* Juliano Krue Valdi as Young Michael Jackson
* Mike Myers as Walter Yetnikoff
* Miles Teller as John Branca
* Colman Domingo as Joe Jackson

**DIRECTED BY:** Antoine Fuqua

**SCREENPLAY BY:** John Logan

**PRODUCED BY:** Graham King, John Branca, John McClain

**EXECUTIVE PRODUCER:** David B. Householter

**DIRECTOR OF PHOTOGRAPHY:** Dion Beebe

**PRODUCTION DESIGNER:** Barbara Ling

**EDITED BY:** John Ottman, Harry Yoon

**COSTUME DESIGNER:** Marci Rodgers

**MUSIC BY:** Lior Rosner

**CASTING BY:** Kimberly Hardin, Victoria Thomas

**RUNTIME:** 127 Minutes

**RELEASE DATE:** April 24, 2026"
1sn2u2o,boxoffice,'Lee Cronin's The Mummy' Review Thread,"I will continue to update this post as reviews come in.

[**Rotten Tomatoes:**](https://www.rottentomatoes.com/m/lee_cronins_the_mummy) Rotten

**Critics Consensus:** Director Lee Cronin's take on *The Mummy* injects some juicy gore and personal stakes into the classic horror setup, but the scares in this gross-out extravaganza get entombed by a padded running time.

|Critics|Score|**Number of Reviews**|Average Rating (Unofficial)|
|:-|:-|:-|:-|
|**All Critics**|46%|129|5.60/10|
|**Top Critics**|32%|31||

[**Metacritic:**](https://www.metacritic.com/movie/lee-cronins-the-mummy/) 46 (34 Reviews)

**Sample Reviews:**

Johnny Oleksinski, New York Post **1.5/4** \- The director mostly reshapes what a mummy actually is to suit his lackluster whims.

Alison Willmore, New York Magazine/Vulture - ...maybe The Mummy just isn’t very inspired.

Joshua Rothkopf, Los Angeles Times - All these moments are good for audience groans and there’s an enjoyable bad movie here for the seizing.

Peter Travers, The Travers Take **1.5/4** \- Entitled director Lee Cronin makes two hours of borrowed horror inspiration—The Exorcist should sue— feel like an eternity. Go to Full Review Profile Avatar Icon Brian Tallerico [RogerEbert.com](http://RogerEbert.com) · 11h Rotten score. 2/4 You’ll definitely squirm, but mostly out of boredom.

Perri Nemiroff, Perri Nemiroff (YouTube) **2/5** \- Lee Cronin is still a certified master at crafting stunning gore, but an implausible plot point nearly extinguishes all of the film's fear factor.

Dan Jolin, Empire Magazine **3/5** \- Domestic chills, body horror, paranormal scares and gore-drenched action combine in a very distinct but rather uneven — and at times contentious — take on a classic monster icon.

Kyle Smith, Wall Street Journal - It is advisable not to see the movie immediately after a meal. Or, really, ever.

Rafer Guzman, Newsday **2.5/4** \- A gnarly new twist on a dormant franchise.

Scott Tobias, The Reveal **2.5/5** \- None of this is to say that Cronin is a poor craftsman or an outright hack, but you would only know The Mummy is his because his name is part of the branding.

Radheyan Simonpillai, Globe and Mail - We didn’t even need ""mummy"" in the title, since Cronin’s version really made a mess of an Exorcist movie that also crams in bits from Don’t Look Now, Hereditary and The Evil Dead.

Robbie Collin, Daily Telegraph (UK) **4/5** \- The squeamish are advised to look out for some repulsive business with toenails: if that’s as much as you can take, it’s time to leave.

Peter Howell, Toronto Star **2/4** \- “The Mummy” has been rebooted so many times the monster itself must feel the weariness of the undead. Cronin gives the creature fresh bandages, but the filmmaker’s status as a cinema icon remains unproven.

Benjamin Lee, Guardian **2/5** \- Cronin, an Irish film-maker who has made just two films to date, is an undeniable visual talent but his Mummy is also absurdly, watch-checkingly overlong, tonally unsure and, fatally, not all that scary.

Alonso Duralde, The Film Verdict - Cronin is never not going for effect here, but the onslaught of cracking bones, skin peeling, and teeth removal gets tiresome fast, as the movie figuratively asks the audience, ""Am I freaking you out?"" every 30 seconds.

William Bibbiani, TheWrap - Cronin has an uncanny knack for human mutilation, which would probably be a bad thing in any other context, but if you’re making gross-out horror movies, it’s practically a requirement.

Katie Rife, Inverse - Across those three films Cronin has developed enough gruesome signatures that an adjective — Croninesque, maybe? — may yet be in his future, particularly if he keeps reinventing classic movie monsters in his own style like he does here.

Donald Clarke, Irish Times **4/5** \- A blast for those who like their horror propulsive, transgressive and (in a good way) nauseating. Cronin and his team haven’t quite solved the age-old problem of what to do with the Mummy, but they have confirmed that it remains a dilemma worth tackling.

Simon Abrams, AV Club **C-** \- A good cover band can really hit the spot, but not when the band’s only mastered one emotional register and keeps playing that way for a longer-than-average set.

David Ehrlich, IndieWire **C-** \- Everything Katie does has to be deniable enough for her parents to roll with it, a story choice that defangs Cronin’s ability to let loose. The jolts are muted, the setpieces are drab, and the gore is all too literally kept under wraps.

Kevin Maher, The Times (UK) **2/5** \- It looks great, and Cronin is a gifted stylist. But, as with his debut The Hole in the Ground, there’s too much slavish imitation and homage here.

Tim Grierson, Screen International - Lee Cronin knows how to construct suspense sequences and ramp up tension... But the film’s ambitious scope is betrayed by derivative genre ideas that make this tale of the dead disappointingly listless.

Larushka Ivan-Zadeh, [metro.co.uk](http://metro.co.uk) **3/5** \- In fact ‘The Daughter’ would be a more accurate title. And it’s this claustrophobic family angle that proves most successful.

Meagan Navarro, Bloody Disgusting **2/5** \- Cronin’s latest is less a reinvention of the Mummy and more a standard possession horror movie with a slight Egyptian twist.

David Jenkins, Little White Lies **2/5** \- This rejection of basic authenticity just makes it extremely hard to care what happens to these characters, and it’s a film that ends up going through the spooky motions, albeit with sound effects turned up to eleven.

Mark Kennedy, Associated Press **0.5/4** \- In publicity material for the movie, Cronin reveals that he made his movie after realizing there hasn’t been a truly terrifying version made of “The Mummy.” He’s right. Even after his own offering.

Guy Lodge, Variety - Brashly violent, clattery and pleasingly untied to any direct predecessor, the result is more generic than its braggy auteur claims might promise, but there’s a lot here for gorehounds to feast on.

Nicolas Rapold, New York Times - Too bad about the one-liners that make fun sequences feel generic, the weaker family dynamics compared to “Evil Dead Rise,” and the film’s climax, a hash of close camera setups.

David Rooney, The Hollywood Reporter - Even if it’s overlong, this is remarkably sustained lurid entertainment that offers a fresh take on the mummy myth.

Linda Marric, HeyUGuys **4/5** \- The nods to its influences can feel a little on-the-nose, but there's enough that's genuinely its own here.

Taylor Williams, Slant Magazine **1.5/4** \- In lieu of any competently developed drama, we get a blitzkrieg of scares and gooey body horror that can best be described as arbitrary.

**SYNOPSIS:**

Hot off the record-setting resurrection of EVIL DEAD RISE, writer/director Lee Cronin turns to one of the most iconic horror stories of all time with an audacious and twisted retelling: LEE CRONIN’S THE MUMMY.

The young daughter of a journalist disappears into the desert without a trace—eight years later, the broken family is shocked when she is returned to them, as what should be a joyful reunion turns into a living nightmare.

**CAST:**

* Jack Reynor as Charlie Cannon
* Laia Costa as Larissa Cannon
* May Calamawy as Detective Dalia Zaki
* Natalie Grace as Katie Cannon
* Veronica Falcón as Carmen Santiago

**DIRECTED BY:** Lee Cronin

**SCREENPLAY BY:** Lee Cronin

**PRODUCED BY:** James Wan, Jason Blum, John Keville

**EXECUTIVE PRODUCERS:** Michael Clear, Judson Scott, Macdara Kelleher, Lee Cronin

**DIRECTOR OF PHOTOGRAPHY:** Dave Garbett

**PRODUCTION DESIGNER:** Nick Bassett

**EDITED BY:** Bryan Shaw

**COSTUME DESIGNER:** Joanna Eatwell

**MUSIC BY:** Stephen McKeon

**CASTING BY:** Terri Taylor, Sarah Domeier Lindo

**RUNTIME:** 133 Minutes

**RELEASE DATE:** April 17, 2026",255,226,1776344408.0,runway magazine film,nyc_premiere,2026-04-16,"'Lee Cronin's The Mummy' Review Thread I will continue to update this post as reviews come in.

[**Rotten Tomatoes:**](https://www.rottentomatoes.com/m/lee_cronins_the_mummy) Rotten

**Critics Consensus:** Director Lee Cronin's take on *The Mummy* injects some juicy gore and personal stakes into the classic horror setup, but the scares in this gross-out extravaganza get entombed by a padded running time.

|Critics|Score|**Number of Reviews**|Average Rating (Unofficial)|
|:-|:-|:-|:-|
|**All Critics**|46%|129|5.60/10|
|**Top Critics**|32%|31||

[**Metacritic:**](https://www.metacritic.com/movie/lee-cronins-the-mummy/) 46 (34 Reviews)

**Sample Reviews:**

Johnny Oleksinski, New York Post **1.5/4** \- The director mostly reshapes what a mummy actually is to suit his lackluster whims.

Alison Willmore, New York Magazine/Vulture - ...maybe The Mummy just isn’t very inspired.

Joshua Rothkopf, Los Angeles Times - All these moments are good for audience groans and there’s an enjoyable bad movie here for the seizing.

Peter Travers, The Travers Take **1.5/4** \- Entitled director Lee Cronin makes two hours of borrowed horror inspiration—The Exorcist should sue— feel like an eternity. Go to Full Review Profile Avatar Icon Brian Tallerico [RogerEbert.com](http://RogerEbert.com) · 11h Rotten score. 2/4 You’ll definitely squirm, but mostly out of boredom.

Perri Nemiroff, Perri Nemiroff (YouTube) **2/5** \- Lee Cronin is still a certified master at crafting stunning gore, but an implausible plot point nearly extinguishes all of the film's fear factor.

Dan Jolin, Empire Magazine **3/5** \- Domestic chills, body horror, paranormal scares and gore-drenched action combine in a very distinct but rather uneven — and at times contentious — take on a classic monster icon.

Kyle Smith, Wall Street Journal - It is advisable not to see the movie immediately after a meal. Or, really, ever.

Rafer Guzman, Newsday **2.5/4** \- A gnarly new twist on a dormant franchise.

Scott Tobias, The Reveal **2.5/5** \- None of this is to say that Cronin is a poor craftsman or an outright hack, but you would only know The Mummy is his because his name is part of the branding.

Radheyan Simonpillai, Globe and Mail - We didn’t even need ""mummy"" in the title, since Cronin’s version really made a mess of an Exorcist movie that also crams in bits from Don’t Look Now, Hereditary and The Evil Dead.

Robbie Collin, Daily Telegraph (UK) **4/5** \- The squeamish are advised to look out for some repulsive business with toenails: if that’s as much as you can take, it’s time to leave.

Peter Howell, Toronto Star **2/4** \- “The Mummy” has been rebooted so many times the monster itself must feel the weariness of the undead. Cronin gives the creature fresh bandages, but the filmmaker’s status as a cinema icon remains unproven.

Benjamin Lee, Guardian **2/5** \- Cronin, an Irish film-maker who has made just two films to date, is an undeniable visual talent but his Mummy is also absurdly, watch-checkingly overlong, tonally unsure and, fatally, not all that scary.

Alonso Duralde, The Film Verdict - Cronin is never not going for effect here, but the onslaught of cracking bones, skin peeling, and teeth removal gets tiresome fast, as the movie figuratively asks the audience, ""Am I freaking you out?"" every 30 seconds.

William Bibbiani, TheWrap - Cronin has an uncanny knack for human mutilation, which would probably be a bad thing in any other context, but if you’re making gross-out horror movies, it’s practically a requirement.

Katie Rife, Inverse - Across those three films Cronin has developed enough gruesome signatures that an adjective — Croninesque, maybe? — may yet be in his future, particularly if he keeps reinventing classic movie monsters in his own style like he does here.

Donald Clarke, Irish Times **4/5** \- A blast for those who like their horror propulsive, transgressive and (in a good way) nauseating. Cronin and his team haven’t quite solved the age-old problem of what to do with the Mummy, but they have confirmed that it remains a dilemma worth tackling.

Simon Abrams, AV Club **C-** \- A good cover band can really hit the spot, but not when the band’s only mastered one emotional register and keeps playing that way for a longer-than-average set.

David Ehrlich, IndieWire **C-** \- Everything Katie does has to be deniable enough for her parents to roll with it, a story choice that defangs Cronin’s ability to let loose. The jolts are muted, the setpieces are drab, and the gore is all too literally kept under wraps.

Kevin Maher, The Times (UK) **2/5** \- It looks great, and Cronin is a gifted stylist. But, as with his debut The Hole in the Ground, there’s too much slavish imitation and homage here.

Tim Grierson, Screen International - Lee Cronin knows how to construct suspense sequences and ramp up tension... But the film’s ambitious scope is betrayed by derivative genre ideas that make this tale of the dead disappointingly listless.

Larushka Ivan-Zadeh, [metro.co.uk](http://metro.co.uk) **3/5** \- In fact ‘The Daughter’ would be a more accurate title. And it’s this claustrophobic family angle that proves most successful.

Meagan Navarro, Bloody Disgusting **2/5** \- Cronin’s latest is less a reinvention of the Mummy and more a standard possession horror movie with a slight Egyptian twist.

David Jenkins, Little White Lies **2/5** \- This rejection of basic authenticity just makes it extremely hard to care what happens to these characters, and it’s a film that ends up going through the spooky motions, albeit with sound effects turned up to eleven.

Mark Kennedy, Associated Press **0.5/4** \- In publicity material for the movie, Cronin reveals that he made his movie after realizing there hasn’t been a truly terrifying version made of “The Mummy.” He’s right. Even after his own offering.

Guy Lodge, Variety - Brashly violent, clattery and pleasingly untied to any direct predecessor, the result is more generic than its braggy auteur claims might promise, but there’s a lot here for gorehounds to feast on.

Nicolas Rapold, New York Times - Too bad about the one-liners that make fun sequences feel generic, the weaker family dynamics compared to “Evil Dead Rise,” and the film’s climax, a hash of close camera setups.

David Rooney, The Hollywood Reporter - Even if it’s overlong, this is remarkably sustained lurid entertainment that offers a fresh take on the mummy myth.

Linda Marric, HeyUGuys **4/5** \- The nods to its influences can feel a little on-the-nose, but there's enough that's genuinely its own here.

Taylor Williams, Slant Magazine **1.5/4** \- In lieu of any competently developed drama, we get a blitzkrieg of scares and gooey body horror that can best be described as arbitrary.

**SYNOPSIS:**

Hot off the record-setting resurrection of EVIL DEAD RISE, writer/director Lee Cronin turns to one of the most iconic horror stories of all time with an audacious and twisted retelling: LEE CRONIN’S THE MUMMY.

The young daughter of a journalist disappears into the desert without a trace—eight years later, the broken family is shocked when she is returned to them, as what should be a joyful reunion turns into a living nightmare.

**CAST:**

* Jack Reynor as Charlie Cannon
* Laia Costa as Larissa Cannon
* May Calamawy as Detective Dalia Zaki
* Natalie Grace as Katie Cannon
* Veronica Falcón as Carmen Santiago

**DIRECTED BY:** Lee Cronin

**SCREENPLAY BY:** Lee Cronin

**PRODUCED BY:** James Wan, Jason Blum, John Keville

**EXECUTIVE PRODUCERS:** Michael Clear, Judson Scott, Macdara Kelleher, Lee Cronin

**DIRECTOR OF PHOTOGRAPHY:** Dave Garbett

**PRODUCTION DESIGNER:** Nick Bassett

**EDITED BY:** Bryan Shaw

**COSTUME DESIGNER:** Joanna Eatwell

**MUSIC BY:** Stephen McKeon

**CASTING BY:** Terri Taylor, Sarah Domeier Lindo

**RUNTIME:** 133 Minutes

**RELEASE DATE:** April 17, 2026"
1sm4kk9,boxoffice,'The Christophers' Review Thread,"I will continue to update this post as reviews come in.

[**Rotten Tomatoes:**](https://www.rottentomatoes.com/m/the_christophers) Certified Fresh

**Critics Consensus:** A sly caper carried off with director Steven Soderbergh's characteristic panache, *The Christophers* is a superb two-hander featuring Ian McKellen and Michaela Coel at their very best.

|Critics|Score|**Number of Reviews**|Average Rating (Unofficial)|
|:-|:-|:-|:-|
|**All Critics**|97%|96|7.80/10|
|**Top Critics**|100%|33||

[**Metacritic:**](https://www.metacritic.com/movie/the-christophers/) 80 (33 Reviews)

**Sample Reviews:**

Adam Graham, Detroit News **A-** \- Soderbergh, who continues to be our most prolific and unpredictable filmmaker, digs his fingers into this character study with typical curiosity and confidence.

Nell Minow, Movie Mom **A-** \- The verbal parrying is pure delight, smart and sharp. It reflects a very deep understanding of the world of art, the people who create it and the complexities of maneuvering the world of critics, gallery owners, and wealthy collectors.

David Fear, Rolling Stone - Had The Christophers just been a cross-generational punch-up, the sort of flinty showdown designed to throw off pleasurable sparks, you’d still walk away content. It remains a conduit for two of the best performances you’ll see all year.

Mick LaSalle, San Francisco Chronicle **3/5** \- The film feels very directed, the product of a single vision pushing things along. Yet at the same time, it feels relaxed, confident and open to sudden inspiration.

Kimberley Jones, Austin Chronicle **4/5** \- Go see this with somebody who likes to linger in the lobby afterward and chew over a movie. The Christophers delivers a full meal.

Randy Myers, San Jose Mercury News **3.5/4** \- It’s a bristling portrait composed of small, strategic brushtrokes.

Barry Hertz, Globe and Mail - The Christophers finds director Steven Soderbergh continuing his insatiable journey of cinematic exploration, and seemingly having the time of his life.

David Sims, The Atlantic - The Christophers doesn’t waste an ounce of its limited resources; the director always knows exactly how to keep the viewer on the hook while allowing the story’s emotions room to breathe.

Bob Mondello, NPR - A film that could have settled for being a masterclass in technique, but instead goes deeper, exploring questions of artistry, authorship, legacy.

Thelma Adams, AARP Movies for Grownups **4/5** \- Largely an entertainingly witty two-hander between McKellen and Coel, the film still delivers emotional payoff.

Stephanie Zacharek, TIME Magazine - The Christophers is a wily little movie. It’s not trying to be about anything, which means it somehow ends up being about lots of things.

Scott Tobias, The Reveal **4/5** \- Hums with the tension of two crafty characters trying to outmaneuver each other but develops into a work of genuine emotional depth.

Kyle Smith, Wall Street Journal - Mr. McKellen delivers yet another marvelous late-career highlight. Intimidating and brilliant, his Julian Sklar is by turns amusingly viperish and not quite successful at concealing the softness of age.

Peter Travers, The Travers Take **3.5/4** \- An electrifying Ian McKellen hits a new career peak and takes an early shot at Oscar in Steven Soderbergh’s unmissable tale of an artist and his forger, played by the brilliant Michaela Coel.

Alison Willmore, New York Magazine/Vulture - For all the undercurrents about fame, commodification, and reputation that flow through The Christophers, at its core is a more plaintive lament about what it feels like to love something that doesn’t love you back.

Amy Nicholson, Los Angeles Times - Out of magnanimity, I’ll liken this trifle to a Rothko. The more I think about ""The Christophers,"" the more I imagine it has interesting layers. But I won’t fault anyone who just sees a simple square.

Alissa Wilkinson, New York Times - I have rarely enjoyed watching two actors’ rapport the way I loved watching McKellen and Coel; it could have gone on forever and not been long enough.

Matt Zoller Seitz, [RogerEbert.com](http://RogerEbert.com) **3/4** \- Simple pleasures like these are why movies were created.

Elizabeth Weitzman, Time Out **4/5** \- The best thing about The Christophers may be the fact that it exists at all. At a time when any good news is welcome, Steven Soderbergh has reminded us that, yes, old-school artistry is still valued and viable.

Justin Chang, The New Yorker - “The Christophers” is a work of criticism that deftly distinguishes different approaches to criticism.

Matt Singer, ScreenCrush **8/10** \- The film becomes far richer than a simple crime story.

Seth Katz, Slant Magazine **3/4** \- The film brims with hilarious dialogue, lightly satirical observations of a culture that treats art as a commodity, and satisfying payoffs to a number of story elements planted early on.

Melissa Anderson, 4Columns - With his Lear-like dudgeon, McKellen clearly relishes the outrageous lines written for him. Coel, a model of Gen Y impatience with geezer entitlement, nicely demonstrates the fortitude required to repel such gale-force verbiage.

Ty Burr, Ty Burr's Watch List (Substack) **3.5/4** \- The Christophers is a charming and challenging tennis match between two opposing acting styles, one of them confident with the certainty of youth and the other with the mastery of old age.

Chase Hutchinson, TheWrap - In the end, this film about artists becomes a work of art in its own right. The more you look at it, the more its many components reveal themselves to you.

Brian Tallerico, [RogerEbert.com](http://RogerEbert.com) \- What works best about 'The Christophers' is embedded in the performances and characters played by McKellen and Coel, coming at each other with entirely different temperatures.

Robert Daniels, Screen International - In a test of wits and wills held mostly in a single-setting, Soderbergh pushes both characters to return to their former passions through philosophical conversations that reflect his own career.

David Ehrlich, IndieWire **B** \- I never would have guessed that the answer to Soderbergh’s listlessness might be an 86-year-old man, but Ian McKellen is so full of vim and vigor in “The Christophers” that he threatens to revitalize his director by osmosis.

David Rooney, The Hollywood Reporter - Few are going to rate The Christophers as top-tier Soderbergh, but it bats about ideas pertaining to art, commerce, ownership and legacy with dexterous aplomb and boasts two equally superb leads who make the material crackle. 

Benjamin Lee, Guardian **4/5** \- It’s another exhilarating late career opportunity for McKellen to really bare teeth, following on from The Good Liar and The Critic, but this time he has a script that’s actually able to match him.

Mark Asch, Little White Lies - McKellen makes a feast of a verbose and expansive part, holding forth with a Lear bass rumble catching on wet lungs.

Peter Debruge, Variety - A crackling original drama about artistic legacy in all its facets.

Nick Schager, The Daily Beast - With Ian McKellen in superbly crotchety form and Michaela Coel exuding chilly cunning, it’s further proof that Soderbergh remains one of American cinema’s most inimitable, and adventurous, auteurs.

**SYNOPSIS:**

A mainstay of the London art scene since his starry breakout in the creative explosion of the 1960’s, Julian Sklar (Ian McKellen) has drifted into a cluttered, self-imposed seclusion. His two estranged children (James Corden, Jessica Gunning) enlist Lori (Michaela Coel), a young painter and sometime-forger, to pose as a prospective assistant and gain access to a fabled series of unfinished canvases Julian has buried deep in his home studio, in a deceptive bid to secure an inheritance for themselves.

**CAST:**

* Ian McKellen as Julian Sklar
* Michaela Coel as Lori Butler
* James Corden as Barnaby Sklar
* Jessica Gunning as Sallie Sklar

**DIRECTED BY:** Steven Soderbergh

**SCREENPLAY BY:** Ed Solomon

**PRODUCED BY:** Iain A. Canning, Jim Parks

**EXECUTIVE PRODUCERS:** Michael Schaefer, Mike Larocca, Corey Bayes

**DIRECTOR OF PHOTOGRAPHY:** Peter Andrews

**PRODUCTION DESIGNER:** Antonia Lowe

**EDITED BY:** Mary Ann Bernard

**COSTUME DESIGNER:** Eleanor Baker

**MUSIC BY:** David Holmes

**CASTING BY:** Carmen Cuba

**RUNTIME:** 100 Minutes

**RELEASE DATE:** April 10, 2026 (Limited) / April 17, 2026 (Expansion)",96,24,1776255902.0,runway magazine film,nyc_premiere,2026-04-15,"'The Christophers' Review Thread I will continue to update this post as reviews come in.

[**Rotten Tomatoes:**](https://www.rottentomatoes.com/m/the_christophers) Certified Fresh

**Critics Consensus:** A sly caper carried off with director Steven Soderbergh's characteristic panache, *The Christophers* is a superb two-hander featuring Ian McKellen and Michaela Coel at their very best.

|Critics|Score|**Number of Reviews**|Average Rating (Unofficial)|
|:-|:-|:-|:-|
|**All Critics**|97%|96|7.80/10|
|**Top Critics**|100%|33||

[**Metacritic:**](https://www.metacritic.com/movie/the-christophers/) 80 (33 Reviews)

**Sample Reviews:**

Adam Graham, Detroit News **A-** \- Soderbergh, who continues to be our most prolific and unpredictable filmmaker, digs his fingers into this character study with typical curiosity and confidence.

Nell Minow, Movie Mom **A-** \- The verbal parrying is pure delight, smart and sharp. It reflects a very deep understanding of the world of art, the people who create it and the complexities of maneuvering the world of critics, gallery owners, and wealthy collectors.

David Fear, Rolling Stone - Had The Christophers just been a cross-generational punch-up, the sort of flinty showdown designed to throw off pleasurable sparks, you’d still walk away content. It remains a conduit for two of the best performances you’ll see all year.

Mick LaSalle, San Francisco Chronicle **3/5** \- The film feels very directed, the product of a single vision pushing things along. Yet at the same time, it feels relaxed, confident and open to sudden inspiration.

Kimberley Jones, Austin Chronicle **4/5** \- Go see this with somebody who likes to linger in the lobby afterward and chew over a movie. The Christophers delivers a full meal.

Randy Myers, San Jose Mercury News **3.5/4** \- It’s a bristling portrait composed of small, strategic brushtrokes.

Barry Hertz, Globe and Mail - The Christophers finds director Steven Soderbergh continuing his insatiable journey of cinematic exploration, and seemingly having the time of his life.

David Sims, The Atlantic - The Christophers doesn’t waste an ounce of its limited resources; the director always knows exactly how to keep the viewer on the hook while allowing the story’s emotions room to breathe.

Bob Mondello, NPR - A film that could have settled for being a masterclass in technique, but instead goes deeper, exploring questions of artistry, authorship, legacy.

Thelma Adams, AARP Movies for Grownups **4/5** \- Largely an entertainingly witty two-hander between McKellen and Coel, the film still delivers emotional payoff.

Stephanie Zacharek, TIME Magazine - The Christophers is a wily little movie. It’s not trying to be about anything, which means it somehow ends up being about lots of things.

Scott Tobias, The Reveal **4/5** \- Hums with the tension of two crafty characters trying to outmaneuver each other but develops into a work of genuine emotional depth.

Kyle Smith, Wall Street Journal - Mr. McKellen delivers yet another marvelous late-career highlight. Intimidating and brilliant, his Julian Sklar is by turns amusingly viperish and not quite successful at concealing the softness of age.

Peter Travers, The Travers Take **3.5/4** \- An electrifying Ian McKellen hits a new career peak and takes an early shot at Oscar in Steven Soderbergh’s unmissable tale of an artist and his forger, played by the brilliant Michaela Coel.

Alison Willmore, New York Magazine/Vulture - For all the undercurrents about fame, commodification, and reputation that flow through The Christophers, at its core is a more plaintive lament about what it feels like to love something that doesn’t love you back.

Amy Nicholson, Los Angeles Times - Out of magnanimity, I’ll liken this trifle to a Rothko. The more I think about ""The Christophers,"" the more I imagine it has interesting layers. But I won’t fault anyone who just sees a simple square.

Alissa Wilkinson, New York Times - I have rarely enjoyed watching two actors’ rapport the way I loved watching McKellen and Coel; it could have gone on forever and not been long enough.

Matt Zoller Seitz, [RogerEbert.com](http://RogerEbert.com) **3/4** \- Simple pleasures like these are why movies were created.

Elizabeth Weitzman, Time Out **4/5** \- The best thing about The Christophers may be the fact that it exists at all. At a time when any good news is welcome, Steven Soderbergh has reminded us that, yes, old-school artistry is still valued and viable.

Justin Chang, The New Yorker - “The Christophers” is a work of criticism that deftly distinguishes different approaches to criticism.

Matt Singer, ScreenCrush **8/10** \- The film becomes far richer than a simple crime story.

Seth Katz, Slant Magazine **3/4** \- The film brims with hilarious dialogue, lightly satirical observations of a culture that treats art as a commodity, and satisfying payoffs to a number of story elements planted early on.

Melissa Anderson, 4Columns - With his Lear-like dudgeon, McKellen clearly relishes the outrageous lines written for him. Coel, a model of Gen Y impatience with geezer entitlement, nicely demonstrates the fortitude required to repel such gale-force verbiage.

Ty Burr, Ty Burr's Watch List (Substack) **3.5/4** \- The Christophers is a charming and challenging tennis match between two opposing acting styles, one of them confident with the certainty of youth and the other with the mastery of old age.

Chase Hutchinson, TheWrap - In the end, this film about artists becomes a work of art in its own right. The more you look at it, the more its many components reveal themselves to you.

Brian Tallerico, [RogerEbert.com](http://RogerEbert.com) \- What works best about 'The Christophers' is embedded in the performances and characters played by McKellen and Coel, coming at each other with entirely different temperatures.

Robert Daniels, Screen International - In a test of wits and wills held mostly in a single-setting, Soderbergh pushes both characters to return to their former passions through philosophical conversations that reflect his own career.

David Ehrlich, IndieWire **B** \- I never would have guessed that the answer to Soderbergh’s listlessness might be an 86-year-old man, but Ian McKellen is so full of vim and vigor in “The Christophers” that he threatens to revitalize his director by osmosis.

David Rooney, The Hollywood Reporter - Few are going to rate The Christophers as top-tier Soderbergh, but it bats about ideas pertaining to art, commerce, ownership and legacy with dexterous aplomb and boasts two equally superb leads who make the material crackle. 

Benjamin Lee, Guardian **4/5** \- It’s another exhilarating late career opportunity for McKellen to really bare teeth, following on from The Good Liar and The Critic, but this time he has a script that’s actually able to match him.

Mark Asch, Little White Lies - McKellen makes a feast of a verbose and expansive part, holding forth with a Lear bass rumble catching on wet lungs.

Peter Debruge, Variety - A crackling original drama about artistic legacy in all its facets.

Nick Schager, The Daily Beast - With Ian McKellen in superbly crotchety form and Michaela Coel exuding chilly cunning, it’s further proof that Soderbergh remains one of American cinema’s most inimitable, and adventurous, auteurs.

**SYNOPSIS:**

A mainstay of the London art scene since his starry breakout in the creative explosion of the 1960’s, Julian Sklar (Ian McKellen) has drifted into a cluttered, self-imposed seclusion. His two estranged children (James Corden, Jessica Gunning) enlist Lori (Michaela Coel), a young painter and sometime-forger, to pose as a prospective assistant and gain access to a fabled series of unfinished canvases Julian has buried deep in his home studio, in a deceptive bid to secure an inheritance for themselves.

**CAST:**

* Ian McKellen as Julian Sklar
* Michaela Coel as Lori Butler
* James Corden as Barnaby Sklar
* Jessica Gunning as Sallie Sklar

**DIRECTED BY:** Steven Soderbergh

**SCREENPLAY BY:** Ed Solomon

**PRODUCED BY:** Iain A. Canning, Jim Parks

**EXECUTIVE PRODUCERS:** Michael Schaefer, Mike Larocca, Corey Bayes

**DIRECTOR OF PHOTOGRAPHY:** Peter Andrews

**PRODUCTION DESIGNER:** Antonia Lowe

**EDITED BY:** Mary Ann Bernard

**COSTUME DESIGNER:** Eleanor Baker

**MUSIC BY:** David Holmes

**CASTING BY:** Carmen Cuba

**RUNTIME:** 100 Minutes

**RELEASE DATE:** April 10, 2026 (Limited) / April 17, 2026 (Expansion)"
1sl81bt,boxoffice,'Mother Mary' Review Thread,"I will continue to update this post as reviews come in.

[**Rotten Tomatoes:**](https://www.rottentomatoes.com/m/mother_mary) Fresh

**Critics Consensus:** N/A

|Critics|Score|**Number of Reviews**|Average Rating (Unofficial)|
|:-|:-|:-|:-|
|**All Critics**|71%|49|6.70/10|
|**Top Critics**|47%|17||

[**Metacritic:**](https://www.metacritic.com/movie/mother-mary/) 56 (25 Reviews)

**Sample Reviews:**

Katie Walsh, Tribune News Service **2/4** \- Her new single might be called ""Spooky Action"" but despite a few gory moments, there’s not much spooky action to be found in the film as a whole. 

Peter Travers, The Travers Take **2.5/4** \- Anne Hathaway and Michaela Coel are dynamite in a pop rock opera from director David Lowery that wins points for visuals and suffers from a terminal case of grandiosity

Dana Stevens, Slate - The painfully literal ending struck me as a somewhat risible disappointment, and though I admired the movie’s imagination and ambition, I can’t say I ever entered wholeheartedly into its story.

Manohla Dargis, New York Times - The downer here is that Lowery doesn’t seem to know what to do with his stars, performers who are never better than when they’re just doing what they do best — you know, acting.

Stephanie Zacharek, TIME Magazine - It works hard to impress us with its slinky weirdness, which isn’t the same as simply being weird. Sometimes a dress is just a dress, no matter how hard a filmmaker tries to write it into being.

Kristen Lopez, Fangoria - Mother Mary is David Lowery’s most ambitious movie, though it’s up for debate about whether it’s his best. The beauty, style, and confidence of its heroines, coupled with a script packed with breathtaking dialogue works so well.

Owen Myers, Guardian **2/5** \- If only Lowery’s po-faced film had any of the knowingness that could elevate its hodgepodge of ideas into a cult classic. It’s ironic, given that it is a film about a dress.

Brian Tallerico, [RogerEbert.com](http://RogerEbert.com) **3/4** \- It is another story about the intersection of fame and art, but it’s not like one you’ve seen before, a two-hander that owes as much to ‘The Exorcist' as it does to Lady Gaga.

Nick Schager, The Daily Beast - A deep dive into a pool of pretentiousness whose absurdity mounts with each new quasi-supernatural—and heavily symbolic—development.

David Ehrlich, IndieWire **A-** \- It’s all rather vague and uncertain, like the contours of a rotting old friendship; the movie’s surfaces are as simple as the lyrics of a pop song, and its depths as rich and boundless as the feelings that same pop song might summon.

Jake Coyle, Associated Press **2.5/4** \- As the movie grows more abstract, it loses momentum. But an impassioned melodrama and a curiously sincere belief in the transformative power of pop music wrap “Mother Mary” in a gothic garb all its own.

Alison Willmore, New York Magazine/Vulture - It’s when they’re meant to seem like real people that Mother Mary stumbles. ... And even then, Lowery is too compelling a stylist and has too earnest a heart for what he’s made to be easily shrugged off.

David Fear, Rolling Stone - ""Weird"" is such a dismissive adjective for things that people don’t readily understand... But \[David Lowery\] has taken the most accessible subject imaginable and made something wonderfully,

David Rooney, The Hollywood Reporter - Despite reams of dialogue that tends to be enigmatic if not downright opaque, the gothic melodrama is stretched too thin to have much grip.

Owen Gleiberman, Variety - This is the David Lowery-est David Lowery movie ever made. Which is to say that by the end of it, you may be scratching your head to the point of wanting your money back.

William Bibbiani, TheWrap - We’re watching extremely talented artists try to accomplish something grand and potentially embarrass themselves in the process, and it works because they’re committed to taking that risk.

Rocco T. Thompson, Slant Magazine **3/4** \- The film is a boldly theatrical pop exorcism where the wounds of the past serve as a gateway to forces that can consume or lift the possessed to ecstatic new levels of self-expression.

**SYNOPSIS:**

Long-buried wounds rise to the surface when iconic pop star Mother Mary (Anne Hathaway) reunites with her estranged best friend and former costume designer Sam Anselm (Michaela Coel) on the eve of her comeback performance.

**CAST:**

* Anne Hathaway as Mother Mary
* Michaela Coel as Sam Anselm
* Hunter Schafer as Hilda
* Atheena Frizzell as Emily
* Kaia Gerber as Nikki
* Jessica Brown Findlay as Tessa
* Alba Baptista as Miel Contrera
* Isaura Barbé-Brown as Kyla
* Sian Clifford as Jade
* FKA Twigs as Imogen

**DIRECTED BY:** David Lowery

**SCREENPLAY BY:** David Lowery

**PRODUCED BY:** Toby Halbrooks, Jeanie Igoe, James M. Johnston, David Lowery, Jonas Katzenstein, Maximilian Leo, Jonathan Saubach

**EXECUTIVE PRODUCERS:** Timo Argillander, Len Blavatnik, Michael Bloom, Danny Cohen, Ryan Heller, Philipp Klausing, Carlotta Löffelholz, Rusta Mizani, Andrea Scarso, Simon Stein, Ian Stratford

**DIRECTOR OF PHOTOGRAPHY:** Andrew Droz Palermo, Rina Yang

**PRODUCTION DESIGNER:** Francesca Di Mottola

**EDITED BY:**

**COSTUME DESIGNER:** Bina Daigeler

**MUSIC BY:** Daniel Hart

**CASTING BY:** Áine O'Sullivan

**RUNTIME:** 110 Minutes

**RELEASE DATE:** April 17, 2026 (Limited); April 24, 2026 (Wide)",139,55,1776171658.0,runway magazine film,nyc_premiere,2026-04-14,"'Mother Mary' Review Thread I will continue to update this post as reviews come in.

[**Rotten Tomatoes:**](https://www.rottentomatoes.com/m/mother_mary) Fresh

**Critics Consensus:** N/A

|Critics|Score|**Number of Reviews**|Average Rating (Unofficial)|
|:-|:-|:-|:-|
|**All Critics**|71%|49|6.70/10|
|**Top Critics**|47%|17||

[**Metacritic:**](https://www.metacritic.com/movie/mother-mary/) 56 (25 Reviews)

**Sample Reviews:**

Katie Walsh, Tribune News Service **2/4** \- Her new single might be called ""Spooky Action"" but despite a few gory moments, there’s not much spooky action to be found in the film as a whole. 

Peter Travers, The Travers Take **2.5/4** \- Anne Hathaway and Michaela Coel are dynamite in a pop rock opera from director David Lowery that wins points for visuals and suffers from a terminal case of grandiosity

Dana Stevens, Slate - The painfully literal ending struck me as a somewhat risible disappointment, and though I admired the movie’s imagination and ambition, I can’t say I ever entered wholeheartedly into its story.

Manohla Dargis, New York Times - The downer here is that Lowery doesn’t seem to know what to do with his stars, performers who are never better than when they’re just doing what they do best — you know, acting.

Stephanie Zacharek, TIME Magazine - It works hard to impress us with its slinky weirdness, which isn’t the same as simply being weird. Sometimes a dress is just a dress, no matter how hard a filmmaker tries to write it into being.

Kristen Lopez, Fangoria - Mother Mary is David Lowery’s most ambitious movie, though it’s up for debate about whether it’s his best. The beauty, style, and confidence of its heroines, coupled with a script packed with breathtaking dialogue works so well.

Owen Myers, Guardian **2/5** \- If only Lowery’s po-faced film had any of the knowingness that could elevate its hodgepodge of ideas into a cult classic. It’s ironic, given that it is a film about a dress.

Brian Tallerico, [RogerEbert.com](http://RogerEbert.com) **3/4** \- It is another story about the intersection of fame and art, but it’s not like one you’ve seen before, a two-hander that owes as much to ‘The Exorcist' as it does to Lady Gaga.

Nick Schager, The Daily Beast - A deep dive into a pool of pretentiousness whose absurdity mounts with each new quasi-supernatural—and heavily symbolic—development.

David Ehrlich, IndieWire **A-** \- It’s all rather vague and uncertain, like the contours of a rotting old friendship; the movie’s surfaces are as simple as the lyrics of a pop song, and its depths as rich and boundless as the feelings that same pop song might summon.

Jake Coyle, Associated Press **2.5/4** \- As the movie grows more abstract, it loses momentum. But an impassioned melodrama and a curiously sincere belief in the transformative power of pop music wrap “Mother Mary” in a gothic garb all its own.

Alison Willmore, New York Magazine/Vulture - It’s when they’re meant to seem like real people that Mother Mary stumbles. ... And even then, Lowery is too compelling a stylist and has too earnest a heart for what he’s made to be easily shrugged off.

David Fear, Rolling Stone - ""Weird"" is such a dismissive adjective for things that people don’t readily understand... But \[David Lowery\] has taken the most accessible subject imaginable and made something wonderfully,

David Rooney, The Hollywood Reporter - Despite reams of dialogue that tends to be enigmatic if not downright opaque, the gothic melodrama is stretched too thin to have much grip.

Owen Gleiberman, Variety - This is the David Lowery-est David Lowery movie ever made. Which is to say that by the end of it, you may be scratching your head to the point of wanting your money back.

William Bibbiani, TheWrap - We’re watching extremely talented artists try to accomplish something grand and potentially embarrass themselves in the process, and it works because they’re committed to taking that risk.

Rocco T. Thompson, Slant Magazine **3/4** \- The film is a boldly theatrical pop exorcism where the wounds of the past serve as a gateway to forces that can consume or lift the possessed to ecstatic new levels of self-expression.

**SYNOPSIS:**

Long-buried wounds rise to the surface when iconic pop star Mother Mary (Anne Hathaway) reunites with her estranged best friend and former costume designer Sam Anselm (Michaela Coel) on the eve of her comeback performance.

**CAST:**

* Anne Hathaway as Mother Mary
* Michaela Coel as Sam Anselm
* Hunter Schafer as Hilda
* Atheena Frizzell as Emily
* Kaia Gerber as Nikki
* Jessica Brown Findlay as Tessa
* Alba Baptista as Miel Contrera
* Isaura Barbé-Brown as Kyla
* Sian Clifford as Jade
* FKA Twigs as Imogen

**DIRECTED BY:** David Lowery

**SCREENPLAY BY:** David Lowery

**PRODUCED BY:** Toby Halbrooks, Jeanie Igoe, James M. Johnston, David Lowery, Jonas Katzenstein, Maximilian Leo, Jonathan Saubach

**EXECUTIVE PRODUCERS:** Timo Argillander, Len Blavatnik, Michael Bloom, Danny Cohen, Ryan Heller, Philipp Klausing, Carlotta Löffelholz, Rusta Mizani, Andrea Scarso, Simon Stein, Ian Stratford

**DIRECTOR OF PHOTOGRAPHY:** Andrew Droz Palermo, Rina Yang

**PRODUCTION DESIGNER:** Francesca Di Mottola

**EDITED BY:**

**COSTUME DESIGNER:** Bina Daigeler

**MUSIC BY:** Daniel Hart

**CASTING BY:** Áine O'Sullivan

**RUNTIME:** 110 Minutes

**RELEASE DATE:** April 17, 2026 (Limited); April 24, 2026 (Wide)"
1sl78y0,boxoffice,'Normal' Review Thread,"I will continue to update this post as reviews come in.

[**Rotten Tomatoes:**](https://www.rottentomatoes.com/m/normal_2025) Certified Fresh

**Critics Consensus:** *Normal* thrives on Bob Odenkirk's gruff yet playful presence and director Ben Wheatley's over-the-top carnage, delivering simple, ridiculous, and consistently entertaining thrills despite its familiar premise.

|Critics|Score|**Number of Reviews**|Average Rating (Unofficial)|
|:-|:-|:-|:-|
|**All Critics**|77%|105|6.30/10|
|**Top Critics**|65%|20||

[**Metacritic:**](https://www.metacritic.com/movie/normal/) 62 (23 Reviews)

**Sample Reviews:**

Katie Walsh, Tribune News Service **2/4** \- The thing about overtly referencing a film as funny and deft as ""Fargo"" is that it’s only going to make us think about ""Fargo,"" so your film better be just as good — or at least come close. Alas, ""Normal"" does not. 

Peter Travers, The Travers Take **3/4** \- For all the mirth and mayhem, Bob Odenkirk and his merry pranksters are exposing how violence is wired into the American character. 

Glenn Kenny, [RogerEbert.com](http://RogerEbert.com) **3/4** \- The violence is pretty graphic, and some of it is played for laughs, which would be distasteful if the laughs didn’t actually land. Oh well. Sometimes you enjoy a movie, and you don’t feel good about it in the morning.

G. Allen Johnson, San Francisco Chronicle **3/4** \- To paraphrase Homer: Liam Neeson, eat your heart out.

Mark Feeney, Boston Globe **2.5/4** \- The extended reveal of the abnormality wastes much of what was good about the first half of the movie. More generally, it drowns the movie in -- you guess it -- ketchup.

Adam Nayman, Toronto Star **3/4** \- What Wheatley brings to the party is twofold: a sturdy technician’s sense of space and pace and a ruthless, mean-spirited sense of humour.

Jake Coyle, Associated Press **2.5/4** \- Many of its twists aren’t hard to see coming, and the movie sometimes lacks the scale needed for a sprawling battle. But a mustachioed Odenkirk with a shotgun is, by most metrics, more than enough firepower for any movie.

Jeannette Catsoulis, New York Times - Normal navigates its cartoonish excesses with expected competence.

Bilge Ebiri, New York Magazine/Vulture - Maybe the meaninglessness is the point. I was never bored by Normal, but I’d also be lying if I said I was ever excited by it.

Keith Phipps, The Reveal - It’s more wearying than shocking, but not fatally so thanks to a brisk pace, a willingness to shift gears with little warning, and, again, Odenkirk’s humane performance.

Randy Myers, San Jose Mercury News **3/4** \- ... a nonstop neo-Western action film as Ulysses, played with the right amount of drollness by Odenkirk, goes out on a call about a bank robbery that turns into something bigger.

Justin Clark, Slant Magazine **3/4** \- Bob Odenkirk, doubling down on the volatility of his performance in Nobody, flits back and forth between taciturn badass and genuinely kind-hearted bear in the blink of an eye.

Bill Goodykoontz, Arizona Republic **3/5 -** Stuff blows up good in this one.

Jacob Oller, AV Club **C-** \- Neither the bit nor the bloodbath tap into any of the chaotic juvenilia that’s made Wheatley’s gonzo genre romps stand out—and its star is visibly tiring of his own career pivot.

Michael Rechtshaffen, The Hollywood Reporter - Handling it all with a detached, shrugging sense of doom, Odenkirk proves the right man for the job at hand in both of the film’s two tonally separate halves, and he’s supported by a colorful cast.

Brian Tallerico, [RogerEbert.com](http://RogerEbert.com) \- There are a lot of booms and bangs in 'Normal,’ but it’s all woefully underlit and much of it is poorly edited too.

Tim Grierson, Screen International - Offering wan satire about the smallmindedness of Midwestern communities while making halfhearted stabs at poignancy once Ulysses begins to regain his sense of purpose, this shoot-‘em-up mostly fires blanks.

Katie Rife, IndieWire **B-** \- Like a firecracker with a long fuse, “Normal” builds up, burns fast, makes a big noise, and then it’s gone.

Peter Debruge, Variety - Kolstad’s script may be a recipe for carnage, but it takes a kitchen master like Wheatley to turn that into such a deliciously excessive spread.

Chase Hutchinson, TheWrap - As long as Odenkirk’s grumpy sheriff has his coffee and mustache intact, he is the key to finding the perfect balance. No matter how many blows the film and he take, the joy in seeing him swing freely makes it all good, family fun.

**SYNOPSIS:**

For Sheriff Ulysses (Bob Odenkirk), his provisional posting to the quaint Midwestern American town of Normal was meant to be a welcome respite from both his marital woes and recent moral injuries in the line of duty. But when a botched bank robbery interrupts the municipality's tranquil pace, a dark secret is inadvertently exposed, and Ulysses soon discovers that the town is anything but its namesake.

**CAST:**

* Bob Odenkirk as Sheriff Ulysses
* Henry Winkler as Mayor Kibner of Normal
* Lena Headey as Moira

**DIRECTED BY:** Ben Wheatley

**SCREENPLAY BY:** Derek Kolstad

**STORY BY:** Derek Kolstad, Bob Odenkirk

**PRODUCED BY:** Marc Provissiero, Bob Odenkirk, Derek Kolstad

**EXECUTIVE PRODUCERS:** Ellen Rutter, Molly C. Quinn, Matthew M. Welty, Elan Gale, Josh Adler, Rhonda Baker, Carrie Wilkins, Glenn Feig, Matthew J. Anderson, Jared Underwood, Andrew C. Robinson

**LINE PRODUCER:** Ellen Rutter

**DIRECTOR OF PHOTOGRAPHY:** Armando Salas

**PRODUCTION DESIGNER:** Jean-Andre Carriere

**EDITED BY:** Jonathan Amos

**COSTUME DESIGNER:** Heather Neale

**MUSIC BY:** Harry Gregson-Williams, Ryder McNair

**MUSIC SUPERVISOR:** Jillian Ennis

**CASTING BY:** Carmen Kotyk

**ADDITIONAL CASTING BY:** David Rubin, Matt Lander

**RUNTIME:** 90 Minutes

**RELEASE DATE:** April 17, 2026",22,27,1776169676.0,runway magazine film,nyc_premiere,2026-04-14,"'Normal' Review Thread I will continue to update this post as reviews come in.

[**Rotten Tomatoes:**](https://www.rottentomatoes.com/m/normal_2025) Certified Fresh

**Critics Consensus:** *Normal* thrives on Bob Odenkirk's gruff yet playful presence and director Ben Wheatley's over-the-top carnage, delivering simple, ridiculous, and consistently entertaining thrills despite its familiar premise.

|Critics|Score|**Number of Reviews**|Average Rating (Unofficial)|
|:-|:-|:-|:-|
|**All Critics**|77%|105|6.30/10|
|**Top Critics**|65%|20||

[**Metacritic:**](https://www.metacritic.com/movie/normal/) 62 (23 Reviews)

**Sample Reviews:**

Katie Walsh, Tribune News Service **2/4** \- The thing about overtly referencing a film as funny and deft as ""Fargo"" is that it’s only going to make us think about ""Fargo,"" so your film better be just as good — or at least come close. Alas, ""Normal"" does not. 

Peter Travers, The Travers Take **3/4** \- For all the mirth and mayhem, Bob Odenkirk and his merry pranksters are exposing how violence is wired into the American character. 

Glenn Kenny, [RogerEbert.com](http://RogerEbert.com) **3/4** \- The violence is pretty graphic, and some of it is played for laughs, which would be distasteful if the laughs didn’t actually land. Oh well. Sometimes you enjoy a movie, and you don’t feel good about it in the morning.

G. Allen Johnson, San Francisco Chronicle **3/4** \- To paraphrase Homer: Liam Neeson, eat your heart out.

Mark Feeney, Boston Globe **2.5/4** \- The extended reveal of the abnormality wastes much of what was good about the first half of the movie. More generally, it drowns the movie in -- you guess it -- ketchup.

Adam Nayman, Toronto Star **3/4** \- What Wheatley brings to the party is twofold: a sturdy technician’s sense of space and pace and a ruthless, mean-spirited sense of humour.

Jake Coyle, Associated Press **2.5/4** \- Many of its twists aren’t hard to see coming, and the movie sometimes lacks the scale needed for a sprawling battle. But a mustachioed Odenkirk with a shotgun is, by most metrics, more than enough firepower for any movie.

Jeannette Catsoulis, New York Times - Normal navigates its cartoonish excesses with expected competence.

Bilge Ebiri, New York Magazine/Vulture - Maybe the meaninglessness is the point. I was never bored by Normal, but I’d also be lying if I said I was ever excited by it.

Keith Phipps, The Reveal - It’s more wearying than shocking, but not fatally so thanks to a brisk pace, a willingness to shift gears with little warning, and, again, Odenkirk’s humane performance.

Randy Myers, San Jose Mercury News **3/4** \- ... a nonstop neo-Western action film as Ulysses, played with the right amount of drollness by Odenkirk, goes out on a call about a bank robbery that turns into something bigger.

Justin Clark, Slant Magazine **3/4** \- Bob Odenkirk, doubling down on the volatility of his performance in Nobody, flits back and forth between taciturn badass and genuinely kind-hearted bear in the blink of an eye.

Bill Goodykoontz, Arizona Republic **3/5 -** Stuff blows up good in this one.

Jacob Oller, AV Club **C-** \- Neither the bit nor the bloodbath tap into any of the chaotic juvenilia that’s made Wheatley’s gonzo genre romps stand out—and its star is visibly tiring of his own career pivot.

Michael Rechtshaffen, The Hollywood Reporter - Handling it all with a detached, shrugging sense of doom, Odenkirk proves the right man for the job at hand in both of the film’s two tonally separate halves, and he’s supported by a colorful cast.

Brian Tallerico, [RogerEbert.com](http://RogerEbert.com) \- There are a lot of booms and bangs in 'Normal,’ but it’s all woefully underlit and much of it is poorly edited too.

Tim Grierson, Screen International - Offering wan satire about the smallmindedness of Midwestern communities while making halfhearted stabs at poignancy once Ulysses begins to regain his sense of purpose, this shoot-‘em-up mostly fires blanks.

Katie Rife, IndieWire **B-** \- Like a firecracker with a long fuse, “Normal” builds up, burns fast, makes a big noise, and then it’s gone.

Peter Debruge, Variety - Kolstad’s script may be a recipe for carnage, but it takes a kitchen master like Wheatley to turn that into such a deliciously excessive spread.

Chase Hutchinson, TheWrap - As long as Odenkirk’s grumpy sheriff has his coffee and mustache intact, he is the key to finding the perfect balance. No matter how many blows the film and he take, the joy in seeing him swing freely makes it all good, family fun.

**SYNOPSIS:**

For Sheriff Ulysses (Bob Odenkirk), his provisional posting to the quaint Midwestern American town of Normal was meant to be a welcome respite from both his marital woes and recent moral injuries in the line of duty. But when a botched bank robbery interrupts the municipality's tranquil pace, a dark secret is inadvertently exposed, and Ulysses soon discovers that the town is anything but its namesake.

**CAST:**

* Bob Odenkirk as Sheriff Ulysses
* Henry Winkler as Mayor Kibner of Normal
* Lena Headey as Moira

**DIRECTED BY:** Ben Wheatley

**SCREENPLAY BY:** Derek Kolstad

**STORY BY:** Derek Kolstad, Bob Odenkirk

**PRODUCED BY:** Marc Provissiero, Bob Odenkirk, Derek Kolstad

**EXECUTIVE PRODUCERS:** Ellen Rutter, Molly C. Quinn, Matthew M. Welty, Elan Gale, Josh Adler, Rhonda Baker, Carrie Wilkins, Glenn Feig, Matthew J. Anderson, Jared Underwood, Andrew C. Robinson

**LINE PRODUCER:** Ellen Rutter

**DIRECTOR OF PHOTOGRAPHY:** Armando Salas

**PRODUCTION DESIGNER:** Jean-Andre Carriere

**EDITED BY:** Jonathan Amos

**COSTUME DESIGNER:** Heather Neale

**MUSIC BY:** Harry Gregson-Williams, Ryder McNair

**MUSIC SUPERVISOR:** Jillian Ennis

**CASTING BY:** Carmen Kotyk

**ADDITIONAL CASTING BY:** David Rubin, Matt Lander

**RUNTIME:** 90 Minutes

**RELEASE DATE:** April 17, 2026"
1spm4e4,investing,Alibaba vs Meituan takeout wars might look like irrational competition at first glance but actually make business sense,"Like it says in the title.

The mechanics of the takeout wars

From what I can see, Baba is giving massive price subsidies to consumers to grab market share. It is literally much cheaper now to order any food to be delivered to your doorstep than dining in. Another thing that I thought was strange was that the subsidies are structured in a way to encourage single item purchases. For example, it is much cheaper to order a sandwich twice separately from the same store, to be delivered by 2 riders, than it is to just order two sandwiches with one order. Seems counterintuitive and really inefficient. So why is it structured this way?

Market situation before the takeout wars

Before the takeout wars, Meituan owned about 60-70% of the instant commerce in China. Especially in smaller cities, they dominated the market, because of first mover advantage, a dense network of riders and merchants that were often locked in to their ecosystem. That enabled them to raise their unit economics up to 6 CNY/order (compared to Baba’s around 2 CNY).

When you have a dense network of riders and merchants, their efficiency goes up, as the route from the rider’s location to the merchant to the customers can be optimized. That’s Meituan’s moat, a network effects moat from their rider/merchant network, and a switching moat from their ERP and reviews ecosystem to keep the merchants locked in.

Current situation

Riders go where there are orders. In China, it’s not unusual to see a rider wearing a Taobao Instant Commerce helmet and a Meituan uniform. But ever since the takeout wars started a year ago, I have noticed a large increase of Taobao riders. I would say that in 1st tier cities the ratio right now is at least 60/40 in Taobao’s favour. On Chinese social media, it is also apparent that a lot of customers have switched to Taobao. As more orders go through Taobao, more riders flock on to the ecosystem, which in turn encouranges more merchants to join. All the while improving unit economics and profitability. That’s the flywheel. When the subsidies go away, this network will stay. That’s what Baba is building. A network effects moat and a switching moat.

In the past quarters, Baba’s management have noted large increases of Instant commerce revenue, but more importantly, improving unit economics. Non catering related items from normal marketplace merchants are also increasingly being ordered as instant commerce, which is an advantage Meituan doesn’t have.

In addition, embedding Taobao instant commerce into Qianwen is a paradigm shift, which is further adding on to this flywheel. I think it’s brilliant.

Meituan reported losses in the last 2 quarters, with Wang Xing commenting: “the food delivery price war is a low-quality, low-price ‘involutionary’” and “Market results over the past six months have fully demonstrated that the food delivery price war has not created value for the industry and is unsustainable.” I see these rather bitter comments by Meituan’s top boss, basically pleading the government to step in as very bullish. Remember, Baba is still making a profit. They can keep this up for as long as they want (or will be allowed to).

If Baba can at least get their market share to 50%, we are looking at a duopoly, with both sides holding long term profitable companies that will be very difficult for new competitors to enter.

Thoughts?

EDIT - some add on thoughts

Ok. Let’s suppose you are a new competitor wanting to enter the instant commerce market. What do you need? As a starting point, you need a merchant network and a rider network.

Let’s start with the merchant network. Merchants will go where there is traffic. You need to create enough traffic for merchants to deem your ecosystem worthwile to spend time on. Right now, you have Taobao and Meituan taking over 90% of the market. How would you create meaningful traffic for merchants to enter your ecosystem? Furthermore, each ERP system is different, so merchants have to learn how to operate them. Would it be easy to convince them to operate a third ERP system after already operating two for 90% of the market? And where will you source the merchants from? Meituan sources their merchants from Dianping, the biggest restaurant review ecosystem, and Taobao sourcers theirs from Koubei (2nd biggest) and their own marketplace. Can this problem be solved by throwing money at it?

Then there is the rider network. That’s where the real problems begin. Taobao has demonstrated that their unit economics can only reach about 1/3 of Meituan’s at 30% market share (2CNY/order vs 6CNY/order). How would the unit economics work for a new entrant? In this business you cannot raise prices, you can only cut costs by increasing scale and density to make the business viable. Without at least a 40% market share, you do not have a viable business, as it will be perpetually loss making simply because the scale is too small for network effects to take effect. How to solve this problem?",8,2,1776583289.0,devil wears prada 2,nyc_premiere,2026-04-19,"Alibaba vs Meituan takeout wars might look like irrational competition at first glance but actually make business sense Like it says in the title.

The mechanics of the takeout wars

From what I can see, Baba is giving massive price subsidies to consumers to grab market share. It is literally much cheaper now to order any food to be delivered to your doorstep than dining in. Another thing that I thought was strange was that the subsidies are structured in a way to encourage single item purchases. For example, it is much cheaper to order a sandwich twice separately from the same store, to be delivered by 2 riders, than it is to just order two sandwiches with one order. Seems counterintuitive and really inefficient. So why is it structured this way?

Market situation before the takeout wars

Before the takeout wars, Meituan owned about 60-70% of the instant commerce in China. Especially in smaller cities, they dominated the market, because of first mover advantage, a dense network of riders and merchants that were often locked in to their ecosystem. That enabled them to raise their unit economics up to 6 CNY/order (compared to Baba’s around 2 CNY).

When you have a dense network of riders and merchants, their efficiency goes up, as the route from the rider’s location to the merchant to the customers can be optimized. That’s Meituan’s moat, a network effects moat from their rider/merchant network, and a switching moat from their ERP and reviews ecosystem to keep the merchants locked in.

Current situation

Riders go where there are orders. In China, it’s not unusual to see a rider wearing a Taobao Instant Commerce helmet and a Meituan uniform. But ever since the takeout wars started a year ago, I have noticed a large increase of Taobao riders. I would say that in 1st tier cities the ratio right now is at least 60/40 in Taobao’s favour. On Chinese social media, it is also apparent that a lot of customers have switched to Taobao. As more orders go through Taobao, more riders flock on to the ecosystem, which in turn encouranges more merchants to join. All the while improving unit economics and profitability. That’s the flywheel. When the subsidies go away, this network will stay. That’s what Baba is building. A network effects moat and a switching moat.

In the past quarters, Baba’s management have noted large increases of Instant commerce revenue, but more importantly, improving unit economics. Non catering related items from normal marketplace merchants are also increasingly being ordered as instant commerce, which is an advantage Meituan doesn’t have.

In addition, embedding Taobao instant commerce into Qianwen is a paradigm shift, which is further adding on to this flywheel. I think it’s brilliant.

Meituan reported losses in the last 2 quarters, with Wang Xing commenting: “the food delivery price war is a low-quality, low-price ‘involutionary’” and “Market results over the past six months have fully demonstrated that the food delivery price war has not created value for the industry and is unsustainable.” I see these rather bitter comments by Meituan’s top boss, basically pleading the government to step in as very bullish. Remember, Baba is still making a profit. They can keep this up for as long as they want (or will be allowed to).

If Baba can at least get their market share to 50%, we are looking at a duopoly, with both sides holding long term profitable companies that will be very difficult for new competitors to enter.

Thoughts?

EDIT - some add on thoughts

Ok. Let’s suppose you are a new competitor wanting to enter the instant commerce market. What do you need? As a starting point, you need a merchant network and a rider network.

Let’s start with the merchant network. Merchants will go where there is traffic. You need to create enough traffic for merchants to deem your ecosystem worthwile to spend time on. Right now, you have Taobao and Meituan taking over 90% of the market. How would you create meaningful traffic for merchants to enter your ecosystem? Furthermore, each ERP system is different, so merchants have to learn how to operate them. Would it be easy to convince them to operate a third ERP system after already operating two for 90% of the market? And where will you source the merchants from? Meituan sources their merchants from Dianping, the biggest restaurant review ecosystem, and Taobao sourcers theirs from Koubei (2nd biggest) and their own marketplace. Can this problem be solved by throwing money at it?

Then there is the rider network. That’s where the real problems begin. Taobao has demonstrated that their unit economics can only reach about 1/3 of Meituan’s at 30% market share (2CNY/order vs 6CNY/order). How would the unit economics work for a new entrant? In this business you cannot raise prices, you can only cut costs by increasing scale and density to make the business viable. Without at least a 40% market share, you do not have a viable business, as it will be perpetually loss making simply because the scale is too small for network effects to take effect. How to solve this problem?"
1spm7hx,stocks,Alibaba vs Meituan takeout wars might look like irrational competition at first glance but actually makes sense for Baba,"Like it says in the title.

The mechanics of the takeout wars

From what I can see, Baba is giving massive price subsidies to consumers to grab market share. It is literally much cheaper now to order any food to be delivered to your doorstep than dining in. Another thing that I thought was strange was that the subsidies are structured in a way to encourage single item purchases. For example, it is much cheaper to order a sandwich twice separately from the same store, to be delivered by 2 riders, than it is to just order two sandwiches with one order. Seems counterintuitive and really inefficient. So why is it structured this way?

Market situation before the takeout wars

Before the takeout wars, Meituan owned about 60-70% of the instant commerce in China. Especially in smaller cities, they dominated the market, because of first mover advantage, a dense network of riders and merchants that were often locked in to their ecosystem. That enabled them to raise their unit economics up to 6 CNY/order (compared to Baba’s around 2 CNY).

When you have a dense network of riders and merchants, their efficiency goes up, as the route from the rider’s location to the merchant to the customers can be optimized. That’s Meituan’s moat, a network effects moat from their rider/merchant network, and a switching moat from their ERP and reviews ecosystem to keep the merchants locked in.

Current situation

Riders go where there are orders. In China, it’s not unusual to see a rider wearing a Taobao Instant Commerce helmet and a Meituan uniform. But ever since the takeout wars started a year ago, I have noticed a large increase of Taobao riders. I would say that in 1st tier cities the ratio right now is at least 60/40 in Taobao’s favour. On Chinese social media, it is also apparent that a lot of customers have switched to Taobao. As more orders go through Taobao, more riders flock on to the ecosystem, which in turn encouranges more merchants to join. All the while improving unit economics and profitability. That’s the flywheel. When the subsidies go away, this network will stay. That’s what Baba is building. A network effects moat and a switching moat.

In the past quarters, Baba’s management have noted large increases of Instant commerce revenue, but more importantly, improving unit economics. Non catering related items from normal marketplace merchants are also increasingly being ordered as instant commerce, which is an advantage Meituan doesn’t have.

In addition, embedding Taobao instant commerce into Qianwen is a paradigm shift, which is further adding on to this flywheel. I think it’s brilliant.

Meituan reported losses in the last 2 quarters, with Wang Xing commenting: “the food delivery price war is a low-quality, low-price ‘involutionary’” and “Market results over the past six months have fully demonstrated that the food delivery price war has not created value for the industry and is unsustainable.” I see these rather bitter comments by Meituan’s top boss, basically pleading the government to step in as very bullish. Remember, Baba is still making a profit. They can keep this up for as long as they want (or will be allowed to).

If Baba can at least get their market share to 50%, we are looking at a duopoly, with both sides holding long term profitable companies that will be very difficult for new competitors to enter.

Thoughts?

EDIT - some add on thoughts

Ok. Let’s suppose you are a new competitor wanting to enter the instant commerce market. What do you need? As a starting point, you need a merchant network and a rider network.

Let’s start with the merchant network. Merchants will go where there is traffic. You need to create enough traffic for merchants to deem your ecosystem worthwile to spend time on. Right now, you have Taobao and Meituan taking over 90% of the market. How would you create meaningful traffic for merchants to enter your ecosystem? Furthermore, each ERP system is different, so merchants have to learn how to operate them. Would it be easy to convince them to operate a third ERP system after already operating two for 90% of the market? And where will you source the merchants from? Meituan sources their merchants from Dianping, the biggest restaurant review ecosystem, and Taobao sourcers theirs from Koubei (2nd biggest) and their own marketplace. Can this problem be solved by throwing money at it?

Then there is the rider network. That’s where the real problems begin. Taobao has demonstrated that their unit economics can only reach about 1/3 of Meituan’s at 30% market share (2CNY/order vs 6CNY/order). How would the unit economics work for a new entrant? In this business you cannot raise prices, you can only cut costs by increasing scale and density to make the business viable. Without at least a 40% market share, you do not have a viable business, as it will be perpetually loss making simply because the scale is too small for network effects to take effect. How to solve this problem?",2,3,1776583596.0,devil wears prada 2,nyc_premiere,2026-04-19,"Alibaba vs Meituan takeout wars might look like irrational competition at first glance but actually makes sense for Baba Like it says in the title.

The mechanics of the takeout wars

From what I can see, Baba is giving massive price subsidies to consumers to grab market share. It is literally much cheaper now to order any food to be delivered to your doorstep than dining in. Another thing that I thought was strange was that the subsidies are structured in a way to encourage single item purchases. For example, it is much cheaper to order a sandwich twice separately from the same store, to be delivered by 2 riders, than it is to just order two sandwiches with one order. Seems counterintuitive and really inefficient. So why is it structured this way?

Market situation before the takeout wars

Before the takeout wars, Meituan owned about 60-70% of the instant commerce in China. Especially in smaller cities, they dominated the market, because of first mover advantage, a dense network of riders and merchants that were often locked in to their ecosystem. That enabled them to raise their unit economics up to 6 CNY/order (compared to Baba’s around 2 CNY).

When you have a dense network of riders and merchants, their efficiency goes up, as the route from the rider’s location to the merchant to the customers can be optimized. That’s Meituan’s moat, a network effects moat from their rider/merchant network, and a switching moat from their ERP and reviews ecosystem to keep the merchants locked in.

Current situation

Riders go where there are orders. In China, it’s not unusual to see a rider wearing a Taobao Instant Commerce helmet and a Meituan uniform. But ever since the takeout wars started a year ago, I have noticed a large increase of Taobao riders. I would say that in 1st tier cities the ratio right now is at least 60/40 in Taobao’s favour. On Chinese social media, it is also apparent that a lot of customers have switched to Taobao. As more orders go through Taobao, more riders flock on to the ecosystem, which in turn encouranges more merchants to join. All the while improving unit economics and profitability. That’s the flywheel. When the subsidies go away, this network will stay. That’s what Baba is building. A network effects moat and a switching moat.

In the past quarters, Baba’s management have noted large increases of Instant commerce revenue, but more importantly, improving unit economics. Non catering related items from normal marketplace merchants are also increasingly being ordered as instant commerce, which is an advantage Meituan doesn’t have.

In addition, embedding Taobao instant commerce into Qianwen is a paradigm shift, which is further adding on to this flywheel. I think it’s brilliant.

Meituan reported losses in the last 2 quarters, with Wang Xing commenting: “the food delivery price war is a low-quality, low-price ‘involutionary’” and “Market results over the past six months have fully demonstrated that the food delivery price war has not created value for the industry and is unsustainable.” I see these rather bitter comments by Meituan’s top boss, basically pleading the government to step in as very bullish. Remember, Baba is still making a profit. They can keep this up for as long as they want (or will be allowed to).

If Baba can at least get their market share to 50%, we are looking at a duopoly, with both sides holding long term profitable companies that will be very difficult for new competitors to enter.

Thoughts?

EDIT - some add on thoughts

Ok. Let’s suppose you are a new competitor wanting to enter the instant commerce market. What do you need? As a starting point, you need a merchant network and a rider network.

Let’s start with the merchant network. Merchants will go where there is traffic. You need to create enough traffic for merchants to deem your ecosystem worthwile to spend time on. Right now, you have Taobao and Meituan taking over 90% of the market. How would you create meaningful traffic for merchants to enter your ecosystem? Furthermore, each ERP system is different, so merchants have to learn how to operate them. Would it be easy to convince them to operate a third ERP system after already operating two for 90% of the market? And where will you source the merchants from? Meituan sources their merchants from Dianping, the biggest restaurant review ecosystem, and Taobao sourcers theirs from Koubei (2nd biggest) and their own marketplace. Can this problem be solved by throwing money at it?

Then there is the rider network. That’s where the real problems begin. Taobao has demonstrated that their unit economics can only reach about 1/3 of Meituan’s at 30% market share (2CNY/order vs 6CNY/order). How would the unit economics work for a new entrant? In this business you cannot raise prices, you can only cut costs by increasing scale and density to make the business viable. Without at least a 40% market share, you do not have a viable business, as it will be perpetually loss making simply because the scale is too small for network effects to take effect. How to solve this problem?"
