Date,1913.HK,CPRI,EL,KER.PA,LUXE,MC.PA,RMS.PA,TPR,^GSPC,^HSI,^STOXX50E,^VIX
2024-07-01,,33.91999816894531,101.9925308227539,324.5368957519531,5.070000171661377,677.8176879882812,2059.392578125,40.63874816894531,5475.08984375,,4929.990234375,12.220000267028809
2024-07-02,55.35177993774414,33.43000030517578,102.46678161621094,318.11376953125,4.989999771118164,675.5328369140625,2059.392578125,39.23540496826172,5509.009765625,17769.140625,4906.330078125,12.029999732971191
2024-07-03,54.62410354614258,33.33000183105469,103.01847076416016,319.3211364746094,4.75,680.483154296875,2074.088134765625,38.89666748046875,5537.02001953125,17978.5703125,4965.7998046875,12.09000015258789
2024-07-04,55.83689498901367,,,324.39202880859375,,685.2431030273438,2078.9873046875,,,18028.279296875,4987.47998046875,
2024-07-05,54.818153381347656,33.38999938964844,102.93135833740234,323.6192932128906,4.769999980926514,682.0064086914062,2073.108642578125,38.84827423095703,5567.18994140625,17799.609375,4979.39013671875,12.479999542236328
2024-07-08,54.7696418762207,34.02000045776367,103.07653045654297,314.58831787109375,4.539999961853027,662.3002319335938,2046.65576171875,40.56132125854492,5572.85009765625,17524.060546875,4969.830078125,12.369999885559082
2024-07-09,54.33303451538086,33.9900016784668,100.86015319824219,310.9179382324219,4.400000095367432,653.9226684570312,2019.2235107421875,40.22258758544922,5576.97998046875,17523.23046875,4903.6201171875,12.510000228881836
2024-07-10,53.60536193847656,34.09000015258789,98.9244384765625,313.8638916015625,4.320000171661377,664.1089477539062,2043.716552734375,40.987159729003906,5633.91015625,17471.669921875,4958.85986328125,12.850000381469727
2024-07-11,53.84791946411133,35.16999816894531,98.3437271118164,320.0455627441406,4.909999847412109,675.9136352539062,2074.088134765625,42.08079528808594,5584.5400390625,17832.330078125,4976.1298828125,12.920000076293945
2024-07-12,54.52708435058594,35.810001373291016,100.03746795654297,327.62774658203125,4.679999828338623,690.0030517578125,2126.013916015625,42.48728561401367,5615.35009765625,18293.380859375,5043.02001953125,12.460000038146973
2024-07-15,52.39257049560547,35.04999923706055,97.79205322265625,310.33837890625,4.340000152587891,671.724853515625,2071.149169921875,41.11297607421875,5631.22021484375,18015.939453125,4983.10986328125,13.119999885559082
2024-07-16,51.08275604248047,35.400001525878906,97.74365234375,300.7278747558594,4.340000152587891,658.8729858398438,2023.142333984375,41.57752990722656,5667.2001953125,17727.98046875,4947.830078125,13.1899995803833
2024-07-17,52.0529899597168,34.90999984741211,97.44361877441406,303.33575439453125,4.25,657.064208984375,2023.142333984375,41.21943664550781,5588.27001953125,17739.41015625,4891.4599609375,14.479999542236328
2024-07-18,51.42233657836914,34.16999816894531,93.78512573242188,306.8612365722656,4.099999904632568,657.159423828125,2025.101806640625,40.34839630126953,5544.58984375,17778.41015625,4870.1201171875,15.930000305175781
2024-07-19,51.08275604248047,33.68000030517578,95.99183654785156,304.3016052246094,4.019999980926514,647.16357421875,2020.2032470703125,39.9031982421875,5505.0,17417.6796875,4827.240234375,16.520000457763672
2024-07-22,51.71340560913086,34.0,97.79205322265625,308.0202941894531,4.059999942779541,658.8729858398438,2042.737060546875,40.445186614990234,5564.41015625,17635.880859375,4897.43994140625,14.90999984741211
2024-07-23,53.3628044128418,33.630001068115234,96.74675750732422,304.1567687988281,4.099999904632568,658.3970336914062,2039.7979736328125,39.83544921875,5555.740234375,17469.359375,4916.7998046875,14.720000267028809
2024-07-24,50.45210647583008,32.95000076293945,96.59191131591797,290.3446350097656,4.03000020980835,627.742919921875,1997.66943359375,38.55792999267578,5427.1298828125,17311.05078125,4861.8701171875,18.040000915527344
2024-07-25,50.35508346557617,33.310001373291016,96.68869018554688,268.6605224609375,4.210000038146973,621.269287109375,1966.318115234375,38.374053955078125,5399.22021484375,17021.91015625,4811.27978515625,18.459999084472656
2024-07-26,51.76191711425781,33.75,97.48233795166016,274.504150390625,4.130000114440918,631.2651977539062,2032.9398193359375,39.50639724731445,5459.10009765625,17021.310546875,4862.5,16.389999389648438
2024-07-29,53.3628044128418,33.70000076293945,97.49201202392578,273.3450622558594,4.150000095367432,623.2686157226562,1984.9329833984375,39.061195373535156,5463.5400390625,17238.33984375,4815.39013671875,16.600000381469727
2024-07-30,52.344058990478516,33.95000076293945,96.24347686767578,277.5949401855469,4.119999885559082,621.0790405273438,1986.8922119140625,38.49018096923828,5436.43994140625,17002.91015625,4841.0,17.690000534057617
2024-07-31,54.72113037109375,33.540000915527344,96.40802001953125,274.7939147949219,3.990000009536743,621.650146484375,1981.99365234375,38.79988479614258,5522.2998046875,17344.599609375,4872.93994140625,16.360000610351562
2024-08-01,57.82587432861328,33.290000915527344,93.99805450439453,267.6463623046875,3.890000104904175,611.1782836914062,1969.25732421875,37.890140533447266,5446.68017578125,17304.9609375,,18.59000015258789
2024-08-02,55.933921813964844,33.20000076293945,92.43013000488281,263.106689453125,3.9800000190734863,600.2303466796875,1920.7606201171875,36.90296173095703,5346.56005859375,16945.509765625,4638.7001953125,23.389999389648438
2024-08-05,53.16875457763672,32.290000915527344,89.2362060546875,256.2972106933594,3.7100000381469727,594.3280029296875,1913.41259765625,35.673831939697266,5186.330078125,16698.359375,4571.60009765625,38.56999969482422
2024-08-06,55.54582595825195,32.47999954223633,90.36859893798828,249.68092346191406,3.7899999618530273,592.0432739257812,1920.270751953125,35.886749267578125,5240.02978515625,16647.33984375,4575.22021484375,27.709999084472656
2024-08-07,57.58331298828125,31.8799991607666,88.62646484375,251.1297607421875,3.630000114440918,601.087158203125,1961.41943359375,35.12217712402344,5199.5,16877.859375,4668.06005859375,27.850000381469727
2024-08-08,55.15773391723633,32.099998474121094,88.75228881835938,250.30874633789062,3.630000114440918,602.8959350585938,1962.3992919921875,36.70939636230469,5319.31005859375,16891.830078125,4668.740234375,23.790000915527344
2024-08-09,56.03094482421875,30.540000915527344,86.28426361083984,245.86569213867188,3.5399999618530273,605.46630859375,1975.1356201171875,36.99974060058594,5344.16015625,17090.23046875,4675.27978515625,20.3700008392334
2024-08-12,55.54582595825195,29.610000610351562,83.42909240722656,241.32603454589844,3.700000047683716,604.6095581054688,1965.3382568359375,36.2835578918457,5344.39013671875,17111.650390625,4671.8798828125,20.709999084472656
2024-08-13,56.273502349853516,29.90999984741211,88.9652099609375,243.45098876953125,3.690000057220459,603.7527465820312,1993.75048828125,36.99974060058594,5434.43017578125,17174.060546875,4694.919921875,18.1200008392334
2024-08-14,55.400291442871094,30.1299991607666,88.68452453613281,242.58168029785156,3.640000104904175,613.2726440429688,2034.8992919921875,36.73843002319336,5455.2099609375,17113.359375,4727.60009765625,16.190000534057617
2024-08-15,54.72113037109375,31.719999313354492,92.08170318603516,246.9764404296875,3.5799999237060547,624.506103515625,2075.068115234375,37.93852996826172,5543.22021484375,17109.140625,4807.77001953125,15.229999542236328
2024-08-16,56.17647933959961,32.470001220703125,91.91717529296875,245.81739807128906,3.7899999618530273,626.5052490234375,2078.007568359375,39.099918365478516,5554.25,17430.16015625,4840.52001953125,14.800000190734863
2024-08-19,55.15773391723633,32.90999984741211,89.86532592773438,252.09564208984375,3.7100000381469727,642.1179809570312,2109.358642578125,39.27412414550781,5608.25,17569.5703125,4871.41015625,14.649999618530273
2024-08-20,54.04196548461914,33.0099983215332,88.04574584960938,249.68092346191406,3.569999933242798,645.259521484375,2126.99365234375,39.080562591552734,5597.1201171875,17511.080078125,4857.580078125,15.880000114440918
2024-08-21,52.92619705200195,35.439998626708984,88.56839752197266,249.7775115966797,3.6700000762939453,646.21142578125,2150.50732421875,39.825775146484375,5620.85009765625,17391.009765625,4885.27978515625,16.270000457763672
2024-08-22,52.44108200073242,35.04999923706055,88.50064086914062,250.93655395507812,3.7699999809265137,645.449951171875,2154.426025390625,38.87731170654297,5570.64013671875,17641.0,4885.0,17.549999237060547
2024-08-23,52.29554748535156,35.779998779296875,90.68799591064453,251.1297607421875,3.759999990463257,648.4010620117188,2150.50732421875,40.319366455078125,5634.60986328125,17612.099609375,4909.2001953125,15.859999656677246
2024-08-26,52.39257049560547,35.38999938964844,91.4622802734375,251.22634887695312,3.7799999713897705,649.2578125,2147.568115234375,39.36122131347656,5616.83984375,17798.73046875,4896.68994140625,16.149999618530273
2024-08-27,52.39257049560547,35.880001068115234,89.88468170166016,250.5985107421875,3.549999952316284,637.6436157226562,2089.76416015625,38.96441650390625,5625.7998046875,17874.669921875,4898.77978515625,15.430000305175781
2024-08-28,52.198524475097656,35.900001525878906,89.42011260986328,247.65255737304688,3.509999990463257,634.2164916992188,2078.9873046875,39.3902587890625,5592.18017578125,17692.44921875,4913.02978515625,17.110000610351562
2024-08-29,53.55685043334961,35.880001068115234,87.65860748291016,249.53604125976562,3.9000000953674316,644.8787231445312,2116.216796875,39.2160530090332,5591.9599609375,17786.3203125,4966.27001953125,15.649999618530273
2024-08-30,54.090476989746094,35.720001220703125,89.36479949951172,250.1638641357422,3.7300000190734863,641.9276123046875,2125.0341796875,39.651573181152344,5648.39990234375,17989.0703125,4957.97998046875,15.0
2024-09-02,53.3628044128418,,,248.08721923828125,,640.88037109375,2119.156005859375,,,17691.970703125,4973.06982421875,
2024-09-03,52.247032165527344,36.029998779296875,90.21300506591797,245.4793243408203,3.75,638.6908569335938,2120.1357421875,40.23225784301758,5528.93017578125,17651.490234375,4912.52001953125,20.719999313354492
2024-09-04,51.179779052734375,36.04999923706055,90.09600830078125,240.02207946777344,3.880000114440918,611.7494506835938,2038.8179931640625,39.86448669433594,5520.06982421875,17457.33984375,4848.18017578125,21.31999969482422
2024-09-05,51.37382507324219,35.220001220703125,87.81460571289062,236.59320068359375,4.010000228881836,589.4728393554688,1908.024169921875,40.029022216796875,5503.41015625,17444.30078125,4815.14990234375,19.899999618530273
2024-09-06,,34.77000045776367,85.3089599609375,228.1900177001953,3.9000000953674316,582.6185302734375,1870.7943115234375,39.39456558227539,5408.419921875,,4738.06005859375,22.3799991607666
2024-09-09,48.31759262084961,36.54999923706055,84.73373413085938,222.4429931640625,3.880000114440918,586.6168823242188,1865.895751953125,40.30232620239258,5471.0498046875,17196.9609375,4778.66015625,19.450000762939453
2024-09-10,48.36610412597656,37.810001373291016,82.9983139038086,221.4771270751953,3.740000009536743,582.9993896484375,1857.5679931640625,40.1851921081543,5495.52001953125,17234.08984375,4747.2001953125,19.079999923706055
2024-09-11,47.880985260009766,40.459999084472656,82.40357971191406,221.9600830078125,3.8550000190734863,577.8585815429688,1865.4058837890625,40.75132369995117,5554.1298828125,17108.7109375,4763.580078125,17.690000534057617
2024-09-12,48.12354278564453,39.2599983215332,82.09159088134766,220.26976013183594,3.9000000953674316,577.6681518554688,1877.162841796875,41.034385681152344,5595.759765625,17240.390625,4814.080078125,17.06999969482422
2024-09-13,48.31759262084961,38.220001220703125,82.44257354736328,221.18736267089844,3.890000104904175,578.90576171875,1877.162841796875,41.737159729003906,5626.02001953125,17369.08984375,4843.990234375,16.559999465942383
2024-09-16,48.75419616699219,38.65999984741211,82.9983139038086,217.8550567626953,3.8299999237060547,574.6217041015625,1857.5679931640625,42.22520446777344,5633.08984375,17422.119140625,4827.6298828125,17.139999389648438
2024-09-17,48.36610412597656,39.88999938964844,85.89393615722656,221.81517028808594,3.7300000190734863,578.52490234375,1886.9598388671875,42.244720458984375,5634.580078125,17660.01953125,4860.77978515625,17.610000610351562
2024-09-18,,39.06999969482422,85.79643249511719,219.2555694580078,3.869999885559082,567.29150390625,1870.3045654296875,42.098304748535156,5618.259765625,,4835.2998046875,18.229999542236328
2024-09-19,48.51163864135742,38.869998931884766,85.2504653930664,225.05088806152344,3.8499999046325684,584.5224609375,1951.6221923828125,41.79572677612305,5713.64013671875,18013.16015625,4943.3798828125,16.329999923706055
2024-09-20,49.28782653808594,38.290000915527344,82.88130950927734,217.56529235839844,3.859999895095825,563.4835815429688,1890.87890625,41.55170440673828,5702.5498046875,18258.5703125,4871.5400390625,16.149999618530273
2024-09-23,47.880985260009766,38.099998474121094,84.52899169921875,214.32957458496094,3.7699999809265137,566.5298461914062,1895.2877197265625,43.06462478637695,5718.56982421875,18247.109375,4885.56982421875,15.890000343322754
2024-09-24,50.500614166259766,38.279998779296875,89.6767807006836,221.1390380859375,3.9000000953674316,584.61767578125,1968.2774658203125,44.31401443481445,5732.93017578125,19000.560546875,4940.72021484375,15.390000343322754
2024-09-25,51.470848083496094,38.40999984741211,89.3160400390625,221.1390380859375,3.9200000762939453,587.8544921875,1990.8114013671875,44.636112213134766,5722.259765625,19129.099609375,4916.89013671875,15.40999984741211
2024-09-26,53.89643096923828,38.810001373291016,98.25641632080078,242.3885040283203,3.890000104904175,645.9259033203125,2172.0615234375,45.885494232177734,5745.3701171875,19924.580078125,5032.58984375,15.369999885559082
2024-09-27,57.58331298828125,39.470001220703125,97.36920928955078,257.7460632324219,3.8399999141693115,669.6304931640625,2186.75732421875,46.793251037597656,5738.169921875,20632.30078125,5067.4501953125,16.959999084472656
2024-09-30,58.213966369628906,42.439998626708984,97.19371795654297,248.08721923828125,3.809999942779541,655.44580078125,2161.2841796875,45.85620880126953,5762.47998046875,21133.6796875,5000.4501953125,16.729999542236328
2024-10-01,,42.13999938964844,94.80506134033203,240.9879913330078,3.6500000953674316,632.1220703125,2103.480224609375,45.20224380493164,5708.75,,4954.14990234375,19.260000228881836
2024-10-02,56.32201385498047,42.18000030517578,94.68807220458984,235.14437866210938,3.740000009536743,636.310791015625,2110.33837890625,44.723960876464844,5709.5400390625,22443.73046875,4963.2900390625,18.899999618530273
2024-10-03,54.23601531982422,41.970001220703125,93.0208969116211,229.92860412597656,4.0,629.26611328125,2093.682861328125,44.6556396484375,5699.93994140625,22113.509765625,4921.330078125,20.489999771118164
2024-10-04,55.30326843261719,42.279998779296875,93.45962524414062,228.4797821044922,4.309999942779541,630.1229248046875,2094.662841796875,45.3876953125,5751.06982421875,22736.869140625,4954.93994140625,19.209999084472656
2024-10-07,54.62410354614258,42.63999938964844,93.63510131835938,238.9113311767578,6.760000228881836,647.16357421875,2118.17626953125,44.587318420410156,5695.93994140625,23099.779296875,4969.7099609375,22.639999389648438
2024-10-08,52.53810501098633,42.619998931884766,91.55845642089844,228.28660583496094,7.75,624.0300903320312,2105.439697265625,44.1773567199707,5751.1298828125,20926.7890625,4949.0,21.420000076293945
2024-10-09,51.37382507324219,43.0,91.35369873046875,231.81207275390625,7.489999771118164,624.886962890625,2072.128662109375,43.73812484741211,5792.0400390625,20637.240234375,4982.56982421875,20.860000610351562
2024-10-10,52.00447463989258,43.150001525878906,92.56266784667969,232.19842529296875,7.5,623.5541381835938,2072.128662109375,43.347686767578125,5780.0498046875,21251.98046875,4970.33984375,20.93000030517578
2024-10-11,,42.97999954223633,93.693603515625,230.99105834960938,7.949999809265137,621.7453002929688,2088.7841796875,44.1871223449707,5815.02978515625,,5003.919921875,20.459999084472656
2024-10-14,51.567874908447266,43.04999923706055,92.07518768310547,222.15322875976562,7.800000190734863,607.1798706054688,2079.966796875,44.49946594238281,5859.85009765625,21092.869140625,5041.009765625,19.700000762939453
2024-10-15,51.81043243408203,43.040000915527344,89.14056396484375,222.5395965576172,7.309999942779541,595.375244140625,2041.7572021484375,44.118797302246094,5815.259765625,20318.7890625,4946.72998046875,20.639999389648438
2024-10-16,50.694664001464844,42.90999984741211,88.5750732421875,220.70440673828125,7.28000020980835,573.4794311523438,2014.3248291015625,44.3725700378418,5842.47021484375,20286.849609375,4908.7099609375,19.579999923706055
2024-10-17,50.7431755065918,42.63999938964844,88.66282653808594,222.15322875976562,7.269999980926514,580.1433715820312,2025.101806640625,44.099273681640625,5841.47021484375,20079.099609375,4947.2998046875,19.110000610351562
2024-10-18,53.70238494873047,41.97999954223633,87.78535461425781,229.92860412597656,7.340000152587891,593.2808227539062,2046.65576171875,44.06999206542969,5864.669921875,20804.109375,4986.27001953125,18.030000686645508
2024-10-21,54.04196548461914,42.040000915527344,87.02488708496094,224.5196533203125,7.150000095367432,581.66650390625,2024.1220703125,43.4453010559082,5853.97998046875,20478.4609375,4941.22021484375,18.3700008392334
2024-10-22,53.3628044128418,42.060001373291016,85.39669799804688,226.4031219482422,7.179999828338623,586.4264526367188,2019.2235107421875,42.879173278808594,5851.2001953125,20498.94921875,4939.31005859375,18.200000762939453
2024-10-23,53.3628044128418,41.810001373291016,85.59169006347656,223.07083129882812,6.900000095367432,584.1416625976562,2019.2235107421875,42.498504638671875,5797.419921875,20760.150390625,4922.5498046875,19.239999771118164
2024-10-24,54.23601531982422,41.599998474121094,86.41065216064453,227.61048889160156,6.829999923706055,598.5167846679688,2040.777587890625,43.4062614440918,5809.85986328125,20489.619140625,4935.4501953125,19.079999923706055
2024-10-25,55.44880676269531,21.260000228881836,85.06521606445312,226.93435668945312,7.510000228881836,596.8983154296875,2062.33154296875,49.282257080078125,5808.1201171875,20590.150390625,4943.08984375,20.329999923706055
2024-10-28,55.30326843261719,21.389999389648438,86.49839782714844,232.58477783203125,7.090000152587891,601.7534790039062,2081.92626953125,49.262733459472656,5823.52001953125,20599.359375,4969.830078125,19.799999237060547
2024-10-29,55.06071090698242,20.479999542236328,86.52765655517578,229.05931091308594,7.130000114440918,600.6111450195312,2088.7841796875,47.857173919677734,5832.919921875,20701.140625,4950.02001953125,19.34000015258789
2024-10-30,53.75089645385742,19.459999084472656,84.96772766113281,221.6702880859375,6.380000114440918,588.4256591796875,2061.351806640625,47.24224853515625,5813.669921875,20380.640625,4885.75,20.350000381469727
2024-10-31,57.77736282348633,19.739999771118164,67.21370697021484,221.04248046875,6.099999904632568,580.524169921875,2031.9599609375,46.314971923828125,5705.4501953125,20317.330078125,4827.6298828125,23.15999984741211
2024-11-01,56.46754837036133,20.100000381469727,64.91280364990234,222.82936096191406,6.230000019073486,581.66650390625,2038.8179931640625,45.84645462036133,5728.7998046875,20506.4296875,4877.75,21.8799991607666
2024-11-04,56.46754837036133,20.139999389648438,64.78606414794922,225.72702026367188,6.190000057220459,577.572998046875,2029.020751953125,47.3984260559082,5712.68994140625,20567.51953125,4852.10009765625,21.979999542236328
2024-11-05,56.46754837036133,20.520000457763672,64.21083068847656,222.8776397705078,6.369999885559082,573.6697998046875,2036.8585205078125,48.23784637451172,5782.759765625,21006.970703125,4870.330078125,20.489999771118164
2024-11-06,56.22499084472656,22.0,61.695438385009766,222.73275756835938,6.289999961853027,574.1458129882812,2050.574951171875,48.5697135925293,5929.0400390625,20538.380859375,4800.6298828125,16.270000457763672
2024-11-07,56.273502349853516,21.989999771118164,64.64956665039062,231.90867614746094,6.260000228881836,589.282470703125,2113.27783203125,50.31690216064453,5973.10009765625,20953.33984375,4851.9599609375,15.199999809265137
2024-11-08,55.9824333190918,20.520000457763672,62.29991912841797,213.4602813720703,6.360000133514404,569.6715087890625,2026.0816650390625,50.97086715698242,5995.5400390625,20728.189453125,4802.759765625,14.9399995803833
2024-11-11,55.20624542236328,19.940000534057617,62.972633361816406,216.26133728027344,6.199999809265137,570.7185668945312,2007.466796875,50.287620544433594,6001.35009765625,20426.9296875,4854.02978515625,14.970000267028809
2024-11-12,53.3628044128418,19.389999389648438,61.16896057128906,203.80145263671875,6.139999866485596,544.9197387695312,1938.8856201171875,49.94598388671875,5983.990234375,19846.880859375,4744.68994140625,14.710000038146973
2024-11-13,52.68363952636719,19.649999618530273,61.28594970703125,205.44345092773438,6.260000228881836,546.44287109375,1962.3992919921875,50.03382873535156,5985.3798828125,19823.44921875,4740.33984375,14.020000457763672
2024-11-14,52.877685546875,20.520000457763672,63.20663070678711,213.6051483154297,6.199999809265137,556.3435668945312,2003.5479736328125,56.436912536621094,5949.169921875,19435.810546875,4833.52978515625,14.3100004196167
2024-11-15,53.3628044128418,21.0,62.15366744995117,215.10227966308594,6.170000076293945,558.1524047851562,1992.770751953125,55.86103057861328,5870.6201171875,19426.33984375,4794.85009765625,16.139999389648438
2024-11-18,52.92619705200195,20.600000381469727,62.95313262939453,212.59100341796875,6.099999904632568,560.3419189453125,1977.09521484375,55.19729995727539,5893.6201171875,19576.609375,4790.330078125,15.579999923706055
2024-11-19,54.1875,20.049999237060547,63.167625427246094,207.858154296875,6.320000171661377,549.5844116210938,1958.9700927734375,54.28954315185547,5916.97998046875,19663.669921875,4751.22998046875,16.350000381469727
2024-11-20,53.89643096923828,20.040000915527344,63.694114685058594,207.61669921875,7.230000019073486,547.7756958007812,1939.865478515625,53.977195739746094,5917.10986328125,19705.009765625,4729.7099609375,17.15999984741211
2024-11-21,54.430057525634766,19.700000762939453,65.16629028320312,201.3384552001953,7.019999980926514,547.2996215820312,1946.723388671875,55.060646057128906,5948.7099609375,19601.109375,4755.830078125,16.8700008392334
2024-11-22,53.21726608276367,20.479999542236328,68.17891693115234,202.9321746826172,7.0,555.0108032226562,1979.0545654296875,57.51060485839844,5969.33984375,19229.970703125,4789.080078125,15.239999771118164
2024-11-25,52.29554748535156,21.540000915527344,71.1427993774414,214.1363983154297,6.96999979019165,564.0547485351562,2029.020751953125,59.39443588256836,5987.3701171875,19150.990234375,4799.8701171875,14.600000381469727
2024-11-26,53.26578140258789,22.84000015258789,71.34754180908203,215.77838134765625,6.78000020980835,567.3866577148438,2021.1829833984375,59.59941482543945,6021.6298828125,19159.19921875,4761.990234375,14.100000381469727
2024-11-27,53.3628044128418,23.520000457763672,72.1080093383789,214.18470764160156,6.71999979019165,561.7698364257812,1998.6490478515625,59.462764739990234,5998.740234375,19603.130859375,4733.14990234375,14.100000381469727
2024-11-28,52.29554748535156,,,212.3012237548828,,558.3427734375,1998.6490478515625,,,19366.9609375,4758.64990234375,
2024-11-29,51.71340560913086,23.40999984741211,70.6484146118164,213.21881103515625,6.699999809265137,564.0547485351562,2023.142333984375,60.79023361206055,6032.3798828125,19423.609375,4804.39990234375,13.510000228881836
2024-12-02,54.430057525634766,23.3799991607666,74.42965698242188,215.05398559570312,6.75,582.4080200195312,2119.156005859375,63.03521728515625,6047.14990234375,19550.2890625,4846.72998046875,13.34000015258789
2024-12-03,56.22499084472656,22.860000610351562,75.89905548095703,213.5085906982422,6.480000019073486,585.3869018554688,2146.58837890625,62.78143310546875,6049.8798828125,19746.3203125,4878.509765625,13.300000190734863
2024-12-04,55.35177993774414,23.010000228881836,77.67211151123047,217.37210083007812,6.409999847412109,586.3478393554688,2155.40576171875,62.30315399169922,6086.490234375,19742.4609375,4919.02001953125,13.449999809265137
2024-12-05,56.419036865234375,21.979999542236328,76.57495880126953,217.1306610107422,6.369999885559082,585.3869018554688,2143.649169921875,62.04936981201172,6075.10986328125,19560.439453125,4951.580078125,13.539999961853027
2024-12-06,59.184200286865234,22.290000915527344,77.70149230957031,230.073486328125,6.429999828338623,605.7582397460938,2213.2099609375,61.09733200073242,6090.27001953125,19865.849609375,4977.77978515625,12.770000457763672
2024-12-09,59.08717727661133,22.299999237060547,80.01334381103516,238.09033203125,6.429999828338623,627.0903930664062,2231.824951171875,61.116966247558594,6052.85009765625,20414.08984375,4985.4599609375,14.1899995803833
2024-12-10,60.979129791259766,22.190000534057617,80.89498138427734,232.82626342773438,7.199999809265137,611.1393432617188,2188.716552734375,60.253257751464844,6034.91015625,20311.279296875,4951.740234375,14.180000305175781
2024-12-11,61.07615280151367,21.739999771118164,79.5627212524414,231.47401428222656,7.119999885559082,618.6343994140625,2211.25048828125,61.14641189575195,6084.18994140625,20155.05078125,4959.35009765625,13.579999923706055
2024-12-12,61.75531768798828,21.610000610351562,79.36680603027344,233.74383544921875,7.199999809265137,620.7484130859375,2237.703125,60.35140609741211,6051.25,20397.05078125,4965.52978515625,13.920000076293945
2024-12-13,60.639549255371094,21.360000610351562,78.40680694580078,235.72390747070312,7.130000114440918,614.0220336914062,2227.906005859375,62.02974319458008,6051.08984375,19971.240234375,4967.9501953125,13.8100004196167
2024-12-16,60.20294189453125,22.149999618530273,77.94639587402344,231.47401428222656,7.619999885559082,606.5269775390625,2223.007568359375,63.01122283935547,6074.080078125,19795.490234375,4947.02978515625,14.6899995803833
2024-12-17,61.90085220336914,22.209999084472656,76.58475494384766,230.99105834960938,7.630000114440918,610.7550048828125,2256.318115234375,62.628448486328125,6050.60986328125,19700.48046875,4942.580078125,15.869999885559082
2024-12-18,62.968109130859375,21.18000030517578,73.43045806884766,229.05931091308594,7.139999866485596,611.6198120117188,2265.1357421875,60.930484771728516,5872.16015625,19864.55078125,4957.27978515625,27.6200008392334
2024-12-19,62.580013275146484,20.979999542236328,73.17576599121094,226.74118041992188,7.050000190734863,602.9715576171875,2248.48046875,61.4997444152832,5867.080078125,19752.509765625,4879.0,24.09000015258789
2024-12-20,60.20294189453125,21.100000381469727,72.84270477294922,226.20993041992188,7.090000152587891,603.5481567382812,2257.298095703125,62.962154388427734,5930.85009765625,19720.69921875,4862.27978515625,18.360000610351562
2024-12-23,61.803829193115234,21.350000381469727,73.2247543334961,227.5621795654297,6.869999885559082,604.6051635742188,2255.338623046875,63.53141403198242,5974.06982421875,19883.130859375,4852.93017578125,16.780000686645508
2024-12-24,61.07615280151367,21.1299991607666,73.54801177978516,226.20993041992188,7.03000020980835,606.142578125,2251.41943359375,64.07122802734375,6040.0400390625,20098.2890625,,14.270000457763672
2024-12-26,,21.200000762939453,73.46965026855469,,7.190000057220459,,,64.95455932617188,6037.58984375,,,14.729999542236328
2024-12-27,60.93061828613281,20.959999084472656,73.097412109375,229.83200073242188,7.059999942779541,610.7550048828125,2267.09521484375,64.65030670166016,5970.83984375,20090.4609375,4898.8798828125,15.949999809265137
2024-12-30,61.60978317260742,20.520000457763672,72.67617797851562,229.01101684570312,7.03000020980835,604.7012329101562,2258.277587890625,64.60123443603516,5906.93994140625,20041.419921875,4869.27978515625,17.399999618530273
2024-12-31,60.68806076049805,21.059999465942383,73.45006561279297,230.12176513671875,7.099999904632568,610.6588745117188,2274.93310546875,64.12030792236328,5881.6298828125,20059.94921875,,17.350000381469727
2025-01-02,61.027645111083984,20.610000610351562,72.47046661376953,227.80364990234375,7.480000019073486,610.5628051757812,2254.358642578125,64.41474151611328,5868.5498046875,19623.3203125,,17.93000030517578
2025-01-03,59.184200286865234,20.280000686645508,70.68760681152344,216.6959991455078,7.239999771118164,587.4048461914062,2191.656005859375,65.53363800048828,5942.47021484375,19760.26953125,4871.4501953125,16.1299991607666
2025-01-06,58.796104431152344,21.889999389648438,72.0688247680664,222.00836181640625,7.489999771118164,609.7940063476562,2290.608642578125,66.40715789794922,5975.3798828125,19688.2890625,4986.64013671875,16.040000915527344
2025-01-07,60.15443420410156,21.459999084472656,72.65658569335938,223.94012451171875,7.630000114440918,619.3070678710938,2317.061279296875,66.11272430419922,5909.02978515625,19447.580078125,5011.81982421875,17.81999969482422
2025-01-08,59.863365173339844,21.510000228881836,72.15699005126953,218.96580505371094,7.46999979019165,610.85107421875,2321.960205078125,67.26104736328125,5918.25,19279.83984375,4996.39013671875,17.700000762939453
2025-01-09,58.6990852355957,,,220.94589233398438,,622.6702270507812,2328.818115234375,,,19240.890625,5017.91015625,
2025-01-10,58.45652389526367,23.709999084472656,71.9512710571289,220.02828979492188,7.340000152587891,619.7875366210938,2319.02099609375,65.90660095214844,5827.0400390625,19064.2890625,4977.259765625,19.540000915527344
2025-01-13,59.62080383300781,23.780000686645508,73.46965026855469,219.64193725585938,7.550000190734863,621.1328125,2305.304931640625,65.51399993896484,5836.22021484375,18874.140625,4954.2099609375,19.190000534057617
2025-01-14,58.893131256103516,23.510000228881836,72.36270141601562,214.8671112060547,7.340000152587891,625.552978515625,2311.18310546875,66.40715789794922,5842.91015625,19219.779296875,4980.47021484375,18.709999084472656
2025-01-15,57.58331298828125,22.969999313354492,72.99944305419922,217.546875,7.619999885559082,612.2924194335938,2316.08154296875,66.39734649658203,5949.91015625,19286.0703125,5032.31005859375,16.1200008392334
2025-01-16,60.057411193847656,23.780000686645508,76.47699737548828,230.9943389892578,8.420000076293945,668.3135986328125,2429.730224609375,68.34066772460938,5937.33984375,19522.890625,5106.93017578125,16.600000381469727
2025-01-17,60.15443420410156,23.81999969482422,76.27128601074219,236.5,9.390000343322754,663.1245727539062,2439.527587890625,70.06808471679688,5996.66015625,19584.060546875,5148.2998046875,15.970000267028809
2025-01-20,60.348480224609375,,,241.22610473632812,,656.398193359375,2447.36572265625,,,19925.810546875,5164.43994140625,
2025-01-21,60.44550323486328,24.260000228881836,77.21170043945312,242.49290466308594,9.720000267028809,673.8867797851562,2510.068115234375,72.6788330078125,6049.240234375,20106.55078125,5165.9599609375,15.0600004196167
2025-01-22,60.15443420410156,24.56999969482422,78.07373809814453,238.7412567138672,9.619999885559082,685.898193359375,2563.953369140625,71.98197937011719,6086.3701171875,19778.76953125,5205.830078125,15.100000381469727
2025-01-23,60.15443420410156,24.860000610351562,78.47538757324219,240.88502502441406,9.270000457763672,692.432373046875,2585.507568359375,72.25679779052734,6118.7099609375,19700.560546875,5217.5,15.020000457763672
2025-01-24,60.639549255371094,24.93000030517578,80.79702758789062,251.70147705078125,9.289999961853027,705.4046630859375,2608.041259765625,73.2677230834961,6101.240234375,20066.189453125,5219.3701171875,14.850000381469727
2025-01-27,61.803829193115234,25.34000015258789,81.85498046875,255.8428955078125,9.239999771118164,725.2955322265625,2608.041259765625,71.1673583984375,6012.27978515625,20197.76953125,5188.4501953125,17.899999618530273
2025-01-28,60.49401092529297,25.690000534057617,81.27702331542969,253.65037536621094,9.260000228881836,721.2596435546875,2608.041259765625,72.42365264892578,6067.7001953125,20225.109375,5195.7099609375,16.40999984741211
2025-01-29,,25.5,80.60108947753906,239.95932006835938,9.25,685.3215942382812,2626.656005859375,73.01254272460938,6039.31005859375,,5230.66015625,16.559999465942383
2025-01-30,,25.84000015258789,83.7358169555664,249.41151428222656,9.270000457763672,687.8200073242188,2647.23046875,74.50440216064453,6071.169921875,,5282.2099609375,15.84000015258789
2025-01-31,,24.780000686645508,81.7276382446289,246.97537231445312,8.869999885559082,676.0008544921875,2668.78466796875,71.58938598632812,6040.52978515625,,5286.8701171875,16.43000030517578
2025-02-03,60.057411193847656,23.950000762939453,81.08109283447266,237.7180633544922,9.050000190734863,663.1245727539062,2664.86572265625,72.16847229003906,5994.56982421875,20217.259765625,5217.91015625,18.6200008392334
2025-02-04,61.65829086303711,24.030000686645508,68.05248260498047,241.61587524414062,9.329999923706055,665.6229858398438,2661.92626953125,71.60901641845703,6037.8798828125,20789.9609375,5264.58984375,17.209999084472656
2025-02-05,60.979129791259766,21.610000610351562,64.59451293945312,238.10784912109375,9.3100004196167,659.1848754882812,2667.804931640625,72.021240234375,6061.47998046875,20597.08984375,5271.1201171875,15.770000457763672
2025-02-06,62.33745574951172,21.3799991607666,62.94879913330078,245.4649658203125,9.59000015258789,669.6588134765625,2703.0751953125,80.67792510986328,6083.56982421875,20891.619140625,5356.6298828125,15.5
2025-02-07,61.70680236816406,21.690000534057617,63.70307159423828,235.42811584472656,10.0,657.4552612304688,2651.149169921875,78.8916244506836,6025.990234375,21133.5390625,5325.39990234375,16.540000915527344
2025-02-10,61.90085220336914,21.979999542236328,67.30799102783203,237.96168518066406,10.0,658.5122680664062,2694.257568359375,77.58625030517578,6066.43994140625,21521.98046875,5358.2998046875,15.8100004196167
2025-02-11,61.07615280151367,22.049999237060547,69.2671890258789,241.07992553710938,12.380000114440918,658.4161376953125,2693.27783203125,79.85348510742188,6068.5,21294.859375,5390.91015625,16.020000457763672
2025-02-12,62.09489822387695,22.6200008392334,67.6214599609375,257.9866943359375,12.279999732971191,660.9144897460938,2701.115478515625,83.55367279052734,6051.97021484375,21857.919921875,5405.64990234375,15.890000343322754
2025-02-13,63.8413200378418,22.6299991607666,68.2483901977539,268.1697692871094,11.579999923706055,679.5562133789062,2758.919677734375,85.03571319580078,6115.06982421875,21814.369140625,5500.5,15.100000381469727
2025-02-14,68.35289764404297,22.459999084472656,67.28839874267578,272.8471374511719,11.100000381469727,685.1294555664062,2781.453369140625,86.07608032226562,6114.6298828125,22620.330078125,5493.39990234375,14.770000457763672
2025-02-17,66.94606018066406,,,272.944580078125,,674.0789794921875,2755.45849609375,,,22616.23046875,5519.830078125,
2025-02-18,67.33415985107422,21.510000228881836,70.71697998046875,267.3414611816406,11.430000305175781,677.5382690429688,2752.515869140625,87.35200500488281,6129.580078125,22976.810546875,5533.83984375,15.350000381469727
2025-02-19,66.80052947998047,22.579999923706055,69.94309997558594,263.3462219238281,12.039999961853027,663.8933715820312,2671.09765625,87.5581283569336,6144.14990234375,22944.240234375,5461.169921875,15.270000457763672
2025-02-20,65.00559997558594,21.850000381469727,69.88431549072266,263.3462219238281,11.25,668.3135986328125,2679.92626953125,84.91793823242188,6117.52001953125,22576.98046875,5461.02978515625,15.65999984741211
2025-02-21,65.92731475830078,21.299999237060547,70.33495330810547,269.92376708984375,10.739999771118164,674.94384765625,2696.602294921875,83.02366638183594,6013.1298828125,23477.919921875,5474.85009765625,18.209999084472656
2025-02-24,65.73326873779297,21.219999313354492,73.5676040649414,266.9029541015625,10.600000381469727,665.0464477539062,2642.650390625,82.82737731933594,5983.25,23341.609375,5453.759765625,18.979999542236328
2025-02-25,62.822574615478516,20.280000686645508,73.25414276123047,264.27197265625,10.550000190734863,657.4552612304688,2657.364501953125,82.47403717041016,5955.25,23034.01953125,5447.89990234375,19.43000030517578
2025-02-26,66.26689910888672,21.1200008392334,71.78473663330078,268.9980163574219,11.020000457763672,672.9259033203125,2673.0595703125,84.95719909667969,5956.06005859375,23787.9296875,5527.990234375,19.100000381469727
2025-02-27,65.975830078125,21.719999313354492,71.48107147216797,266.7080993652344,10.6899995803833,666.00732421875,2662.269287109375,82.74885559082031,5861.56982421875,23718.2890625,5472.56005859375,21.1299991607666
2025-02-28,64.22940826416016,21.979999542236328,70.7822036743164,264.17449951171875,10.4399995803833,667.7369995117188,2684.830810546875,83.83830261230469,5954.5,22941.3203125,5463.5400390625,19.6299991607666
2025-03-03,66.46094512939453,22.829999923706055,69.07933044433594,261.73834228515625,10.40999984741211,663.7972412109375,2682.868896484375,82.53292846679688,5849.72021484375,23006.26953125,5540.68994140625,22.780000686645508
2025-03-04,66.26689910888672,22.3700008392334,67.0221176147461,248.9730224609375,10.619999885559082,641.3119506835938,2630.879150390625,79.76515197753906,5778.14990234375,22941.76953125,5387.31005859375,23.510000228881836
2025-03-05,63.79280471801758,22.219999313354492,70.7822036743164,252.43231201171875,10.869999885559082,638.3330688476562,2621.06982421875,79.77496337890625,5842.6298828125,23594.2109375,5489.1201171875,21.93000030517578
2025-03-06,63.356204986572266,21.719999313354492,70.41800689697266,252.48104858398438,10.579999923706055,627.4747924804688,2538.6708984375,76.61077117919922,5738.52001953125,24369.7109375,5520.47021484375,24.8700008392334
2025-03-07,62.09489822387695,20.8799991607666,72.16024780273438,242.63905334472656,10.029999732971191,609.8901977539062,2475.890869140625,73.85072326660156,5770.2001953125,24231.30078125,5468.41015625,23.3700008392334
2025-03-10,61.027645111083984,19.020000457763672,70.91016387939453,248.48577880859375,9.470000267028809,605.6621704101562,2447.443603515625,69.69095611572266,5614.56005859375,23783.490234375,5386.97998046875,27.860000610351562
2025-03-11,63.30768966674805,19.479999542236328,68.5084228515625,245.5624237060547,8.829999923706055,596.5335083007812,2425.863037109375,70.94284057617188,5572.06982421875,23782.140625,5309.89990234375,26.920000076293945
2025-03-12,59.03866195678711,19.479999542236328,65.39800262451172,243.36990356445312,8.760000228881836,587.88525390625,2455.291015625,70.66682434082031,5599.2998046875,23600.310546875,5359.419921875,24.229999542236328
2025-03-13,55.933921813964844,21.1200008392334,63.8427734375,243.95457458496094,8.479999542236328,581.3511352539062,2426.84375,68.715087890625,5521.52001953125,23462.650390625,5328.39013671875,24.65999984741211
2025-03-14,56.17647933959961,21.489999771118164,65.47673797607422,217.83920288085938,8.779999732971191,581.4471435546875,2461.176513671875,69.45439910888672,5638.93994140625,23959.98046875,5404.18017578125,21.770000457763672
2025-03-17,55.44880676269531,21.329999923706055,67.80956268310547,211.8463134765625,8.640000343322754,585.8673706054688,2438.614990234375,70.20354461669922,5675.1201171875,24145.5703125,5445.5498046875,20.510000228881836
2025-03-18,55.15773391723633,20.510000228881836,66.972900390625,211.65142822265625,8.270000457763672,586.1555786132812,2399.377197265625,69.95711517333984,5614.66015625,24740.5703125,5485.009765625,21.700000762939453
2025-03-19,55.497314453125,20.850000381469727,66.53980255126953,208.97166442871094,8.029999732971191,586.732177734375,2440.576904296875,72.45100402832031,5675.2900390625,24771.140625,5507.35986328125,19.899999618530273
2025-03-20,54.818153381347656,20.5,66.95320892333984,205.02513122558594,7.989999771118164,580.87060546875,2460.19580078125,71.86942291259766,5662.89013671875,24219.94921875,5450.93017578125,19.799999237060547
2025-03-21,53.799407958984375,20.209999084472656,65.89999389648438,201.51710510253906,7.849999904632568,578.9488525390625,2465.100341796875,72.07642364501953,5667.56005859375,23689.720703125,5423.830078125,19.280000686645508
2025-03-24,53.16875457763672,21.270000457763672,66.39215087890625,197.2294921875,7.920000076293945,572.9911499023438,2450.386474609375,74.63932037353516,5767.56982421875,23905.560546875,5415.7900390625,17.479999542236328
2025-03-25,54.86666488647461,21.0,65.04364776611328,195.9627227783203,7.78000020980835,574.9129638671875,2464.119384765625,73.65359497070312,5776.64990234375,23344.25,5475.080078125,17.149999618530273
2025-03-26,54.23601531982422,20.68000030517578,64.85661315917969,196.9371795654297,7.75,571.2615356445312,2424.8818359375,72.62842559814453,5712.2001953125,23483.3203125,5411.68994140625,18.329999923706055
2025-03-27,53.84791946411133,20.59000015258789,65.89999389648438,197.0833282470703,7.710000038146973,566.0725708007812,2426.84375,71.71170806884766,5693.31005859375,23578.80078125,5381.080078125,18.690000534057617
2025-03-28,53.45982360839844,20.299999237060547,64.39398956298828,194.1502227783203,7.46999979019165,564.1507568359375,2389.568115234375,69.24738311767578,5580.93994140625,23426.599609375,5331.39990234375,21.649999618530273
2025-03-31,52.53810501098633,19.729999542236328,64.96489715576172,186.0427703857422,7.559999942779541,549.3527221679688,2365.044677734375,69.40510559082031,5611.85009765625,23119.580078125,5248.39013671875,22.280000686645508
2025-04-01,53.21726608276367,19.360000610351562,66.80558013916016,186.5494842529297,7.75,552.6198120117188,2378.77783203125,71.84970092773438,5633.06982421875,23206.83984375,5320.2998046875,21.770000457763672
2025-04-02,52.39257049560547,19.6299991607666,67.68160247802734,187.09518432617188,7.710000038146973,552.7159423828125,2377.796875,73.67330932617188,5670.97021484375,23202.529296875,5303.9501953125,21.510000228881836
2025-04-03,49.96698760986328,14.989999771118164,57.27737808227539,173.04354858398438,6.900000095367432,521.6785888671875,2294.4169921875,64.16101837158203,5396.52001953125,22849.810546875,5113.27978515625,30.020000457763672
2025-04-04,,14.520000457763672,52.09987258911133,166.49522399902344,6.510000228881836,509.2827453613281,2229.675048828125,62.04171371459961,5074.080078125,,4878.31005859375,45.310001373291016
2025-04-07,43.32089614868164,13.90999984741211,52.11956024169922,159.92739868164062,6.559999942779541,487.75836181640625,2094.305419921875,62.09100341796875,5062.25,19828.30078125,4656.41015625,46.97999954223633
2025-04-08,44.7762451171875,12.479999542236328,49.2748908996582,161.68141174316406,7.050000190734863,499.4814758300781,2197.303955078125,59.735107421875,4982.77001953125,20127.6796875,4773.64990234375,52.33000183105469
2025-04-09,44.24261474609375,16.360000610351562,55.27922058105469,152.91131591796875,7.989999771118164,478.9179992675781,2179.647216796875,66.31977081298828,5456.89990234375,20264.490234375,4622.14013671875,33.619998931884766
2025-04-10,46.425636291503906,14.630000114440918,52.46406936645508,158.11489868164062,7.849999904632568,503.7095031738281,2244.38916015625,63.007728576660156,5268.0498046875,20681.779296875,4818.919921875,40.720001220703125
2025-04-11,47.541404724121094,14.649999618530273,54.36380386352539,163.72776794433594,7.880000114440918,503.9017028808594,2243.408447265625,62.49515151977539,5363.35986328125,20914.689453125,4787.22998046875,37.560001373291016
2025-04-14,47.541404724121094,14.399999618530273,54.71815872192383,166.6316375732422,7.929999828338623,509.37884521484375,2305.20751953125,62.869720458984375,5405.97021484375,21417.400390625,4911.39013671875,30.889999389648438
2025-04-15,45.55242919921875,13.5,53.556663513183594,157.93951416015625,7.900000095367432,469.549072265625,2310.112060546875,63.02743911743164,5396.6298828125,21466.26953125,4970.43017578125,30.1200008392334
2025-04-16,43.66047668457031,13.270000457763672,51.8341064453125,160.60952758789062,7.809999942779541,466.2339782714844,2317.95947265625,61.97270965576172,5275.7001953125,21056.98046875,4966.5,32.63999938964844
2025-04-17,45.35838317871094,13.6899995803833,53.61572265625,160.2781982421875,7.699999809265137,466.6183166503906,2243.408447265625,62.731719970703125,5282.7001953125,21395.140625,4935.33984375,29.649999618530273
2025-04-21,,13.65999984741211,53.5369758605957,,7.449999809265137,,,62.278289794921875,5158.2001953125,,,33.81999969482422
2025-04-22,44.921775817871094,13.880000114440918,55.06266784667969,165.57923889160156,7.650000095367432,468.2518615722656,2262.0458984375,63.99345397949219,5287.759765625,21562.3203125,4961.4501953125,30.56999969482422
2025-04-23,46.37712478637695,14.399999618530273,56.361961364746094,170.47100830078125,7.929999828338623,480.7436828613281,2313.054931640625,65.62976837158203,5375.85986328125,22072.619140625,5098.740234375,28.450000762939453
2025-04-24,47.05628967285156,14.699999809265137,57.730167388916016,168.81442260742188,8.449999809265137,487.47491455078125,2339.5400390625,67.3252182006836,5484.77001953125,21909.759765625,5114.97998046875,26.469999313354492
2025-04-25,47.73545455932617,14.869999885559082,58.458560943603516,170.042236328125,8.239999771118164,486.596923828125,2335.616455078125,67.89693450927734,5525.2099609375,21980.740234375,5154.1201171875,24.84000015258789
2025-04-28,47.541404724121094,15.180000305175781,58.21247863769531,173.94004821777344,7.920000076293945,489.7186279296875,2349.349609375,68.27152252197266,5528.75,21971.9609375,5170.490234375,25.149999618530273
2025-04-29,47.638427734375,15.020000457763672,58.65542221069336,173.8231201171875,7.840000152587891,477.3293151855469,2340.521240234375,69.0403823852539,5560.830078125,22008.109375,5161.89990234375,24.170000076293945
2025-04-30,47.05628967285156,15.039999961853027,59.01961898803711,173.78411865234375,7.639999866485596,475.96356201171875,2345.42578125,69.64167785644531,5569.06005859375,22119.41015625,5160.22021484375,24.700000762939453
2025-05-01,,15.050000190734863,57.966400146484375,,7.360000133514404,,,69.48395538330078,5604.14013671875,,,24.600000381469727
2025-05-02,46.66819381713867,15.550000190734863,58.458560943603516,180.0011444091797,7.5,483.7191162109375,2405.26318359375,71.7215576171875,5686.669921875,22504.6796875,5285.18994140625,22.68000030517578
2025-05-05,,15.40999984741211,56.795066833496094,175.43936157226562,7.420000076293945,480.2071533203125,2442.388916015625,72.2439956665039,5650.3798828125,,5283.0498046875,23.639999389648438
2025-05-06,47.599998474121094,15.479999542236328,57.61204528808594,175.2999267578125,7.300000190734863,477.1342468261719,2415.658447265625,72.26371002197266,5606.91015625,22662.7109375,5263.3798828125,24.760000228881836
2025-05-07,49.70000076293945,15.779999732971191,58.33060073852539,170.5389404296875,7.289999961853027,471.6712341308594,2388.927734375,73.68315887451172,5631.27978515625,22691.880859375,5230.18994140625,23.549999237060547
2025-05-08,47.79999923706055,16.850000381469727,60.27954864501953,174.76206970214844,7.860000133514404,475.3782653808594,2420.6083984375,76.433349609375,5663.93994140625,22775.919921875,5288.93994140625,22.479999542236328
2025-05-09,50.150001525878906,16.8799991607666,60.033470153808594,177.2122802734375,7.739999771118164,483.62152099609375,2428.52880859375,76.89663696289062,5659.91015625,22867.740234375,5309.740234375,21.899999618530273
2025-05-12,52.04999923706055,18.450000762939453,64.3349380493164,187.59083557128906,8.489999771118164,517.5214233398438,2513.6708984375,81.48027801513672,5844.18994140625,23549.4609375,5392.35986328125,18.389999389648438
2025-05-13,52.400001525878906,18.709999084472656,64.45305633544922,190.14065551757812,8.899999618530273,523.7648315429688,2570.10205078125,82.40684509277344,5886.5498046875,23108.26953125,5416.2099609375,18.219999313354492
2025-05-14,54.599998474121094,18.639999389648438,63.10453414916992,184.26412963867188,10.119999885559082,512.35107421875,2550.301513671875,82.07170867919922,5892.580078125,23640.650390625,5403.43994140625,18.6200008392334
2025-05-15,53.20000076293945,18.489999771118164,62.67143249511719,175.04095458984375,9.729999542236328,494.8889465332031,2541.3916015625,82.05198669433594,5916.93017578125,23453.16015625,5412.080078125,17.829999923706055
2025-05-16,53.849998474121094,18.56999969482422,64.14790344238281,177.80990600585938,9.539999961853027,491.5721740722656,2558.221923828125,81.63798522949219,5958.3798828125,23345.05078125,5427.52978515625,17.239999771118164
2025-05-19,52.45000076293945,18.219999313354492,64.32508850097656,174.9214324951172,9.380000114440918,486.4018249511719,2533.47119140625,81.19441223144531,5963.60009765625,23332.720703125,5427.22998046875,18.139999389648438
2025-05-20,51.900001525878906,18.219999313354492,65.04364776611328,181.87367248535156,9.550000190734863,492.5476989746094,2524.56103515625,81.34226989746094,5940.4599609375,23681.48046875,5454.64990234375,18.09000015258789
2025-05-21,52.349998474121094,17.329999923706055,62.661590576171875,177.25213623046875,9.270000457763672,481.5729064941406,2471.099853515625,78.58222961425781,5844.60986328125,23827.779296875,5454.4599609375,20.8700008392334
2025-05-22,50.29999923706055,17.239999771118164,63.409671783447266,174.82183837890625,9.279999732971191,473.23211669921875,2412.688232421875,77.86264038085938,5842.009765625,23544.310546875,5424.47998046875,20.280000686645508
2025-05-23,50.599998474121094,16.799999237060547,62.69112014770508,172.6106719970703,9.010000228881836,467.2813415527344,2349.326904296875,75.77291107177734,5802.81982421875,23601.259765625,5326.31005859375,22.290000915527344
2025-05-26,51.0,,,174.54295349121094,,471.6224670410156,2365.1669921875,,,23282.330078125,5395.330078125,
2025-05-27,51.20000076293945,17.549999237060547,66.00826263427734,174.76206970214844,9.779999732971191,470.1103820800781,2360.217041015625,79.74539184570312,5921.5400390625,23381.990234375,5415.4501953125,18.959999084472656
2025-05-28,51.25,18.040000915527344,65.23065948486328,172.78994750976562,9.3100004196167,471.81756591796875,2357.2470703125,79.27223205566406,5888.5498046875,23258.310546875,5378.39013671875,19.309999465942383
2025-05-29,52.0,18.510000228881836,67.593017578125,172.78994750976562,9.390000343322754,469.4762878417969,2359.22705078125,77.32050323486328,5912.169921875,23573.380859375,,19.18000030517578
2025-05-30,51.29999923706055,18.1200008392334,66.22770690917969,171.67440795898438,9.350000381469727,466.5496826171875,2403.778076171875,77.42892456054688,5911.68994140625,23289.76953125,5366.58984375,18.56999969482422
2025-06-02,51.0,17.399999618530273,65.9407958984375,170.73814392089844,9.3100004196167,465.525390625,2371.107421875,77.43878936767578,5935.93994140625,23157.970703125,5355.56005859375,18.360000610351562
2025-06-03,50.650001525878906,17.719999313354492,68.19652557373047,170.7182159423828,9.539999961853027,462.0134582519531,2358.237060546875,77.57678985595703,5970.3701171875,23512.490234375,5375.7001953125,17.690000534057617
2025-06-04,50.0,17.079999923706055,68.09759521484375,175.2999267578125,9.279999732971191,464.9888000488281,2358.237060546875,77.20220947265625,5970.81005859375,23654.029296875,5405.14990234375,17.610000610351562
2025-06-05,50.849998474121094,16.950000762939453,66.7322769165039,174.54295349121094,9.1899995803833,458.5990905761719,2316.656005859375,78.08935546875,5939.2998046875,23906.970703125,5410.5498046875,18.479999542236328
2025-06-06,49.900001525878906,17.0,67.73153686523438,172.7102508544922,9.399999618530273,459.7209167480469,2296.855712890625,78.16857147216797,6000.35986328125,23792.5390625,5430.169921875,16.770000457763672
2025-06-09,50.150001525878906,17.40999984741211,68.26577758789062,177.0330047607422,9.279999732971191,460.0135498046875,2301.8056640625,78.47550201416016,6005.8798828125,24181.4296875,,17.15999984741211
2025-06-10,50.45000076293945,17.59000015258789,69.71024322509766,181.1963653564453,9.270000457763672,463.23284912109375,2323.586181640625,79.11907958984375,6038.81005859375,24162.869140625,5415.3798828125,16.950000762939453
2025-06-11,50.650001525878906,18.030000686645508,69.11663055419922,179.58282470703125,9.0,459.08685302734375,2336.45654296875,80.94085693359375,6022.240234375,24366.939453125,5393.14990234375,17.260000228881836
2025-06-12,49.150001525878906,17.84000015258789,69.24524688720703,173.9652557373047,8.84000015258789,457.379638671875,2311.7060546875,81.38640594482422,6045.259765625,24035.380859375,5360.81982421875,18.020000457763672
2025-06-13,46.900001525878906,16.540000915527344,66.59376525878906,171.89352416992188,8.279999732971191,450.1119079589844,2272.10498046875,78.12896728515625,5976.97021484375,23892.560546875,5290.47021484375,20.81999969482422
2025-06-16,47.650001525878906,17.399999618530273,73.79629516601562,192.11277770996094,8.180000305175781,455.9163513183594,2282.9951171875,83.42601776123047,6033.10986328125,24060.990234375,5339.56982421875,19.110000610351562
2025-06-17,47.45000076293945,16.829999923706055,73.99417114257812,184.26412963867188,8.039999961853027,449.4290466308594,2271.114990234375,81.94086456298828,5982.72021484375,23980.30078125,5288.68017578125,21.600000381469727
2025-06-18,48.04999923706055,17.09000015258789,73.92491912841797,179.94139099121094,7.900000095367432,452.69708251953125,2258.24462890625,83.40621185302734,5980.8701171875,23710.689453125,5266.91015625,20.139999389648438
2025-06-19,47.150001525878906,,,174.20428466796875,,441.4784240722656,2203.793212890625,,,23237.740234375,5197.02978515625,
2025-06-20,47.70000076293945,16.81999969482422,74.38992309570312,178.3079071044922,7.849999904632568,438.9420471191406,2234.484130859375,83.49532318115234,5967.83984375,23530.48046875,5233.580078125,20.6200008392334
2025-06-23,47.79999923706055,16.780000686645508,77.99118041992188,174.80191040039062,7.659999847412109,438.7956848144531,2241.414306640625,84.9012680053711,6025.169921875,23689.130859375,5221.89990234375,19.829999923706055
2025-06-24,48.54999923706055,16.90999984741211,76.2301254272461,179.76210021972656,8.0600004196167,442.4539489746094,2253.29443359375,86.39632415771484,6092.18017578125,24177.0703125,5297.06982421875,17.479999542236328
2025-06-25,48.900001525878906,16.979999542236328,76.73469543457031,176.11666870117188,7.940000057220459,433.9179992675781,2243.394287109375,84.57453918457031,6092.16015625,24474.669921875,5252.009765625,16.760000228881836
2025-06-26,48.349998474121094,17.530000686645508,78.18905639648438,173.7859649658203,8.09000015258789,426.84539794921875,2211.713623046875,85.36661529541016,6141.02001953125,24325.400390625,5244.02978515625,16.59000015258789
2025-06-27,47.599998474121094,17.579999923706055,79.2377700805664,183.46730041503906,7.900000095367432,438.30792236328125,2252.3046875,86.247802734375,6173.06982421875,24284.150390625,5325.64013671875,16.31999969482422
2025-06-30,48.70000076293945,17.700000762939453,79.94022369384766,183.82586669921875,7.940000057220459,433.7229309082031,2276.06494140625,86.94087982177734,6204.9501953125,24072.279296875,5303.240234375,16.729999542236328
2025-07-01,,18.209999084472656,84.2043685913086,194.74227905273438,7.889999866485596,457.5747375488281,2290.915283203125,86.0794906616211,6198.009765625,,5282.43017578125,16.829999923706055
2025-07-02,49.20000076293945,18.1299991607666,87.63743591308594,201.84390258789062,7.610000133514404,476.5489196777344,2297.845458984375,85.6240463256836,6227.419921875,24221.41015625,5318.72021484375,16.639999389648438
2025-07-03,50.5,18.139999389648438,87.77593994140625,197.65066528320312,7.820000171661377,474.01251220703125,2327.546142578125,89.30722045898438,6279.35009765625,24069.939453125,5343.14990234375,16.3799991607666
2025-07-04,50.5,,,197.3518524169922,,465.67169189453125,2318.635986328125,,,23916.060546875,5288.81005859375,
2025-07-07,49.5,18.5,84.87712860107422,194.62274169921875,7.429999828338623,463.72064208984375,2376.057373046875,91.55475616455078,6229.97998046875,23887.830078125,5341.5400390625,17.790000915527344
2025-07-08,49.75,18.799999237060547,84.64957427978516,197.21241760253906,7.349999904632568,470.842041015625,2380.017333984375,91.29732513427734,6225.52001953125,24148.0703125,5371.9501953125,16.809999465942383
2025-07-09,49.29999923706055,19.530000686645508,85.68840026855469,199.0052490234375,7.980000019073486,475.9148254394531,2409.71826171875,94.36665344238281,6263.259765625,23892.3203125,5445.64990234375,15.9399995803833
2025-07-10,50.29999923706055,19.739999771118164,91.11997985839844,205.57899475097656,7.980000019073486,492.6452331542969,2449.3193359375,96.673583984375,6280.4599609375,24028.369140625,5438.27001953125,15.779999732971191
2025-07-11,50.0,19.25,90.11083984375,197.8896942138672,7.820000171661377,475.76849365234375,2411.698486328125,97.45576477050781,6259.75,24139.5703125,5383.47998046875,16.399999618530273
2025-07-14,49.400001525878906,19.18000030517578,88.63668060302734,196.19647216796875,7.579999923706055,467.8178405761719,2384.967529296875,100.54488372802734,6268.56005859375,24203.3203125,5370.85009765625,17.200000762939453
2025-07-15,50.04999923706055,18.690000534057617,85.18382263183594,195.87774658203125,7.440000057220459,465.67169189453125,2373.08740234375,100.59439086914062,6243.759765625,24590.119140625,5354.169921875,17.3799991607666
2025-07-16,49.5,18.579999923706055,85.48063659667969,191.43548583984375,7.809999942779541,463.9645080566406,2395.85791015625,99.67359161376953,6263.7001953125,24517.759765625,5298.06982421875,17.15999984741211
2025-07-17,49.25,19.469999313354492,85.6389389038086,191.63467407226562,7.75,465.1839294433594,2370.1171875,101.14884948730469,6297.35986328125,24498.94921875,5377.14990234375,16.520000457763672
2025-07-18,49.0,19.56999969482422,86.2820053100586,196.55503845214844,7.570000171661377,461.1842346191406,2343.38671875,102.39636993408203,6296.7900390625,24825.66015625,5359.22998046875,16.40999984741211
2025-07-21,49.099998474121094,19.40999984741211,85.12446594238281,196.55503845214844,7.590000152587891,457.3308410644531,2305.765625,105.35678100585938,6305.60009765625,24994.140625,5342.97998046875,16.649999618530273
2025-07-22,48.79999923706055,19.530000686645508,88.05296325683594,201.79412841796875,7.760000228881836,454.1603698730469,2278.044921875,105.19837188720703,6309.6201171875,25130.029296875,5290.47998046875,16.5
2025-07-23,48.0,19.8799991607666,88.7257308959961,211.7543487548828,8.380000114440918,468.2080993652344,2330.516357421875,108.08946228027344,6358.91015625,25538.0703125,5344.25,15.369999885559082
2025-07-24,48.599998474121094,19.579999923706055,85.84669494628906,211.5551300048828,8.1899995803833,458.7453918457031,2323.586181640625,107.35679626464844,6363.35009765625,25667.1796875,5355.2001953125,15.390000343322754
2025-07-25,48.04999923706055,19.65999984741211,89.43807220458984,220.91773986816406,8.229999542236328,476.7440185546875,2361.20703125,107.26766967773438,6388.64013671875,25388.349609375,5352.16015625,14.930000305175781
2025-07-28,48.0,19.739999771118164,91.53550720214844,215.04119873046875,8.0,477.2318115234375,2364.17724609375,109.32708740234375,6389.77001953125,25562.130859375,5337.580078125,15.029999732971191
2025-07-29,47.5,19.149999618530273,90.42742919921875,211.6049346923828,7.820000171661377,463.18408203125,2354.277099609375,106.33698272705078,6370.85986328125,25524.44921875,5379.2001953125,15.979999542236328
2025-07-30,46.79999923706055,18.59000015258789,92.66338348388672,215.04119873046875,7.690000057220459,468.988525390625,2247.3544921875,107.12905883789062,6362.89990234375,25176.9296875,5393.18017578125,15.479999542236328
2025-07-31,42.900001525878906,18.190000534057617,92.34678649902344,215.63882446289062,7.699999809265137,460.7940368652344,2129.54150390625,106.96074676513672,6339.39013671875,24773.330078125,5319.919921875,16.719999313354492
2025-08-01,40.599998474121094,16.989999771118164,90.07125854492188,215.2902069091797,7.579999923706055,450.35577392578125,2057.269775390625,105.25776672363281,6238.009765625,24507.810546875,,20.3799991607666
2025-08-04,41.560001373291016,18.309999465942383,91.5157241821289,214.19459533691406,8.039999961853027,450.9898986816406,2076.080078125,110.78253936767578,6329.93994140625,24733.44921875,5242.31982421875,17.520000457763672
2025-08-05,41.29999923706055,18.200000762939453,89.9525375366211,210.55909729003906,8.109999656677246,445.331787109375,2074.10009765625,110.3864974975586,6299.18994140625,24902.529296875,5249.58984375,17.850000381469727
2025-08-06,40.939998626708984,20.84000015258789,89.19072723388672,208.41766357421875,8.34000015258789,446.50244140625,2091.920654296875,111.03997802734375,6345.06005859375,24910.630859375,5263.2900390625,16.770000457763672
2025-08-07,41.220001220703125,20.770000457763672,90.24934387207031,212.25234985351562,7.940000057220459,449.8192443847656,2100.830810546875,107.40629577636719,6340.0,25081.630859375,5332.06982421875,16.56999969482422
2025-08-08,40.41999816894531,19.700000762939453,89.72499084472656,214.79220581054688,8.039999961853027,450.0631408691406,2092.91064453125,108.01025390625,6389.4501953125,24858.8203125,5347.740234375,15.149999618530273
2025-08-11,40.439998626708984,19.420000076293945,88.19147491455078,212.25234985351562,7.840000152587891,446.7950744628906,2016.6788330078125,106.89143371582031,6373.4501953125,24906.810546875,5331.85009765625,16.25
2025-08-12,39.84000015258789,19.6200008392334,90.72422790527344,212.50135803222656,7.880000114440918,445.96588134765625,2025.5889892578125,109.76274108886719,6445.759765625,24969.6796875,5335.97021484375,14.729999542236328
2025-08-13,40.58000183105469,22.030000686645508,94.2463607788086,216.48544311523438,8.180000305175781,458.111328125,2054.2998046875,112.40631103515625,6466.580078125,25613.669921875,5388.25,14.489999771118164
2025-08-14,41.70000076293945,21.360000610351562,88.54764556884766,210.90771484375,7.929999828338623,461.33056640625,2058.259765625,94.74288177490234,6468.5400390625,25519.3203125,5434.7001953125,14.829999923706055
2025-08-15,41.47999954223633,20.940000534057617,90.00199890136719,210.80810546875,8.529999732971191,464.4522705078125,2044.3995361328125,99.74290466308594,6449.7998046875,25270.0703125,5448.60986328125,15.09000015258789
2025-08-18,41.52000045776367,20.5,89.77444458007812,209.41368103027344,8.329999923706055,464.2084045410156,2052.31982421875,98.9211196899414,6449.14990234375,25176.849609375,5434.64013671875,14.989999771118164
2025-08-19,42.0,20.079999923706055,88.91371154785156,215.63882446289062,8.079999923706055,477.9146423339844,2084.990478515625,96.95081329345703,6411.3701171875,25122.900390625,5483.27978515625,15.569999694824219
2025-08-20,41.880001068115234,20.149999618530273,85.6488265991211,220.76832580566406,8.220000267028809,481.475341796875,2082.0205078125,97.89141845703125,6395.77978515625,25165.939453125,5472.31982421875,15.6899995803833
2025-08-21,41.439998626708984,20.420000076293945,86.78659057617188,217.48147583007812,8.119999885559082,473.134521484375,2049.349609375,97.4161605834961,6370.169921875,25104.609375,5462.16015625,16.600000381469727
2025-08-22,41.099998474121094,21.489999771118164,90.25923919677734,222.9097900390625,8.4399995803833,482.9874572753906,2074.10009765625,98.67359161376953,6466.91015625,25339.140625,5488.22998046875,14.220000267028809
2025-08-25,40.31999969482422,21.329999923706055,87.73637390136719,223.35800170898438,8.479999542236328,476.10992431640625,2060.23974609375,97.49536895751953,6439.31982421875,25829.91015625,5443.9599609375,14.789999961853027
2025-08-26,41.779998779296875,21.459999084472656,88.86424255371094,224.55322265625,8.279999732971191,474.35394287109375,2051.32958984375,99.70329284667969,6465.93994140625,25524.919921875,5383.68017578125,14.619999885559082
2025-08-27,43.380001068115234,21.549999237060547,91.62455749511719,228.5871124267578,8.4399995803833,489.7186279296875,2097.860595703125,99.98052978515625,6481.39990234375,25201.759765625,5393.06982421875,14.850000381469727
2025-08-28,44.81999969482422,21.56999969482422,90.79348754882812,234.0652313232422,8.649999618530273,500.54705810546875,2103.80078125,101.59439086914062,6501.85986328125,24998.8203125,5396.72998046875,14.430000305175781
2025-08-29,45.81999969482422,20.59000015258789,90.75392150878906,228.23849487304688,9.279999732971191,491.7672424316406,2070.139892578125,100.81221008300781,6460.259765625,25077.619140625,5351.72998046875,15.359999656677246
2025-09-01,45.2599983215332,,,228.88592529296875,,491.3770751953125,2042.41943359375,,,25617.419921875,5367.080078125,
2025-09-02,46.0,20.59000015258789,90.16796112060547,237.6509246826172,9.449999809265137,500.44952392578125,2019.6488037109375,101.77261352539062,6415.5400390625,25496.55078125,5291.0400390625,17.170000076293945
2025-09-03,46.040000915527344,21.1200008392334,91.3001480102539,235.50946044921875,9.15999984741211,508.0586853027344,2026.5789794921875,103.39637756347656,6448.259765625,25343.4296875,5325.009765625,16.350000381469727
2025-09-04,45.2400016784668,21.760000228881836,86.86077117919922,231.72457885742188,9.729999542236328,486.88958740234375,1998.8582763671875,104.77261352539062,6502.080078125,25058.509765625,5346.7099609375,15.300000190734863
2025-09-05,43.86000061035156,21.280000686645508,88.58885192871094,236.40589904785156,9.479999542236328,484.10931396484375,2018.6588134765625,103.54023742675781,6481.5,25417.98046875,5318.14990234375,15.180000305175781
2025-09-08,44.040000915527344,20.469999313354492,88.24124908447266,237.94972229003906,9.619999885559082,484.0117492675781,2023.60888671875,104.17630767822266,6495.14990234375,25633.91015625,5362.81005859375,15.109999656677246
2025-09-09,45.58000183105469,21.34000015258789,88.09227752685547,232.32220458984375,9.529999732971191,479.9632873535156,2074.10009765625,104.53409576416016,6512.60986328125,25938.130859375,5368.81982421875,15.039999961853027
2025-09-10,46.380001068115234,21.3700008392334,86.83097839355469,232.57119750976562,9.229999542236328,477.7683410644531,2072.1201171875,104.65335845947266,6532.0400390625,26200.259765625,5361.47021484375,15.350000381469727
2025-09-11,45.97999954223633,21.84000015258789,86.21522521972656,238.19873046875,9.34000015258789,475.42706298828125,2088.950439453125,106.21371459960938,6587.47021484375,26086.3203125,5386.77001953125,14.710000038146973
2025-09-12,44.81999969482422,20.450000762939453,83.0768814086914,240.34017944335938,9.149999618530273,478.64630126953125,2069.150146484375,105.81616973876953,6584.2900390625,26388.16015625,5390.7099609375,14.760000228881836
2025-09-15,45.0,21.670000076293945,86.80118560791016,254.33428955078125,9.050000190734863,491.8648376464844,2099.8408203125,109.49345397949219,6615.27978515625,26446.560546875,5440.39990234375,15.6899995803833
2025-09-16,46.880001068115234,21.360000610351562,87.91351318359375,262.2526550292969,9.3100004196167,495.2792053222656,2097.860595703125,108.82756805419922,6606.759765625,26438.509765625,5372.31005859375,16.360000610351562
2025-09-17,48.20000076293945,21.81999969482422,87.56591033935547,265.8881530761719,8.880000114440918,498.7911071777344,2099.8408203125,109.20523071289062,6600.35009765625,26908.390625,5369.7001953125,15.720000267028809
2025-09-18,47.5,21.520000457763672,87.39707946777344,267.6809997558594,8.970000267028809,504.93695068359375,2123.601318359375,112.60423278808594,6631.9599609375,26544.849609375,5456.669921875,15.699999809265137
2025-09-19,47.0,20.5,87.19844818115234,266.8841857910156,8.600000381469727,498.1082458496094,2107.760986328125,113.48876953125,6664.35986328125,26545.099609375,5458.419921875,15.449999809265137
2025-09-22,46.619998931884766,20.049999237060547,86.67207336425781,263.9458923339844,9.029999732971191,494.5963134765625,2092.91064453125,113.18067169189453,6693.75,26344.140625,5442.0498046875,16.100000381469727
2025-09-23,46.2599983215332,20.450000762939453,87.1189956665039,268.926025390625,8.25,510.3999938964844,2111.72119140625,115.42678833007812,6656.919921875,26159.119140625,5472.39013671875,16.639999389648438
2025-09-24,46.97999954223633,20.209999084472656,84.74536895751953,272.3125,8.170000076293945,496.64495849609375,2045.389404296875,112.72349548339844,6637.97021484375,26518.650390625,5464.56005859375,16.18000030517578
2025-09-25,46.31999969482422,19.329999923706055,83.41455078125,269.8224182128906,8.420000076293945,494.40118408203125,2041.4293212890625,107.13800811767578,6604.72021484375,26484.6796875,5444.89013671875,16.739999771118164
2025-09-26,45.5,19.860000610351562,86.0662612915039,273.9061279296875,8.319999694824219,503.08349609375,2048.359375,108.38033294677734,6643.7001953125,26128.19921875,5499.7001953125,15.289999961853027
2025-09-29,46.400001525878906,19.690000534057617,88.51932525634766,286.80462646484375,8.449999809265137,510.3023986816406,2097.860595703125,110.77552795410156,6661.2099609375,26622.880859375,5506.85009765625,16.1200008392334
2025-09-30,46.79999923706055,19.920000076293945,87.5162582397461,281.42608642578125,8.5,507.76605224609375,2062.219970703125,112.52472686767578,6688.4599609375,26855.560546875,5529.9599609375,16.280000686645508
2025-10-01,,20.989999771118164,85.60940551757812,282.2229309082031,7.96999979019165,511.1804504394531,2067.170166015625,113.13097381591797,6711.2001953125,,5581.2099609375,16.290000915527344
2025-10-02,47.779998779296875,21.229999542236328,88.16179656982422,285.7587890625,7.880000114440918,529.6180419921875,2123.601318359375,114.85034942626953,6715.35009765625,27287.119140625,5645.81005859375,16.6299991607666
2025-10-03,46.900001525878906,21.520000457763672,87.41693878173828,296.6652526855469,7.900000095367432,539.5684814453125,2139.44189453125,114.21427917480469,6715.7900390625,27140.919921875,5651.7099609375,16.649999618530273
2025-10-06,46.720001220703125,21.18000030517578,88.05255126953125,291.2369079589844,7.690000057220459,527.17919921875,2086.970458984375,114.78077697753906,6740.27978515625,26957.76953125,5628.72021484375,16.3700008392334
2025-10-07,,20.790000915527344,92.04500579833984,307.9700927734375,7.630000114440918,546.2996826171875,2093.900634765625,114.55220031738281,6714.58984375,,5613.6201171875,17.239999771118164
2025-10-08,44.5,21.149999618530273,95.1039047241211,313.54779052734375,7.880000114440918,561.4204711914062,2133.50146484375,116.0926742553711,6753.72021484375,26829.4609375,5649.72998046875,16.299999237060547
2025-10-09,44.08000183105469,20.510000228881836,93.326171875,310.8585510253906,8.029999732971191,545.5192260742188,2076.080078125,112.78312683105469,6735.10986328125,26752.58984375,5625.56005859375,16.43000030517578
2025-10-10,44.0,19.110000610351562,87.04946899414062,307.7708740234375,7.75,532.6421508789062,2014.69873046875,107.55542755126953,6552.509765625,26290.3203125,5531.31982421875,21.65999984741211
2025-10-13,44.400001525878906,19.979999542236328,92.1045913696289,302.5417785644531,8.020000457763672,527.17919921875,2021.62890625,113.35955810546875,6654.72021484375,25889.48046875,5568.18994140625,19.030000686645508
2025-10-14,42.459999084472656,20.020000457763672,94.34911346435547,297.7110595703125,8.380000114440918,519.7650756835938,2005.7884521484375,115.54605102539062,6644.31005859375,25441.349609375,5552.0498046875,20.809999465942383
2025-10-15,45.720001220703125,20.75,94.61725616455078,311.90435791015625,8.420000076293945,583.2724609375,2153.302001953125,115.97341918945312,6671.06005859375,25910.599609375,5605.02978515625,20.639999389648438
2025-10-16,45.900001525878906,20.709999084472656,96.13678741455078,307.27288818359375,8.170000076293945,587.46728515625,2140.431640625,115.79452514648438,6629.06982421875,25888.509765625,5652.009765625,25.309999465942383
2025-10-17,46.880001068115234,21.18000030517578,100.08950805664062,308.3186950683594,8.319999694824219,590.8816528320312,2169.142578125,116.10261535644531,6664.009765625,25247.099609375,5607.39013671875,20.780000686645508
2025-10-20,47.099998474121094,21.43000030517578,101.81758880615234,323.209228515625,8.930000305175781,597.125,2195.873046875,115.62555694580078,6735.1298828125,25858.830078125,5680.93017578125,18.229999542236328
2025-10-21,47.52000045776367,22.440000534057617,97.86486053466797,322.7112121582031,8.6899995803833,601.7100830078125,2227.5537109375,116.42064666748047,6735.35009765625,26027.55078125,5686.830078125,17.8700008392334
2025-10-22,46.70000076293945,22.440000534057617,97.95423889160156,316.0378723144531,8.699999809265137,607.9535522460938,2177.062744140625,114.62176513671875,6699.39990234375,25781.76953125,5639.2099609375,18.600000381469727
2025-10-23,46.29999923706055,22.6299991607666,98.808349609375,343.5779113769531,9.220000267028809,605.6121826171875,2172.112548828125,114.19440460205078,6738.43994140625,25967.98046875,5668.330078125,17.299999237060547
2025-10-24,49.279998779296875,22.270000457763672,101.46006774902344,330.3307800292969,9.1899995803833,597.5152587890625,2172.112548828125,114.00557708740234,6791.68994140625,26160.150390625,5674.5,16.3700008392334
2025-10-27,50.25,22.540000915527344,99.7717056274414,326.595703125,9.470000267028809,596.5397338867188,2184.982666015625,114.26397705078125,6875.16015625,26433.69921875,5711.06005859375,15.789999961853027
2025-10-28,49.599998474121094,22.209999084472656,98.0833511352539,326.595703125,10.010000228881836,599.5638427734375,2179.042724609375,112.41539764404297,6890.89013671875,26346.140625,5704.35009765625,16.420000076293945
2025-10-29,,21.350000381469727,96.69293975830078,324.6036682128906,9.579999923706055,603.6611328125,2160.232177734375,112.2265625,6890.58984375,,5705.81005859375,16.920000076293945
2025-10-30,47.31999969482422,20.780000686645508,96.94123077392578,311.8047790527344,9.390000343322754,595.1739501953125,2156.272216796875,110.68608093261719,6822.33984375,26282.689453125,5699.18017578125,16.90999984741211
2025-10-31,45.939998626708984,20.75,96.02753448486328,305.5796203613281,9.789999961853027,597.125,2127.561279296875,109.14559936523438,6840.2001953125,25906.650390625,5662.0400390625,17.440000534057617
2025-11-03,46.2599983215332,20.719999313354492,92.61109924316406,303.3883972167969,9.680000305175781,601.7100830078125,2094.890869140625,105.67703247070312,6851.97021484375,26158.359375,5679.25,17.170000076293945
2025-11-04,46.900001525878906,20.709999084472656,92.24363708496094,301.4959716796875,9.430000305175781,596.2470703125,2063.209716796875,105.73666381835938,6771.5498046875,25952.400390625,5660.2001953125,19.0
2025-11-05,45.29999923706055,22.239999771118164,90.46589660644531,301.6453552246094,9.390000343322754,597.807861328125,2077.0703125,108.63873291015625,6796.2900390625,25935.41015625,5669.1298828125,18.010000228881836
2025-11-06,45.099998474121094,21.5,87.17858123779297,290.2408752441406,9.109999656677246,585.321044921875,2022.618896484375,98.20320892333984,6720.31982421875,26485.900390625,5611.18017578125,19.5
2025-11-07,44.400001525878906,22.110000610351562,87.14878845214844,298.7070617675781,8.819999694824219,588.4428100585938,2037.46923828125,103.04330444335938,6728.7998046875,26241.830078125,5566.52978515625,19.079999923706055
2025-11-10,46.31999969482422,21.6200008392334,89.01590728759766,309.2151184082031,8.880000114440918,602.783203125,2065.18994140625,105.4285659790039,6832.43017578125,26649.060546875,5664.4599609375,17.600000381469727
2025-11-11,47.099998474121094,21.700000762939453,90.21760559082031,315.39044189453125,9.149999618530273,617.4161987304688,2141.421875,101.41337585449219,6846.60986328125,26696.41015625,5725.7001953125,17.280000686645508
2025-11-12,48.68000030517578,22.079999923706055,91.37960052490234,312.900390625,9.5,631.3663940429688,2178.052490234375,103.34146881103516,6850.919921875,26922.73046875,5787.31005859375,17.510000228881836
2025-11-13,48.20000076293945,21.6200008392334,89.30391693115234,320.07177734375,9.319999694824219,621.220703125,2142.411865234375,100.14124298095703,6737.490234375,27073.029296875,5742.7900390625,20.0
2025-11-14,46.959999084472656,21.700000762939453,87.57584381103516,319.3247375488281,9.239999771118164,621.4158935546875,2134.49169921875,100.7872543334961,6734.10986328125,26572.4609375,5693.77001953125,19.829999923706055
2025-11-17,47.040000915527344,21.700000762939453,85.50016021728516,312.20318603515625,9.079999923706055,608.73388671875,2103.80078125,101.11521911621094,6672.41015625,26384.279296875,5640.93994140625,22.3799991607666
2025-11-18,45.599998474121094,21.850000381469727,87.45665740966797,308.56768798828125,9.149999618530273,596.3446044921875,2059.249755859375,102.64575958251953,6617.31982421875,25930.029296875,5534.7099609375,24.690000534057617
2025-11-19,46.0,22.049999237060547,85.32140350341797,295.5696105957031,8.670000076293945,594.6862182617188,2088.950439453125,103.7688217163086,6642.16015625,25830.650390625,5542.0498046875,23.65999984741211
2025-11-20,45.20000076293945,22.40999984741211,86.0166015625,293.42816162109375,8.40999984741211,604.4415283203125,2086.970458984375,101.55252075195312,6538.759765625,25835.5703125,5569.919921875,26.420000076293945
2025-11-21,44.279998779296875,23.889999389648438,89.2840576171875,295.0218200683594,8.930000305175781,607.7583618164062,2102.810791015625,104.59371948242188,6602.990234375,25220.01953125,5515.08984375,23.43000030517578
2025-11-24,44.79999923706055,24.0,92.7501449584961,294.4739685058594,9.0,606.490234375,2088.950439453125,105.04096984863281,6705.1201171875,25716.5,5528.669921875,20.520000457763672
2025-11-25,46.0,24.889999389648438,91.3100814819336,297.16326904296875,9.260000228881836,604.14892578125,2104.791015625,107.01873779296875,6765.8798828125,25894.55078125,5573.91015625,18.559999465942383
2025-11-26,46.220001220703125,25.6200008392334,93.05802154541016,297.6612548828125,9.369999885559082,610.0996704101562,2129.54150390625,110.02019500732422,6812.60986328125,25928.080078125,5655.580078125,17.190000534057617
2025-11-27,45.68000030517578,,,295.0218200683594,,612.0507202148438,2091.920654296875,,,25945.9296875,5653.169921875,
2025-11-28,46.08000183105469,25.3700008392334,93.77576446533203,291.63531494140625,9.40999984741211,619.9525756835938,2079.05029296875,108.60891723632812,6849.08984375,25858.890625,5668.169921875,16.350000381469727
2025-12-01,46.459999084472656,25.200000762939453,94.41376495361328,298.3086853027344,9.319999694824219,626.9763793945312,2125.581298828125,111.4115982055664,6812.6298828125,26033.259765625,5667.47998046875,17.239999771118164
2025-12-02,46.099998474121094,25.15999984741211,99.3283462524414,293.32855224609375,9.600000381469727,625.9924926757812,2096.870849609375,108.58904266357422,6829.3701171875,26095.05078125,5686.169921875,16.59000015258789
2025-12-03,45.619998931884766,27.3799991607666,101.71086883544922,292.73095703125,9.729999542236328,620.1871337890625,2083.01025390625,111.23269653320312,6849.72021484375,25760.73046875,5694.56005859375,16.079999923706055
2025-12-04,44.86000061035156,27.65999984741211,103.49526977539062,294.1752014160156,9.710000038146973,622.9421997070312,2099.8408203125,114.3534164428711,6857.1201171875,25935.900390625,5718.080078125,15.779999732971191
2025-12-05,44.599998474121094,27.040000915527344,104.8011703491211,294.3245849609375,9.729999542236328,618.0223999023438,2143.40185546875,115.9890365600586,6870.39990234375,26085.080078125,5723.93017578125,15.40999984741211
2025-12-08,45.060001373291016,26.270000457763672,102.4585189819336,290.7388916015625,9.640000343322754,615.1690063476562,2110.73095703125,116.95643615722656,6846.509765625,25765.359375,5725.58984375,16.65999984741211
2025-12-09,45.040000915527344,25.93000030517578,102.31896209716797,285.3603820800781,9.800000190734863,606.4117431640625,2097.860595703125,117.89392852783203,6840.509765625,25434.23046875,5718.31982421875,16.93000030517578
2025-12-10,45.119998931884766,26.010000228881836,106.94445037841797,287.6512145996094,9.630000114440918,608.8716430664062,2107.760986328125,117.41521453857422,6886.68017578125,25540.779296875,5708.1201171875,15.770000457763672
2025-12-11,44.79999923706055,26.709999084472656,105.22982788085938,290.6891174316406,9.670000076293945,615.1690063476562,2109.7412109375,123.1598129272461,6901.0,25530.509765625,5753.9599609375,14.850000381469727
2025-12-12,46.0,26.030000686645508,103.7743911743164,295.0218200683594,9.350000381469727,614.480224609375,2112.7109375,122.88056182861328,6827.41015625,25976.7890625,5720.7099609375,15.739999771118164
2025-12-15,45.540000915527344,25.969999313354492,100.71399688720703,302.840576171875,9.100000381469727,616.0545043945312,2130.531494140625,123.24957275390625,6816.509765625,25628.880859375,5752.52001953125,16.5
2025-12-16,45.099998474121094,25.709999084472656,104.06348419189453,308.66729736328125,8.869999885559082,626.2876586914062,2137.4619140625,122.76087951660156,6800.259765625,25235.41015625,5717.830078125,16.479999542236328
2025-12-17,45.279998779296875,25.260000228881836,104.97064208984375,311.7549743652344,8.510000228881836,621.564697265625,2094.890869140625,121.86328887939453,6721.43017578125,25468.779296875,5681.669921875,17.6200008392334
2025-12-18,46.68000030517578,25.389999389648438,107.60238647460938,309.0657043457031,8.880000114440918,627.1732788085938,2122.611328125,125.06470489501953,6774.759765625,25498.130859375,5741.7099609375,16.8700008392334
2025-12-19,47.099998474121094,25.25,107.66219329833984,301.3465270996094,9.010000228881836,621.564697265625,2081.0302734375,125.08464813232422,6834.5,25690.529296875,5760.35009765625,14.90999984741211
2025-12-22,44.900001525878906,25.260000228881836,108.31016540527344,303.9361877441406,8.890000343322754,617.62890625,2085.98046875,128.6251678466797,6878.490234375,25801.76953125,5743.68994140625,14.079999923706055
2025-12-23,45.20000076293945,24.899999618530273,107.3033218383789,298.2588806152344,8.5600004196167,617.2352905273438,2061.229736328125,129.09390258789062,6909.7900390625,25774.140625,5749.27978515625,14.0
2025-12-24,45.560001373291016,24.809999465942383,107.14382934570312,302.3923645019531,8.600000381469727,621.958251953125,2074.10009765625,129.85186767578125,6932.0498046875,25818.9296875,,13.470000267028809
2025-12-26,,24.989999771118164,107.31329345703125,,8.460000038146973,,,130.9489288330078,6929.93994140625,,,13.600000381469727
2025-12-29,45.040000915527344,24.610000610351562,106.36625671386719,297.8106689453125,8.529999732971191,623.0406494140625,2080.040283203125,129.99148559570312,6905.740234375,25635.23046875,5751.7099609375,14.199999809265137
2025-12-30,45.060001373291016,24.510000228881836,105.50894927978516,299.3046875,8.479999542236328,629.042724609375,2100.830810546875,129.18365478515625,6896.240234375,25854.599609375,5796.22021484375,14.329999923706055
2025-12-31,44.97999954223633,24.399999618530273,104.3924560546875,299.8027038574219,8.350000381469727,634.6513061523438,2100.830810546875,127.4283676147461,6845.5,25630.5390625,,14.949999809265137
2026-01-02,44.70000076293945,24.389999389648438,106.42607879638672,303.3883972167969,8.359999656677246,631.5026245117188,2083.01025390625,128.7248992919922,6858.47021484375,26338.470703125,,14.510000228881836
2026-01-05,43.29999923706055,24.670000076293945,107.82170104980469,303.78680419921875,8.149999618530273,632.486572265625,2091.920654296875,128.18634033203125,6902.0498046875,26347.240234375,5923.68994140625,14.899999618530273
2026-01-06,43.720001220703125,25.770000457763672,108.21047973632812,314.2948303222656,8.359999656677246,634.0609741210938,2120.631103515625,132.8238983154297,6944.81982421875,26710.44921875,5931.7900390625,14.75
2026-01-07,43.279998779296875,25.479999542236328,104.94073486328125,303.0895690917969,8.0,619.2031860351562,2080.040283203125,130.61981201171875,6920.93017578125,26458.94921875,5923.56982421875,15.380000114440918
2026-01-08,42.599998474121094,26.170000076293945,109.92509460449219,308.56768798828125,8.25,624.3197631835938,2115.68115234375,133.16299438476562,6921.4599609375,26149.310546875,5904.31982421875,15.449999809265137
2026-01-09,43.20000076293945,26.1200008392334,113.37427520751953,316.1374816894531,8.260000228881836,641.6373291015625,2194.88330078125,133.99078369140625,6966.27978515625,26231.7890625,5997.47021484375,14.489999771118164
2026-01-12,42.540000915527344,25.479999542236328,112.66648864746094,313.0,8.380000114440918,637.8983154296875,2195.873046875,133.34251403808594,6977.27001953125,26608.48046875,6016.2998046875,15.119999885559082
2026-01-13,43.13999938964844,26.139999389648438,115.00914764404297,309.25,8.470000267028809,636.2255859375,2215.673583984375,134.0207061767578,6963.740234375,26848.470703125,6029.830078125,15.979999542236328
2026-01-14,42.70000076293945,25.739999771118164,116.5443344116211,311.25,8.170000076293945,627.6652221679688,2217.653564453125,132.81393432617188,6926.60009765625,26999.810546875,6005.0498046875,16.75
2026-01-15,42.880001068115234,25.670000076293945,115.28826904296875,301.3999938964844,8.130000114440918,615.6609497070312,2213.693603515625,132.7042236328125,6944.47021484375,26923.619140625,6041.14013671875,15.84000015258789
2026-01-16,42.20000076293945,24.84000015258789,114.69014739990234,288.70001220703125,8.119999885559082,599.4257202148438,2168.15234375,130.34056091308594,6940.009765625,26844.9609375,6029.4501953125,15.859999656677246
2026-01-19,41.7400016784668,,,276.8500061035156,,573.4492797851562,2091.920654296875,,,26563.900390625,5925.81982421875,
2026-01-20,41.779998779296875,24.450000762939453,114.10198974609375,269.6499938964844,8.029999732971191,560.8546142578125,2067.170166015625,128.8146514892578,6796.85986328125,26487.509765625,5892.080078125,20.09000015258789
2026-01-21,41.36000061035156,24.950000762939453,117.50132751464844,274.70001220703125,8.300000190734863,575.810791015625,2077.0703125,131.8864288330078,6875.6201171875,26585.060546875,5882.8798828125,16.899999618530273
2026-01-22,41.79999923706055,25.25,119.11625671386719,280.04998779296875,8.390000343322754,586.142333984375,2109.7412109375,129.17369079589844,6913.35009765625,26629.9609375,5956.169921875,15.640000343322754
2026-01-23,41.7599983215332,24.670000076293945,117.32189178466797,274.95001220703125,8.210000038146973,581.9113159179688,2108.7509765625,129.69229125976562,6915.60986328125,26749.509765625,5948.2001953125,16.09000015258789
2026-01-26,41.459999084472656,24.350000381469727,116.02595520019531,272.5,8.369999885559082,578.5658569335938,2118.651123046875,125.84262084960938,6950.22998046875,26765.51953125,5957.7998046875,16.149999618530273
2026-01-27,41.18000030517578,23.889999389648438,116.07579803466797,274.5,8.369999885559082,579.844970703125,2108.7509765625,127.19898223876953,6978.60009765625,27126.94921875,5994.58984375,16.350000381469727
2026-01-28,40.279998779296875,23.040000915527344,114.26148986816406,266.20001220703125,8.069999694824219,534.091064453125,2029.549072265625,125.66310119628906,6978.02978515625,27826.91015625,5933.2001953125,16.350000381469727
2026-01-29,40.2400016784668,22.959999084472656,114.84964752197266,262.70001220703125,7.949999809265137,533.697509765625,2006.778564453125,126.98954772949219,6969.009765625,27968.08984375,5891.9501953125,16.8799991607666
2026-01-30,40.040000915527344,22.56999969482422,114.91942596435547,264.1499938964844,7.849999904632568,538.1253051757812,2008.758544921875,126.57067108154297,6939.02978515625,27387.109375,5947.81005859375,17.440000534057617
2026-02-02,39.91999816894531,23.139999389648438,118.38854217529297,258.54998779296875,7.929999828338623,529.6632080078125,2011.7286376953125,129.3232879638672,6976.43994140625,26775.5703125,6007.509765625,16.34000015258789
2026-02-03,39.459999084472656,20.079999923706055,115.90632629394531,258.54998779296875,7.570000171661377,520.512451171875,1982.02783203125,126.69034576416016,6917.81005859375,26834.76953125,5995.35009765625,18.0
2026-02-04,39.880001068115234,20.75,119.23588562011719,264.3500061035156,7.539999961853027,527.49853515625,2014.69873046875,129.57261657714844,6882.72021484375,26847.3203125,5970.47021484375,18.639999389648438
2026-02-05,40.84000015258789,19.670000076293945,96.357666015625,259.5,7.349999904632568,529.5648803710938,2028.55908203125,142.80714416503906,6798.39990234375,26885.240234375,5925.7001953125,21.770000457763672
2026-02-06,40.47999954223633,20.18000030517578,99.15887451171875,258.04998779296875,7.429999828338623,527.596923828125,2034.4991455078125,151.6933135986328,6932.2998046875,26559.94921875,5998.39990234375,20.3700008392334
2026-02-09,41.15999984741211,20.059999465942383,98.7003173828125,259.70001220703125,7.730000019073486,526.809814453125,2051.32958984375,154.2364959716797,6964.81982421875,27027.16015625,6059.009765625,17.360000610351562
2026-02-10,41.58000183105469,20.18000030517578,100.99311828613281,288.0,9.359999656677246,529.0728759765625,2102.810791015625,152.77041625976562,6941.81005859375,27183.150390625,6047.06005859375,17.790000915527344
2026-02-11,41.7400016784668,20.670000076293945,105.06035614013672,279.70001220703125,9.949999809265137,516.6749877929688,2098.850830078125,154.25643920898438,6941.47021484375,27266.380859375,6035.64013671875,17.649999618530273
2026-02-12,42.400001525878906,19.969999313354492,106.0871353149414,281.20001220703125,10.079999923706055,516.0846557617188,2152.312255859375,152.25181579589844,6832.759765625,27032.5390625,6011.2900390625,20.81999969482422
2026-02-13,41.880001068115234,20.420000076293945,107.90144348144531,284.3500061035156,10.510000228881836,505.9499206542969,2125.581298828125,153.38877868652344,6836.169921875,26567.119140625,5985.22998046875,20.600000381469727
2026-02-16,40.91999816894531,,,270.8500061035156,,509.984130859375,2064.056640625,,,26705.939453125,5978.8798828125,
2026-02-17,,20.3799991607666,111.78924560546875,272.8999938964844,10.270000457763672,519.2333374023438,2056.117919921875,153.4386444091797,6843.22021484375,,6021.85009765625,20.290000915527344
2026-02-18,,21.049999237060547,111.25093078613281,276.3500061035156,9.890000343322754,525.3338623046875,2053.140869140625,154.58555603027344,6881.31005859375,,6103.3701171875,19.6200008392334
2026-02-19,,21.350000381469727,111.39049530029297,275.5,9.770000457763672,522.9723510742188,2023.370849609375,151.8927764892578,6861.89013671875,,6059.6201171875,20.229999542236328
2026-02-20,42.20000076293945,22.149999618530273,113.87271118164062,278.0,9.720000267028809,545.8001098632812,2095.811279296875,156.6699676513672,6909.509765625,26413.349609375,6131.31005859375,19.09000015258789
2026-02-23,43.5,20.469999313354492,112.66648864746094,286.5,9.5,549.0471801757812,2089.857421875,152.5609893798828,6837.75,27081.91015625,6113.919921875,21.010000228881836
2026-02-24,42.63999938964844,20.329999923706055,114.92939758300781,285.1000061035156,9.869999885559082,552.7861938476562,2064.056640625,154.09686279296875,6890.06982421875,26590.3203125,6116.60009765625,19.549999237060547
2026-02-25,43.0,20.260000228881836,112.56680297851562,287.79998779296875,9.630000114440918,544.1273803710938,2046.194580078125,156.50042724609375,6946.1298828125,26765.720703125,6173.31982421875,17.93000030517578
2026-02-26,43.81999969482422,20.780000686645508,111.54999542236328,288.75,9.609999656677246,542.7498168945312,2044.2098388671875,160.06088256835938,6908.85986328125,26381.01953125,6161.56005859375,18.6299991607666
2026-02-27,44.5,20.510000228881836,109.47000122070312,285.8999938964844,9.670000076293945,535.3701782226562,2033.294189453125,155.05430603027344,6878.8798828125,26630.5390625,6138.41015625,19.860000610351562
2026-03-02,43.68000030517578,19.469999313354492,100.19000244140625,271.5,9.680000305175781,512.1488647460938,1951.9227294921875,156.0017547607422,6881.6201171875,26059.849609375,5986.93017578125,21.440000534057617
2026-03-03,43.20000076293945,18.969999313354492,98.70999908447266,254.25,9.270000457763672,494.1424560546875,1882.9554443359375,154.00711059570312,6816.6298828125,25768.080078125,5771.72998046875,23.56999969482422
2026-03-04,42.380001068115234,18.959999084472656,99.20999908447266,256.8999938964844,9.420000076293945,499.2590026855469,1915.2064208984375,156.49046325683594,6869.5,25249.48046875,5870.919921875,21.149999618530273
2026-03-05,43.380001068115234,18.690000534057617,95.87000274658203,257.95001220703125,9.380000114440918,497.6846923828125,1884.940185546875,149.20001220703125,6830.7099609375,25321.33984375,5782.89013671875,23.75
2026-03-06,40.880001068115234,17.950000762939453,92.72000122070312,257.3999938964844,8.989999771118164,494.1424560546875,1890.8941650390625,144.14999389648438,6740.02001953125,25757.2890625,5719.89990234375,29.489999771118164
2026-03-09,39.2400016784668,18.31999969482422,92.62999725341797,254.75,8.75,489.71466064453125,1889.4056396484375,145.5,6795.990234375,25408.4609375,5685.2001953125,25.5
2026-03-10,39.08000183105469,18.600000381469727,94.2699966430664,262.6499938964844,8.8100004196167,496.4055480957031,1933.068359375,148.27000427246094,6781.47998046875,25959.900390625,5837.169921875,24.93000030517578
2026-03-11,39.79999923706055,17.860000610351562,91.54000091552734,259.70001220703125,8.710000038146973,492.2729187011719,1905.7791748046875,145.4199981689453,6775.7998046875,25898.759765625,5794.68017578125,24.229999542236328
2026-03-12,39.91999816894531,18.290000915527344,84.29000091552734,255.75,8.3100004196167,487.0579833984375,1886.4285888671875,142.6699981689453,6672.6201171875,25716.759765625,5748.89013671875,27.290000915527344
2026-03-13,39.08000183105469,18.579999923706055,87.87999725341797,248.6999969482422,8.079999923706055,466.0997314453125,1858.643310546875,142.10000610351562,6632.18994140625,25465.599609375,5716.60986328125,27.190000534057617
2026-03-16,38.70000076293945,18.360000610351562,88.76000213623047,249.6999969482422,8.289999961853027,471.314697265625,1864.5972900390625,141.77999877929688,6699.3798828125,25834.01953125,5739.009765625,23.510000228881836
2026-03-17,39.20000076293945,18.530000686645508,88.91000366210938,247.60000610351562,8.380000114440918,464.6729736328125,1828.3770751953125,143.16000366210938,6716.08984375,25868.5390625,5769.25,22.3700008392334
2026-03-18,38.34000015258789,18.209999084472656,86.0199966430664,243.6999969482422,8.199999809265137,461.0323486328125,1835.3233642578125,140.2899932861328,6624.7001953125,26025.419921875,5736.85009765625,25.09000015258789
2026-03-19,38.0,18.540000915527344,85.5999984741211,232.60000610351562,8.050000190734863,452.8655090332031,1728.6473388671875,142.8000030517578,6606.490234375,25500.580078125,5613.830078125,24.059999465942383
2026-03-20,36.84000015258789,18.09000015258789,85.91999816894531,234.14999389648438,7.639999866485596,450.6024475097656,1643.306640625,140.8800048828125,6506.47998046875,25277.3203125,5501.27978515625,26.780000686645508
2026-03-23,37.099998474121094,18.290000915527344,79.29000091552734,245.1999969482422,7.940000057220459,459.1136474609375,1636.8564453125,144.4199981689453,6581.0,24382.470703125,5574.31982421875,26.149999618530273
2026-03-24,38.41999816894531,18.270000457763672,71.4800033569336,247.9499969482422,7.929999828338623,453.35748291015625,1636.8564453125,144.02000427246094,6556.3701171875,25063.7109375,5581.2900390625,26.950000762939453
2026-03-25,39.2400016784668,18.31999969482422,73.11000061035156,252.0500030517578,8.399999618530273,454.93182373046875,1655.7108154296875,146.17999267578125,6591.89990234375,25335.94921875,5649.330078125,25.329999923706055
2026-03-26,38.70000076293945,17.540000915527344,69.75,252.1999969482422,8.130000114440918,450.9468078613281,1628.421630859375,141.41000366210938,6477.16015625,24856.4296875,5565.93017578125,27.440000534057617
2026-03-27,37.099998474121094,17.270000457763672,67.2300033569336,248.3000030517578,7.829999923706055,448.4377136230469,1609.071044921875,138.83999633789062,6368.85009765625,24951.880859375,5505.7998046875,31.049999237060547
2026-03-30,36.5,16.790000915527344,67.9800033569336,256.5,7.849999904632568,456.2109680175781,1609.5672607421875,136.9199981689453,6343.72021484375,24750.7890625,5541.7900390625,30.610000610351562
2026-03-31,36.91999816894531,17.6200008392334,71.7699966430664,256.6000061035156,8.0,455.6697998046875,1596.6668701171875,141.11000061035156,6528.52001953125,24788.140625,5569.72998046875,25.25
2026-04-01,37.540000915527344,17.969999313354492,70.70999908447266,263.20001220703125,7.760000228881836,463.54144287109375,1656.703125,144.35000610351562,6575.31982421875,25294.029296875,5732.7099609375,24.540000915527344
2026-04-02,37.040000915527344,17.959999084472656,69.12000274658203,265.25,7.789999961853027,463.4922180175781,1654.718505859375,141.1999969482422,6582.68994140625,25116.529296875,5692.85986328125,23.8700008392334
2026-04-06,,18.75,70.91000366210938,,8.050000190734863,,,143.6999969482422,6611.830078125,,,24.170000076293945
2026-04-07,,18.420000076293945,69.16999816894531,257.75,7.820000171661377,459.359619140625,1635.8641357421875,140.1999969482422,6616.85009765625,,5633.22021484375,25.780000686645508
2026-04-08,38.2400016784668,19.459999084472656,71.44000244140625,277.25,8.5600004196167,490.8462219238281,1754.4481201171875,150.57000732421875,6782.81005859375,25893.01953125,5913.3701171875,21.040000915527344
2026-04-09,38.400001525878906,19.81999969482422,73.29000091552734,274.45001220703125,8.479999542236328,476.1852722167969,1738.0745849609375,152.6199951171875,6824.66015625,25752.400390625,5896.2900390625,19.489999771118164
2026-04-10,38.91999816894531,19.8799991607666,72.66999816894531,276.45001220703125,8.760000228881836,475.5456848144531,1744.028564453125,150.3000030517578,6816.89013671875,25893.5390625,5926.10986328125,19.229999542236328
2026-04-13,37.7599983215332,20.06999969482422,74.55000305175781,272.04998779296875,9.039999961853027,474.02056884765625,1748.494140625,149.97000122070312,6886.240234375,25660.849609375,5905.02001953125,19.1200008392334
2026-04-14,37.720001220703125,19.770000457763672,76.41999816894531,280.0,8.510000228881836,473.72540283203125,1769.3331298828125,150.8699951171875,6967.3798828125,25872.3203125,5984.509765625,18.360000610351562
2026-04-15,36.97999954223633,19.770000457763672,76.5999984741211,254.0,8.899999618530273,474.16815185546875,1623.9560546875,151.3699951171875,7022.9501953125,25947.3203125,5940.33984375,18.170000076293945
2026-04-16,37.31999969482422,19.81999969482422,75.33999633789062,246.1999969482422,8.6899995803833,476.2836608886719,1641.818115234375,150.69000244140625,7041.27978515625,26394.259765625,5933.27978515625,17.940000534057617
2026-04-17,36.959999084472656,20.899999618530273,76.19999694824219,253.60000610351562,8.890000343322754,491.3873596191406,1727.655029296875,155.85000610351562,7126.06005859375,26160.330078125,6057.7099609375,17.479999542236328
2026-04-20,38.380001068115234,21.280000686645508,77.8499984741211,248.1999969482422,9.119999885559082,482.6793518066406,1683.0,153.61000061035156,7109.14013671875,26361.0703125,5982.6298828125,18.8700008392334
2026-04-21,39.29999923706055,21.18000030517578,75.86000061035156,243.1999969482422,8.90999984741211,478.2023620605469,1676.0,150.5,7064.009765625,26487.48046875,5930.25,19.5
2026-04-22,38.7599983215332,20.84000015258789,76.66000366210938,238.10000610351562,9.130000114440918,466.6900939941406,1645.5,146.1699981689453,7137.89990234375,26163.240234375,5906.22021484375,18.920000076293945
2026-04-23,37.7599983215332,20.739999771118164,76.4000015258789,238.14999389648438,9.029999732971191,467.5756530761719,1674.0,146.4499969482422,7108.39990234375,25915.19921875,5894.72998046875,19.309999465942383
2026-04-24,37.52000045776367,20.6299991607666,77.81999969482422,240.0500030517578,8.869999885559082,464.0826110839844,1648.0,145.88999938964844,7165.080078125,25978.0703125,5883.47998046875,18.709999084472656
2026-04-27,36.560001373291016,20.360000610351562,77.31999969482422,243.75,8.8100004196167,459.95001220703125,1658.0,146.47000122070312,7173.91015625,25925.650390625,5860.31982421875,18.020000457763672
2026-04-28,35.63999938964844,19.84000015258789,77.0999984741211,236.10000610351562,8.970000267028809,454.75,1622.5,143.83999633789062,7138.7998046875,25679.779296875,5836.10009765625,17.829999923706055
2026-04-29,35.5,19.299999237060547,75.69000244140625,232.5500030517578,8.829999923706055,448.45001220703125,1607.5,141.60000610351562,7135.9501953125,26111.83984375,5816.47998046875,18.809999465942383
2026-04-30,34.70000076293945,19.510000228881836,76.70999908447266,232.64999389648438,9.0,451.3999938964844,1623.5,145.0399932861328,7209.009765625,25776.529296875,5881.509765625,16.889999389648438
2026-05-01,,19.6299991607666,79.30000305175781,,9.0,,,142.74000549316406,7230.1201171875,,,16.989999771118164
2026-05-04,36.08000183105469,18.610000610351562,81.33000183105469,227.25,8.890000343322754,444.95001220703125,1588.5,139.74000549316406,7200.75,26095.880859375,5763.60986328125,18.290000915527344
