video_id,comment_id,text,likes,date,author,video_title,video_query
PMd1at7OwiE,UgzOiNyoEmOeSEmngMF4AaABAg,"It shouldve been titled "" The Devil Still Wears Prada""",1951,2026-04-07,@MongoPraise,The Devil Wears Prada 2 | Final Trailer,devil wears prada 2 trailer
PMd1at7OwiE,UgxwlJeftASRTrE9zKB4AaABAg,"""May the bridges I burn light my way"" - oh I died here!! 🤣🤣🤣",4256,2026-04-06,@margogoldfinch8728,The Devil Wears Prada 2 | Final Trailer,devil wears prada 2 trailer
PMd1at7OwiE,Ugw5OizdbfjaQhTRZT14AaABAg,“Who gives away Chanel?” RIGHT SIS!,5405,2026-04-06,@jdd0815,The Devil Wears Prada 2 | Final Trailer,devil wears prada 2 trailer
PMd1at7OwiE,UgwxjJkmutFfsVtPVXZ4AaABAg,I’m so scared. Doing a sequel to such an iconic movie is dangerous.,4468,2026-04-10,@Hulahoopish,The Devil Wears Prada 2 | Final Trailer,devil wears prada 2 trailer
PMd1at7OwiE,UgwPqXSJmhqmZB_E9gB4AaABAg,"2012: Born this way 
2026: Born for the runway",1789,2026-04-09,@Gie-s4r,The Devil Wears Prada 2 | Final Trailer,devil wears prada 2 trailer
PMd1at7OwiE,UgxITVDmAolNUmFMMQx4AaABAg,"Please don't flop 
Please don't flop 
PLEASE DON'T FLOP",11476,2026-04-06,@DarkNguyen2203,The Devil Wears Prada 2 | Final Trailer,devil wears prada 2 trailer
PMd1at7OwiE,UgxuKT0Gx6jzjNDp9b94AaABAg,The fact that they got Meryl Streep to do a sequel is very impressive.,2813,2026-04-06,@Rasim9898,The Devil Wears Prada 2 | Final Trailer,devil wears prada 2 trailer
PMd1at7OwiE,UgyhokVKi8KqsPLPgSN4AaABAg,I'M HEARING LADY GAGA AND DOECHII,9777,2026-04-06,@thecosmiclordgaming3589,The Devil Wears Prada 2 | Final Trailer,devil wears prada 2 trailer
PMd1at7OwiE,UgzhtIi7ft7hudEIkkV4AaABAg,1:12 Im so happy to see him for no reason 😭,462,2026-04-08,@niluferaktas3505,The Devil Wears Prada 2 | Final Trailer,devil wears prada 2 trailer
PMd1at7OwiE,UgwRAhoxk31XiZo9dat4AaABAg,Can't believe it's been 20 years since the original!,183,2026-04-28,@druscanam,The Devil Wears Prada 2 | Final Trailer,devil wears prada 2 trailer
PMd1at7OwiE,UgxUnIHosi4KQDk_M114AaABAg,I really hope the movie doesn't flop,4004,2026-04-06,@HeisenbergFam,The Devil Wears Prada 2 | Final Trailer,devil wears prada 2 trailer
PMd1at7OwiE,Ugwt7gKwtr4lG0b5AaV4AaABAg,"""That's all"" 
And Emily's dialogue ""I just love my job"" is now Miranda saying it.",938,2026-04-06,@mihir5451,The Devil Wears Prada 2 | Final Trailer,devil wears prada 2 trailer
PMd1at7OwiE,UgyHJ89KLg6exe3PERV4AaABAg,"A SEQUEL; FOR SPRING?  ""GROUND BRAKING"" !!!!!!!!!!!!!!!!!!!

Yes mother, we've been waiting for 2 dacades!",1031,2026-04-06,@s.aturean1829,The Devil Wears Prada 2 | Final Trailer,devil wears prada 2 trailer
PMd1at7OwiE,Ugz2bMwiA-ir7XrheBR4AaABAg,The way Stanley Tucci picks out the precisely perfect outfits based on her skin color etc! I wish he would do that for me!,278,2026-04-08,@KellysMagicalRealm,The Devil Wears Prada 2 | Final Trailer,devil wears prada 2 trailer
PMd1at7OwiE,UgzYFS_Fo4oY7aE9BM94AaABAg,"For any millennials who lives and breathe nostalgia, this is the movie of the century for you. This feels like a grown up version of the first sequel and everyone of us can relate. It’s everything you love about the original, the fashion, the story telling, the characters, the cinematography. This is the movie I would pay to watch again and again and again. It is that good.",60,2026-05-01,@Visdemhvemduer,The Devil Wears Prada 2 | Final Trailer,devil wears prada 2 trailer
PMd1at7OwiE,UgxPYROl_IyXa6fKksN4AaABAg,I recognize a Caleb Hearon appearance in the wild even if it's just a split second,933,2026-04-06,@literallysatan4598,The Devil Wears Prada 2 | Final Trailer,devil wears prada 2 trailer
PMd1at7OwiE,Ugzw8IzD8ZprVM2rSaF4AaABAg,Lady Gaga and Doechii ❤‍🔥 SOTY ✨,2803,2026-04-06,@DADAJV,The Devil Wears Prada 2 | Final Trailer,devil wears prada 2 trailer
PMd1at7OwiE,UgywB3AjJIFm_fY6oSt4AaABAg,Lady Gaga and Doechi. Thats an easy Grammy win for Best Pop Duo.,1726,2026-04-06,@paulglennarciaga6895,The Devil Wears Prada 2 | Final Trailer,devil wears prada 2 trailer
PMd1at7OwiE,Ugx9cgFbuUq7ErTSL214AaABAg,"Me when i resign of my current work: ""May the bridges I burn, light my way""",9,2026-04-14,@reynaldodeasisjr.3611,The Devil Wears Prada 2 | Final Trailer,devil wears prada 2 trailer
PMd1at7OwiE,Ugw3Pk_DayDHKkg9dFZ4AaABAg,Just watched it at the cinema it was exceptional a real nostalgic 2000 comedy and it gave that unattainable unreachable fashion of the early 2000s feel which I guess me personally I really miss,11,2026-04-30,@zeezeenu,The Devil Wears Prada 2 | Final Trailer,devil wears prada 2 trailer
PMd1at7OwiE,UgyqE7YZfHrMVw156AR4AaABAg,"LADY GAGA AND DOECHI in a song together ??? Hello ?? I was not ready for this 😭 this was such a surprise , doechi is sounding so sassy let's go",509,2026-04-06,@YAmi_2028,The Devil Wears Prada 2 | Final Trailer,devil wears prada 2 trailer
PMd1at7OwiE,Ugx7Xjd08WrLefkH6qh4AaABAg,I guess this means Nigel never got promoted.,151,2026-04-07,@DeborahHMarks,The Devil Wears Prada 2 | Final Trailer,devil wears prada 2 trailer
PMd1at7OwiE,UgwEUHutmzbUCL91Ivt4AaABAg,It looks like it got a new color grading since the last trailers. The saturation/contrast is sooo much better. Thank god. That’s all.,684,2026-04-06,@garrisonrule3032,The Devil Wears Prada 2 | Final Trailer,devil wears prada 2 trailer
PMd1at7OwiE,Ugz8_EYm6lodcZkqC1l4AaABAg,this is the only sequel in recent memory that didn't instantly repulse me,4,2026-04-09,@t0pang4,The Devil Wears Prada 2 | Final Trailer,devil wears prada 2 trailer
PMd1at7OwiE,Ugx5VvqvPD5JbRo03Qp4AaABAg,"I watched this movie tonight! I will give no spoilers—I was so scared it would suck—I LOVED IT! Watch it, you won’t be sorry! ❤ “that’s all”",1,2026-05-04,@greeneyedsoutherngirl6468,The Devil Wears Prada 2 | Final Trailer,devil wears prada 2 trailer
PMd1at7OwiE,UgzrDYmQDpPBXHIhxKt4AaABAg,"""Omg, just hide a feeling for once please""😆😆😆🤣🤣🤣🔥🔥",330,2026-04-06,@siddchavan2881,The Devil Wears Prada 2 | Final Trailer,devil wears prada 2 trailer
PMd1at7OwiE,UgzFFbutQHW-X_nh2Ql4AaABAg,"1:24 Remember what Nigel told you, Andy: “You'll take what I give you, and you'll like it.”",392,2026-04-06,@BryanRombot,The Devil Wears Prada 2 | Final Trailer,devil wears prada 2 trailer
PMd1at7OwiE,UgwkmrPS67Yk9_TbQg94AaABAg,What i like about 20th century fox is how they don't just reuse the same scenes that were in every other trailer for a movie but they at least try to show us some new scenes that don't completely spoil the movie.,352,2026-04-06,@Definitelynotahacker,The Devil Wears Prada 2 | Final Trailer,devil wears prada 2 trailer
PMd1at7OwiE,UgyMkB1rCFEKSP1oMiN4AaABAg,Did not disappoint.,1,2026-05-04,@robynfoxclay5363,The Devil Wears Prada 2 | Final Trailer,devil wears prada 2 trailer
PMd1at7OwiE,UgzJSviEEOZxl97Idnt4AaABAg,The movie is lit. Everyone had their good closure,2,2026-05-02,@clementkhoo4447,The Devil Wears Prada 2 | Final Trailer,devil wears prada 2 trailer
PMd1at7OwiE,UgzamrEArg6x1ob4JYd4AaABAg,Why is no one talking about Simone Ashley?? I am here for her 😍,584,2026-04-06,@user-vi1mw3xo7p,The Devil Wears Prada 2 | Final Trailer,devil wears prada 2 trailer
PMd1at7OwiE,UgzwDjtmlrAVYgNmivZ4AaABAg,From Born This Way to Born for the Runway,269,2026-04-06,@star.wars_rogue.one1,The Devil Wears Prada 2 | Final Trailer,devil wears prada 2 trailer
PMd1at7OwiE,UgzRrVXeohD0bZJHaRx4AaABAg,LADY GAGA AND DOECHII,1205,2026-04-06,@AndrewKomorowski97,The Devil Wears Prada 2 | Final Trailer,devil wears prada 2 trailer
PMd1at7OwiE,Ugwq4OW6Ho_5TwcLXnh4AaABAg,How did they age so well?! Makes me fall in love again after 20 long years...,5,2026-04-09,@Twinklethinker,The Devil Wears Prada 2 | Final Trailer,devil wears prada 2 trailer
PMd1at7OwiE,Ugwxp_jquTA-mUPW9Bp4AaABAg,finally the Miranda I know,13,2026-04-10,@ShippingSplendid,The Devil Wears Prada 2 | Final Trailer,devil wears prada 2 trailer
PMd1at7OwiE,UgxhxLjv9paita2SExh4AaABAg,This is how you do a sequel. Wait 20 years and bring the same vibe of the movie back.,286,2026-04-06,@Rasim9898,The Devil Wears Prada 2 | Final Trailer,devil wears prada 2 trailer
PMd1at7OwiE,UgwKf7hGMnJfUfdpgnx4AaABAg,Is that the Viscountess Kate Bridgerton?,325,2026-04-06,@maemersy7107,The Devil Wears Prada 2 | Final Trailer,devil wears prada 2 trailer
PMd1at7OwiE,Ugyhd-wZYhxgn8e1ZZ54AaABAg,"The marketing for this movie is splendid! Its energy, cast, and camerawork… It pretends like it’s only been four years since the original came out. Groundbreaking.",135,2026-04-06,@ianchandler4649,The Devil Wears Prada 2 | Final Trailer,devil wears prada 2 trailer
PMd1at7OwiE,Ugyq84TJWHO_JCdUGRZ4AaABAg,3 movies of Anne this year...YESSSSSSS,3,2026-04-17,@carolinagauto1254,The Devil Wears Prada 2 | Final Trailer,devil wears prada 2 trailer
PMd1at7OwiE,UgxPFmrcr4XG-1hQjfN4AaABAg,I'm so glad they didnt make a remake with a new cast instead of making a 2. Movie with the original cast ❤❤,3,2026-04-08,@niluferaktas3505,The Devil Wears Prada 2 | Final Trailer,devil wears prada 2 trailer
PMd1at7OwiE,UgytJ9Hoa-3oqxn8de14AaABAg,"I feel the vibes of ""Paparazzi"" and ""beautiful, dirty, rich""",117,2026-04-06,@jorgereales272,The Devil Wears Prada 2 | Final Trailer,devil wears prada 2 trailer
PMd1at7OwiE,UgxC-Rf9ZNtrCdWViQd4AaABAg,0:53 I hope she got better friends,372,2026-04-06,@리아-b9g,The Devil Wears Prada 2 | Final Trailer,devil wears prada 2 trailer
PMd1at7OwiE,Ugy1t1gQvG9PAbzgH-d4AaABAg,"Lady Gaga, Meryl, Anne, Emily, Stanley?! SOLD!",227,2026-04-06,@roizeldiez3500,The Devil Wears Prada 2 | Final Trailer,devil wears prada 2 trailer
PMd1at7OwiE,Ugy0h42bVcIa5_rnQUN4AaABAg,Please return without losing any of your iconic status. I'm more excited about this film than anything else. I consider it an early birthday present. ❤,5,2026-04-11,@gulaykayci,The Devil Wears Prada 2 | Final Trailer,devil wears prada 2 trailer
PMd1at7OwiE,UgxRWLotpizJ7Z0_rxB4AaABAg,"A DWP sequel, the world is healing.",18,2026-04-12,@denovensymesofficial,The Devil Wears Prada 2 | Final Trailer,devil wears prada 2 trailer
PMd1at7OwiE,UgzlUi7ZAxF248500pl4AaABAg,May the bridges I burn light my way. Hahaha. Emily's lines are so iconic. 😅,130,2026-04-07,@reinventingkeigh,The Devil Wears Prada 2 | Final Trailer,devil wears prada 2 trailer
PMd1at7OwiE,Ugw6GQXdV3iRlPYfwLZ4AaABAg,Lady Gaga... honestly couldnt have chosen a better song. So iconic.,54,2026-04-06,@Rasim9898,The Devil Wears Prada 2 | Final Trailer,devil wears prada 2 trailer
PMd1at7OwiE,UgzoGoc77C_zkByTzlF4AaABAg,Love how this trailer came back with the 2000's feeling but at the same time updated and fresh to introduce to the current world,89,2026-04-06,@yawchannel,The Devil Wears Prada 2 | Final Trailer,devil wears prada 2 trailer
PMd1at7OwiE,UgzHPaFR7u8gF-wgaEl4AaABAg,"They should have called this ""The Devils wears Prada""",2,2026-05-02,@maxstorm6228,The Devil Wears Prada 2 | Final Trailer,devil wears prada 2 trailer
PMd1at7OwiE,UgxdsIAOS9QXT_9YAC54AaABAg,I wanted more of Emily 😕,1,2026-05-04,@Beastmode-s3t,The Devil Wears Prada 2 | Final Trailer,devil wears prada 2 trailer
PMd1at7OwiE,Ugwv0-aV8BRS0__C73B4AaABAg,SONG OF THE YEAR,134,2026-04-06,@alexpectaculiar,The Devil Wears Prada 2 | Final Trailer,devil wears prada 2 trailer
PMd1at7OwiE,UgwSnGRLY_z5-ZQPXW54AaABAg,"1:48 , I know that's right!! Also please be good and don't relay so much on nostalgia 🤞.",205,2026-04-07,@nan4800_n,The Devil Wears Prada 2 | Final Trailer,devil wears prada 2 trailer
PMd1at7OwiE,UgxLiVzosmUQeAPWseF4AaABAg,LADY GAGA AND DOECHI OMG 🔥,181,2026-04-06,@samukgomes_,The Devil Wears Prada 2 | Final Trailer,devil wears prada 2 trailer
PMd1at7OwiE,UgxiHAut9GuICNB06BZ4AaABAg,Feels like the sequel we all need right now. And yes to the 4 OGs!,5,2026-04-11,@kishisetasama,The Devil Wears Prada 2 | Final Trailer,devil wears prada 2 trailer
PMd1at7OwiE,UgxQYmmj9CG8tcNcAIV4AaABAg,Who’s here after watching the movie?,3,2026-05-02,@VisorX17,The Devil Wears Prada 2 | Final Trailer,devil wears prada 2 trailer
PMd1at7OwiE,UgwK6owN_knr093E_cZ4AaABAg,I love that this movie comes out very close to the Met Gala which is the first Monday in May.,76,2026-04-06,@MrGleek963,The Devil Wears Prada 2 | Final Trailer,devil wears prada 2 trailer
PMd1at7OwiE,UgyUEU4VnMBYuH2cEx54AaABAg,"this actually looks so much better than previous trailers haha, I'm excited",42,2026-04-06,@katherine.z12,The Devil Wears Prada 2 | Final Trailer,devil wears prada 2 trailer
PMd1at7OwiE,UgyWuXLAd4sw55ufPdh4AaABAg,1:32 CALEB!!,254,2026-04-06,@Lonewolf-i8w,The Devil Wears Prada 2 | Final Trailer,devil wears prada 2 trailer
PMd1at7OwiE,UgwO_KTTqAXaWEi1s4Z4AaABAg,Preliminary reviews are fantastic...still plenty of biting humor! Can't wait!!!,6,2026-04-23,@kmnymacact,The Devil Wears Prada 2 | Final Trailer,devil wears prada 2 trailer
PMd1at7OwiE,UgxqatE8fIJ5KRIFFdV4AaABAg,Who is back here from watching the movie?,3,2026-05-02,@Rasim9898,The Devil Wears Prada 2 | Final Trailer,devil wears prada 2 trailer
PMd1at7OwiE,Ugy8HVt8lC5BR9zHhZR4AaABAg,"“May the bridges I burn light my way”

😂😂😂
Gotta love Emily Blunt",40,2026-04-07,@patroclus8891,The Devil Wears Prada 2 | Final Trailer,devil wears prada 2 trailer
PMd1at7OwiE,UgwzGjX_UY1DnxxLCXZ4AaABAg,OMG a new GAGA song!!!!!,133,2026-04-06,@agnisaurio,The Devil Wears Prada 2 | Final Trailer,devil wears prada 2 trailer
PMd1at7OwiE,UgwbTwxHroS9zOwqmlt4AaABAg,0:42 the way I gasped 😭😅,45,2026-04-06,@bluelight2000,The Devil Wears Prada 2 | Final Trailer,devil wears prada 2 trailer
PMd1at7OwiE,UgwMJzmRZoq5Ax6MbKp4AaABAg,Waiting for this movie is like being 6 and waiting to wake up on Christmas morning to see what Santa bought you!!,2,2026-04-08,@Organicloven,The Devil Wears Prada 2 | Final Trailer,devil wears prada 2 trailer
PMd1at7OwiE,UgxHg902naKsPwlOpZJ4AaABAg,wish they tittle it The Devil STILL wears Prada.,3,2026-04-08,@cocohmoontrees,The Devil Wears Prada 2 | Final Trailer,devil wears prada 2 trailer
PMd1at7OwiE,UgwdAehj9o-rWSHAcbV4AaABAg,I came here FOR GAGA!!!,98,2026-04-06,@xanderreyes8584,The Devil Wears Prada 2 | Final Trailer,devil wears prada 2 trailer
PMd1at7OwiE,Ugw3BmUlrhBSXNhRSX54AaABAg,BORN FOR THE RUNWAY,17,2026-04-06,@J_C_576,The Devil Wears Prada 2 | Final Trailer,devil wears prada 2 trailer
PMd1at7OwiE,UgxOQe9w4Ail-J6Hz0x4AaABAg,"I just hear the QUEEN GAGA on the background , yes baby!",54,2026-04-06,@xanderreyes8584,The Devil Wears Prada 2 | Final Trailer,devil wears prada 2 trailer
PMd1at7OwiE,Ugzwig46m9-C5pTw5zV4AaABAg,The going to the cafeteria scene is so funny. Nigel saying she’s never been to that place is hilarious. 😂,6,2026-04-29,@thereviewchannel0,The Devil Wears Prada 2 | Final Trailer,devil wears prada 2 trailer
PMd1at7OwiE,UgzXkY7czU5K-YLC8ox4AaABAg,The first trailer has me worried but now I see more and I am feeling confident. Going to see it in about 45 minutes. 😊,2,2026-05-01,@Trinidadsotello88,The Devil Wears Prada 2 | Final Trailer,devil wears prada 2 trailer
PMd1at7OwiE,UgxvkCnuOUPyaZ3fHod4AaABAg,"""You could write a book"" THE IRONY IS KILLING ME",33,2026-04-06,@arthurglobalines,The Devil Wears Prada 2 | Final Trailer,devil wears prada 2 trailer
PMd1at7OwiE,UgzYq7GLmKKH_4ea1aF4AaABAg,GAGA X DOECHII IS SO BIG,60,2026-04-06,@davidhudek3569,The Devil Wears Prada 2 | Final Trailer,devil wears prada 2 trailer
PMd1at7OwiE,Ugw16cv09iuFSrqvsFd4AaABAg,Ohhhh now we see the plot. I love how it was only revealed in the final trailer. So excited for this! 🔥,39,2026-04-07,@cehda,The Devil Wears Prada 2 | Final Trailer,devil wears prada 2 trailer
PMd1at7OwiE,UgxqHGHfuYWzWRuhkQl4AaABAg,These three women are amazing here ❤,3,2026-04-14,@wajiha1,The Devil Wears Prada 2 | Final Trailer,devil wears prada 2 trailer
PMd1at7OwiE,UgxFKYENXPNtsMUNDpl4AaABAg,Anne looks FANTASTIC still.,1,2026-04-18,@vercogaming3997,The Devil Wears Prada 2 | Final Trailer,devil wears prada 2 trailer
PMd1at7OwiE,UgxCsdhx_BTRZ5-45gV4AaABAg,RUNWAY BY LADY GAGA & DOECHII 🔥🔥🔥,32,2026-04-06,@michaelhernandez6296,The Devil Wears Prada 2 | Final Trailer,devil wears prada 2 trailer
PMd1at7OwiE,UgzUM-uz-eufGtzL3UR4AaABAg,I’m so hyped for The Devil Wears Prada 2! I already got my tickets,43,2026-04-06,@AestheticGachaWolf,The Devil Wears Prada 2 | Final Trailer,devil wears prada 2 trailer
PMd1at7OwiE,UgwnPOI6qFGQ6vFIU9F4AaABAg,"2026 is Anne Hathaway’s year. The most beautiful and talented actress in Hollywood! She is an emotion. ❤

Biggest fan of her.",58,2026-04-06,@sahilshah7692,The Devil Wears Prada 2 | Final Trailer,devil wears prada 2 trailer
PMd1at7OwiE,Ugye8UQvBxBSixec1GB4AaABAg,"Words can't express how EXCITEDDDD I am omg!!! 20 years later, we FINALLY get a sequel!!!",19,2026-04-19,@winonadmello4949,The Devil Wears Prada 2 | Final Trailer,devil wears prada 2 trailer
PMd1at7OwiE,UgzeMD7uRzHXXIXR7yp4AaABAg,"I'm so pleased Stanley Tucci and Emily Blunt returned, my two favourites 💙❤️",3,2026-04-18,@Jesusofsuburbia-d9r,The Devil Wears Prada 2 | Final Trailer,devil wears prada 2 trailer
PMd1at7OwiE,Ugy_scTo641PxE6BOZp4AaABAg,So hyped for this sequel to one of my favourite movies,41,2026-04-06,@rufarojunior,The Devil Wears Prada 2 | Final Trailer,devil wears prada 2 trailer
PMd1at7OwiE,Ugy_54iq1E6t5fAUCQB4AaABAg,"I need that song so bad. Gaga, that instrumental is awesome and bop",54,2026-04-06,@VanishedPlayerDBD,The Devil Wears Prada 2 | Final Trailer,devil wears prada 2 trailer
PMd1at7OwiE,UgzP5jjP2OXw82NkDoF4AaABAg,"""I just love my job"" the most un-miranda priestly line ever 😂",34,2026-04-06,@arvind-v,The Devil Wears Prada 2 | Final Trailer,devil wears prada 2 trailer
PMd1at7OwiE,Ugyse81SvqhXxvMdT394AaABAg,This trailer made me purse my lips.,2,2026-04-13,@poisonproductionzz,The Devil Wears Prada 2 | Final Trailer,devil wears prada 2 trailer
PMd1at7OwiE,UgwOyGO1UGz-YUS-9Ep4AaABAg,Anne is so terrific.,2,2026-05-01,@DamielBonaparteThirawut-zv4vi,The Devil Wears Prada 2 | Final Trailer,devil wears prada 2 trailer
PMd1at7OwiE,UgyT0TQFx1LxPMTMaQd4AaABAg,This movie looks very beautiful,19,2026-04-06,@MateoLlerena,The Devil Wears Prada 2 | Final Trailer,devil wears prada 2 trailer
PMd1at7OwiE,UgxUeN6ZlPbfc0H7NUJ4AaABAg,"""The Devll Wears Prada"" has been one of my all time favorite comfort movies. I am so excited for part two! Seeing Meryl, Anne, Emily and Stanley together again just makes me so giddy. I was a teenager when the first movie came out and now as a grown woman working, I appreciate Anne's character more.",9,2026-04-06,@KT-qp7wx,The Devil Wears Prada 2 | Final Trailer,devil wears prada 2 trailer
PMd1at7OwiE,Ugy2I__mecQofzl99Q94AaABAg,GAGA AND DOECHII ❤,70,2026-04-06,@juliozapien5618,The Devil Wears Prada 2 | Final Trailer,devil wears prada 2 trailer
PMd1at7OwiE,Ugx37P4xX2NqlQTYLxB4AaABAg,THIS CAST DOESN'T AGE!!,2,2026-04-09,@ZarishRashidmm24m027,The Devil Wears Prada 2 | Final Trailer,devil wears prada 2 trailer
PMd1at7OwiE,Ugx_XLMG8q_tZVMNnxd4AaABAg,"I know its not going to be as iconic as the first but seeing this trailer made me scream!! Just love the cast and this movie so much, however this movie will turn out it is a gift for the eyes 😍😍 gonna see it coming weekend",1,2026-05-03,@Shizzle1234,The Devil Wears Prada 2 | Final Trailer,devil wears prada 2 trailer
PMd1at7OwiE,Ugy2PmYL_qw_2VfDWvt4AaABAg,"They said I was crazy, but I waited 20 years 🤍🩵🩷",18,2026-04-06,@rksrkajay,The Devil Wears Prada 2 | Final Trailer,devil wears prada 2 trailer
PMd1at7OwiE,Ugx79EJj3YNZMxFID2Z4AaABAg,OMG they put colors back !,17,2026-04-07,@Chateau22,The Devil Wears Prada 2 | Final Trailer,devil wears prada 2 trailer
PMd1at7OwiE,Ugyuv3y7cWmg3lqP_i14AaABAg,They did so many throwbacks to the first movie. I love it!,17,2026-04-06,@Coco81218,The Devil Wears Prada 2 | Final Trailer,devil wears prada 2 trailer
PMd1at7OwiE,UgxWj-tjmqBa1oh5Esx4AaABAg,I really hope this sequel is just as good as the first one!! I loved the first one!!👍👍,4,2026-04-09,@texasgal3644,The Devil Wears Prada 2 | Final Trailer,devil wears prada 2 trailer
PMd1at7OwiE,UgzTfgm3LTScihxZ_ut4AaABAg,Meryl Steel really hasn't aged much at all! Omg!,3,2026-05-01,@phantomwaltz,The Devil Wears Prada 2 | Final Trailer,devil wears prada 2 trailer
PMd1at7OwiE,Ugy5YiTRRssNrfXWqTN4AaABAg,So ready for this!!! 20 years in the making!! 🎬❤️,26,2026-04-06,@classiccinemac9480,The Devil Wears Prada 2 | Final Trailer,devil wears prada 2 trailer
PMd1at7OwiE,UgyD9w__-yfpRIvRuGx4AaABAg,1:32 LOCK IN CALESBIANS I SPOTTED OUR KING,240,2026-04-06,@hanhantap,The Devil Wears Prada 2 | Final Trailer,devil wears prada 2 trailer
PMd1at7OwiE,UgwTFFcTu2iuF0EoxSl4AaABAg,Omg just noticed Rachel Bloom is playing her friend! She's so underrated hope they use her enough in this movie,2,2026-04-26,@Ohthatsdope1,The Devil Wears Prada 2 | Final Trailer,devil wears prada 2 trailer
PMd1at7OwiE,UgwTxm1aXDpOYHPIQKN4AaABAg,"im so proud of myself. when i first watched devil wears prada it felt like a disney movie, i was in my teens. now i live in nyc and feel so much closer to this world and feel like it is accessible to me. dream big girls",1,2026-04-21,@hypnoticpoisons,The Devil Wears Prada 2 | Final Trailer,devil wears prada 2 trailer
PMd1at7OwiE,UgzpZHXJh7AOuggE6DN4AaABAg,FINALLY A GLIMPSE OF OUR LEADER CALEB HEARON LETS GOOOOO,16,2026-04-06,@evilsforreals,The Devil Wears Prada 2 | Final Trailer,devil wears prada 2 trailer
PMd1at7OwiE,UgyOTRYpx3lP2XzowGh4AaABAg,"Can't wait to see it. 20 years ago, I watched the original one when I was 11.",55,2026-04-07,@zairehaylock4974,The Devil Wears Prada 2 | Final Trailer,devil wears prada 2 trailer
PMd1at7OwiE,UgytWNbjQZJCfWvVsaV4AaABAg,ABSOLUTE CINEMA 🚬,9,2026-04-06,@darleneaguirreespino4783,The Devil Wears Prada 2 | Final Trailer,devil wears prada 2 trailer
PMd1at7OwiE,UgxgOgQrIyYubGQpMUF4AaABAg,I wonder how many and how much clothing lines fought to get into this movie.,3,2026-04-13,@jonathanpalmos2911,The Devil Wears Prada 2 | Final Trailer,devil wears prada 2 trailer
PMd1at7OwiE,UgyeDVv6efEmfKbPB_l4AaABAg,"Gaga AND DOECHI , I’m shaking  u guys",21,2026-04-06,@joshuaswaby8933,The Devil Wears Prada 2 | Final Trailer,devil wears prada 2 trailer
PMd1at7OwiE,UgwDADbtP9ocvRxymOZ4AaABAg,"0:59 Emily's outfit: fancy✨️
Andy's outift: regal⚜️",25,2026-04-06,@kakaivelaskwez3308,The Devil Wears Prada 2 | Final Trailer,devil wears prada 2 trailer
PMd1at7OwiE,Ugy_AvtL8TvuEBMtBN54AaABAg,I'm watching anything with Tucci in it. He's the best.,9,2026-04-07,@maverick1776.,The Devil Wears Prada 2 | Final Trailer,devil wears prada 2 trailer
PMd1at7OwiE,UgwCvU-tQyMHvbzTkYt4AaABAg,Runway is beautiful.,3,2026-04-10,@KJSingh5005,The Devil Wears Prada 2 | Final Trailer,devil wears prada 2 trailer
PMd1at7OwiE,UgyTJlKtah22ZkWIdwJ4AaABAg,i absolutely. cannot. wait. at. all.,2,2026-04-10,@cofecofecoffee,The Devil Wears Prada 2 | Final Trailer,devil wears prada 2 trailer
PMd1at7OwiE,Ugz6cqhqeJAFtPEbLb54AaABAg,LADY GAGA AND DOECHII I‘M CRYING OMG 😭❤️,7,2026-04-06,@midoridania,The Devil Wears Prada 2 | Final Trailer,devil wears prada 2 trailer
PMd1at7OwiE,UgyXueDOyYXl7gN9OaJ4AaABAg,I feel nervous about this but I’m really excited to see this cast together again.,12,2026-04-06,@caseyleemoore,The Devil Wears Prada 2 | Final Trailer,devil wears prada 2 trailer
PMd1at7OwiE,Ugy5ltwz4npKghkNPwJ4AaABAg,LADY GAGA AND DOECHII OMGG,10,2026-04-06,@seraphieii,The Devil Wears Prada 2 | Final Trailer,devil wears prada 2 trailer
PMd1at7OwiE,UgxXE5X3UjOkmz9BCB14AaABAg,Starting my 20s with this movie is the best thing ever!! Thank you god❤️,0,2026-04-27,@thequeenofthrworld,The Devil Wears Prada 2 | Final Trailer,devil wears prada 2 trailer
PMd1at7OwiE,UgwgWVLuxnc6JIdGE494AaABAg,She’s back,0,2026-04-12,@tania-l9b,The Devil Wears Prada 2 | Final Trailer,devil wears prada 2 trailer
PMd1at7OwiE,UgxrO8z-ZizzKmY-Oot4AaABAg,"I am so happy to see simone not being edited out of the film , unlike her last movie",15,2026-04-06,@aishwarya-y8y,The Devil Wears Prada 2 | Final Trailer,devil wears prada 2 trailer
PMd1at7OwiE,Ugwgb-YRmDib25R9opR4AaABAg,Did Miranda really smile in that last scene? Way to leave one flabbergasted!,11,2026-04-06,@Georgepremier,The Devil Wears Prada 2 | Final Trailer,devil wears prada 2 trailer
PMd1at7OwiE,Ugw1KJPKItrto4XsFz94AaABAg,"MAY 1, 2026!",27,2026-04-06,@AllebineOfficial,The Devil Wears Prada 2 | Final Trailer,devil wears prada 2 trailer
PMd1at7OwiE,UgwTA-lDy2kRmUp-CLt4AaABAg,"LOVED IT LOVED IT LOVED IT. ❤🎬
I was trying to figure out how they would spin it.
Great job. 
Cast was hilarious.",2,2026-05-02,@macosta2483,The Devil Wears Prada 2 | Final Trailer,devil wears prada 2 trailer
PMd1at7OwiE,Ugyi-C34PYFwN36wr5B4AaABAg,"Just finished watching this masterpiece in Thailand, it's GROUND BREAKING, that's all 👠👠",1,2026-04-30,@ohmygod9678,The Devil Wears Prada 2 | Final Trailer,devil wears prada 2 trailer
PMd1at7OwiE,UgzE5l_iTs-EfekvCBF4AaABAg,Seeing Ms. bridgerton as an assistant in DWP is amazing I love it lol,7,2026-04-07,@Mousey4799,The Devil Wears Prada 2 | Final Trailer,devil wears prada 2 trailer
PMd1at7OwiE,UgwxC5cJcIAk6t7iPct4AaABAg,LADY GAGA FEAT DOECHII :o,23,2026-04-06,@xxigorzombie,The Devil Wears Prada 2 | Final Trailer,devil wears prada 2 trailer
PMd1at7OwiE,UgyNFYzA_vMBseFje2x4AaABAg,LADY GAGA AND DOECHII?! HELL YEAH,8,2026-04-06,@ishuntermedicated,The Devil Wears Prada 2 | Final Trailer,devil wears prada 2 trailer
PMd1at7OwiE,UgziJhw7gJXWnnA5HeF4AaABAg,"…the more I replay the movie in my head, the more I realize how incredibly smart and timely it is….dont expect the same characters…twenty years is a lifetime of complexity and change ….and I loved the movie for being true to that…I however did wish it was shot on film, rather than in digital…felt like I was watching TV",1,2026-05-02,@sltrinidad,The Devil Wears Prada 2 | Final Trailer,devil wears prada 2 trailer
PMd1at7OwiE,UgxK-Zt_xsyR5NYd0kF4AaABAg,Got my ticket ready! Can't wait!,2,2026-04-29,@A9FIVE816,The Devil Wears Prada 2 | Final Trailer,devil wears prada 2 trailer
PMd1at7OwiE,Ugyn2yjMfQIJtC7GqXB4AaABAg,"0:35 She may have dropped, spilled, or caused someone to fall, leading to some kind of scandal and worse memes of her circulating on social media",51,2026-04-06,@buiachai9545,The Devil Wears Prada 2 | Final Trailer,devil wears prada 2 trailer
PMd1at7OwiE,UgySaE2jUy10pQPQXsR4AaABAg,"""may the bridges i burn lite my way""",14,2026-04-06,@junnatha,The Devil Wears Prada 2 | Final Trailer,devil wears prada 2 trailer
PMd1at7OwiE,UgwJyVmLEyJ8gqvW3wd4AaABAg,OMG Gaga 🖤🤯,15,2026-04-06,@Alexpetitdemurat,The Devil Wears Prada 2 | Final Trailer,devil wears prada 2 trailer
PMd1at7OwiE,UgyqF5DiRgKXVeqyFgN4AaABAg,The viscountess looking fab as usual,1,2026-04-10,@almasamer,The Devil Wears Prada 2 | Final Trailer,devil wears prada 2 trailer
PMd1at7OwiE,UgxvY66qR55OB81jtqN4AaABAg,*CALEB HEARON SPOTTED*,1,2026-04-16,@mynameiskrysta,The Devil Wears Prada 2 | Final Trailer,devil wears prada 2 trailer
PMd1at7OwiE,Ugwh8fkpewuAIu75P3R4AaABAg,Heard Lady Gaga!!,10,2026-04-06,@annaxmclr,The Devil Wears Prada 2 | Final Trailer,devil wears prada 2 trailer
PMd1at7OwiE,UgxoNYdImqeW1dR7put4AaABAg,"OH MY F8CKING GOD!!! Lady Gaga, Doechii, Meryl, Anne, Emily, Stanley?! I just love it ",13,2026-04-06,@VaroYan,The Devil Wears Prada 2 | Final Trailer,devil wears prada 2 trailer
PMd1at7OwiE,UgyY73U7ukRC7HaU7P14AaABAg,GAGAAA 😮 I NEED THIS SONG NOW,12,2026-04-06,@Es1am,The Devil Wears Prada 2 | Final Trailer,devil wears prada 2 trailer
PMd1at7OwiE,UgypZdcO4e6_yoF4fZ14AaABAg,I couldn't wait for tomorrow until I go to cinema to watch it ❤❤❤❤❤,1,2026-05-02,@HamzaMohamed-o8w6v,The Devil Wears Prada 2 | Final Trailer,devil wears prada 2 trailer
PMd1at7OwiE,Ugy-kWYN5eLpxWftzsd4AaABAg,"Oh noooo the ""That's all...."" screamiinngg!!! ❤❤❤❤",2,2026-04-10,@ressylou,The Devil Wears Prada 2 | Final Trailer,devil wears prada 2 trailer
PMd1at7OwiE,UgxYlxDwuB-sC7wKDZx4AaABAg,"Love to see so much of Simone Ashley in the movie omg after how dirty the F1 movie did her, she deserves this",9,2026-04-06,@maberuesta1274,The Devil Wears Prada 2 | Final Trailer,devil wears prada 2 trailer
PMd1at7OwiE,UgzU7FwKMH7nGejFUfR4AaABAg,LETS GO GAGA,19,2026-04-06,@andril210,The Devil Wears Prada 2 | Final Trailer,devil wears prada 2 trailer
PMd1at7OwiE,UgxnL19BDfjn0w_eyTp4AaABAg,Lady Gaga and Doechii!! ❤️❤️❤️,12,2026-04-06,@Alanjamesxcx,The Devil Wears Prada 2 | Final Trailer,devil wears prada 2 trailer
PMd1at7OwiE,UgyaOnasiReTjvw9Lt14AaABAg,A worthy sequel. Delightful film.,0,2026-05-02,@mikeoley13,The Devil Wears Prada 2 | Final Trailer,devil wears prada 2 trailer
PMd1at7OwiE,UgwQ2tuoYtfKNk0nyXZ4AaABAg,Is that...Lady Gaga?! ❤,2,2026-04-09,@patrickec7181,The Devil Wears Prada 2 | Final Trailer,devil wears prada 2 trailer
PMd1at7OwiE,Ugy13NpVXm36LYWwoEJ4AaABAg,Omg yess we got Gaga we got everythiing.,22,2026-04-07,@SeharM19,The Devil Wears Prada 2 | Final Trailer,devil wears prada 2 trailer
PMd1at7OwiE,UgyYsKAOOnYfX-7rabV4AaABAg,"May the bridges i burn, light my way  😂😂",9,2026-04-06,@Brokenshona,The Devil Wears Prada 2 | Final Trailer,devil wears prada 2 trailer
PMd1at7OwiE,UgxrtuJa3wrqYWSy4th4AaABAg,DOECHII AND GAGA I HEAR U,6,2026-04-06,@JohnEdgardoEscano10,The Devil Wears Prada 2 | Final Trailer,devil wears prada 2 trailer
PMd1at7OwiE,UgxZnwAt5IeBQAEVAL14AaABAg,I saw this yesterday and all I can say is it’s all worth the wait! Nearly bawled my eyes out during the ending❤️❤️❤️,2,2026-05-01,@G0dsPerfectldiot,The Devil Wears Prada 2 | Final Trailer,devil wears prada 2 trailer
PMd1at7OwiE,UgwNCr829KbeVB2aFrl4AaABAg,SEATEDDD AAAAAH,3,2026-04-09,@johnmelan,The Devil Wears Prada 2 | Final Trailer,devil wears prada 2 trailer
PMd1at7OwiE,Ugx3WpPN7BTQY0dWgEp4AaABAg,Runway-Gaga and Doechii,16,2026-04-06,@daenerysts751,The Devil Wears Prada 2 | Final Trailer,devil wears prada 2 trailer
PMd1at7OwiE,Ugy-tMXxqSxLA9GSJzJ4AaABAg,I need this to be as iconic as the cast holy stars please be good,5,2026-04-07,@tashikamala6917,The Devil Wears Prada 2 | Final Trailer,devil wears prada 2 trailer
PMd1at7OwiE,UgxW2n1pmdLwzdvwuJB4AaABAg,OMG LADY GAGGGAAAAAAAA AND DOECHII????,9,2026-04-06,@kilyo4397,The Devil Wears Prada 2 | Final Trailer,devil wears prada 2 trailer
PMd1at7OwiE,UgxcKm96vVB8nQhqJ8l4AaABAg,Just watched this in the cinema. It’s so good. No loose ends. Wish I could watch it again. Can’t wait for it to be released for home media. ❤,1,2026-04-29,@thereviewchannel0,The Devil Wears Prada 2 | Final Trailer,devil wears prada 2 trailer
PMd1at7OwiE,Ugz8KhCd6Nyv79q7dFl4AaABAg,That means we are also going to have THE INTERN 2 soon.😊,1,2026-05-03,@kiritpatel-o6g,The Devil Wears Prada 2 | Final Trailer,devil wears prada 2 trailer
PMd1at7OwiE,Ugwog2ys6u_woHDsuyN4AaABAg,Is that Lady Gaga’s voice???????,159,2026-04-06,@Screamflyify,The Devil Wears Prada 2 | Final Trailer,devil wears prada 2 trailer
PMd1at7OwiE,UgwpldPmNgUMsRC34wd4AaABAg,Lady Gaga and Doechii!!!!❤❤,8,2026-04-06,@prphilad,The Devil Wears Prada 2 | Final Trailer,devil wears prada 2 trailer
PMd1at7OwiE,UgzPYqZs71wtiIEnQ_Z4AaABAg,Gaga and Doechii 🤩🤩🤩🤩😭😭😭,6,2026-04-06,@RodneyDollar,The Devil Wears Prada 2 | Final Trailer,devil wears prada 2 trailer
PMd1at7OwiE,Ugx3xjFOK3o6GYdzz194AaABAg,PRADA COMEBACK Is REAL,1,2026-04-29,@mazebz,The Devil Wears Prada 2 | Final Trailer,devil wears prada 2 trailer
PMd1at7OwiE,UgwrIkPGL0qrPVgiPkl4AaABAg,The movie was amazing 🤩🤩😍,5,2026-04-30,@Tamilmovies9090,The Devil Wears Prada 2 | Final Trailer,devil wears prada 2 trailer
PMd1at7OwiE,UgwElwg1Ji4VD5o1s4x4AaABAg,0:27 the best start from the first movie!!!,21,2026-04-06,@ToriWindram,The Devil Wears Prada 2 | Final Trailer,devil wears prada 2 trailer
PMd1at7OwiE,UgzvHa-BD63rxNty1lx4AaABAg,we really got this over doomsday,4,2026-04-06,@oliver-ps4vv,The Devil Wears Prada 2 | Final Trailer,devil wears prada 2 trailer
PMd1at7OwiE,UgyUKx3MPS78dY2HPa94AaABAg,"We need a movie like this, easy and entertaining rather than superhero movies",16,2026-04-07,@AlMansurpictures,The Devil Wears Prada 2 | Final Trailer,devil wears prada 2 trailer
PMd1at7OwiE,UgwZxeCpL7lw1MreapV4AaABAg,I am so there...this gave me goosebumps...the fashionable kind of course :),1,2026-04-14,@TimothyMercer-h8p,The Devil Wears Prada 2 | Final Trailer,devil wears prada 2 trailer
PMd1at7OwiE,Ugx4ZXztTHyn6aJUW394AaABAg,I saw it today and the movie is awesome!!! It kept you guessing and was very well written  ❤,0,2026-05-04,@shelliesmith9798,The Devil Wears Prada 2 | Final Trailer,devil wears prada 2 trailer
PMd1at7OwiE,UgwugXAT7bX1HfWcvId4AaABAg,LADY GAGAAAAAAAAAAAAAAAA,6,2026-04-06,@yavandersonk,The Devil Wears Prada 2 | Final Trailer,devil wears prada 2 trailer
PMd1at7OwiE,Ugyyuad8huwt0hvbQsx4AaABAg,That's all. Thanks.,6,2026-04-06,@IronFox.,The Devil Wears Prada 2 | Final Trailer,devil wears prada 2 trailer
PMd1at7OwiE,UgzXf7-axmsUVxHaRrV4AaABAg,Verity Mother Mary wears Prada in the odyssey and the End of Oak Street,3,2026-04-28,@zv3456u-,The Devil Wears Prada 2 | Final Trailer,devil wears prada 2 trailer
PMd1at7OwiE,Ugxha3_hO6JJU0Ho9D54AaABAg,"Just watched today in Hong Kong.
OMG, its so good",1,2026-04-29,@heiheiheiheiheihei,The Devil Wears Prada 2 | Final Trailer,devil wears prada 2 trailer
PMd1at7OwiE,UgzsxFITgA3tPpZ5kG94AaABAg,Finally a trailer that actually makes sense!,0,2026-04-08,@darlaaddams7169,The Devil Wears Prada 2 | Final Trailer,devil wears prada 2 trailer
PMd1at7OwiE,UgwSqSbhf8VjlzFydRR4AaABAg,"PLEASE DON'T FLOP!!!
OMG I'LL SKIP WORK JUST TO WATCH THIS MOVIE ON THE FIRST DAY!!!",12,2026-04-13,@jjuunneeee,The Devil Wears Prada 2 | Final Trailer,devil wears prada 2 trailer
PMd1at7OwiE,UgwSKudiBzPARAiY6Vx4AaABAg,Oh my Gaga,6,2026-04-07,@douglasguilhermevasconcell4808,The Devil Wears Prada 2 | Final Trailer,devil wears prada 2 trailer
PMd1at7OwiE,UgzZ87QULoqIAggTOZV4AaABAg,1:40 You are born for the runway,4,2026-04-06,@franciscobravo3433,The Devil Wears Prada 2 | Final Trailer,devil wears prada 2 trailer
PMd1at7OwiE,UgzcyogJWqQi6rw0Cpt4AaABAg,“Who gives Chanel away?” That was too funny,1,2026-04-08,@monicapye1012,The Devil Wears Prada 2 | Final Trailer,devil wears prada 2 trailer
PMd1at7OwiE,UgzjRDGKVmcx1rKdCFZ4AaABAg,You CANNOT believe how many times I've been watching this!!!!!,0,2026-04-19,@ralphcorneliuscastro,The Devil Wears Prada 2 | Final Trailer,devil wears prada 2 trailer
PMd1at7OwiE,Ugw4nfkY0beDuWKW8XN4AaABAg,GAGAAAAAAA 🔥,7,2026-04-06,@rodneyledesmac,The Devil Wears Prada 2 | Final Trailer,devil wears prada 2 trailer
PMd1at7OwiE,UgwjPpf4n7GoEdCq5NR4AaABAg,"So the book Andy wrote must be The Devil Wears Prada, right?",3,2026-05-01,@geneminimini20,The Devil Wears Prada 2 | Final Trailer,devil wears prada 2 trailer
PMd1at7OwiE,UgwvyEV3vCSk4lREm3R4AaABAg,I cannot wait!   And “omg just hide a feeling for once . . .” 😂😂😂,5,2026-04-08,@firehorsewoman414,The Devil Wears Prada 2 | Final Trailer,devil wears prada 2 trailer
PMd1at7OwiE,Ugyc8aK2bmBix6KZb3p4AaABAg,My sister put me on and she is geeking to see this movie and so am I.,0,2026-04-23,@crystyanson,The Devil Wears Prada 2 | Final Trailer,devil wears prada 2 trailer
PMd1at7OwiE,UgyDVmu4HWY8lrbZJPh4AaABAg,Miranda is chief of the fashion police,1,2026-05-02,@tomsmith7429,The Devil Wears Prada 2 | Final Trailer,devil wears prada 2 trailer
PMd1at7OwiE,Ugy5pz-C2HzAnRIGxgJ4AaABAg,I already got my tickets I’m so ready 🙂‍↔️✨💅🏽💕💕💕,5,2026-04-06,@whotffmeloo2362,The Devil Wears Prada 2 | Final Trailer,devil wears prada 2 trailer
PMd1at7OwiE,UgzIDrfuafdx6BNba2R4AaABAg,0:18 that girl in Bridgerton,160,2026-04-06,@Cloudlover99,The Devil Wears Prada 2 | Final Trailer,devil wears prada 2 trailer
PMd1at7OwiE,UgxHbAMZ_wwVeu9uKWZ4AaABAg,I don't think this will be good sadly,5,2026-04-19,@lauraconway8673,The Devil Wears Prada 2 | Final Trailer,devil wears prada 2 trailer
PMd1at7OwiE,UgxBXoWBXTJp4oGs3PR4AaABAg,Wow! Everybody still looks amazing!,0,2026-04-24,@candy12197,The Devil Wears Prada 2 | Final Trailer,devil wears prada 2 trailer
PMd1at7OwiE,Ugz8eybFomtOkwPOTsh4AaABAg,"Saw this today in a packed theater, and it was really great. The whole cast was amazing!!",0,2026-05-01,@mimicrybypravesh,The Devil Wears Prada 2 | Final Trailer,devil wears prada 2 trailer
PMd1at7OwiE,UgxGi1Y764wDquMnIiF4AaABAg,"I’ll be honest, I personally don’t see why this sequel was made BUT from the trailers it does ACTUALLY look like they’re going somewhere new with it and building on the story.",4,2026-04-06,@jessicastevens1629,The Devil Wears Prada 2 | Final Trailer,devil wears prada 2 trailer
PMd1at7OwiE,UgwdoUZz6MvyeKf3Qix4AaABAg,0:25 pretty sure It will be the first scene,4,2026-04-07,@robertodambra5620,The Devil Wears Prada 2 | Final Trailer,devil wears prada 2 trailer
PMd1at7OwiE,Ugwb6BLt6aQYGYRiU5x4AaABAg,"I am feeling fab, 💃🏿🕺🏻i am feeling fashion 🕺🏿💃",4,2026-04-09,@azimus7,The Devil Wears Prada 2 | Final Trailer,devil wears prada 2 trailer
PMd1at7OwiE,Ugx9jR1IXKkC1bdJq714AaABAg,Nobody can ruin this for me IM SO EXCITED,0,2026-04-09,@BenKershaw-rb8vy,The Devil Wears Prada 2 | Final Trailer,devil wears prada 2 trailer
PMd1at7OwiE,UgwtVi_st3tiqnJpJ614AaABAg,Graembe ang tagal na nang the devil wears prada part 1 ngayon lng talaga ng part 2 heheheh wow,0,2026-04-15,@kristine7379,The Devil Wears Prada 2 | Final Trailer,devil wears prada 2 trailer
PMd1at7OwiE,Ugx60lYsJq_EdhUR9Md4AaABAg,"Just back from the cinema.  It was ok, some funny moments but no where near as good as the original so I don't know why they bothered doing it.  After 20 years they could have come up with a better script.  If you can't beat the original then why bother?",8,2026-05-01,@davidthomas-ot4cl,The Devil Wears Prada 2 | Final Trailer,devil wears prada 2 trailer
PMd1at7OwiE,Ugx0THKodnRCttWca5t4AaABAg,Lady Gaga and Doechii😍,6,2026-04-07,@hh122w9,The Devil Wears Prada 2 | Final Trailer,devil wears prada 2 trailer
PMd1at7OwiE,UgwATh173zeL5dBZOBp4AaABAg,I’m excited to see this movie !!  I love these actors and the story!!,3,2026-05-01,@annerobertson3733,The Devil Wears Prada 2 | Final Trailer,devil wears prada 2 trailer
PMd1at7OwiE,Ugwb-DtioNwU4P2_I9R4AaABAg,"This was very informative, appreciate it.",0,2026-04-08,@IndiraMuffoletto,The Devil Wears Prada 2 | Final Trailer,devil wears prada 2 trailer
PMd1at7OwiE,UgxfR2dFMQtYRRWNcm94AaABAg,Gotta watch devil wears Prada 1 just revive my memory 1st,2,2026-04-09,@ess.wandering,The Devil Wears Prada 2 | Final Trailer,devil wears prada 2 trailer
PMd1at7OwiE,UgwCZMddeEwkc8q7LNp4AaABAg,Gaga omg,6,2026-04-06,@bhumitsah4831,The Devil Wears Prada 2 | Final Trailer,devil wears prada 2 trailer
PMd1at7OwiE,UgwGWvzY5Zvt36F0OcB4AaABAg,Is it Lady Gaga in the background by any chance? I've heard she'll even participate in the second part😍😍😍😍,29,2026-04-06,@svisss06,The Devil Wears Prada 2 | Final Trailer,devil wears prada 2 trailer
PMd1at7OwiE,Ugw1RyGH-vTYCiBL8qV4AaABAg,"0:24 “Who gives away Chanel?”

Apparently Andy!",30,2026-04-06,@BryanRombot,The Devil Wears Prada 2 | Final Trailer,devil wears prada 2 trailer
PMd1at7OwiE,Ugyj1Jmc2CQvUQ1Q7tV4AaABAg,"Meryl Streep has to be the most classiest lady in the world , she looks to be the boss everywhere she goes",1,2026-04-08,@harshaKumara-i7p,The Devil Wears Prada 2 | Final Trailer,devil wears prada 2 trailer
PMd1at7OwiE,UgxyOFXnBWcj9E7egZ14AaABAg,So so glad to see that Meryl and Anne have not blasted up their lips with fillers. Refreshing.,1,2026-05-02,@auspicious93,The Devil Wears Prada 2 | Final Trailer,devil wears prada 2 trailer
PMd1at7OwiE,UgwBJXzE7rd-v8YsGUl4AaABAg,Some movies are so iconic that a sequel needs to be perfect to not mess up the original. I’m scared,13,2026-04-06,@emidelspears1981,The Devil Wears Prada 2 | Final Trailer,devil wears prada 2 trailer
PMd1at7OwiE,UgxHfngWGD1u14hmEhd4AaABAg,You guys need to do an official apology to the Asian community before the movie comes out,3,2026-04-24,@Littlebitofthat123,The Devil Wears Prada 2 | Final Trailer,devil wears prada 2 trailer
PMd1at7OwiE,UgzTwPBehtNkF7EDrop4AaABAg,Lady Gaga omg,11,2026-04-08,@მხიარულიბროკოლი,The Devil Wears Prada 2 | Final Trailer,devil wears prada 2 trailer
PMd1at7OwiE,UgwTJHkAN2xX2LoBudx4AaABAg,20 years later anne hathaway still looks the same,2,2026-05-03,@kevuchiha3034,The Devil Wears Prada 2 | Final Trailer,devil wears prada 2 trailer
PMd1at7OwiE,Ugw2vk_QHTalIgsiKad4AaABAg,"You explained this so well, thank you!",0,2026-04-13,@NameMa-k1n,The Devil Wears Prada 2 | Final Trailer,devil wears prada 2 trailer
PMd1at7OwiE,UgxLSCOURvZNEbyMs_V4AaABAg,Got my tickets 🎟️ for this Friday!!! And it was WORTH EVERY PENNY 😂😂😂❤❤❤❤❤🎉🎉🎉,1,2026-04-26,@Marissa-f7w1p,The Devil Wears Prada 2 | Final Trailer,devil wears prada 2 trailer
PMd1at7OwiE,Ugwd0isA5URmsxOnDVh4AaABAg,"Oh the iconic ""that's all""!",13,2026-04-07,@Vampress09,The Devil Wears Prada 2 | Final Trailer,devil wears prada 2 trailer
e9HXmMnUEdE,UgxJCThAtNjwJs0-gxV4AaABAg,Miranda completely forgetting the events of the first movie because they were beneath her is a great move.,56528,2026-02-02,@Kardlonoc,The Devil Wears Prada 2 | Official Trailer,devil wears prada 2 trailer
e9HXmMnUEdE,Ugx2vw8cSdBJ0kH-jPN4AaABAg,Miranda not remembering Andy is such a Miranda thing,6089,2026-02-03,@TirranyLGurley,The Devil Wears Prada 2 | Official Trailer,devil wears prada 2 trailer
e9HXmMnUEdE,UgzZuCUTtk8sa7HiS9h4AaABAg,the song is 36 years old now and still fits like a glove.,3253,2026-02-05,@TheColinChapman,The Devil Wears Prada 2 | Official Trailer,devil wears prada 2 trailer
e9HXmMnUEdE,UgyuDzaRi6t5EFB7HWJ4AaABAg,"I have to wait till May?!
“By all means move at a glacial pace, you know how that thrills me.""",3884,2026-02-13,@kapusocials,The Devil Wears Prada 2 | Official Trailer,devil wears prada 2 trailer
e9HXmMnUEdE,UgxB85NwlQHr3MaSuUZ4AaABAg,Love how Emily has two Emilies of her own now 😂,11051,2026-02-02,@GandalfThePinkFromKittyLand,The Devil Wears Prada 2 | Official Trailer,devil wears prada 2 trailer
e9HXmMnUEdE,Ugyh7FzRH6MdZP8SkB54AaABAg,And this is how you do a trailer ladies and gents.. give us absolutely nothing and leave us wanting everything!!! can’t wait,16612,2026-02-02,@natzelle,The Devil Wears Prada 2 | Official Trailer,devil wears prada 2 trailer
e9HXmMnUEdE,UgxObfnKRKXT0T7oUIV4AaABAg,"Please don't flop
Please don't flop
Please don't flop",41775,2026-02-02,@SitiAisyahUmrah,The Devil Wears Prada 2 | Official Trailer,devil wears prada 2 trailer
e9HXmMnUEdE,UgwiJjyhx8lqzsXeu3J4AaABAg,A sequel............just in time for spring? ----Groundbreaking. 💐😂 🤣,547,2026-02-10,@KentaeVanLondon,The Devil Wears Prada 2 | Official Trailer,devil wears prada 2 trailer
e9HXmMnUEdE,UgxwDKE5Z1wgDSzstqx4AaABAg,"Crazy to think that in the first film, Meryl Streep was the only one in the four-person ensemble who was an Oscar nominee or winner. Fast forward 20 years, and now every single one of them has been nominated for or won an Oscar.",10350,2026-02-02,@h1d4pj0k0w1,The Devil Wears Prada 2 | Official Trailer,devil wears prada 2 trailer
e9HXmMnUEdE,UgwNmcCEEpb9-aKaK2l4AaABAg,Miranda pretending not to know Andy is everything,26304,2026-02-02,@maxcouture9314,The Devil Wears Prada 2 | Official Trailer,devil wears prada 2 trailer
e9HXmMnUEdE,UgwQ59aaaFz7RkTEnjl4AaABAg,"My god, Meryl Streep is in crazy good shape for 76.",3245,2026-02-02,@CL4MP,The Devil Wears Prada 2 | Official Trailer,devil wears prada 2 trailer
e9HXmMnUEdE,UgwpZYTf-uBq1i9iXZd4AaABAg,"I bet Miranda is pretending she doesn't remember Andy, but she'll ultimately reveal she knew it was her all along.",198,2026-02-12,@NartShalqini,The Devil Wears Prada 2 | Official Trailer,devil wears prada 2 trailer
e9HXmMnUEdE,Ugz8x_bHP4SXGqvk2b14AaABAg,"They’ve got the same studio, director, writer, producer, cinematographer, composer, and the entire main cast returning for the sequel. Oh, this has all the ingredients to be something very good 🥰",15837,2026-02-02,@h1d4pj0k0w1,The Devil Wears Prada 2 | Official Trailer,devil wears prada 2 trailer
e9HXmMnUEdE,Ugx3An1jNq0vxWpOSAZ4AaABAg,Vogue by Madonna is so monumental and so iconic after 36 years,1871,2026-02-03,@antoniomarruecos9429,The Devil Wears Prada 2 | Official Trailer,devil wears prada 2 trailer
e9HXmMnUEdE,UgxHoD33NZneWYIsWSl4AaABAg,Hopefully EMILY gets to go to Paris this time around,2382,2026-02-02,@rhenz1783,The Devil Wears Prada 2 | Official Trailer,devil wears prada 2 trailer
e9HXmMnUEdE,Ugz5bjddlVfkOpjZAtJ4AaABAg,Nearly 20 years later… this was absolutely done at a glacial pace,81,2026-02-27,@RyanGarza-to1fb,The Devil Wears Prada 2 | Official Trailer,devil wears prada 2 trailer
e9HXmMnUEdE,UgyQ8ekHQWMWnL3R57N4AaABAg,"""Look what T.J.Maxx dragged in.""

Nigel, you tease 😆",4745,2026-02-02,@0racle.sunrise3570,The Devil Wears Prada 2 | Official Trailer,devil wears prada 2 trailer
e9HXmMnUEdE,UgwqRBBlAzmpechoFDV4AaABAg,This is how you do a sequel. Wait 20 years and bring the same vibe of the movie back,3111,2026-02-02,@kjevon1,The Devil Wears Prada 2 | Official Trailer,devil wears prada 2 trailer
e9HXmMnUEdE,Ugwa1-l4VPO-UvlvXnR4AaABAg,"This is how you make a trailer, not spoiling the entire plot, and keeping it fun and mysterious!! Movies are back baby <3",4976,2026-02-02,@Meshzy13,The Devil Wears Prada 2 | Official Trailer,devil wears prada 2 trailer
e9HXmMnUEdE,UgxyuQroRkfskmBiPN14AaABAg,1:31 Emily couldn't even let the dust settle before she started shading Andy again 😂😂😂,54,2026-02-23,@drtash21,The Devil Wears Prada 2 | Official Trailer,devil wears prada 2 trailer
e9HXmMnUEdE,Ugw4Utq7-fhDEM02ylV4AaABAg,"When The Devil Wears Prada was published, Anna Wintour claimed to have virtually no memory of Lauren Weisberger, who based the novel on her brief time working as Anna’s assistant. That’s likely what the film is referencing when Miranda doesn’t remember Andrea—she’s just one name in a long line of revolving assistants.",8222,2026-02-02,@MichaelNYC1,The Devil Wears Prada 2 | Official Trailer,devil wears prada 2 trailer
e9HXmMnUEdE,UgydX9V3IJ5AkWjjV3R4AaABAg,watched the first movie when i was a child and decided i wanted to work in fashion. i’m 25 now and i’ll be watching the second movie with said job in fashion. this literally changed the trajectory of my life 😭,5538,2026-02-02,@Chiara-wi6bq,The Devil Wears Prada 2 | Official Trailer,devil wears prada 2 trailer
e9HXmMnUEdE,UgyeXqsg2DpKQw9N1S14AaABAg,"""Look what TJ Maxx dragged in"" has got to be the sickest burn in high fashion 🤣",2927,2026-02-02,@joydemu,The Devil Wears Prada 2 | Official Trailer,devil wears prada 2 trailer
e9HXmMnUEdE,UgwTTMvjEVqoluTE-ix4AaABAg,I'm not even exaggerating: this _is_ the best movie trailer I've seen in years.,6,2026-03-19,@AdamCartel,The Devil Wears Prada 2 | Official Trailer,devil wears prada 2 trailer
e9HXmMnUEdE,Ugw6RHlfxmioEh3sUUV4AaABAg,“Really? Where was I?” The Devil’s line! Perfect!,635,2026-02-02,@resuluser,The Devil Wears Prada 2 | Official Trailer,devil wears prada 2 trailer
e9HXmMnUEdE,Ugxre9tRL8EsxKb_EWp4AaABAg,"Idk if Miranda forgetting about Andy and Emily was part of her sarcasm, but that ""Where was i?"" was diabolic in the same sense. 😂",1048,2026-02-02,@Liz-s5w,The Devil Wears Prada 2 | Official Trailer,devil wears prada 2 trailer
e9HXmMnUEdE,UgyX4EQfPOvuNrZGcYJ4AaABAg,"""Kept those eyebrows though, didn't you?"" LOL.",1038,2026-02-05,@cliomuse1206,The Devil Wears Prada 2 | Official Trailer,devil wears prada 2 trailer
e9HXmMnUEdE,UgxfX3U1c6FuPNfAt-N4AaABAg,"omg, we waited for 20 years!!!!! 20 years!!!",19,2026-03-06,@AmandaFung-hk1dm,The Devil Wears Prada 2 | Official Trailer,devil wears prada 2 trailer
e9HXmMnUEdE,Ugy8cVsI2S3qrQvO2rp4AaABAg,"Anyone else noticed that this trailer has a better color correction that bring us back to the early 2000's?, cinema is back.",3191,2026-02-02,@giulianodelgado5044,The Devil Wears Prada 2 | Official Trailer,devil wears prada 2 trailer
e9HXmMnUEdE,Ugx2hJNa29nHL9REusx4AaABAg,"“How many times have you watched this?” 

Me: “Yes.”",1239,2026-02-02,@caterinapuca5606,The Devil Wears Prada 2 | Official Trailer,devil wears prada 2 trailer
e9HXmMnUEdE,UgyBEt5JzLiHVzRA5e14AaABAg,"I'm honestly surprised this even got made, considering Meryl Streep almost never does sequels. The last time she reprised a role was as Donna in Mamma Mia! Here We Go Again, and even then it was just a brief appearance. So the fact that she’s coming back for this has me so excited, it really feels like she’s breaking one of her own rules, and I can’t wait. The first movie is a timeless classic. 🙌",1076,2026-02-02,@h1d4pj0k0w1,The Devil Wears Prada 2 | Official Trailer,devil wears prada 2 trailer
e9HXmMnUEdE,UgzNQjyirfcyC5IVu8l4AaABAg,By all means release the film at a glacial pace you know how that thrills me...😑,20,2026-02-17,@thecitizenjoan,The Devil Wears Prada 2 | Official Trailer,devil wears prada 2 trailer
e9HXmMnUEdE,Ugy9vHVrEP9LaPYiel54AaABAg,"The script really has to be that good to bring Meryl Streep back, especially since she’s famously selective about sequels, whether reprising an old role or joining a sequel as a new character. Getting her to return is no small feat, and that alone says a lot about The Devil Wears Prada 2.",1076,2026-02-02,@h1d4pj0k0w1,The Devil Wears Prada 2 | Official Trailer,devil wears prada 2 trailer
e9HXmMnUEdE,UgwWOPoXAvnoMUXwbUR4AaABAg,The Devil Has Memory Loss,1811,2026-02-02,@meekaspages,The Devil Wears Prada 2 | Official Trailer,devil wears prada 2 trailer
e9HXmMnUEdE,UgyFZihpV-7_g1nyekR4AaABAg,Opening up with Madonna’s Vogue though…. Iconic,373,2026-02-02,@MARS0l,The Devil Wears Prada 2 | Official Trailer,devil wears prada 2 trailer
e9HXmMnUEdE,Ugw3-csQBZaudyRvq8h4AaABAg,Maranda not knowing anybody is such a mood. Lol,52,2026-02-08,@watchjAsh,The Devil Wears Prada 2 | Official Trailer,devil wears prada 2 trailer
e9HXmMnUEdE,UgzP7oqh5GMYU8wIf9p4AaABAg,"""everybody wants this"" it's me, i'm everybody.",691,2026-02-02,@empressdad,The Devil Wears Prada 2 | Official Trailer,devil wears prada 2 trailer
e9HXmMnUEdE,UgxvzuuJRwAKODDsowJ4AaABAg,“Look what T-Max dragged in”… 😂😂,667,2026-02-02,@virgo714,The Devil Wears Prada 2 | Official Trailer,devil wears prada 2 trailer
e9HXmMnUEdE,Ugw53S-IexH6CXVOm694AaABAg,My theory is Miranda pretends to not remember Andy so she can professionally reset with her. 😭,457,2026-02-02,@ajblue8511,The Devil Wears Prada 2 | Official Trailer,devil wears prada 2 trailer
e9HXmMnUEdE,UgyBuzXUm4ZSo4so4sh4AaABAg,Who is back here from watching the movie.😊,6,2026-05-02,@Rasim9898,The Devil Wears Prada 2 | Official Trailer,devil wears prada 2 trailer
e9HXmMnUEdE,UgwGtG2sKZ7z0o6iqUF4AaABAg,"I really hope there is a John krasinski cameo in this film, keep seeing him say he watched the original 70+ times before meeting Emily blunt 😂",463,2026-02-02,@Unitedfan7,The Devil Wears Prada 2 | Official Trailer,devil wears prada 2 trailer
e9HXmMnUEdE,UgxIy7jVffpV1yvC_Yl4AaABAg,"Now this is a trailer. They show you the new stuff, but you still don't know how the film is gonna end up.",438,2026-02-02,@putridwimhrni,The Devil Wears Prada 2 | Official Trailer,devil wears prada 2 trailer
e9HXmMnUEdE,Ugzl_FW-JXCzWT2ISjV4AaABAg,I’m glad the comments mentioned the parallel to Anna Wjntour not remembering her assistant who wrote The Devil Wears Prada.  A film revolving around Miranda getting Alzheimer’s would be super depressing.,724,2026-02-06,@arlo1609,The Devil Wears Prada 2 | Official Trailer,devil wears prada 2 trailer
e9HXmMnUEdE,UgydVJ1fs92wobft2kF4AaABAg,PLEASE DONT LET THIS FLOP,3,2026-03-19,@tryme913,The Devil Wears Prada 2 | Official Trailer,devil wears prada 2 trailer
e9HXmMnUEdE,UgxbYQPK-it5dPI-UNJ4AaABAg,We don't deserve this trailer...WE EAT CARBS FOR CHRIST SAKE! ❤,1633,2026-02-02,@LuvSlushie,The Devil Wears Prada 2 | Official Trailer,devil wears prada 2 trailer
e9HXmMnUEdE,UgxuHwq2lduL4wYcvlR4AaABAg,1:20 the flex 😅,1673,2026-02-02,@SatvikJaiswal-d8z,The Devil Wears Prada 2 | Official Trailer,devil wears prada 2 trailer
e9HXmMnUEdE,Ugw_ucFFdjWuIMvkKjF4AaABAg,Justice for Nigel.,397,2026-02-02,@WoshMKS,The Devil Wears Prada 2 | Official Trailer,devil wears prada 2 trailer
e9HXmMnUEdE,Ugzi_UReD0KYpEdpFs54AaABAg,Miranda totally remembers Andy and is just salty she left the company at the end of DWP1,19,2026-02-09,@JessHessMusic,The Devil Wears Prada 2 | Official Trailer,devil wears prada 2 trailer
e9HXmMnUEdE,UgxD_rrOaGXJRWTovqh4AaABAg,Now that's a trailer. Showing everything without spoiling anything.,290,2026-02-02,@Rasim9898,The Devil Wears Prada 2 | Official Trailer,devil wears prada 2 trailer
e9HXmMnUEdE,UgyxxJLmcqg9E0bQBaF4AaABAg,"Finally, a trailer like 2006, where you get teased for more but not shown half of the movie (hopefully).",281,2026-02-02,@mediagirl,The Devil Wears Prada 2 | Official Trailer,devil wears prada 2 trailer
e9HXmMnUEdE,UgxtuDfFBD0vjPIHPaR4AaABAg,Meryl Streep is truly one of the most stunning people I’ve ever seen.,163,2026-02-02,@maryastutzman5654,The Devil Wears Prada 2 | Official Trailer,devil wears prada 2 trailer
e9HXmMnUEdE,UgyXXLvf1urd5EdfamB4AaABAg,They should have called it the devil still wears prada.,2,2026-05-02,@Rasim9898,The Devil Wears Prada 2 | Official Trailer,devil wears prada 2 trailer
e9HXmMnUEdE,UgzsN43UULsf-MSW6L94AaABAg,Anyone else loving all the pops of cerulean in this trailer?,361,2026-02-02,@jmgleason,The Devil Wears Prada 2 | Official Trailer,devil wears prada 2 trailer
e9HXmMnUEdE,UgyvTya6FkrpSmmzkr54AaABAg,""" ... Kept those eyebrows ..."" is the best line & delivered perfectly by Emily Blunt",351,2026-02-02,@chrisrolfe1665,The Devil Wears Prada 2 | Official Trailer,devil wears prada 2 trailer
e9HXmMnUEdE,Ugw4HW6oBi4as8qQAFR4AaABAg,"I live in Milan and work in fashion. I followed the shoot through local press and saw a lot of it in person — sometimes in plain sight, sometimes low-key, sometimes completely under the radar.

That specific Miranda scene at the Galleria Vittorio Emanuele II still gives me chills. I was there, outside, at 3 a.m.

They shot it during last summer’s Fashion Week on purpose — that’s when Milan is full of the right energy and the right faces. Around 2,000 extras were pulled straight from the city.",1108,2026-02-03,@fsing,The Devil Wears Prada 2 | Official Trailer,devil wears prada 2 trailer
e9HXmMnUEdE,Ugy1UaTTEFJduc7AzSl4AaABAg,"100% of this dialogue is just: “Hey, remember the first movie?”",2,2026-04-28,@KyleEvans,The Devil Wears Prada 2 | Official Trailer,devil wears prada 2 trailer
e9HXmMnUEdE,UgxfSxdhu__B-T36_T14AaABAg,The red fabric revealing the ‘2’ ❤😍✨,352,2026-02-02,@thetanscorpion,The Devil Wears Prada 2 | Official Trailer,devil wears prada 2 trailer
e9HXmMnUEdE,UgzyAmPO_lpG5hNQ0YN4AaABAg,four Academy Award icons in one luxurious and expensive taste film are so back!!!,349,2026-02-02,@SolarboyMov,The Devil Wears Prada 2 | Official Trailer,devil wears prada 2 trailer
e9HXmMnUEdE,Ugwhs-rDVLjgemW-sFp4AaABAg,I believe Miranda remembers Andy. It's just a power move.,165,2026-02-02,@soph1epapakon,The Devil Wears Prada 2 | Official Trailer,devil wears prada 2 trailer
e9HXmMnUEdE,UgzsEzt1up4bWiEYhuh4AaABAg,Anne Hathaway and Zendaya are having a competition it seems. 😂,2,2026-05-01,@Rasim9898,The Devil Wears Prada 2 | Official Trailer,devil wears prada 2 trailer
e9HXmMnUEdE,Ugz0uiNln0Zh2wbL1994AaABAg,"0:52 as short as that shot of emily in the back of the mercedes is, its KILLER",186,2026-02-02,@ubermacht_002,The Devil Wears Prada 2 | Official Trailer,devil wears prada 2 trailer
e9HXmMnUEdE,Ugx4SPN7B57G8OvIU1l4AaABAg,Not them giving Miranda dementia,1307,2026-02-02,@OhLookItsJonBoy,The Devil Wears Prada 2 | Official Trailer,devil wears prada 2 trailer
e9HXmMnUEdE,UgxTkRVy6LLALIWnyCd4AaABAg,"Is it me or Miranda looked more… ""good person"" here in this trailer? 😂😂😂",815,2026-02-02,@m2m340,The Devil Wears Prada 2 | Official Trailer,devil wears prada 2 trailer
e9HXmMnUEdE,UgxHaDHQ9n8nFiTPApN4AaABAg,Don’t mind me just screaming internally till May 1st 🤩🥳,12,2026-02-08,@AJ_SlayAllDay,The Devil Wears Prada 2 | Official Trailer,devil wears prada 2 trailer
e9HXmMnUEdE,UgxRLnHqxwN8EgUN3g94AaABAg,"My word, after almost 20 years and they all still look absolutely fabulous!!",83,2026-02-03,@AdzyboyTV,The Devil Wears Prada 2 | Official Trailer,devil wears prada 2 trailer
e9HXmMnUEdE,UgyKAWhLrIl6QHXVKRp4AaABAg,*The Devil Still Wears Prada would’ve been a better title,1009,2026-02-02,@jarvisdidwhat,The Devil Wears Prada 2 | Official Trailer,devil wears prada 2 trailer
e9HXmMnUEdE,UgzpgAbJeQGOX7uZs6p4AaABAg,Divas always say: I don’t know her,241,2026-02-02,@HuyVu-iw3ww,The Devil Wears Prada 2 | Official Trailer,devil wears prada 2 trailer
e9HXmMnUEdE,UgyRFbBjPftf-6tQLK54AaABAg,I'm so scared. Doing a sequel to such an iconic movie is dangerous.,2,2026-04-15,@Rasim9898,The Devil Wears Prada 2 | Official Trailer,devil wears prada 2 trailer
e9HXmMnUEdE,UgzpF4rRZDPhTEUXUtZ4AaABAg,20 Years was worth the wait for this sequel!,149,2026-02-02,@tylerwilliams105,The Devil Wears Prada 2 | Official Trailer,devil wears prada 2 trailer
e9HXmMnUEdE,UgwQj1VILLRkbWCJ5LV4AaABAg,We waited for this 20 years!!! PLEASE BE GOOD,108,2026-02-02,@LanderArt,The Devil Wears Prada 2 | Official Trailer,devil wears prada 2 trailer
e9HXmMnUEdE,UgwLFFI_HsjKldCivUB4AaABAg,She was one of the Emilys,119,2026-02-02,@makergaming2022,The Devil Wears Prada 2 | Official Trailer,devil wears prada 2 trailer
e9HXmMnUEdE,UgzkSNhPMRN-DakiVF94AaABAg,2026 Devil wears TEMU.,1,2026-05-03,@tukity,The Devil Wears Prada 2 | Official Trailer,devil wears prada 2 trailer
e9HXmMnUEdE,UgwXWgVq7ZaGogqF-zh4AaABAg,"This trailer covers so much without blatantly spoiling...like around 1:25. Nigel's expression after Miranda says, ""We're all so thrilled."" is kind of interesting.  I can't wait to find out the circumstances of Andrea being rehired into a major position.",155,2026-02-02,@Ryan_JD,The Devil Wears Prada 2 | Official Trailer,devil wears prada 2 trailer
e9HXmMnUEdE,Ugz2dJj9kzmsAPfWHeN4AaABAg,Groundbreaking that Miranda literally doesn’t remember any of the Emily’s because they were so beneath her haha😅😅,121,2026-02-02,@francisboleyn,The Devil Wears Prada 2 | Official Trailer,devil wears prada 2 trailer
e9HXmMnUEdE,UgzoO49KLbZNrrNA5yR4AaABAg,"Emily to Andy: ""Am I having a hallucination?""
Also Emily to Andy: ""You're much more confident. Kept those eyebrows, thought, didn't you?""",153,2026-02-02,@TonyYeungExe,The Devil Wears Prada 2 | Official Trailer,devil wears prada 2 trailer
e9HXmMnUEdE,UgxG9gRmChOHvYuYFPl4AaABAg,Great trailer . Hope the movie still inspires young women to be themselves …….,2,2026-02-09,@dipperkay,The Devil Wears Prada 2 | Official Trailer,devil wears prada 2 trailer
e9HXmMnUEdE,UgwVGltImEfiIGYKHMB4AaABAg,"""Wait ,you also know her."" Where was I 😂😂😂😂😂",123,2026-02-03,@kerriannnchambers8233,The Devil Wears Prada 2 | Official Trailer,devil wears prada 2 trailer
e9HXmMnUEdE,UgxzUjJpeeYLRgNOSgR4AaABAg,"""Where was I?"" 😂 I love Meryl",122,2026-02-02,@tiredsim,The Devil Wears Prada 2 | Official Trailer,devil wears prada 2 trailer
e9HXmMnUEdE,UgyaiE3ByvZYl8DcSAB4AaABAg,How the hell do they all four look untouched by time?,105,2026-02-02,@Catzanova,The Devil Wears Prada 2 | Official Trailer,devil wears prada 2 trailer
e9HXmMnUEdE,UgyeftGPUiSUMFthE7t4AaABAg,"miranda seems a bit more chill in this, still sharpy and witty but shes smiling a lot more openly than the first one. She seems ""lighter""",4,2026-04-06,@Dinologo24,The Devil Wears Prada 2 | Official Trailer,devil wears prada 2 trailer
e9HXmMnUEdE,UgxriD43WjlseqcE_EJ4AaABAg,I love how the trailer didn't ruin the movie 👏🏻👏🏻👏🏻. Also Miranda not remembering her is the most Miranda thing ever 😂 smart move ❤,69,2026-02-02,@queenofhearts29,The Devil Wears Prada 2 | Official Trailer,devil wears prada 2 trailer
e9HXmMnUEdE,UgxEV5PAoTrZiC3r_iR4AaABAg,I’m obsessed with how Meryl Streep acts with just her eyes. Every tiny glance is a performance in itself..she’s on another level.. simply The GOAT ❤,14,2026-02-03,@J_M_N2024,The Devil Wears Prada 2 | Official Trailer,devil wears prada 2 trailer
e9HXmMnUEdE,Ugw8z154m6bIDJSEj9l4AaABAg,Emily blunt will always be the highlight in these films,61,2026-02-02,@TheFireBurningWithin,The Devil Wears Prada 2 | Official Trailer,devil wears prada 2 trailer
e9HXmMnUEdE,Ugw__S6-WS85uWQ3XOZ4AaABAg,Who’s here after they saw the trailer during the Oscars😁,3,2026-03-16,@CinDeLaG,The Devil Wears Prada 2 | Official Trailer,devil wears prada 2 trailer
e9HXmMnUEdE,UgzCOnd9QD5Zooq4hUl4AaABAg,Stanley Tucci was phenomenal then... And I cannot wait to see his character again 🍿👏👏👏,84,2026-02-02,@baulitious1710,The Devil Wears Prada 2 | Official Trailer,devil wears prada 2 trailer
e9HXmMnUEdE,UgyUrv1fag5LIKK2H5x4AaABAg,Madonna's Vogue the most iconic fashion song ever ❤❤❤,33,2026-02-02,@helgafever768,The Devil Wears Prada 2 | Official Trailer,devil wears prada 2 trailer
e9HXmMnUEdE,UgwIpixg4_Fuh19GFjV4AaABAg,Im gonna stay alive till may,57,2026-02-02,@charomiami,The Devil Wears Prada 2 | Official Trailer,devil wears prada 2 trailer
e9HXmMnUEdE,UgzCqQRGEAtW0YIKxqB4AaABAg,"""Kept those eyebrows though, didn't you?"" Literally her best feature.",1,2026-02-25,@tompantle3884,The Devil Wears Prada 2 | Official Trailer,devil wears prada 2 trailer
e9HXmMnUEdE,Ugy6w5g_Hd4hB8NMQQR4AaABAg,"""Spring Florals"" the banners of the event happening at the beginning of the trailer LOL",78,2026-02-02,@filipepatriani,The Devil Wears Prada 2 | Official Trailer,devil wears prada 2 trailer
e9HXmMnUEdE,UgyIzf2QxfSd4E_HP0B4AaABAg,0:58 KENNEDY MY BELOVED ❤❤❤,83,2026-02-02,@maiaSkz,The Devil Wears Prada 2 | Official Trailer,devil wears prada 2 trailer
e9HXmMnUEdE,UgwGs3wakTDL8Rn_ZDJ4AaABAg,"The first film MEANS  A  LOT TO ME. 

I saw it when I was a little kid. This film made me want to work in the fashion industry. I became a fashion journalist and managed to go to Paris. 

I even went to the fountain when Andy threw her phone 😅",51,2026-02-02,@azzam_az,The Devil Wears Prada 2 | Official Trailer,devil wears prada 2 trailer
e9HXmMnUEdE,UgzYQtnhe0R3UlGuRdZ4AaABAg,You have no idea how badly I'm hoping this ends up being a good film. 😊,1,2026-04-17,@Rasim9898,The Devil Wears Prada 2 | Official Trailer,devil wears prada 2 trailer
e9HXmMnUEdE,Ugzn0lcONVWgYKL-HMp4AaABAg,"""Kept those eyebrows though, didn't you?"" GIRL, NO YOU DIDN'T!  🤣🤣🤣",61,2026-02-02,@desertstar35,The Devil Wears Prada 2 | Official Trailer,devil wears prada 2 trailer
e9HXmMnUEdE,Ugy-uJimQASN_fYDnUJ4AaABAg,"Genuinely one of my most anticipated films of the year. I’m so glad they got all four of them back for this, it just wouldn’t be the same without all of them.",31,2026-02-02,@CommanderSteelTrap,The Devil Wears Prada 2 | Official Trailer,devil wears prada 2 trailer
e9HXmMnUEdE,UgymJivylVVQ8rqolCt4AaABAg,"""Really? Where was I?"" omg 😂😂😂",42,2026-02-02,@eternallight4425,The Devil Wears Prada 2 | Official Trailer,devil wears prada 2 trailer
e9HXmMnUEdE,UgzioxqOw-x2m4N0MAh4AaABAg,"I feel like this is another one of those movies that didn't need a sequel. On the other hand, I'm sure each of these ladies will deliver a masterclass in acting again.",1,2026-03-19,@Veloziraptor111,The Devil Wears Prada 2 | Official Trailer,devil wears prada 2 trailer
e9HXmMnUEdE,UgzKPm5iQU_KdHyJ4RR4AaABAg,"This is why Meryl Streep is the best. I see her face and immediately see the character again. I love that the trailer didn’t give much away, can’t wait!!",14,2026-02-02,@TaylerAyestas,The Devil Wears Prada 2 | Official Trailer,devil wears prada 2 trailer
e9HXmMnUEdE,UgwOAYgYUE5zdLZpb5h4AaABAg,"When Miranda is stood in the Galleria Vittorio Emanuele looking rather ‘what’s this all this for?’  
WOW that’s gonna be a moment",74,2026-02-02,@Bjm869,The Devil Wears Prada 2 | Official Trailer,devil wears prada 2 trailer
e9HXmMnUEdE,Ugwpmtdyy_ZTBKcT5Pd4AaABAg,Meryl looks FABULOUS ✨✨,45,2026-02-02,@Alicatie,The Devil Wears Prada 2 | Official Trailer,devil wears prada 2 trailer
e9HXmMnUEdE,Ugz_ihCdP4HHUFDjtmV4AaABAg,they have never changeddd,2,2026-02-09,@nerimantoker-d8u,The Devil Wears Prada 2 | Official Trailer,devil wears prada 2 trailer
e9HXmMnUEdE,UgzuR73bs-dogk0cf3x4AaABAg,Miranda: Where was i? Busy insulting her entire life choices. 😅,51,2026-02-02,@orichinal.,The Devil Wears Prada 2 | Official Trailer,devil wears prada 2 trailer
e9HXmMnUEdE,UgygHINbc4iyiswRL7V4AaABAg,Never thought I’d live to see part 2…,46,2026-02-02,@richardlee9949,The Devil Wears Prada 2 | Official Trailer,devil wears prada 2 trailer
e9HXmMnUEdE,UgwSdK3VpLkUwudy5fh4AaABAg,CINEMA IS BACK,31,2026-02-02,@Brazil201,The Devil Wears Prada 2 | Official Trailer,devil wears prada 2 trailer
e9HXmMnUEdE,Ugz2OG_lF6-XcenLvCl4AaABAg,I just saw it in the cinema! I wanna see it again! 😍,3,2026-05-01,@francismoses,The Devil Wears Prada 2 | Official Trailer,devil wears prada 2 trailer
e9HXmMnUEdE,Ugym4UQl38rlSFNN5zx4AaABAg,Did anyone notice the very first clip has 'Spring Floral' banners at the sides of the building !!!!!! Marketing team have done their work! Bravo!,46,2026-02-02,@Jonnyeakins,The Devil Wears Prada 2 | Official Trailer,devil wears prada 2 trailer
e9HXmMnUEdE,Ugw08CgyrEVdto2bLw14AaABAg,I love how their accents are the same as in the 1st movie,20,2026-02-02,@NSZHspotter,The Devil Wears Prada 2 | Official Trailer,devil wears prada 2 trailer
e9HXmMnUEdE,UgymtingtV7BgKgflLB4AaABAg,OMG I can't wait to see all the legendary outfits and of course Miranda selectively forgets her its the only logical thing lol,5,2026-02-17,@thecitizenjoan,The Devil Wears Prada 2 | Official Trailer,devil wears prada 2 trailer
e9HXmMnUEdE,UgzH9fQnmGD8eIOgG514AaABAg,The way this will be released in theaters the same month as the MET gala ✨😁,14,2026-02-02,@Bobraay,The Devil Wears Prada 2 | Official Trailer,devil wears prada 2 trailer
e9HXmMnUEdE,UgyMkTStOLH6bdGaiol4AaABAg,I watched the first one on accident due to boredom… I may be the only black guy in the theater. 😂,10,2026-02-02,@ParaLloyd7,The Devil Wears Prada 2 | Official Trailer,devil wears prada 2 trailer
e9HXmMnUEdE,UgwxgiukNLEi2HEHC_V4AaABAg,20 years later icons still looking great... That's all ❤,30,2026-02-02,@brunoarriaga5558,The Devil Wears Prada 2 | Official Trailer,devil wears prada 2 trailer
e9HXmMnUEdE,UgzuaGAkWTok7O_Y2qJ4AaABAg,THE LIGHTING IS SO FLAT,2,2026-02-07,@withfireandmusic,The Devil Wears Prada 2 | Official Trailer,devil wears prada 2 trailer
e9HXmMnUEdE,UgxohHei2UoqTJvMdqJ4AaABAg,You just know John Krasinski was on set squealing with delight the whole time.,39,2026-02-02,@rhimiles,The Devil Wears Prada 2 | Official Trailer,devil wears prada 2 trailer
e9HXmMnUEdE,UgwrMHnpAixQaMm7JTN4AaABAg,"Miranda is giving the Mariah Carey vibes., “I dont know her”.. 😂😂",13,2026-02-02,@virgo714,The Devil Wears Prada 2 | Official Trailer,devil wears prada 2 trailer
e9HXmMnUEdE,UgxtM56w_2j9WRBcT3F4AaABAg,Only this movie would make the trailer an event itself!!!!!!!,9,2026-02-02,@cork0305,The Devil Wears Prada 2 | Official Trailer,devil wears prada 2 trailer
e9HXmMnUEdE,UgyAHcRKHqmcUCYGMbd4AaABAg,"Man.... I didn't watch any teaser or pics, but this trailer directly... You can't imagine how overjoyed i am to see that the oz cast is returning even after 20 whole years ❤❤",1,2026-04-03,@no-name-kyun,The Devil Wears Prada 2 | Official Trailer,devil wears prada 2 trailer
e9HXmMnUEdE,UgyTGGNkFLom3ckyQEl4AaABAg,"The devil wears Prada 2? Groundbreaking.. that is all 😂 
Can't wait!",33,2026-02-02,@Dj_db,The Devil Wears Prada 2 | Official Trailer,devil wears prada 2 trailer
e9HXmMnUEdE,UgwbLiga17kIfXDcF2J4AaABAg,Making a sequel to one of the most culturally relevant and important movies of the 21st century is a bold move. The bar is in the stratosphere. Getting the most iconic characters played by the same actors is a good start. Hope you don't mess it up.,5,2026-02-05,@sortofarbitrary6688,The Devil Wears Prada 2 | Official Trailer,devil wears prada 2 trailer
e9HXmMnUEdE,UgxA58RM-eX4rgno7iV4AaABAg,"""Really, where was I?"" so, ICONIC! ♥️♥️",68,2026-02-03,@elliepascua2341,The Devil Wears Prada 2 | Official Trailer,devil wears prada 2 trailer
e9HXmMnUEdE,UgyobgXTZU_q2SilTFZ4AaABAg,"They should have called it ""The Devil STILL Wears Prada""",43,2026-02-04,@dr.ayodelerenner9353,The Devil Wears Prada 2 | Official Trailer,devil wears prada 2 trailer
e9HXmMnUEdE,Ugz_FRxMzb-MJRuI3dR4AaABAg,"She said ""I DON'T KNOW HER""  💀😂",24,2026-02-02,@jamesking1488,The Devil Wears Prada 2 | Official Trailer,devil wears prada 2 trailer
e9HXmMnUEdE,UgxJYDPIOM5huTC2qGF4AaABAg,The Madonna song Vogue is everything here! 🎼☺️,11,2026-02-04,@LukeKetchum7003,The Devil Wears Prada 2 | Official Trailer,devil wears prada 2 trailer
e9HXmMnUEdE,Ugx14geDPIPSjj69Bpp4AaABAg,"I'm a dude and don't care about fashion.

and I can't wait to watch this movie on release day.",1,2026-04-09,@BootsOfTango,The Devil Wears Prada 2 | Official Trailer,devil wears prada 2 trailer
e9HXmMnUEdE,Ugyz8vIuRkxLSyISIil4AaABAg,one word to describe this trailer: iconic.,134,2026-02-02,@vittoria_bonetti,The Devil Wears Prada 2 | Official Trailer,devil wears prada 2 trailer
e9HXmMnUEdE,Ugw-0q9JfqUR5z0Ye_d4AaABAg,0:02 seems like the “Florals… for spring? Groundbreaking.” moment has finally arrived 20 years later,71,2026-02-03,@lmsalynn,The Devil Wears Prada 2 | Official Trailer,devil wears prada 2 trailer
e9HXmMnUEdE,UgwC_Y4xVDrEz8f4KlJ4AaABAg,Did they age ?,35,2026-02-02,@BlikerBlah,The Devil Wears Prada 2 | Official Trailer,devil wears prada 2 trailer
e9HXmMnUEdE,UgxQdltDXg6os-iPn2N4AaABAg,“Really?” … “Where was I?” 😂😂😂,11,2026-02-03,@francescapowell1538,The Devil Wears Prada 2 | Official Trailer,devil wears prada 2 trailer
e9HXmMnUEdE,UgwEm_NPh-msD7xdJBh4AaABAg,The best about trailer they didn't reveal too much all icons in same frame this is so iconic,10,2026-02-02,@ashishmata9244,The Devil Wears Prada 2 | Official Trailer,devil wears prada 2 trailer
e9HXmMnUEdE,Ugyl19h5kDwlEMfnZ2l4AaABAg,The way Miranda looks at Andy like she was a crazy person entering the room deserves an Oscar already,5,2026-02-02,@Flandersned08,The Devil Wears Prada 2 | Official Trailer,devil wears prada 2 trailer
e9HXmMnUEdE,UgwY2vCb4Zz_m1tmMJZ4AaABAg,I had read somewhere Meryl Streep *never* does sequels to films she starred in. So this is a first for her.  Interesting!,1,2026-04-04,@angelajohnson4451,The Devil Wears Prada 2 | Official Trailer,devil wears prada 2 trailer
e9HXmMnUEdE,UgwyJWKA6nT1aY7hJa94AaABAg,"“Groundbreaking.”

And can’t wait!",24,2026-02-02,@BMWDRE10,The Devil Wears Prada 2 | Official Trailer,devil wears prada 2 trailer
e9HXmMnUEdE,UgxSEHjJfpOCB8WXXmJ4AaABAg,Madonna's vogue is the chef's kiss 💋,4,2026-02-02,@aeroTnz,The Devil Wears Prada 2 | Official Trailer,devil wears prada 2 trailer
e9HXmMnUEdE,Ugw0RFnCgBsiFylIcDN4AaABAg,"Motherquake so high a magnitude, Miranda Priestly got dementia.",20,2026-02-02,@selunescorpio,The Devil Wears Prada 2 | Official Trailer,devil wears prada 2 trailer
e9HXmMnUEdE,UgwR7NY2Hi4paleuuVd4AaABAg,I am so ready so see an Anne-Emily banter!,2,2026-02-07,@invox_in_your_inbox,The Devil Wears Prada 2 | Official Trailer,devil wears prada 2 trailer
e9HXmMnUEdE,UgzDBaYz5y9drhnmztt4AaABAg,Yeah Stanley Tucci,53,2026-02-02,@MateoLlerena,The Devil Wears Prada 2 | Official Trailer,devil wears prada 2 trailer
e9HXmMnUEdE,UgxT01p5677mesuNelV4AaABAg,CRYING SCREAMING THROWING UP,15,2026-02-02,@carthago85,The Devil Wears Prada 2 | Official Trailer,devil wears prada 2 trailer
e9HXmMnUEdE,UgxzIpDh92UUqk8QTel4AaABAg,The queens have united. 🙌,15,2026-02-02,@danemonarch,The Devil Wears Prada 2 | Official Trailer,devil wears prada 2 trailer
e9HXmMnUEdE,UgxryV84Oz6r2blfwFF4AaABAg,"I can’t even put into words how excited I am! I can’t figure out what the plot is so I’m hoping it’s something good, pleeeease be good!!",1,2026-02-19,@sarahrobinson3706,The Devil Wears Prada 2 | Official Trailer,devil wears prada 2 trailer
e9HXmMnUEdE,UgyKUHnFNyNWxvXl5B94AaABAg,John Krasinski is shitting his pants somewhere right now,83,2026-02-02,@user-ht8zh6pp4z,The Devil Wears Prada 2 | Official Trailer,devil wears prada 2 trailer
e9HXmMnUEdE,Ugx0l8ZVZKcDlZHL1Vx4AaABAg,"For the first time ever I’m stupidly nervous for a film... I love the original so much, I CANNOT have this one be bad. 🤞🤞",12,2026-02-02,@Txmasc-q9v,The Devil Wears Prada 2 | Official Trailer,devil wears prada 2 trailer
e9HXmMnUEdE,UgxedTJ1rsEzETYLRfV4AaABAg,I’m so hyped to revisit the glamour again 👠♥️,31,2026-02-02,@roreficent,The Devil Wears Prada 2 | Official Trailer,devil wears prada 2 trailer
e9HXmMnUEdE,Ugz8dH6yB9ZB-gBXW5t4AaABAg,We need something fun and deliciously superficial in these difficult times.,1,2026-04-09,@chiarasorbi5826,The Devil Wears Prada 2 | Official Trailer,devil wears prada 2 trailer
e9HXmMnUEdE,UgyliS12baj4hebvCq94AaABAg,"Meryl Streep, you’ve done it again.",11,2026-02-05,@Zafaruss,The Devil Wears Prada 2 | Official Trailer,devil wears prada 2 trailer
e9HXmMnUEdE,Ugz_nGoxLSPVwsjbK0B4AaABAg,Tucci gang~!!,5,2026-02-02,@PuffySofty,The Devil Wears Prada 2 | Official Trailer,devil wears prada 2 trailer
e9HXmMnUEdE,Ugw8R1JAXBOz6hnmx054AaABAg,Not the Netflix lighting 😭😭,8,2026-02-06,@mazinn5913,The Devil Wears Prada 2 | Official Trailer,devil wears prada 2 trailer
e9HXmMnUEdE,UgwjRihlswI0LgRnGM14AaABAg,"Miranda not recalling Andi after all these years is just Miranda being Miranda. 😅😅
I am so freaking super excited on this sequel 😍😍😍😍",1,2026-02-14,@SavedbyGrace43,The Devil Wears Prada 2 | Official Trailer,devil wears prada 2 trailer
e9HXmMnUEdE,UgwPg-9D9ZwttOAIZ8d4AaABAg,"1:05 We were at Runway at the same time Miranda!

(AND WE DID SO MUCH SH*T FOR YOU!!!!).",30,2026-02-02,@RhCh-g1r,The Devil Wears Prada 2 | Official Trailer,devil wears prada 2 trailer
e9HXmMnUEdE,UgxDwhZ6_IKv2z6Q2bp4AaABAg,"“Well, look what TJ-Maxx dragged in.” 😂😂😂😂😂😂😂😂",9,2026-02-02,@ilahmaecunanan2629,The Devil Wears Prada 2 | Official Trailer,devil wears prada 2 trailer
e9HXmMnUEdE,UgzfwFYWzqD1yb0do5B4AaABAg,How has Meryl Streep not aged?!  She looks fabulous!,11,2026-02-02,@JoannaLouiseFaith,The Devil Wears Prada 2 | Official Trailer,devil wears prada 2 trailer
e9HXmMnUEdE,UgyeihfRsYzhSUZcw9Z4AaABAg,"No cliche reboot plot of ""nobody reads magazines anymore,"" where Miranda has been humbled by being left behind in the ever-progressing business world, while Andy has successfully adapted with her own social media company and become a callous businesswoman, switching their roles, and resulting in Miranda and Co. seeking out Andy's help to innovate and revitalize Runway into the industry leader it once was?",5,2026-02-15,@Bwaatiss,The Devil Wears Prada 2 | Official Trailer,devil wears prada 2 trailer
e9HXmMnUEdE,UgyiQhoD13uGhX1dNj94AaABAg,We’re ready,16,2026-02-02,@armyforlife3191,The Devil Wears Prada 2 | Official Trailer,devil wears prada 2 trailer
e9HXmMnUEdE,UgyZfFwRh0Z_caPhOeV4AaABAg,"""Where was I?"" 
Making their lives hell and giving Andy several mental meltdowns",9,2026-02-02,@raulbetancourt5795,The Devil Wears Prada 2 | Official Trailer,devil wears prada 2 trailer
e9HXmMnUEdE,UgztsBO1crl91Ogr8GV4AaABAg,"Now that Disney owns 20th Century Studios, does that mean Miranda Priestly is part of the Disney Queen?",78,2026-02-02,@h1d4pj0k0w1,The Devil Wears Prada 2 | Official Trailer,devil wears prada 2 trailer
e9HXmMnUEdE,UgxQNDoqQNejwrL2huN4AaABAg,"Just saw it today, honestly worth seeing once but wouldn’t rewatch like I would the first movie. Just can’t beat the first movie.",0,2026-05-04,@Holly.Georgia,The Devil Wears Prada 2 | Official Trailer,devil wears prada 2 trailer
e9HXmMnUEdE,UgziO_3tkQ8Z21ObxwF4AaABAg,"0:36 Andy’s smile translation: “I’m back, Miranda! Did you miss me?”

Andy legit looked like a granddaughter reuniting with that grandmother she hadn't seen in a long time.",4,2026-02-02,@BryanRombot,The Devil Wears Prada 2 | Official Trailer,devil wears prada 2 trailer
e9HXmMnUEdE,UgySrsIMbaY9yQFqOEV4AaABAg,Let's give Meryl Streep her first billion dollar movie 🎥🍿,5,2026-02-02,@_UtSaVGhOsH_,The Devil Wears Prada 2 | Official Trailer,devil wears prada 2 trailer
e9HXmMnUEdE,Ugzuij_dQZw9hzfd2Rt4AaABAg,They all look FABULOUS!!!,9,2026-02-02,@NinaC,The Devil Wears Prada 2 | Official Trailer,devil wears prada 2 trailer
e9HXmMnUEdE,UgytXi0P3RXJg4rO1_t4AaABAg,"Notice how ""the devil"" Miranda feels like she has more soul now? Very interesting to see how things play out!",2,2026-03-22,@AdamCartel,The Devil Wears Prada 2 | Official Trailer,devil wears prada 2 trailer
e9HXmMnUEdE,UgzoPMLUfMg56AJb_994AaABAg,"Suprisingly, a sequel that I think could be very worth watching",6,2026-02-02,@mangoturtle4257,The Devil Wears Prada 2 | Official Trailer,devil wears prada 2 trailer
e9HXmMnUEdE,UgzjNygwJ5ljcrg4zvh4AaABAg,The devil gets humble by Emily this time  🤭,10,2026-02-02,@AugustineFaithDefender,The Devil Wears Prada 2 | Official Trailer,devil wears prada 2 trailer
e9HXmMnUEdE,UgwqlGJSmHEJYQPgH514AaABAg,"""Well, look what TJ Maxx dragged in."" Tucci is amazing.",34,2026-02-04,@adamzangara,The Devil Wears Prada 2 | Official Trailer,devil wears prada 2 trailer
e9HXmMnUEdE,UgxBMJqKiIw1xKySW2R4AaABAg,"Happy birthday,Emily Blunt.",1,2026-02-23,@BojanaJosipovic,The Devil Wears Prada 2 | Official Trailer,devil wears prada 2 trailer
e9HXmMnUEdE,Ugxn9HYq5JkY3uTI4Cp4AaABAg,"""I don't know her"" vibes 😂",43,2026-02-03,@nocoverups,The Devil Wears Prada 2 | Official Trailer,devil wears prada 2 trailer
e9HXmMnUEdE,UgyXvyfG6mc3cVDtc-t4AaABAg,"I was not expecting the 2nd movie coming ever, glad it is here.",6,2026-02-02,@SaddamHusain-qo8cl,The Devil Wears Prada 2 | Official Trailer,devil wears prada 2 trailer
e9HXmMnUEdE,Ugx4AWfgFsbvi2cA_Gd4AaABAg,"""Look at me. I'm the Emily now.""",4,2026-02-02,@Buenomars,The Devil Wears Prada 2 | Official Trailer,devil wears prada 2 trailer
e9HXmMnUEdE,Ugx_0yaxqby7Z3JKPNp4AaABAg,"I was about to freak out. If Emily Blunt had not been present, I would have rioted.",1,2026-02-10,@diphthongalldaylong,The Devil Wears Prada 2 | Official Trailer,devil wears prada 2 trailer
e9HXmMnUEdE,UgzMMv1r37gZlTFJ7KV4AaABAg,Finally it's back. Trailer is perfectly cut without revealing much and full of Miranda sattire.,24,2026-02-02,@sanjanneupane4503,The Devil Wears Prada 2 | Official Trailer,devil wears prada 2 trailer
e9HXmMnUEdE,UgxxzbcGsEZ7vrFGEEp4AaABAg,The screen near the end listing each major actor and associated awards should have included a cash register sound for each. Casting wasn't cheap for this one!,9,2026-02-02,@redsoxu571,The Devil Wears Prada 2 | Official Trailer,devil wears prada 2 trailer
e9HXmMnUEdE,UgyJSkvoAZ-Qsd2MEix4AaABAg,"Everyone, gird your loins!",7,2026-02-02,@AlexisVandom,The Devil Wears Prada 2 | Official Trailer,devil wears prada 2 trailer
e9HXmMnUEdE,Ugy4WbU3NVzHp2xnqvh4AaABAg,Can’t wait for those Emily and Anne interviews! 😅,3,2026-02-07,@Ironwill_Games,The Devil Wears Prada 2 | Official Trailer,devil wears prada 2 trailer
e9HXmMnUEdE,UgzCvW5Yy05F8PWOvHh4AaABAg,why is miranda so open and friendly??,13,2026-02-02,@Student.1992,The Devil Wears Prada 2 | Official Trailer,devil wears prada 2 trailer
e9HXmMnUEdE,UgyXqyUnipy2kaOEkox4AaABAg,"[When i was sixteen i watched my first ""the devil wears Prada"", at that moment I thought am gonna see great movies, now I know I shall only see remakes]",4,2026-02-04,@Mikasa1152s,The Devil Wears Prada 2 | Official Trailer,devil wears prada 2 trailer
e9HXmMnUEdE,Ugyha_2fVgQ-h-dUcYN4AaABAg,"Bro, these guys look toooo good for their age 🤧🤧
Btw can't wait for the movie!!",5,2026-02-02,@talkin_2_me,The Devil Wears Prada 2 | Official Trailer,devil wears prada 2 trailer
e9HXmMnUEdE,UgwfzH65S-N3vuRUKbp4AaABAg,I can’t believe the first one came out 20 years ago!!! 😭,1,2026-02-07,@maryrobison8662,The Devil Wears Prada 2 | Official Trailer,devil wears prada 2 trailer
e9HXmMnUEdE,UgzOewikLHM7-dRyxkV4AaABAg,She knows who she is.,5,2026-02-02,@funnyblooperreels7135,The Devil Wears Prada 2 | Official Trailer,devil wears prada 2 trailer
e9HXmMnUEdE,UgyRv8q5nG9BhnugtXJ4AaABAg,I had a boss like Miranda and tbh her forgetting everything is so on brand.,5,2026-02-03,@Ðræmy_vulpix_6,The Devil Wears Prada 2 | Official Trailer,devil wears prada 2 trailer
e9HXmMnUEdE,UgwExgvfBIwhHom5YNt4AaABAg,Can’t wait to hear Madonna’s new single too. ❤,22,2026-02-02,@unlikeavirgin,The Devil Wears Prada 2 | Official Trailer,devil wears prada 2 trailer
e9HXmMnUEdE,UgyVvhXLYUVAz0_zuKd4AaABAg,"Meryl Streep was absolutely captivating in this trailer.

😊",2,2026-02-08,@amjnyc79,The Devil Wears Prada 2 | Official Trailer,devil wears prada 2 trailer
e9HXmMnUEdE,UgwXY0R1Ba0QQnTRekt4AaABAg,Just under 3 months!! Can't wait!!,6,2026-02-02,@leanneblake6495,The Devil Wears Prada 2 | Official Trailer,devil wears prada 2 trailer
e9HXmMnUEdE,UgwmOlJH9QyociCM8u14AaABAg,I remember what I wore to see the first movie back in 2006 as a kid. This is a gift! Can't wait to go see it!!,5,2026-02-02,@flickchic238,The Devil Wears Prada 2 | Official Trailer,devil wears prada 2 trailer
e9HXmMnUEdE,UgyyH1fgmxGYj2FIb0x4AaABAg,0:56 Emily Blunt's performance still absolutely flawless.,16,2026-02-05,@rhaika_silva,The Devil Wears Prada 2 | Official Trailer,devil wears prada 2 trailer
e9HXmMnUEdE,UgxVZF3dIJH84BDN2Rt4AaABAg,"DO you all realize that 1st show they cut 20 YEARS AGO! WOW they waited 20 years to make next show, and everyone still looks grate after 20 years!",1,2026-02-09,@Svetlana_Chudinova,The Devil Wears Prada 2 | Official Trailer,devil wears prada 2 trailer
e9HXmMnUEdE,UgxPpVXybTkD6o1uDWl4AaABAg,I’ve never wanted a movie to be good so badly in my life,11,2026-02-02,@celestlemirage2304,The Devil Wears Prada 2 | Official Trailer,devil wears prada 2 trailer
e9HXmMnUEdE,Ugza2iMSyVCQqKLPK854AaABAg,"0:24 “Well, look what TJ Maxx dragged in.” (Nigel Kipling)

Oh, I wouldn't put it like that, Nigel. I’d have put it as: “Look what TJ Maxx dragged back.”",6,2026-02-02,@BryanRombot,The Devil Wears Prada 2 | Official Trailer,devil wears prada 2 trailer
e9HXmMnUEdE,Ugzl8cKpDQ2mKmaEe0V4AaABAg,You kept those cheek bones didn’t you 😂😂😂,6,2026-02-02,@willgray2000,The Devil Wears Prada 2 | Official Trailer,devil wears prada 2 trailer
e9HXmMnUEdE,UgxVb2ipAfnl-SXXcBd4AaABAg,LEGENDS ARE BACK 🔥,1,2026-04-24,@yoon.ayeong,The Devil Wears Prada 2 | Official Trailer,devil wears prada 2 trailer
e9HXmMnUEdE,UgyKEL_hJuFlIZe0RbZ4AaABAg,I have not been this excited for a movie in YEARS!!!!!!!!,21,2026-02-02,@PlanetJameson,The Devil Wears Prada 2 | Official Trailer,devil wears prada 2 trailer
e9HXmMnUEdE,UgzsPQ0Xq2zLWtDpc8R4AaABAg,0:42 is a powerful scene and probably has the answer that everyone is looking for: Dementia recovery or succession? Thank me later.,6,2026-02-02,@xdivineomegax,The Devil Wears Prada 2 | Official Trailer,devil wears prada 2 trailer
e9HXmMnUEdE,UgzbboVYk8W8i5d4xMt4AaABAg,Never seen the first one but this trailer was so good I wanna watch both,3,2026-04-03,@HG6577ATE,The Devil Wears Prada 2 | Official Trailer,devil wears prada 2 trailer
e9HXmMnUEdE,UgxvKEqtpk6vgfgcKdF4AaABAg,KENNEDY IM SO PROUD OF UUUUU,0,2026-02-10,@lizina.Bajracharyaa,The Devil Wears Prada 2 | Official Trailer,devil wears prada 2 trailer
e9HXmMnUEdE,Ugzq1tjMdK8fKknvA5N4AaABAg,Is anyone else screaming at the black sparkly suit or is it just me. I have waited my entire life (quite literally) for this 😭,15,2026-02-02,@blackroses223,The Devil Wears Prada 2 | Official Trailer,devil wears prada 2 trailer
e9HXmMnUEdE,UgzFsPfFAjFkEHRUeXp4AaABAg,"1:31 “Kept those s eyebrows though, didn’t you?” (Wow so mean but at the same time it’s so iconic I LOVE IT)! <3! 🌷🌺✨👍",4,2026-02-02,@unlove_BUT_love,The Devil Wears Prada 2 | Official Trailer,devil wears prada 2 trailer
e9HXmMnUEdE,UgyKAfNwga7DXFNHSZJ4AaABAg,Todos esses atores estavam dormindo no formol e despertaram 20 anos depois para gravar a continuação do filme. Inacreditável como ninguém envelheceu!!!,5,2026-02-02,@luizgustavoribeirodasilva660,The Devil Wears Prada 2 | Official Trailer,devil wears prada 2 trailer
e9HXmMnUEdE,UgwmlI0iyDNuUZFg2jp4AaABAg,No idea what the story line is going to be like but i bet its going to be delightful,1,2026-02-09,@andrewooi82,The Devil Wears Prada 2 | Official Trailer,devil wears prada 2 trailer
e9HXmMnUEdE,UgyTKHZATqALLizU3aN4AaABAg,So proud and happy for kennedy,3,2026-02-09,@sarvisarvi490,The Devil Wears Prada 2 | Official Trailer,devil wears prada 2 trailer
e9HXmMnUEdE,Ugw7w96ftllf0-6EEhN4AaABAg,Listen coming from a straight married man I watched that first movie a hundred times 😂😂😂😂,8,2026-02-02,@shuichiminamino5788,The Devil Wears Prada 2 | Official Trailer,devil wears prada 2 trailer
e9HXmMnUEdE,UgxUaD3gHGvVxiQI0-l4AaABAg,'Spring Florals' on the banners outside the buiding at the beginning of the trailer was a nice touch 👌,7,2026-02-23,@davidlister370,The Devil Wears Prada 2 | Official Trailer,devil wears prada 2 trailer
e9HXmMnUEdE,UgxF7mE8_etDChclW_R4AaABAg,"This was one of the first movies I saw with my grandma. I wish she were here to see the second one :"")",0,2026-04-20,@Kat46888,The Devil Wears Prada 2 | Official Trailer,devil wears prada 2 trailer
e9HXmMnUEdE,UgzqRY-IoZrNIVihfpJ4AaABAg,"i like the fact that the trailer doesn't reveal too much about the contents of the movie. strangely, it makes me more excited for the movie than an over-the-top trailer would.",8,2026-02-02,@dudnika-anti,The Devil Wears Prada 2 | Official Trailer,devil wears prada 2 trailer
e9HXmMnUEdE,UgzVN4XTS9i5imWy4Ud4AaABAg,Love how Emily has two Emilies of her own now 😂,1,2026-02-16,@showbizz4,The Devil Wears Prada 2 | Official Trailer,devil wears prada 2 trailer
e9HXmMnUEdE,UgxeeYigd7PqGpjtgmF4AaABAg,the song is 36 years old now and still fits like a glove.,0,2026-05-03,@MasonFurman-l2s,The Devil Wears Prada 2 | Official Trailer,devil wears prada 2 trailer
2MRMJUTZkbE,UgzjbJfkGUcV4BZlazR4AaABAg,""" STREEP, HATHAWAY, BLUNT & TUCCI"" sounds like a prestige law firm that handles international matters for billionaires.... exclusively and discretely.",13338,2026-03-12,@kaci111128,THE DEVIL WEARS PRADA 2 Official Final Trailer (2026),devil wears prada 2 trailer
2MRMJUTZkbE,UgxW4qNRIQTjdqfhk3t4AaABAg,Please don't suck please don't suck please don't suck 🙏🏼🙏🏼🙏🏼,21056,2026-03-12,@magister_dis,THE DEVIL WEARS PRADA 2 Official Final Trailer (2026),devil wears prada 2 trailer
2MRMJUTZkbE,Ugw5tX0iAF7drL49stB4AaABAg,20 years for the sequel. By all means move at a glacial pace you know how that thrills me.,4730,2026-03-14,@Barbie_Esther,THE DEVIL WEARS PRADA 2 Official Final Trailer (2026),devil wears prada 2 trailer
2MRMJUTZkbE,UgyEZZcL8fgY85CbORJ4AaABAg,I hope Emily was able to finally go to Paris,8196,2026-03-12,@mupri1,THE DEVIL WEARS PRADA 2 Official Final Trailer (2026),devil wears prada 2 trailer
2MRMJUTZkbE,UgxpDay_w-o5VoXB1OV4AaABAg,"HOLD ON HOLD ON

""May the bridges I burn light my way????!!!!""",6141,2026-03-12,@jpblack2148,THE DEVIL WEARS PRADA 2 Official Final Trailer (2026),devil wears prada 2 trailer
2MRMJUTZkbE,UgwI9Kohbszo9YrWerR4AaABAg,"""Look what TJ Maxx dragged in."" Great line.",767,2026-03-14,@brinkeguthrie,THE DEVIL WEARS PRADA 2 Official Final Trailer (2026),devil wears prada 2 trailer
2MRMJUTZkbE,UgwbL1lsh5siojIuC9t4AaABAg,Refreshing to see an actress that is still able to raise her brows.,2101,2026-03-13,@kira841,THE DEVIL WEARS PRADA 2 Official Final Trailer (2026),devil wears prada 2 trailer
2MRMJUTZkbE,UgxcjKzfW6QZwX6SFRJ4AaABAg,"Fun fact: Emily is quoting Dylan McKay from Beverly Hills 90210 when she says “May the bridges I burn light my way.” 
Definitely seems like a show Emily would love lol.",851,2026-03-13,@merlinho0t,THE DEVIL WEARS PRADA 2 Official Final Trailer (2026),devil wears prada 2 trailer
2MRMJUTZkbE,UgxtjNR8tVRpXxZBG894AaABAg,"I like how they put TUCCI in the Gucci font, nice touch and theme word play. banger video",235,2026-03-14,@RHCV888,THE DEVIL WEARS PRADA 2 Official Final Trailer (2026),devil wears prada 2 trailer
2MRMJUTZkbE,UgwgiM5jyt_rolD_5NV4AaABAg,I just bought a cerulean sweater to wear when this finally hits theaters. 😍,2921,2026-03-13,@angelapotter8084,THE DEVIL WEARS PRADA 2 Official Final Trailer (2026),devil wears prada 2 trailer
2MRMJUTZkbE,Ugw8GLe4I4pWoVHHCVF4AaABAg,FINALLY confirmation that Simone Ashley is actually in the movie and wasn't completely cut like she was from F1.,2872,2026-03-12,@FrenchSwissBorder,THE DEVIL WEARS PRADA 2 Official Final Trailer (2026),devil wears prada 2 trailer
2MRMJUTZkbE,UgyxKE3XFyS_BQWJwfR4AaABAg,"The fact that Andrea was one of the only people that Miranda respected, and yet she doesn't remember her, seems highly unlikely, lol.",768,2026-03-14,@bastioncory6740,THE DEVIL WEARS PRADA 2 Official Final Trailer (2026),devil wears prada 2 trailer
2MRMJUTZkbE,UgwRKaTeUMVxYObpK_54AaABAg,"Totally stealing ""may the bridges I burn light  my way"" as a life motto now!",1354,2026-03-12,@SimpleMandy,THE DEVIL WEARS PRADA 2 Official Final Trailer (2026),devil wears prada 2 trailer
2MRMJUTZkbE,UgydVi0EqyPEp_RHmhl4AaABAg,I hope there is actually a story to tell and it is not just 'portraits of power' and nice landscapes. The first movie was great b/c there was a great story and characters. I hope this recaptures the magic. I am glad Stanley is getting some shine this time around as well. I love him.,1861,2026-03-12,@dominickspano4231,THE DEVIL WEARS PRADA 2 Official Final Trailer (2026),devil wears prada 2 trailer
2MRMJUTZkbE,Ugz56bgVxox6pVeFxWp4AaABAg,You know how I know I’m getting old?  It feels like this movie came out five years ago….,47,2026-03-17,@jenniferkhan3686,THE DEVIL WEARS PRADA 2 Official Final Trailer (2026),devil wears prada 2 trailer
2MRMJUTZkbE,UgwqIelRi5cURxgSBuJ4AaABAg,"""Milling about like skinny, goats in the parking lot of a methadone clinic in New Jersey!"" is wild! I hollered!",1332,2026-03-12,@z0eie,THE DEVIL WEARS PRADA 2 Official Final Trailer (2026),devil wears prada 2 trailer
2MRMJUTZkbE,UgwH1_ozkY83AsoZw4N4AaABAg,Fun fact: one big change since the last movie is that Emily Blunt and Stanley Tucci are now related. He married her sister in 2012!,1371,2026-03-12,@keelahrose,THE DEVIL WEARS PRADA 2 Official Final Trailer (2026),devil wears prada 2 trailer
2MRMJUTZkbE,UgwHvm-L32kYucJbT-N4AaABAg,Meryl literally looks the same. I think that potion she took in Death Becomes Her is still giving 😏😂😂,226,2026-03-13,@datheoryof,THE DEVIL WEARS PRADA 2 Official Final Trailer (2026),devil wears prada 2 trailer
2MRMJUTZkbE,Ugx5HcWxAF9nwBgSmJ54AaABAg,"This trailer told me absolutely nothing about the movie and yet said absolutely everything. I really hope the movie is going to be good, because I am so excited for it.",265,2026-03-13,@tashikamala6917,THE DEVIL WEARS PRADA 2 Official Final Trailer (2026),devil wears prada 2 trailer
2MRMJUTZkbE,UgxjJ-Tkz4dm-puhs7J4AaABAg,At 1:56. Emily now has her own Emilys!😂😂😂,373,2026-03-14,@paulroussel-g7s,THE DEVIL WEARS PRADA 2 Official Final Trailer (2026),devil wears prada 2 trailer
2MRMJUTZkbE,UgxoDYYDlPWdV3GEer54AaABAg,"Okay I have doubts, but ""You also know her?"" is an instant classic line.",376,2026-03-12,@kayjaybee616,THE DEVIL WEARS PRADA 2 Official Final Trailer (2026),devil wears prada 2 trailer
2MRMJUTZkbE,UgzeL0ZiuDT_Y9heN2Z4AaABAg,No points for missing The Devil Still Wears Prada. It was right there.,622,2026-03-13,@AngelWolf12,THE DEVIL WEARS PRADA 2 Official Final Trailer (2026),devil wears prada 2 trailer
2MRMJUTZkbE,UgxXZfdXSInprbXYCgh4AaABAg,The fact that the sequel was 20 years later and they all still look the same is amazing.,8,2026-03-19,@Schoolofenjoyment,THE DEVIL WEARS PRADA 2 Official Final Trailer (2026),devil wears prada 2 trailer
2MRMJUTZkbE,UgzS8hjbLtVE4xRHWYR4AaABAg,"My new mantra ""may the bridges I burn light my way"".",401,2026-03-12,@clarisascorner,THE DEVIL WEARS PRADA 2 Official Final Trailer (2026),devil wears prada 2 trailer
2MRMJUTZkbE,Ugw_vUydcZz0UImhoYd4AaABAg,0:44 IS THAT SIMONE ASHLEY?! OMGGGGG,397,2026-03-12,@LaibaFaisal-z3q,THE DEVIL WEARS PRADA 2 Official Final Trailer (2026),devil wears prada 2 trailer
2MRMJUTZkbE,UgyQZc58pTdEQrSwTXR4AaABAg,Streep never skipped a beat over the glacial front of 20 years!,7,2026-03-23,@MJibcoOFFICIAL,THE DEVIL WEARS PRADA 2 Official Final Trailer (2026),devil wears prada 2 trailer
2MRMJUTZkbE,UgxHsZy7X2DtffjquIF4AaABAg,"""GIRD YOUR LOINS!!!""",215,2026-03-12,@HabitualLine-Stepper,THE DEVIL WEARS PRADA 2 Official Final Trailer (2026),devil wears prada 2 trailer
2MRMJUTZkbE,UgxRTV6d6NM9Gx-69BZ4AaABAg,“Pull yourself together as we have work to do and by we I mean you”- my new morning mantra,131,2026-03-13,@கிருஸ்ஸ்ரீ,THE DEVIL WEARS PRADA 2 Official Final Trailer (2026),devil wears prada 2 trailer
2MRMJUTZkbE,Ugwsf2RcqJWlWbhlh694AaABAg,Not sure a movie about filthily rich people is all that important anymore....we all know who they really are.,12,2026-03-14,@NJASJAY,THE DEVIL WEARS PRADA 2 Official Final Trailer (2026),devil wears prada 2 trailer
2MRMJUTZkbE,UgwJ76zJmOafNO-Xqw54AaABAg,The only thing missing from this trailer is the plot,751,2026-03-13,@wonderwoman5528,THE DEVIL WEARS PRADA 2 Official Final Trailer (2026),devil wears prada 2 trailer
2MRMJUTZkbE,UgzG5ki3x274YHWKh_V4AaABAg,"many years ago when I watched the first movie I was like ""holy cheese, I wish there was a second part"", now here we are, 2026.. I don't think we need a second movie, the one was perfect, yet.. I'll 100% watch this one",61,2026-03-13,@ricardomorillo7922,THE DEVIL WEARS PRADA 2 Official Final Trailer (2026),devil wears prada 2 trailer
2MRMJUTZkbE,UgzidZ4vJ3j-nSSt4Yd4AaABAg,“May the bridges I burn light my way.” ICONIC.,3,2026-03-13,@hawrnball,THE DEVIL WEARS PRADA 2 Official Final Trailer (2026),devil wears prada 2 trailer
2MRMJUTZkbE,UgyyK_wLQBG6MWyNLKN4AaABAg,"In what universe does Miranda Priestly use the word ""sorry""?",94,2026-03-13,@CocktailsConsoles,THE DEVIL WEARS PRADA 2 Official Final Trailer (2026),devil wears prada 2 trailer
2MRMJUTZkbE,UgyXCurb3-EvcOh1T8R4AaABAg,"meryl broke her no sequel rule, THIS BETTER BE GOOD",51,2026-03-13,@user754y7i,THE DEVIL WEARS PRADA 2 Official Final Trailer (2026),devil wears prada 2 trailer
2MRMJUTZkbE,UgyoNrs_bcXDyTT_NRt4AaABAg,All those poor goats milling around in parking lots in NJ 🐐🐐🐐,88,2026-03-12,@JKo96-nc,THE DEVIL WEARS PRADA 2 Official Final Trailer (2026),devil wears prada 2 trailer
2MRMJUTZkbE,UgzcT06NxSumNHdkEZN4AaABAg,Can't wait for Stanley Tucci in this role again! Love him!!,47,2026-03-12,@jujubees711,THE DEVIL WEARS PRADA 2 Official Final Trailer (2026),devil wears prada 2 trailer
2MRMJUTZkbE,Ugy8xYXQjus1yLv1Npx4AaABAg,"""The bridges I burn light my way.""  What a quotation!  Love it!",2,2026-03-14,@glennlrw,THE DEVIL WEARS PRADA 2 Official Final Trailer (2026),devil wears prada 2 trailer
2MRMJUTZkbE,Ugx2xNmryDe_ftgjiyB4AaABAg,Love the little nod to NJ; we are so proud to call Meryl ours :)  She went to high school where I grew up.,37,2026-03-13,@Linzo24,THE DEVIL WEARS PRADA 2 Official Final Trailer (2026),devil wears prada 2 trailer
2MRMJUTZkbE,UgwVf4LApptpm6rWCHl4AaABAg,We got Scary Movie 6 and Devil Wears Prada 2 both coming before GTA 6,168,2026-03-12,@mlamont235,THE DEVIL WEARS PRADA 2 Official Final Trailer (2026),devil wears prada 2 trailer
2MRMJUTZkbE,Ugzd3oiihd2zZb5lCKt4AaABAg,I love that Miranda is more talkative because it shows us a closer look to how it is working w/ her when you have history and been thru things together,1,2026-03-18,@Movewithkayla,THE DEVIL WEARS PRADA 2 Official Final Trailer (2026),devil wears prada 2 trailer
2MRMJUTZkbE,UgyCX-6EHGSufHZe1mh4AaABAg,Kathani Bridgerton is in this nice!!!,225,2026-03-12,@williamclark6704,THE DEVIL WEARS PRADA 2 Official Final Trailer (2026),devil wears prada 2 trailer
2MRMJUTZkbE,UgzKgyodh2lJalIBr_d4AaABAg,Ok I’m nervous about this film… would Miranda really go knocking on Andreas door…??,34,2026-03-12,@Bleepurchin,THE DEVIL WEARS PRADA 2 Official Final Trailer (2026),devil wears prada 2 trailer
2MRMJUTZkbE,UgztHovjudDBqT5D0yB4AaABAg,"Saw it yesterday and no bueno for anyone who can stand to wait, wait till it comes out on Amazon or the other venues. This movie lacked so bad. I would not reccommend you will be dissapointed.",1,2026-05-02,@msbutterfly714,THE DEVIL WEARS PRADA 2 Official Final Trailer (2026),devil wears prada 2 trailer
2MRMJUTZkbE,UgzkNr6w-RwtlDmMkcp4AaABAg,I LOVE that this is coming out the Friday before the Met Gala!,9,2026-03-12,@EPHTR8032,THE DEVIL WEARS PRADA 2 Official Final Trailer (2026),devil wears prada 2 trailer
2MRMJUTZkbE,Ugwrpl2oQy3Uj1NScGp4AaABAg,"""May the bridges I burn light my way"" this is my new mantra lol 😂😂😂",43,2026-03-13,@andrescebu6295,THE DEVIL WEARS PRADA 2 Official Final Trailer (2026),devil wears prada 2 trailer
2MRMJUTZkbE,UgwZOaGLtnf_byzvxRZ4AaABAg,I love how Simone Ashley reacts when somebody else is talking in a scene,2,2026-04-15,@sasitempu5901,THE DEVIL WEARS PRADA 2 Official Final Trailer (2026),devil wears prada 2 trailer
2MRMJUTZkbE,UgynLlncERVND_atjD14AaABAg,God please let me be alive to watch the 2nd part. 🙏,19,2026-03-12,@MultiAbura,THE DEVIL WEARS PRADA 2 Official Final Trailer (2026),devil wears prada 2 trailer
2MRMJUTZkbE,UgzUEJMC2mCIZxhd0FZ4AaABAg,If only the real Anna Wintour were nearly as stylish as the one in the movies,12,2026-03-13,@lefty_lucy,THE DEVIL WEARS PRADA 2 Official Final Trailer (2026),devil wears prada 2 trailer
2MRMJUTZkbE,UgypwtPVyoeX-eKgSa14AaABAg, it's going to be amazing,1,2026-05-02,@kathrin-mariasamarrastehle6538,THE DEVIL WEARS PRADA 2 Official Final Trailer (2026),devil wears prada 2 trailer
2MRMJUTZkbE,UgwA4HgZexI1eOJ6HQd4AaABAg,All the sparkle in film left after the 2000s ended...,16,2026-03-12,@betsykirkland418,THE DEVIL WEARS PRADA 2 Official Final Trailer (2026),devil wears prada 2 trailer
2MRMJUTZkbE,UgxEqrlPWh_M8ShrrWh4AaABAg,May the bridges I burn light my way. Love that line!!!,26,2026-03-12,@kekakid05,THE DEVIL WEARS PRADA 2 Official Final Trailer (2026),devil wears prada 2 trailer
2MRMJUTZkbE,UgxXHdLaPjGxW3ScS9l4AaABAg,"""May the bridges I burn, light my way"". This will be iconic.",3,2026-03-14,@vibhansh13,THE DEVIL WEARS PRADA 2 Official Final Trailer (2026),devil wears prada 2 trailer
2MRMJUTZkbE,Ugxp9kaA7JGh6r7KDTx4AaABAg,"Simone Ashley is in this as well?

Sold a second time!",74,2026-03-12,@Ianskogberg,THE DEVIL WEARS PRADA 2 Official Final Trailer (2026),devil wears prada 2 trailer
2MRMJUTZkbE,UgyP4pf0kpRl9fTOtpR4AaABAg,Vogue is the PERFECT theme for this,182,2026-03-12,@MParusa-k3s,THE DEVIL WEARS PRADA 2 Official Final Trailer (2026),devil wears prada 2 trailer
2MRMJUTZkbE,UgzvcHh-5H6gICOfiSV4AaABAg,You can tell everyone's ready for this,1,2026-03-13,@JomirBrands,THE DEVIL WEARS PRADA 2 Official Final Trailer (2026),devil wears prada 2 trailer
2MRMJUTZkbE,UgzfpngEUNJnA1Z2ALp4AaABAg,The first one was a classic.  I hope this one does it justice.,7,2026-03-13,@ivanpparra,THE DEVIL WEARS PRADA 2 Official Final Trailer (2026),devil wears prada 2 trailer
2MRMJUTZkbE,UgzbwsucbRJRxtAygwp4AaABAg,"I think Miranda is too expressive in this one, compared to the first movie",761,2026-03-12,@halloweenpot,THE DEVIL WEARS PRADA 2 Official Final Trailer (2026),devil wears prada 2 trailer
2MRMJUTZkbE,UgwkHlmdUzGKevQQ2y94AaABAg,"Streep / Hathaway / Blunt / Tucci - 
FABULOUS CAST !  CAN'T WAIT ! ❤❤❤❤❤",5,2026-03-14,@kualumpurzagreb3408,THE DEVIL WEARS PRADA 2 Official Final Trailer (2026),devil wears prada 2 trailer
2MRMJUTZkbE,UgxmnGqnVwrDR8c6Ztd4AaABAg,"The fashion, the attitude, the Miranda Priestly stare… cinema is officially back.",150,2026-03-12,@lorenagodoyramos,THE DEVIL WEARS PRADA 2 Official Final Trailer (2026),devil wears prada 2 trailer
2MRMJUTZkbE,UgzFj70fK8Uz30e8LQ94AaABAg,And still we don’t know what the plot twist is ❤❤❤❤❤❤,20,2026-03-12,@SamSam-zt4ey,THE DEVIL WEARS PRADA 2 Official Final Trailer (2026),devil wears prada 2 trailer
2MRMJUTZkbE,Ugw2yikqCwQJOl2U5iR4AaABAg,Im be there ..just what i needed,1,2026-03-31,@donnacorbett7575,THE DEVIL WEARS PRADA 2 Official Final Trailer (2026),devil wears prada 2 trailer
2MRMJUTZkbE,UgwD-EJgXLmhfA0HrQx4AaABAg,This feels more like the vibe of Hacks (where the famous comedian always has an agenda of showing how verbally clever she can be) rather than the original DWP (where the magazine editor seemed primarily interested in saving time and getting her employees to do their jobs rather than proving anything at all to them).  It still could be an amusing movie though.,11,2026-03-12,@lisapetrison-beautyreviews,THE DEVIL WEARS PRADA 2 Official Final Trailer (2026),devil wears prada 2 trailer
2MRMJUTZkbE,UgzaUoDPKNOwdFZ0TEZ4AaABAg,Netflix lightning bro,46,2026-03-13,@chomskyhonk,THE DEVIL WEARS PRADA 2 Official Final Trailer (2026),devil wears prada 2 trailer
2MRMJUTZkbE,Ugx6M_nF4MU3IGeBkiR4AaABAg,A 50 second trailer for the trailer I specifically clicked on.,1,2026-03-15,@aaronsafilmnerd,THE DEVIL WEARS PRADA 2 Official Final Trailer (2026),devil wears prada 2 trailer
2MRMJUTZkbE,Ugw6y0QFIDqo5ijCJ6x4AaABAg,Now that’s a trailer,7,2026-03-12,@genuisglt8162,THE DEVIL WEARS PRADA 2 Official Final Trailer (2026),devil wears prada 2 trailer
2MRMJUTZkbE,UgzAr9X0TWG8UBGhrOR4AaABAg,My new affirmation “May the bridges I Burn 🔥 light my way….”,4,2026-03-12,@randomastheday,THE DEVIL WEARS PRADA 2 Official Final Trailer (2026),devil wears prada 2 trailer
2MRMJUTZkbE,UgybCgkybKyt6Wecowt4AaABAg,the Björks’s Post cover art shirt is so iconic,1,2026-03-17,@freneticbtch,THE DEVIL WEARS PRADA 2 Official Final Trailer (2026),devil wears prada 2 trailer
2MRMJUTZkbE,Ugw68nsJ4Zg1BuNPplR4AaABAg,Blast from the past is return,27,2026-03-12,@phillipbates9587,THE DEVIL WEARS PRADA 2 Official Final Trailer (2026),devil wears prada 2 trailer
2MRMJUTZkbE,UgzsgYArkje-iN1aH_N4AaABAg,"Finally, a movie I want to see.",25,2026-03-12,@ckhamlin2636,THE DEVIL WEARS PRADA 2 Official Final Trailer (2026),devil wears prada 2 trailer
2MRMJUTZkbE,Ugyx6rNOzpg32DfV2yd4AaABAg,I will watch the movie with very low expectations.,7,2026-03-14,@abrahamdiaz3648,THE DEVIL WEARS PRADA 2 Official Final Trailer (2026),devil wears prada 2 trailer
2MRMJUTZkbE,UgxqVKSwFSOxDKW1n5h4AaABAg,Meryl Streep looks amazing and so chic. I'd gotten used to her in pigtails and in love as Loretta on 'Only Murders in the Building'!,8,2026-03-12,@CandaceYoung962,THE DEVIL WEARS PRADA 2 Official Final Trailer (2026),devil wears prada 2 trailer
2MRMJUTZkbE,UgzAuby5wr_AquHl5454AaABAg,Starving goats in the parking lot of a methadone clinic….😂😂😂😂😂,59,2026-03-12,@PennyBailey-i7i,THE DEVIL WEARS PRADA 2 Official Final Trailer (2026),devil wears prada 2 trailer
2MRMJUTZkbE,UgzuMKJEXn4aY9zAAMB4AaABAg,the fact that Blunt had some cosmetic surgeries is sad but it makes sense for the character of Emily.,1,2026-04-02,@tomceslonce,THE DEVIL WEARS PRADA 2 Official Final Trailer (2026),devil wears prada 2 trailer
2MRMJUTZkbE,UgzRG-HR5dcdGzm8BCR4AaABAg,"All the people going ""Miranda would NEVER do that!"" or why the characters are acting even remotely different...20 YEARS LATER...
Don't tell me you are the same person you were 20 years ago yourself...cause that would be weird.",179,2026-03-13,@DanielSelk,THE DEVIL WEARS PRADA 2 Official Final Trailer (2026),devil wears prada 2 trailer
2MRMJUTZkbE,UgzuvAheUrbKByQFabR4AaABAg,why do all the movies now look so flat? usually in older movies the night scenes looked so ambient. now its flat and dull. where is the cinematic look? also looks like grey smudge over it,20,2026-03-13,@verasambience,THE DEVIL WEARS PRADA 2 Official Final Trailer (2026),devil wears prada 2 trailer
2MRMJUTZkbE,Ugz19P2g59ymr7hWKNt4AaABAg,Nobody looks like themselves. Only Tucci.,1,2026-03-16,@theditti1010,THE DEVIL WEARS PRADA 2 Official Final Trailer (2026),devil wears prada 2 trailer
2MRMJUTZkbE,UgyuRem8TF3_Z58CEvV4AaABAg,"May the bridges I burn light my way,, love that 💯👍🏾👏",4,2026-03-12,@TheTraveler976,THE DEVIL WEARS PRADA 2 Official Final Trailer (2026),devil wears prada 2 trailer
2MRMJUTZkbE,Ugy6fRT5f2Q6vgcwUDx4AaABAg,THERE IS SO MUCH CERULEAN IN THIS TRAILER,4,2026-03-13,@thmollison,THE DEVIL WEARS PRADA 2 Official Final Trailer (2026),devil wears prada 2 trailer
2MRMJUTZkbE,UgybNBXP8Uv_CxJC6Tx4AaABAg,I CANNOT with the lighting,1,2026-03-17,@EricGeggatt,THE DEVIL WEARS PRADA 2 Official Final Trailer (2026),devil wears prada 2 trailer
2MRMJUTZkbE,Ugyx77LvobHGWFmHRGR4AaABAg,"Dont know how they gonna beat the first story..its a classis. It ""has big shoes to fill"". (FYI..straight white male here..loved the first one).",4,2026-03-12,@MyNameForNow27,THE DEVIL WEARS PRADA 2 Official Final Trailer (2026),devil wears prada 2 trailer
2MRMJUTZkbE,UgzR9F_2BGWSv_-pfex4AaABAg,Nooooooo hope dont be just a bad sequel... love the first one,3,2026-03-18,@elchecho2022,THE DEVIL WEARS PRADA 2 Official Final Trailer (2026),devil wears prada 2 trailer
2MRMJUTZkbE,UgwbolQXupJdYV8QocR4AaABAg,"PLEASE DO THE FIRST PART JUSTICE 🙏🏻🙏🏻🙏🏻🙏🏻
Just love this trio women❤",0,2026-03-14,@brianhillenbrand6382,THE DEVIL WEARS PRADA 2 Official Final Trailer (2026),devil wears prada 2 trailer
2MRMJUTZkbE,Ugw2Pq8OjSIpZWitU9B4AaABAg,Andy Sachs will return in Avengers Doomsday,7,2026-03-12,@ivancortez7653,THE DEVIL WEARS PRADA 2 Official Final Trailer (2026),devil wears prada 2 trailer
2MRMJUTZkbE,UgxnwZG5njdx_0z5To54AaABAg,"Obviously Streep is a legend, but there’s only so many icy glares and haughty put-downs I can take before it gets real old.",7,2026-03-13,@geoffoldread7684,THE DEVIL WEARS PRADA 2 Official Final Trailer (2026),devil wears prada 2 trailer
2MRMJUTZkbE,Ugzme9O1OKOoTs7_COZ4AaABAg,Do we really need a Part 2??!!,2,2026-03-14,@hollieshaven,THE DEVIL WEARS PRADA 2 Official Final Trailer (2026),devil wears prada 2 trailer
2MRMJUTZkbE,Ugxyyw6KSk03aLbZvM54AaABAg,"Somehow, it feels like it won't hold up to the standards of the first movie",7,2026-03-12,@anirprasadd,THE DEVIL WEARS PRADA 2 Official Final Trailer (2026),devil wears prada 2 trailer
2MRMJUTZkbE,UgxZ7pA9US5SdqT_hk94AaABAg,"The subtle nod to fashion designers by how the last names of our lead actors are presented in the beginning of the trailer! {i.e. Thierry Mugler = Mugler, Miuccia Prada = Prada)",5,2026-03-12,@LeaRe3d,THE DEVIL WEARS PRADA 2 Official Final Trailer (2026),devil wears prada 2 trailer
2MRMJUTZkbE,UgyWBsX0MxyYV7yC_IJ4AaABAg,Now the Devil wears a red baseball cap,2,2026-03-14,@Like-a-trolling-stone,THE DEVIL WEARS PRADA 2 Official Final Trailer (2026),devil wears prada 2 trailer
2MRMJUTZkbE,UgyHcRqGVAjVvePcW0h4AaABAg,"""What am I not allowed to say? - Mathadone. New Jersey. "" 🤣",16,2026-03-14,@90skidzzzz,THE DEVIL WEARS PRADA 2 Official Final Trailer (2026),devil wears prada 2 trailer
2MRMJUTZkbE,Ugzu4xd8U1dVNGeNvyp4AaABAg,None of them aged. They all look AMAZING.,10,2026-03-13,@LittleVidds,THE DEVIL WEARS PRADA 2 Official Final Trailer (2026),devil wears prada 2 trailer
2MRMJUTZkbE,UgzftAcnlD19vl0MjUR4AaABAg,I Can't Wait!!! Let's do this gang! 😮😂,1,2026-03-18,@FelineBlue-xu8nr,THE DEVIL WEARS PRADA 2 Official Final Trailer (2026),devil wears prada 2 trailer
2MRMJUTZkbE,UgwBe079Sy8-_w3JgtJ4AaABAg,"The lighting makes it look so DULL even though this should be bright, bold and glittery! Can we start a petition? So sick of this",21,2026-03-17,@CalgarySalsaCongress,THE DEVIL WEARS PRADA 2 Official Final Trailer (2026),devil wears prada 2 trailer
2MRMJUTZkbE,UgzKlap_8Tty3InC9N14AaABAg,i am a straight dude and this role i like from Meryl Streep.,17,2026-03-12,@vampirefox7,THE DEVIL WEARS PRADA 2 Official Final Trailer (2026),devil wears prada 2 trailer
2MRMJUTZkbE,UgyyUG7S6l1cfqa1Slx4AaABAg,Finally something worth going to the movies for.,0,2026-03-13,@rubyslipper1939,THE DEVIL WEARS PRADA 2 Official Final Trailer (2026),devil wears prada 2 trailer
2MRMJUTZkbE,UgxVTcIJ8t-DLCnS01d4AaABAg,"My theory with the reception this movie will get is that the original felt grounded in that Andy was relatable, but now that she isn't (and, quite frankly, none of the characters are), it'll feel more like an out-of-touch fanfiction than a story worthy of being a sequel... BUT the vibes might be good so.... 😂",11,2026-03-14,@mmmchkplss,THE DEVIL WEARS PRADA 2 Official Final Trailer (2026),devil wears prada 2 trailer
2MRMJUTZkbE,UgyS2KjKfcB6eK9xa8t4AaABAg,Bro wth is going on with film lightening and coloring these days,3,2026-03-15,@mischiefmanagedbymarauders,THE DEVIL WEARS PRADA 2 Official Final Trailer (2026),devil wears prada 2 trailer
2MRMJUTZkbE,Ugy8TGGlZ87Hw5S6UoR4AaABAg,"""may the bridges I burn light my way"". Love it!!",0,2026-03-13,@jimenanonato4048,THE DEVIL WEARS PRADA 2 Official Final Trailer (2026),devil wears prada 2 trailer
2MRMJUTZkbE,UgxjKn8T7Ev_gsuZ__h4AaABAg,"The best thing about Miranda was that she was precise with her words, cutting with her remarks, and never out of sync with the times. The bumbling boomer look is a bad idea, “Oh wait I can’t say that now??",7,2026-03-13,@Ayin07,THE DEVIL WEARS PRADA 2 Official Final Trailer (2026),devil wears prada 2 trailer
2MRMJUTZkbE,UgxmgN1XdhocNqNuOk14AaABAg,Welcone back! As if not a DAY has gone by ❤,12,2026-03-12,@gusgrimm7533,THE DEVIL WEARS PRADA 2 Official Final Trailer (2026),devil wears prada 2 trailer
2MRMJUTZkbE,Ugz7gQ-FtqfvhiGmSQV4AaABAg,Omg the recession movies/ culture is backkk,1,2026-03-14,@Jenthehippie4,THE DEVIL WEARS PRADA 2 Official Final Trailer (2026),devil wears prada 2 trailer
2MRMJUTZkbE,UgyeTaCo9FDA3dy0C394AaABAg,"So after all the sh*t she endured, Andy is just going back to work for an abusive boss like Miranda?!!!",6,2026-03-18,@sasukehyuuga755,THE DEVIL WEARS PRADA 2 Official Final Trailer (2026),devil wears prada 2 trailer
2MRMJUTZkbE,Ugy9cauNJBpHz4v3s4N4AaABAg,We need Vinny Chase,8,2026-03-12,@TheWhiteHawkk,THE DEVIL WEARS PRADA 2 Official Final Trailer (2026),devil wears prada 2 trailer
2MRMJUTZkbE,Ugzh-6mAZWLuoEU6Rwh4AaABAg,"Hollywood, where they believe there own hyperbole",1,2026-03-15,@rationalmale9216,THE DEVIL WEARS PRADA 2 Official Final Trailer (2026),devil wears prada 2 trailer
2MRMJUTZkbE,Ugwy8DqqIg6fBXYZwnh4AaABAg,I have high hopes but I simply can’t believe that Miranda would forget about Andy.,6,2026-03-12,@lilywolfedits4145,THE DEVIL WEARS PRADA 2 Official Final Trailer (2026),devil wears prada 2 trailer
2MRMJUTZkbE,UgyY2byPL8tZwhVNa4J4AaABAg,Completely overlooks the point of how the first one ended.,30,2026-03-12,@samiridgethevoice,THE DEVIL WEARS PRADA 2 Official Final Trailer (2026),devil wears prada 2 trailer
2MRMJUTZkbE,UgxxQMHbLQX80eYl_qB4AaABAg,NO ONE has aged and it's beautiful,0,2026-03-16,@mayadougherty-harris447,THE DEVIL WEARS PRADA 2 Official Final Trailer (2026),devil wears prada 2 trailer
2MRMJUTZkbE,UgwXtSZHFlCVOc6UZGV4AaABAg,So Miranda not remembering alot of stuff and being nice... did she had a stroke?😅,7,2026-03-15,@taniaisabelpalmeiro,THE DEVIL WEARS PRADA 2 Official Final Trailer (2026),devil wears prada 2 trailer
2MRMJUTZkbE,UgxWOW6VyXOLRd2tFAd4AaABAg,I think they didn't show the release date enough times. 2:35,9,2026-03-13,@chivia2605,THE DEVIL WEARS PRADA 2 Official Final Trailer (2026),devil wears prada 2 trailer
2MRMJUTZkbE,UgzSDBjft_rdV5jYRXV4AaABAg,I love how Miranda’s like “who you”😂😂,1,2026-03-19,@chaoticcollisions5328,THE DEVIL WEARS PRADA 2 Official Final Trailer (2026),devil wears prada 2 trailer
2MRMJUTZkbE,Ugwe8WKpt_rdFM6hAkp4AaABAg,We really didn’t need this.,3,2026-03-18,@hollywont68ou1,THE DEVIL WEARS PRADA 2 Official Final Trailer (2026),devil wears prada 2 trailer
2MRMJUTZkbE,UgyOqqDpw_f3qxmCeN94AaABAg,0:41 Kate?? From bridgerton’s fashion to now ❤,33,2026-03-13,@stray93,THE DEVIL WEARS PRADA 2 Official Final Trailer (2026),devil wears prada 2 trailer
2MRMJUTZkbE,Ugx6iMJ8R4M36oyvkUh4AaABAg,"OMG!!!!!!! I am trying not to cry 🥹. Finally a part 2, when I went to AIU buckhead (Atlanta) GA, this movie was everything to my sweetmates (roommates) and I. I am overly excited to see this move. I love me some Meryl Streep and Anne Hathaway 🫶🏽💜🫶🏽 👑👑. This just made my women’s history month even better 😌.",1,2026-03-15,@JasmineReneeWorld,THE DEVIL WEARS PRADA 2 Official Final Trailer (2026),devil wears prada 2 trailer
2MRMJUTZkbE,Ugx5j10zUCUCfq3_2iB4AaABAg,Finally!,12,2026-03-12,@MattMoore1,THE DEVIL WEARS PRADA 2 Official Final Trailer (2026),devil wears prada 2 trailer
2MRMJUTZkbE,UgzRGeiDomWW7HCwBKZ4AaABAg,"Sad to say, Hollywood has completely lost me. I'm not excited about anything they make anymore.",16,2026-03-17,@BlankCanvas88,THE DEVIL WEARS PRADA 2 Official Final Trailer (2026),devil wears prada 2 trailer
2MRMJUTZkbE,Ugx8hjqc2mB22VCu2td4AaABAg,“May the bridges I burn light my way” -  iconic,0,2026-03-19,@THB2519,THE DEVIL WEARS PRADA 2 Official Final Trailer (2026),devil wears prada 2 trailer
2MRMJUTZkbE,Ugz4s3ng4xQWXoxM0KJ4AaABAg,Love how Miranda just totally forgets she was ever in the first movie😂😂,7,2026-03-12,@anche70,THE DEVIL WEARS PRADA 2 Official Final Trailer (2026),devil wears prada 2 trailer
2MRMJUTZkbE,UgxD8i1B9sP0TNxUoS94AaABAg,"So Miranda has gone from icy cool to smiley and confused older woman.  Her icy cool was what we all loved.  She was terrifying and in complete control.  Now she's someone who is confused, smiling too much and is looking to others for approval over her words in a meeting.  Noooo!",213,2026-03-14,@davidthomas-ot4cl,THE DEVIL WEARS PRADA 2 Official Final Trailer (2026),devil wears prada 2 trailer
2MRMJUTZkbE,Ugwz9CH98rnRURyL30B4AaABAg,"Early dementia, but make it fashion, is all I got from these trailers. Interesting.",1,2026-03-21,@lavedadavis818,THE DEVIL WEARS PRADA 2 Official Final Trailer (2026),devil wears prada 2 trailer
2MRMJUTZkbE,UgyFkhCILL-Wh1VCA9h4AaABAg,The sequel no one wants…,4,2026-03-15,@TheConstructiveCritic888,THE DEVIL WEARS PRADA 2 Official Final Trailer (2026),devil wears prada 2 trailer
2MRMJUTZkbE,UgxXmQlllTGGUQ22OCl4AaABAg,Meryl Streep looks *amazing*.,52,2026-03-12,@Ms.Murchison,THE DEVIL WEARS PRADA 2 Official Final Trailer (2026),devil wears prada 2 trailer
2MRMJUTZkbE,UgxjcI6kVyfZhaSlkwl4AaABAg,"I think I have a pretty good idea I know the plot and villian for this movie, Emily is the villian, she is a competitor or in a position where she can make or break runway and she chooses to betray Miranda and break Runway but Andy counters her move and saves it, I suspect Miranda remembers Andrea just fine but pretends she doesn't and that Miranda pays Nigel back like he said she would in the first one and makes him the new editor in chief of runway......that is my theory on what will happen.",1,2026-04-02,@kittiepride7772,THE DEVIL WEARS PRADA 2 Official Final Trailer (2026),devil wears prada 2 trailer
2MRMJUTZkbE,Ugzm4ed5v9DQOWSYDFJ4AaABAg,"The four leads have been clear for 20 years that they do not want a sequel as it would take away from the original. So if they signed onto it, it’s going to be epic. None of them would have risked ruining the brand with a sequel if it wasn’t an amazing script.",28,2026-03-13,@APB1202,THE DEVIL WEARS PRADA 2 Official Final Trailer (2026),devil wears prada 2 trailer
2MRMJUTZkbE,UgxqG0YnZH5FBklIlZB4AaABAg,Idk the first movie ended so perfectly,14,2026-03-12,@talinehowse1953,THE DEVIL WEARS PRADA 2 Official Final Trailer (2026),devil wears prada 2 trailer
2MRMJUTZkbE,UgzVowAsR2RjaVkt43p4AaABAg,I looooved this movie but I really don't think it needs a second one. Sometimes all you need is one masterpiece,0,2026-03-20,@suesamson9991,THE DEVIL WEARS PRADA 2 Official Final Trailer (2026),devil wears prada 2 trailer
2MRMJUTZkbE,UgwMKgxc3dVM7dZt2pF4AaABAg,"Unpopular opinion: it looks like they’re trying too hard to recreate the original and idk it just looks forced. I will still be seated with high expectations, am I reaching for the stars here?",571,2026-03-12,@r.gonzalez9655,THE DEVIL WEARS PRADA 2 Official Final Trailer (2026),devil wears prada 2 trailer
2MRMJUTZkbE,UgwJM0CrgQ60XIlD7Tp4AaABAg,They all look like caricatures of their former selves.,44,2026-03-14,@jtrain5615,THE DEVIL WEARS PRADA 2 Official Final Trailer (2026),devil wears prada 2 trailer
2MRMJUTZkbE,UgxktGzHsoEcQwX7t214AaABAg,The choice of fonts for this trailer is perfect.,0,2026-03-14,@CuicaLunar,THE DEVIL WEARS PRADA 2 Official Final Trailer (2026),devil wears prada 2 trailer
2MRMJUTZkbE,Ugz93xzqtAB-WFRRFWZ4AaABAg,I wonder what made Andy go into Fashion. She made such a stink about wanting to be a “real” journalist and quitting Runway.,4,2026-03-12,@Sloanmatthews,THE DEVIL WEARS PRADA 2 Official Final Trailer (2026),devil wears prada 2 trailer
2MRMJUTZkbE,UgzsTv7h5Al9h-ZmK0Z4AaABAg,"We can all agree this is possibly the most highly anticipated unnecessary sequel in the history of cinema, yes?",10,2026-03-13,@No1ofConsequence,THE DEVIL WEARS PRADA 2 Official Final Trailer (2026),devil wears prada 2 trailer
2MRMJUTZkbE,Ugw6A5rhM3bIlDrfWTF4AaABAg,This way way better than BARBIE😂😂😂😂😂😂😂😂😂,1,2026-03-14,@user-qx3ry9qk7i,THE DEVIL WEARS PRADA 2 Official Final Trailer (2026),devil wears prada 2 trailer
2MRMJUTZkbE,Ugyf8juHQnlWYKOBftV4AaABAg,It doesnt look good.,7,2026-03-12,@lagadema16,THE DEVIL WEARS PRADA 2 Official Final Trailer (2026),devil wears prada 2 trailer
2MRMJUTZkbE,Ugyl9cdJB5SgrUHeGEp4AaABAg,Perfect movie to launch the week the world actually could burn down.,3,2026-03-15,@RasheedKhan-he6xx,THE DEVIL WEARS PRADA 2 Official Final Trailer (2026),devil wears prada 2 trailer
2MRMJUTZkbE,UgyJY-KtonvnRzVaZvZ4AaABAg,"They all look like they haven't aged a day, they are all so fabulous. WOW.",0,2026-03-29,@Shimabert,THE DEVIL WEARS PRADA 2 Official Final Trailer (2026),devil wears prada 2 trailer
2MRMJUTZkbE,Ugw2lqMkKFTYlzMxAAN4AaABAg,Looks terrible tbh. Since when is Miranda friendly and making jokes...a,4,2026-03-14,@MiniJeffrey,THE DEVIL WEARS PRADA 2 Official Final Trailer (2026),devil wears prada 2 trailer
2MRMJUTZkbE,UgydnovQ5T231gsfv0F4AaABAg,A lot of you are forgetting the best sequels are the same story done in a fun way,7,2026-03-12,@breyadams,THE DEVIL WEARS PRADA 2 Official Final Trailer (2026),devil wears prada 2 trailer
2MRMJUTZkbE,UgzHJf-M_XDQJtcaCUd4AaABAg,Hopefully the 20 year wait was worth it,1,2026-03-14,@chrispeplinski7306,THE DEVIL WEARS PRADA 2 Official Final Trailer (2026),devil wears prada 2 trailer
2MRMJUTZkbE,Ugyso4LY1WNzrwDL19l4AaABAg,"Doesn't Hollywood realize yet they are dead now after we know the truth they are all s*tanists? Devil in title, madonna playing, all their Hollywood fake  glamour.. it just sucks now",3,2026-03-15,@curiouskittenn,THE DEVIL WEARS PRADA 2 Official Final Trailer (2026),devil wears prada 2 trailer
2MRMJUTZkbE,UgwQJ38kCTM7aqs1eWp4AaABAg,"Hollywood: we're out of ideas and talent. We still need to keep making slop, and we've burned through millennial childhood nostalgia..  

Genius: let's start burning through their 20s nostalgisla",17,2026-03-13,@NormFC,THE DEVIL WEARS PRADA 2 Official Final Trailer (2026),devil wears prada 2 trailer
2MRMJUTZkbE,UgyS4Jd0o7Ctlg2jsI54AaABAg,"Looks like a good movie to watch in the movie theaters, everyone in it looks the same as they did 20 years ago!",1,2026-03-16,@josemedeiros007,THE DEVIL WEARS PRADA 2 Official Final Trailer (2026),devil wears prada 2 trailer
2MRMJUTZkbE,Ugyz3WPAEw0Iu4MZDcl4AaABAg,lol anne didn’t talk in the trailer? Only til 1:22 if you stuck around to stay that long,16,2026-03-13,@dessamaldo,THE DEVIL WEARS PRADA 2 Official Final Trailer (2026),devil wears prada 2 trailer
2MRMJUTZkbE,Ugye7cZOAtrfA796GDV4AaABAg,Please don't be woke please don't be woke please don't be woke,3,2026-03-23,@Lamecha_corta,THE DEVIL WEARS PRADA 2 Official Final Trailer (2026),devil wears prada 2 trailer
2MRMJUTZkbE,Ugy6mfmPgT9BPL_H_BB4AaABAg,The methadone clinic line and her pause delivery was PERFECT in every way!!    I think they cut this from the trailers,0,2026-04-09,@joels1986,THE DEVIL WEARS PRADA 2 Official Final Trailer (2026),devil wears prada 2 trailer
2MRMJUTZkbE,UgxY3Z3x51GfjrI2aCZ4AaABAg,I love the trailers but why don't any of them give us a damn storyline so we know what this one is about? That's their problem.,6,2026-03-12,@TylersBratAmy,THE DEVIL WEARS PRADA 2 Official Final Trailer (2026),devil wears prada 2 trailer
2MRMJUTZkbE,Ugy0WPJVyNKKpHL6_fJ4AaABAg,I’m so disappointed. It looks really poor.,4,2026-03-12,@ScrollNRoll,THE DEVIL WEARS PRADA 2 Official Final Trailer (2026),devil wears prada 2 trailer
2MRMJUTZkbE,UgzsjmNIiugs0vq8rm94AaABAg,The leading trio is not only very talented but looks great as well,0,2026-03-19,@desislavageorgieva2362,THE DEVIL WEARS PRADA 2 Official Final Trailer (2026),devil wears prada 2 trailer
2MRMJUTZkbE,UgwcR7_DT8z5OnNYfCx4AaABAg,"So it's already kind of weird how Miranda sounds like she has memory loss? She was this pillar of power and confidence. When she didn't know people before, it was before she was too busy and big to care to remember people's names. Now she just sounds lost and confused? 
I really hope they don't tarnish the devil wears prada ip. :(",98,2026-03-12,@MyLAEx,THE DEVIL WEARS PRADA 2 Official Final Trailer (2026),devil wears prada 2 trailer
2MRMJUTZkbE,UgyQsemuVnpav-w2NBh4AaABAg,20 years later and they all look exactly the SAME!!! What in the Ponce De Leon!!!,40,2026-03-12,@krisw.5025,THE DEVIL WEARS PRADA 2 Official Final Trailer (2026),devil wears prada 2 trailer
2MRMJUTZkbE,Ugz1aGLpvwp2O6e_h4B4AaABAg,"Well, the trailer sucks. Now let's hope for the best... 😢",2,2026-03-17,@marcellaibarra,THE DEVIL WEARS PRADA 2 Official Final Trailer (2026),devil wears prada 2 trailer
2MRMJUTZkbE,Ugzg_btrPw0Ai1zYFhp4AaABAg,Why would Andy be the features editor when she wasn't even interested in fashion?,7,2026-03-12,@willma2625,THE DEVIL WEARS PRADA 2 Official Final Trailer (2026),devil wears prada 2 trailer
2MRMJUTZkbE,UgxxaSBkmq322MvA4ep4AaABAg,It doesn't look good aesthetically --- there's something off. Is it the lighting?,21,2026-03-12,@pueraeternus111,THE DEVIL WEARS PRADA 2 Official Final Trailer (2026),devil wears prada 2 trailer
2MRMJUTZkbE,UgyGrDr4kw44kEMiB5d4AaABAg,20 years! They all still look so great!,0,2026-04-04,@thecarola4536,THE DEVIL WEARS PRADA 2 Official Final Trailer (2026),devil wears prada 2 trailer
2MRMJUTZkbE,UgwWZ1vjhYm0EPaYj014AaABAg,That is NOT Miranda Priestly... feels like a totally different character,105,2026-03-12,@CalebKirkbride,THE DEVIL WEARS PRADA 2 Official Final Trailer (2026),devil wears prada 2 trailer
2MRMJUTZkbE,UgwTftLozK7TRlYj9d54AaABAg,This movie will be the first treat to myself after having my baby. Now... what to wear...,0,2026-03-14,@jazbarry13,THE DEVIL WEARS PRADA 2 Official Final Trailer (2026),devil wears prada 2 trailer
2MRMJUTZkbE,UgxXDUtmrRaeH9bgbC94AaABAg,“Let the bridges I burn light my way” OMG EPIC!!,0,2026-03-13,@PamMorton-x3x,THE DEVIL WEARS PRADA 2 Official Final Trailer (2026),devil wears prada 2 trailer
2MRMJUTZkbE,UgypUyBNkswlAdHdNrN4AaABAg,How do they all look the exact exact same 2 decades later? 🤯,1,2026-03-13,@jayjayrayyy,THE DEVIL WEARS PRADA 2 Official Final Trailer (2026),devil wears prada 2 trailer
2MRMJUTZkbE,UgykCRqpstHzb6EzLYx4AaABAg,"😮 One of my favorite movies of all Hollywood history, this is what Hollywood was born to be.",0,2026-03-14,@elmaestro667,THE DEVIL WEARS PRADA 2 Official Final Trailer (2026),devil wears prada 2 trailer
2MRMJUTZkbE,UgxVcht-bQroilCA2UV4AaABAg,"I have faith in this cast, how could it be bad? 🤞🏽👠😇",1,2026-03-14,@oneofone7773,THE DEVIL WEARS PRADA 2 Official Final Trailer (2026),devil wears prada 2 trailer
2MRMJUTZkbE,UgyLSUi_NQz2MJ_Ngsh4AaABAg,I expect humour but I still don’t know what this part two is about.,1,2026-03-14,@maria_lara111,THE DEVIL WEARS PRADA 2 Official Final Trailer (2026),devil wears prada 2 trailer
2MRMJUTZkbE,Ugzyizetne8N6XV2cN54AaABAg,You keep them eyebrows sent me!!,0,2026-03-23,@DogMA-d1t,THE DEVIL WEARS PRADA 2 Official Final Trailer (2026),devil wears prada 2 trailer
2MRMJUTZkbE,Ugw5zQz28w9urBWYWJN4AaABAg,I am going to watch it… but i just KNOW… this will destroy their legacy :( i’m heartbroken 💔,1,2026-03-16,@Estcollsal,THE DEVIL WEARS PRADA 2 Official Final Trailer (2026),devil wears prada 2 trailer
2MRMJUTZkbE,UgwnERvHsHbnpF7kiUh4AaABAg,"HOW DARE SHE MAKE A JOKE ABOUT METHADONE CLINCICS???

Jk it's Miranda Priesley",1,2026-03-14,@forphax416,THE DEVIL WEARS PRADA 2 Official Final Trailer (2026),devil wears prada 2 trailer
2MRMJUTZkbE,Ugwkq30bvoyKwbrvcz94AaABAg,"""May the bridges I burn light my way"" 🔥🔥🔥",0,2026-03-14,@naddanaddanod,THE DEVIL WEARS PRADA 2 Official Final Trailer (2026),devil wears prada 2 trailer
2MRMJUTZkbE,UgwdaxjkLVXFKz2zHNx4AaABAg,I hope she's no longer with sandwich bf that mocked her aspirations.,1,2026-03-16,@morrigan395,THE DEVIL WEARS PRADA 2 Official Final Trailer (2026),devil wears prada 2 trailer
2MRMJUTZkbE,UgyDsweSz2pFh0VaFet4AaABAg,Looks like Miranda is having a case of Alzheimer's..,2,2026-03-16,@nirmalsuki,THE DEVIL WEARS PRADA 2 Official Final Trailer (2026),devil wears prada 2 trailer
2MRMJUTZkbE,UgxDpN5ECpYJFJ_HLvF4AaABAg,I hope they didn't turn Emily's character into a villain. 🙏🙏🙏,1,2026-03-16,@MarshaEmpress12,THE DEVIL WEARS PRADA 2 Official Final Trailer (2026),devil wears prada 2 trailer
2MRMJUTZkbE,UgwYURR9Eb03r6Vcl5l4AaABAg,Why did I just watch 2 commercials to see 2 more.,0,2026-04-04,@nunnaurbiznez8815,THE DEVIL WEARS PRADA 2 Official Final Trailer (2026),devil wears prada 2 trailer
2MRMJUTZkbE,UgyAixOt3tCA7kitEA14AaABAg,Seems like they softened Streep’s character. Odd.,1,2026-03-17,@k.wakefield5155,THE DEVIL WEARS PRADA 2 Official Final Trailer (2026),devil wears prada 2 trailer
2MRMJUTZkbE,Ugz-Qchdi2IlaNRNWfp4AaABAg,I hope they bring Suddenly I See back ❤,2,2026-03-14,@tishonguyen,THE DEVIL WEARS PRADA 2 Official Final Trailer (2026),devil wears prada 2 trailer
2MRMJUTZkbE,UgxfucxNlD_XRwP6uO54AaABAg,they really haven't aged after 20 years,0,2026-03-18,@zdnil,THE DEVIL WEARS PRADA 2 Official Final Trailer (2026),devil wears prada 2 trailer
2MRMJUTZkbE,UgzUDz3_cquzHzeofmN4AaABAg,I wish they make this a series so we can get more seasons,0,2026-03-14,@hosneyarafat9858,THE DEVIL WEARS PRADA 2 Official Final Trailer (2026),devil wears prada 2 trailer
2MRMJUTZkbE,Ugw8iLqSmA2YE52-vQl4AaABAg,The way Miranda said “Where was I?!!” Really tickled my fancy 😂,0,2026-03-14,@vnessnc,THE DEVIL WEARS PRADA 2 Official Final Trailer (2026),devil wears prada 2 trailer
2MRMJUTZkbE,Ugy3BfCy_TkPTcFrEu94AaABAg,The trailer alone is better than  some movies I saw in the recent past,0,2026-03-14,@walterpleyer261,THE DEVIL WEARS PRADA 2 Official Final Trailer (2026),devil wears prada 2 trailer
2MRMJUTZkbE,Ugy2PLr3RE27ueZci0J4AaABAg,This movie really didn't need a sequel,0,2026-03-14,@shyadeny,THE DEVIL WEARS PRADA 2 Official Final Trailer (2026),devil wears prada 2 trailer
2MRMJUTZkbE,Ugz1Y-dZdk-ZFSImEnh4AaABAg,"“Let the bridges I have burned light my way. “
Cheers to that honey",0,2026-03-23,@stopthelies4249,THE DEVIL WEARS PRADA 2 Official Final Trailer (2026),devil wears prada 2 trailer
2MRMJUTZkbE,UgyfGiNByv9XH4Ix1rV4AaABAg,I'm gonna be having a marathon of TDWP until this arrive theater 🔥🔥,0,2026-03-18,@JoRuzzt,THE DEVIL WEARS PRADA 2 Official Final Trailer (2026),devil wears prada 2 trailer
2MRMJUTZkbE,UgzsnpncmpT_Ua6uUY54AaABAg,Somebody is going to be taken on a date to watch this.,0,2026-03-14,@itdoesntmatter-s5o,THE DEVIL WEARS PRADA 2 Official Final Trailer (2026),devil wears prada 2 trailer
2MRMJUTZkbE,UgxdxKIcpf9lW6l9HJV4AaABAg,Original title: The Devil Wears 2000 units of BOTOX,1,2026-03-14,@ildiko9110v,THE DEVIL WEARS PRADA 2 Official Final Trailer (2026),devil wears prada 2 trailer
2MRMJUTZkbE,UgxRibz5wjeM6aqX2fF4AaABAg,Too late. The trend of movie reprisals is no longer trending. Maybe an airplane or prime movie at best.,2,2026-03-15,@d3kingg387,THE DEVIL WEARS PRADA 2 Official Final Trailer (2026),devil wears prada 2 trailer
2MRMJUTZkbE,UgxvSuUOApaadT0aSjZ4AaABAg,“ May the bridges I burn 🔥 light my way🔥“ 😅 I gotta remember to use that,0,2026-03-16,@FernandoRuiz-kq6lp,THE DEVIL WEARS PRADA 2 Official Final Trailer (2026),devil wears prada 2 trailer
2MRMJUTZkbE,Ugw4ecVuPtLkyilQ41N4AaABAg,Since when would Miranda ever visit Andy at her small apartment?!?,3,2026-03-18,@lumiere7216,THE DEVIL WEARS PRADA 2 Official Final Trailer (2026),devil wears prada 2 trailer
2MRMJUTZkbE,Ugztd3GABxZRu3h6l4p4AaABAg,Trailer looks soooooo good. I am praying the movie is just as iconic as the first,0,2026-03-18,@honeyhopeless5501,THE DEVIL WEARS PRADA 2 Official Final Trailer (2026),devil wears prada 2 trailer
2MRMJUTZkbE,UgzTveVGf4NWT_BZwBJ4AaABAg,Remember last June watching all those YT vids of on location filming in Manhattan???😊,0,2026-04-22,@Kim-lc3fv,THE DEVIL WEARS PRADA 2 Official Final Trailer (2026),devil wears prada 2 trailer
2MRMJUTZkbE,UgxNSPsaI4Hp8qmajdR4AaABAg,Give the editor of this trailer a bonus.,0,2026-03-14,@WalkBike-o5n,THE DEVIL WEARS PRADA 2 Official Final Trailer (2026),devil wears prada 2 trailer
2MRMJUTZkbE,Ugy3HfBZVgDUc_Mp66R4AaABAg,I’m turning 20 and it’s coming up on my birthday,0,2026-03-16,@mavenworld,THE DEVIL WEARS PRADA 2 Official Final Trailer (2026),devil wears prada 2 trailer
2MRMJUTZkbE,UgxNPuB-tlG-oA-0Vgd4AaABAg,“Pull yourself together as we have work to do and by we I mean you”- my new,0,2026-03-18,@Rudeus35-h5x,THE DEVIL WEARS PRADA 2 Official Final Trailer (2026),devil wears prada 2 trailer
2MRMJUTZkbE,Ugzlfvf5R76bnKIhUZ54AaABAg,"Wow, how original.",1,2026-03-15,@josephperez2567,THE DEVIL WEARS PRADA 2 Official Final Trailer (2026),devil wears prada 2 trailer
2MRMJUTZkbE,UgxCwOMVthH70hwyVfB4AaABAg,I think the fashion industry in a digital world is so great. This movie sequel can show an updated industry ❤,0,2026-03-22,@jourdanhamme3426,THE DEVIL WEARS PRADA 2 Official Final Trailer (2026),devil wears prada 2 trailer
2MRMJUTZkbE,Ugx1xijkd0zTcbbgi0l4AaABAg,This movie's coming out on my birthday and i plan to go watch it that day so I NEED it to be AMAZING,0,2026-03-14,@njthe-great,THE DEVIL WEARS PRADA 2 Official Final Trailer (2026),devil wears prada 2 trailer
2MRMJUTZkbE,UgzjDSO4IPLLGoLW0mh4AaABAg,"Milano this time, huh. I'm loving this already!  ❤",0,2026-04-05,@Dqueen11,THE DEVIL WEARS PRADA 2 Official Final Trailer (2026),devil wears prada 2 trailer
2MRMJUTZkbE,UgzJ3mRXy5kWozNKOdd4AaABAg,All going to the cinema dressed in Prada ❤,0,2026-03-25,@betygarciaaceves1030,THE DEVIL WEARS PRADA 2 Official Final Trailer (2026),devil wears prada 2 trailer
2MRMJUTZkbE,Ugyo4z-RYMiw7pMUMlF4AaABAg,"Form ""i love my job"" to ""may the bridges i burn would light my way""",0,2026-03-14,@Gruyl,THE DEVIL WEARS PRADA 2 Official Final Trailer (2026),devil wears prada 2 trailer
2MRMJUTZkbE,UgyGu7NkdxRT2OOqSrd4AaABAg,Is this the one where Blackrock buys the magazine and makes everyone shop at Temu?,1,2026-03-16,@peachyb.4521,THE DEVIL WEARS PRADA 2 Official Final Trailer (2026),devil wears prada 2 trailer
2MRMJUTZkbE,Ugxm0UbK77kaPldFqSV4AaABAg,"I was 19 ...i m almost 40,cant wait.",0,2026-03-18,@danielmontenegro8743,THE DEVIL WEARS PRADA 2 Official Final Trailer (2026),devil wears prada 2 trailer
2MRMJUTZkbE,UgzF_jvy06ev3g2P8Xp4AaABAg,The old Miranda Priestly didn't talk that much and didn't make jokes and laugh at them. I am scared this is gonna be as good as the old one,1,2026-03-21,@Venusbgirl,THE DEVIL WEARS PRADA 2 Official Final Trailer (2026),devil wears prada 2 trailer
2MRMJUTZkbE,UgyJ061Xu5FDuJBMDXh4AaABAg,"It’s a must-watch! There has to be a reason why they all reunited after 20 years, especially now that they're much bigger stars with packed schedules",0,2026-04-10,@koreanbro.6507,THE DEVIL WEARS PRADA 2 Official Final Trailer (2026),devil wears prada 2 trailer
2MRMJUTZkbE,UgzO-H6stVak6eng1Q14AaABAg,"I really hope this second part be as good as the first one.
I was very disappointed with legally blonde 2 😢",1,2026-03-15,@kathrob,THE DEVIL WEARS PRADA 2 Official Final Trailer (2026),devil wears prada 2 trailer
2MRMJUTZkbE,Ugx_yl5o50IJ4-5IPsR4AaABAg,Guess I need to rewatch part 1 to get myself on track 😅,0,2026-03-14,@ekwogeserge4239,THE DEVIL WEARS PRADA 2 Official Final Trailer (2026),devil wears prada 2 trailer
2MRMJUTZkbE,UgxdH91eXoFJFo5v1c54AaABAg,I'd hate to work with these people. I'll be brimming with baldness by the end of the first week....,1,2026-03-13,@veragaither510,THE DEVIL WEARS PRADA 2 Official Final Trailer (2026),devil wears prada 2 trailer
2MRMJUTZkbE,UgxoXTzUqFgZgxvRmcF4AaABAg,Does Miranda seem less icy 🤔 😔,1,2026-04-08,@WanderingFreeTV,THE DEVIL WEARS PRADA 2 Official Final Trailer (2026),devil wears prada 2 trailer
2MRMJUTZkbE,Ugxu4RujGx3O65OjIBN4AaABAg,0:35 You know… that’s like offensive to most folk… but with how I dress rn and how all this drama that has ran me ragged… that’s honestly exactly my entire aesthetic now. Thanks Miranda. 🥹🥹🥹👌🏽✨,25,2026-03-13,@HeartofHolmes,THE DEVIL WEARS PRADA 2 Official Final Trailer (2026),devil wears prada 2 trailer
1-u-e2TLwhs,Ugw1L6VQHYGEumrfji54AaABAg,Makes you feel like a terrible person the second you step in her office,497,2026-04-11,@Igor_Dust414,The Devil Wears Prada 2 | Official Clip,devil wears prada 2 trailer
1-u-e2TLwhs,Ugyc7PRq9q4Ua22vV0F4AaABAg,The fact that miranda knew so much about her employee but 😗,345,2026-04-11,@dkritikaaa,The Devil Wears Prada 2 | Official Clip,devil wears prada 2 trailer
1-u-e2TLwhs,UgzYIQtrropJbJsGQkd4AaABAg,So that's why Kate Bridgerton didn't appear that much in this year's season!! She's here dealing with the devil.,289,2026-04-11,@judiciousjayel,The Devil Wears Prada 2 | Official Clip,devil wears prada 2 trailer
1-u-e2TLwhs,UgyW3eSiR_PsvAE18-l4AaABAg,I'd like to see Andrea grew a pair in front of Miranda after all these years; she's accomplished so much in her career.,129,2026-04-11,@torchtorch1480,The Devil Wears Prada 2 | Official Clip,devil wears prada 2 trailer
1-u-e2TLwhs,UgzBkfVz3jQKVD6RHyN4AaABAg,I'm more curious to know why Nigel still works for her despite what she did to him in the 1st movie.,122,2026-04-12,@ArJay1688,The Devil Wears Prada 2 | Official Clip,devil wears prada 2 trailer
1-u-e2TLwhs,UgxiYLVMJolSUNnuSmR4AaABAg,"Twenty years later, Miranda is still as aloof and as coldly ruthless as ever, and I am honestly here for it.


(And they _do_ say that ruthlessness is mercy upon ourselves.)",525,2026-04-11,@KingdomHeartsFan3211,The Devil Wears Prada 2 | Official Clip,devil wears prada 2 trailer
1-u-e2TLwhs,UgzlK8iCqyDR5UhusaR4AaABAg,This movie's Cinematography is gorgeous. The way the camera focuses on the browns in   the pictures in the background is cool plus the blues. The color tone just totally matches the story,124,2026-04-11,@linandlang7016,The Devil Wears Prada 2 | Official Clip,devil wears prada 2 trailer
1-u-e2TLwhs,UgwVmnXPnHiWpT-mKzx4AaABAg,The only time i'm gonna feel Happy to see someone acting rude again,66,2026-04-11,@dario_art13,The Devil Wears Prada 2 | Official Clip,devil wears prada 2 trailer
1-u-e2TLwhs,Ugzbp1t_hhLholu7tAp4AaABAg,"Miranda Priestley still being cold and aloof twenty years later is totally fine by me. Andrea Sachs still behaving that afraid of her, stuttering and all that, is stupid.",31,2026-04-12,@Matheus_Lom,The Devil Wears Prada 2 | Official Clip,devil wears prada 2 trailer
1-u-e2TLwhs,Ugyigz57DdqRyTY98A54AaABAg,Miranda: We don't need you today.... Or Ever 😂 Here come the iconic lines,9,2026-04-13,@mezmerized4lifejay654,The Devil Wears Prada 2 | Official Clip,devil wears prada 2 trailer
1-u-e2TLwhs,Ugzf9BqEvWDw_k-K0A54AaABAg,WE ARE SOOOO BACK.,75,2026-04-11,@nickithethickii,The Devil Wears Prada 2 | Official Clip,devil wears prada 2 trailer
1-u-e2TLwhs,Ugz6yKN9TpSslqpD24l4AaABAg,Andrea should be less nervous around Miranda by now. It's been 20 yrs and she's a successful journalist.,206,2026-04-11,@82leegary,The Devil Wears Prada 2 | Official Clip,devil wears prada 2 trailer
1-u-e2TLwhs,UgxODnb6FW4FEZYEUlx4AaABAg,"A couple of days ago, I saw a video of someone complaining about their movie pet peeves, and their #1 was the “fake stutter” thing. Now I can’t not notice it 💀",26,2026-04-12,@jas0206,The Devil Wears Prada 2 | Official Clip,devil wears prada 2 trailer
1-u-e2TLwhs,Ugz33i90pZVygVn8JEZ4AaABAg,Wait. Did Miranda just say “please”?,4,2026-04-18,@VivekaMirkin,The Devil Wears Prada 2 | Official Clip,devil wears prada 2 trailer
1-u-e2TLwhs,UgzdEzvbsKb4D51F5tB4AaABAg,"Devil Wears Prada whole concept, scenes and set is soooo similar to 13 Going on 30, which was a 2004 film and Devil Wears Prada [1] came out 2006.",2,2026-05-02,@casagawea,The Devil Wears Prada 2 | Official Clip,devil wears prada 2 trailer
1-u-e2TLwhs,Ugw53JXqkG0aVC_Cb2V4AaABAg,I want to see this so bad,13,2026-04-11,@Anagloss101,The Devil Wears Prada 2 | Official Clip,devil wears prada 2 trailer
1-u-e2TLwhs,UgzcjH-oxMQJtLPa1dd4AaABAg,"""Can you take the train, Dear????"" - Miranda Priestley - TDWP 2 - 2026",58,2026-04-11,@nickithethickii,The Devil Wears Prada 2 | Official Clip,devil wears prada 2 trailer
1-u-e2TLwhs,Ugw8UNhYsKoNLIPjVHB4AaABAg,"I get the impression that Miranda is much more reactive in this movie. Given the current storyline, I don't think she can maintain that same emotional rigidity she had in the first film. I'm really looking forward to it!",3,2026-04-16,@社恐人的吃喝玩樂日常,The Devil Wears Prada 2 | Official Clip,devil wears prada 2 trailer
1-u-e2TLwhs,UgwsAuCfP-wvRKEeF-R4AaABAg,Why Andrea still acting like a newbie in front of Miranda. I thought she'd be a seasoned journalist by now and seasoned journalists don't talk like they've just come to this world.,3,2026-04-24,@NerdsBane007,The Devil Wears Prada 2 | Official Clip,devil wears prada 2 trailer
1-u-e2TLwhs,Ugw-6WIC7ekjBbaImQ54AaABAg,"""eeoohh"" was just so cute and silly 😆",4,2026-04-14,@lanassadbaby3221,The Devil Wears Prada 2 | Official Clip,devil wears prada 2 trailer
1-u-e2TLwhs,Ugx0mqX5qTlLJa1sv014AaABAg,The first Asian/Indian in the Devil Wears Prada 1+2 is now moving gracefully as an act that demanding a lot of attention to detail just as art.,8,2026-04-13,@permijitdunkley1697,The Devil Wears Prada 2 | Official Clip,devil wears prada 2 trailer
1-u-e2TLwhs,UgxYuQE_iNMub6vobEt4AaABAg,The first ring didn’t even finish and she picked up the phone for Miranda.  EVIL!😂,1,2026-04-22,@michaelgalt388,The Devil Wears Prada 2 | Official Clip,devil wears prada 2 trailer
1-u-e2TLwhs,UgyOtWaQ2_2eDQTUUNd4AaABAg,So she fired her inhouse PR person on the spot so Andrea can take over?,21,2026-04-12,@ArJay1688,The Devil Wears Prada 2 | Official Clip,devil wears prada 2 trailer
1-u-e2TLwhs,Ugx-OXwRgEf1o7xE9_54AaABAg,She’s baackk,7,2026-04-11,@rhaspodel,The Devil Wears Prada 2 | Official Clip,devil wears prada 2 trailer
1-u-e2TLwhs,Ugx82PFZggtMZdqggJh4AaABAg,"This is crazy , how come none of them  aged at all after 20 years . Can’t wait to see this",5,2026-04-19,@shyshy2220,The Devil Wears Prada 2 | Official Clip,devil wears prada 2 trailer
1-u-e2TLwhs,Ugzik2WMILj-ncz6L7t4AaABAg,"Miranda just had to think on her feet there, she's still very much in control of her marbles lol",3,2026-04-12,@Lee-zw5km,The Devil Wears Prada 2 | Official Clip,devil wears prada 2 trailer
1-u-e2TLwhs,UgwfkwGGppbgim7fsFB4AaABAg,Why is she bumbling over her words. I would think by now she would appear to be more confident and self assured.,19,2026-04-12,@micheled4780,The Devil Wears Prada 2 | Official Clip,devil wears prada 2 trailer
1-u-e2TLwhs,UgxTuVOyu73TQdzBS1d4AaABAg,We've been waiting for this sooo many years!!! 👠,8,2026-04-11,@christinaaguileralegend,The Devil Wears Prada 2 | Official Clip,devil wears prada 2 trailer
1-u-e2TLwhs,Ugy78AnYsfM-s9EyT1l4AaABAg,"""Come along...""👠The causally classy way she exits after firing a great employee is hilarious!",0,2026-05-03,@perryphd9744,The Devil Wears Prada 2 | Official Clip,devil wears prada 2 trailer
1-u-e2TLwhs,UgwcGosYf4d8jOaCdeZ4AaABAg,We don't need you this morning... or ever 😂,2,2026-04-13,@Makeitwork-x1f,The Devil Wears Prada 2 | Official Clip,devil wears prada 2 trailer
1-u-e2TLwhs,Ugxj6F4cE4SKDBuwGgJ4AaABAg,"It won’t happen, but I would _love_ at a fashion show that Andi would bump into Betty Suarez. And Miranda clashes with Wilhelmina Slater.",6,2026-04-12,@arc7375,The Devil Wears Prada 2 | Official Clip,devil wears prada 2 trailer
1-u-e2TLwhs,UgxdzjoFMrV8F3BIwV94AaABAg,I can’t wait❤,18,2026-04-11,@Thecharliesruiz,The Devil Wears Prada 2 | Official Clip,devil wears prada 2 trailer
1-u-e2TLwhs,Ugw0PV8IrQ4J08RJ3254AaABAg,The Devil never changes☠️☠️,8,2026-04-12,@Jacob_0111,The Devil Wears Prada 2 | Official Clip,devil wears prada 2 trailer
1-u-e2TLwhs,Ugx7ah3ON9oD4rFdS8R4AaABAg,Idk why people complain about the lighting. It literally looks fine.,0,2026-05-03,@DRIATV22,The Devil Wears Prada 2 | Official Clip,devil wears prada 2 trailer
1-u-e2TLwhs,UgxQXx6xsnmkG33Rvex4AaABAg,BRUTAL AS EVER! 👠🔥,3,2026-04-12,@kartiksomani970,The Devil Wears Prada 2 | Official Clip,devil wears prada 2 trailer
1-u-e2TLwhs,Ugw8XUM7JtN1Vp_lOQ94AaABAg,Been working for her for 20 years and somehow doesn’t have any confidence,2,2026-04-16,@kevcan2372,The Devil Wears Prada 2 | Official Clip,devil wears prada 2 trailer
1-u-e2TLwhs,Ugw3gNcnupj9gmi4jqZ4AaABAg,Meryl ❤,8,2026-04-11,@bilaalbadurdeen2733,The Devil Wears Prada 2 | Official Clip,devil wears prada 2 trailer
1-u-e2TLwhs,UgwnCOuVkw712VuHlLR4AaABAg, Awesome,1,2026-05-02,@kathrin-mariasamarrastehle6538,The Devil Wears Prada 2 | Official Clip,devil wears prada 2 trailer
1-u-e2TLwhs,UgwgWRQGqyeCdRqBakh4AaABAg,I’m sat,2,2026-04-13,@Mezzy..,The Devil Wears Prada 2 | Official Clip,devil wears prada 2 trailer
1-u-e2TLwhs,Ugy87PIPujMLxD1QiPJ4AaABAg,"Miranda, as subtle as a sledgehammer - ""We don't need you this morning, or ever"" Meryl plays her so well 👠👠",0,2026-05-02,@Jesusofsuburbia-d9r,The Devil Wears Prada 2 | Official Clip,devil wears prada 2 trailer
1-u-e2TLwhs,UgwTQRDmee2_SU9vviN4AaABAg,First time hearing Miranda say “please” 😮,0,2026-04-23,@elderaarondavis1,The Devil Wears Prada 2 | Official Clip,devil wears prada 2 trailer
1-u-e2TLwhs,UgyGmaFqyB8JPcSaDuB4AaABAg,Can’t wait to see it!!! Love it!,1,2026-04-24,@ainebardo,The Devil Wears Prada 2 | Official Clip,devil wears prada 2 trailer
1-u-e2TLwhs,Ugx_m4hY8vjo1GKSD294AaABAg,Wow! 😂😂😂😂I love it!,1,2026-04-24,@jacklyneverage3881,The Devil Wears Prada 2 | Official Clip,devil wears prada 2 trailer
1-u-e2TLwhs,UgyrrY3CIgJoTpWZU1R4AaABAg,Wait 😢waitv😮 wait 😮 Did she just fire sm1 like that 😅😅 just likw that😅😅😅,3,2026-04-12,@kakoozamartie4222,The Devil Wears Prada 2 | Official Clip,devil wears prada 2 trailer
1-u-e2TLwhs,UgzvFR8Q8XV8Ow2PODp4AaABAg,Simone Ashley!!!🤩🤩🤩,0,2026-04-24,@83fbc,The Devil Wears Prada 2 | Official Clip,devil wears prada 2 trailer
1-u-e2TLwhs,UgzH_Q3MgO6wAJ93uRJ4AaABAg,"Oh my god the first one was one of my favorite movies of all time and it got a sequel out of the freaking blue

I’m so glad they got the main characters to reprise their roles, I’m all for it when this movie drops",2,2026-04-12,@PriscentSnow,The Devil Wears Prada 2 | Official Clip,devil wears prada 2 trailer
1-u-e2TLwhs,Ugxu2TOp_Wn7s8js8-J4AaABAg,Seeing in on the April 30th. Can't wait,1,2026-04-12,@fallprint8964,The Devil Wears Prada 2 | Official Clip,devil wears prada 2 trailer
1-u-e2TLwhs,UgwcT1OrhCnSYpONLFh4AaABAg,SNAP! I CANNOT WAIT! tickets bought and friends ready to roll!,0,2026-04-25,@collidingforces2025,The Devil Wears Prada 2 | Official Clip,devil wears prada 2 trailer
1-u-e2TLwhs,UgyaglbpZTFssyoH8pN4AaABAg,Miranda in devil wears prada 2 is now a doormat to save Runway. She is the one who is scared not the other way around. Such a let down when i saw the movie on opening day in Manila April 29,1,2026-04-29,@rde91969,The Devil Wears Prada 2 | Official Clip,devil wears prada 2 trailer
1-u-e2TLwhs,UgxZCw0EL56er7jkhSx4AaABAg,"This was super helpful, thanks!",0,2026-04-13,@BlancheEllis-r9p,The Devil Wears Prada 2 | Official Clip,devil wears prada 2 trailer
1-u-e2TLwhs,Ugwzsz2gvVCRPxA6MWp4AaABAg,This is hilarious.,1,2026-04-14,@TheBer0525,The Devil Wears Prada 2 | Official Clip,devil wears prada 2 trailer
1-u-e2TLwhs,Ugy_v5ql_eRV8xcSp1J4AaABAg,"me, reading the title: and that's why I came in here all like AYOO",0,2026-04-16,@LightFVs,The Devil Wears Prada 2 | Official Clip,devil wears prada 2 trailer
1-u-e2TLwhs,Ugxo6nhJ8UZGHcCGOr54AaABAg,This was on an arricle talking about the new song... the song aint anywhere.,1,2026-04-13,@MichelleDelamatter,The Devil Wears Prada 2 | Official Clip,devil wears prada 2 trailer
1-u-e2TLwhs,UgzUzmb_E9OFX9gbJCF4AaABAg,What was Ashley role? Like Andy's?,1,2026-05-02,@hindachris8768,The Devil Wears Prada 2 | Official Clip,devil wears prada 2 trailer
1-u-e2TLwhs,Ugy-VC0bBAug2UrmqZZ4AaABAg,I'm waiting for the movie so I can make a recap.,0,2026-04-12,@CINEMATICREWIND-r5t,The Devil Wears Prada 2 | Official Clip,devil wears prada 2 trailer
1-u-e2TLwhs,UgwDe2INT_QubY7yArB4AaABAg,This feels tone deaf in 2026,3,2026-04-13,@starbucksonthemoon5582,The Devil Wears Prada 2 | Official Clip,devil wears prada 2 trailer
1-u-e2TLwhs,UgyEnYMX22Lp6epdhVB4AaABAg,Obsessed That's All!,7,2026-04-11,@MuaSunny,The Devil Wears Prada 2 | Official Clip,devil wears prada 2 trailer
1-u-e2TLwhs,UgwwzHqYvYiCsOtsKJV4AaABAg,Love it 😏,0,2026-04-22,@SimoneLouise-n3s,The Devil Wears Prada 2 | Official Clip,devil wears prada 2 trailer
1-u-e2TLwhs,Ugwj_-_vicmt3fmmJfJ4AaABAg,I once caught God watching this movie and said in alarm :” My God what are you watching?!?” And God replied:”Yes… yes…I know it’s the devil… but it’s Merryl Streep! That doesn’t count.”,1,2026-05-01,@kanenas9607,The Devil Wears Prada 2 | Official Clip,devil wears prada 2 trailer
1-u-e2TLwhs,Ugwdsil5AkaMhZsZTA94AaABAg,"The original was a wonderful , joy to watch … and experience; …. and in a very believable .. but gently , nuanced way: these snippets looked strained , and forced … and give off a very .. “Dour” .. vibe ; as if their just trying to get … anything … out there!!",1,2026-04-23,@jenacarruthers2993,The Devil Wears Prada 2 | Official Clip,devil wears prada 2 trailer
1-u-e2TLwhs,UgyiO_SG5-mGnOhemmN4AaABAg,Can’t wait 😛,3,2026-04-11,@stellarman7018,The Devil Wears Prada 2 | Official Clip,devil wears prada 2 trailer
1-u-e2TLwhs,Ugz_bd2EoiM7OuKqk2F4AaABAg,Brilliant,1,2026-04-11,@obiemmanuel7062,The Devil Wears Prada 2 | Official Clip,devil wears prada 2 trailer
1-u-e2TLwhs,UgxjRmgQcZQos0A0tUF4AaABAg,I LOOOOVE IT😂,0,2026-04-13,@JACK-lx5dl,The Devil Wears Prada 2 | Official Clip,devil wears prada 2 trailer
1-u-e2TLwhs,UgwyvP-SGXQm8hGwryd4AaABAg,Miranda is more vicious now 😢,0,2026-04-17,@AkashDeep-gr4in,The Devil Wears Prada 2 | Official Clip,devil wears prada 2 trailer
1-u-e2TLwhs,UgxRdN6Ov4m5qvU8W6Z4AaABAg,I loved the first one & I don’t think a sequel was called for. I ‘m not going to get my hopes up because that never works but I hope it does the 1st justice.,4,2026-04-11,@yamil.343,The Devil Wears Prada 2 | Official Clip,devil wears prada 2 trailer
1-u-e2TLwhs,UgxA397I7lNmBKgXD0h4AaABAg,Naughty Miranda!😮😂😊,0,2026-04-14,@1derfullBeast,The Devil Wears Prada 2 | Official Clip,devil wears prada 2 trailer
1-u-e2TLwhs,UgxifFKIAFxhV6Dt74l4AaABAg,The Simpsons Movie 2 - Trailer,1,2026-04-14,@ChrisBakuba-n5j,The Devil Wears Prada 2 | Official Clip,devil wears prada 2 trailer
1-u-e2TLwhs,UgzClMcepepTuYdTUnt4AaABAg,"Is that Indira, one of Ariels live action mermaid sisters here? 😍😍😍",1,2026-04-12,@NenadlPopovic,The Devil Wears Prada 2 | Official Clip,devil wears prada 2 trailer
1-u-e2TLwhs,UgzqMC2XJMkakK4ZYJh4AaABAg,2026.,3,2026-04-11,@tonycuellarsolis5345,The Devil Wears Prada 2 | Official Clip,devil wears prada 2 trailer
1-u-e2TLwhs,Ugwzua8AGdvzyAQ0M3N4AaABAg,This took 20 years same as the Simpsons movie 2,1,2026-04-11,@user-matgill,The Devil Wears Prada 2 | Official Clip,devil wears prada 2 trailer
1-u-e2TLwhs,UgxymyGF0u9rH3tnIft4AaABAg,❤❤❤,1,2026-04-14,@chandnimishra4352,The Devil Wears Prada 2 | Official Clip,devil wears prada 2 trailer
1-u-e2TLwhs,UgyMqXr_Q5y5DX_Mt5p4AaABAg,SIMONE,2,2026-04-12,@rafiss44,The Devil Wears Prada 2 | Official Clip,devil wears prada 2 trailer
1-u-e2TLwhs,UgzsGO8aQ4OmOqB_Nb94AaABAg,That's all.,2,2026-04-11,@nickithethickii,The Devil Wears Prada 2 | Official Clip,devil wears prada 2 trailer
1-u-e2TLwhs,UgwuBKbTQetiQ_lBZf94AaABAg,😍😍 Simone Ashley,1,2026-04-11,@annalisaiaccarino6911,The Devil Wears Prada 2 | Official Clip,devil wears prada 2 trailer
1-u-e2TLwhs,Ugz2z2R_upqqmt-xjVZ4AaABAg,I am sending these blessings to myself  Amen Father God Almighty Amen,0,2026-04-13,@maggiemotlakoe1560,The Devil Wears Prada 2 | Official Clip,devil wears prada 2 trailer
1-u-e2TLwhs,UgyB2Ie9lYdIad78sFB4AaABAg,Hermosas,3,2026-04-11,@garliknunor2129,The Devil Wears Prada 2 | Official Clip,devil wears prada 2 trailer
1-u-e2TLwhs,UgxRJr5QTUEv5D1QQ4h4AaABAg,"Miranda saying ""please""? Really?",1,2026-04-27,@FerVaz-ro1nw,The Devil Wears Prada 2 | Official Clip,devil wears prada 2 trailer
1-u-e2TLwhs,UgzQ5WgCk_7yQ3AY2Fl4AaABAg,"What’s the point of doing a sequel, when all the characters act just the same way they did 20 years ago? If they have no arcs, then not only is the sequel meaningless, but then the original story becomes pointless too.",4,2026-04-13,@ArwenUndomiel406,The Devil Wears Prada 2 | Official Clip,devil wears prada 2 trailer
1-u-e2TLwhs,UgwrkzdpQJKkf9TBseV4AaABAg,It absolutely makes no sense to do a part 2 of this movie. There is some movies in which a sequel is not required & this movie is one of it. The storyline just does not carry on from the first movie.,1,2026-04-23,@fantalesflick,The Devil Wears Prada 2 | Official Clip,devil wears prada 2 trailer
1-u-e2TLwhs,UgxVF__MpyqIAuO4fTB4AaABAg,"So, based on this clip. 
The entire first movie was pointless?",3,2026-04-12,@TonyArechiga,The Devil Wears Prada 2 | Official Clip,devil wears prada 2 trailer
1-u-e2TLwhs,Ugw73iMNJSVUcC98dUF4AaABAg,Anne Hathaway is still the lead heroine of the movie 😍 at first I thought they made Emily Blunt equal to Anne’s character but no. Great 👍,0,2026-04-12,@shayan.rahman_,The Devil Wears Prada 2 | Official Clip,devil wears prada 2 trailer
1-u-e2TLwhs,UgwKlcstWwkShl2w_DZ4AaABAg,O DIABO Veste VERMELHO 13,1,2026-04-11,@CARLOS-h8b4z,The Devil Wears Prada 2 | Official Clip,devil wears prada 2 trailer
1-u-e2TLwhs,UgyHk_8BU0yvzFeKMvJ4AaABAg,"I read the comments and I think that Andrea, even though she's become a great woman and has accomplished many things, unfortunately still fears Miranda. Because she realizes that Miranda hasn't changed at all, even though she has great confidence in Andrea... does she still feel that fear or even a little discomfort? I don't know... Anyway, the trailer didn't show it, but if anyone wants to confirm if there was a scene where Andrea finally confronts Miranda, let me know. I'm very curious to know.",5,2026-04-12,@MariaLauraCRocha,The Devil Wears Prada 2 | Official Clip,devil wears prada 2 trailer
1-u-e2TLwhs,Ugw5BHawfLJpwgrfqpV4AaABAg,"Maybe Miranda was not impressed by her features editor in Runway that's why she fired her on the spot regardless of her academic excellence. Miranda, like any other bosses wants result, not impresive resumes.",2,2026-04-11,@kakaivelaskwez3308,The Devil Wears Prada 2 | Official Clip,devil wears prada 2 trailer
1-u-e2TLwhs,Ugy5V-zpRNMR0HLvpeV4AaABAg,2026 is the new 2006 fr,0,2026-04-14,@amaldrew3830,The Devil Wears Prada 2 | Official Clip,devil wears prada 2 trailer
1-u-e2TLwhs,UgxJVYrtsFYzze8Edfx4AaABAg,🏆🏆🏆🏆🏆🏆🏆🏆,0,2026-04-11,@DominikPapic,The Devil Wears Prada 2 | Official Clip,devil wears prada 2 trailer
1-u-e2TLwhs,UgzZFM8iTBN-pRMLLXJ4AaABAg,Looks duh,3,2026-04-12,@SlayStationXtreme,The Devil Wears Prada 2 | Official Clip,devil wears prada 2 trailer
1-u-e2TLwhs,UgxtzdKi2xZpGKEyAsR4AaABAg,❤️‍🔥🔥✨️😎👏,1,2026-04-11,@nickithethickii,The Devil Wears Prada 2 | Official Clip,devil wears prada 2 trailer
1-u-e2TLwhs,UgwtTqcETnUcIZcTRpF4AaABAg,I think I'm Gona like this movie...BUT....I miss the mid 2000s era,0,2026-04-27,@lesleymbuyikayembe7553,The Devil Wears Prada 2 | Official Clip,devil wears prada 2 trailer
1-u-e2TLwhs,UgzbOx_1jwTQr-OtivN4AaABAg,"i see anne, but i dont see andrea",1,2026-04-23,@003pearl,The Devil Wears Prada 2 | Official Clip,devil wears prada 2 trailer
1-u-e2TLwhs,UgzVtsAqX5bZAQzPeuB4AaABAg,Não entendi a outra vestida de Wednesday.,0,2026-04-11,@ocesarmoreira,The Devil Wears Prada 2 | Official Clip,devil wears prada 2 trailer
1-u-e2TLwhs,UgwQ3Mupr4mH32ofpYZ4AaABAg,"I think Andy, after 20 years in her career, felt like she needed a bit of humiliation to motivate herself again.",10,2026-04-11,@Tiago_hsp,The Devil Wears Prada 2 | Official Clip,devil wears prada 2 trailer
1-u-e2TLwhs,UgyQjH302dG-GrKeYch4AaABAg,I love seeing Meryl Streep again but why is Anne Hathaway here? Wasn't the point of her whole character that she quit and moved on? Was looking forward to seeing another actress in this role..,4,2026-04-13,@taylorfinleys,The Devil Wears Prada 2 | Official Clip,devil wears prada 2 trailer
1-u-e2TLwhs,Ugxy7bp1Ng8CAzLIoSx4AaABAg,"Make trailer team fortress the movie pls 
Scout-tom Holland 
Solider-tim Allen 
Pyro-Adam Sandler 
Demoman-ice cube 
Heavy-dwayne Johnson 
Engineer-Arnold Schwarzenegger 
Medic-james Marsden 
Sniper-sylvester Stallone 
Spy-james franco",0,2026-04-14,@bien-h5n,The Devil Wears Prada 2 | Official Clip,devil wears prada 2 trailer
1-u-e2TLwhs,UgxezKP0RjqvLEyrchB4AaABAg,"We don't have the whole scene, but it's interesting that Miranda calmly went along with replacing Ashley.  Miranda held her position for over 20 years after the attempt to replace her.  There's no way Miranda didn't know Andy would be walking through that door again.",1,2026-04-13,@Ryan_JD,The Devil Wears Prada 2 | Official Clip,devil wears prada 2 trailer
1-u-e2TLwhs,UgxE_c-LDNwbuWQHkx14AaABAg,"I would expect Andy to be more confident @ this point in her life as a 40+ year old woman AND something feels kinda... off. 

Ans Miranda wig looks... 

idk... something about all of this  just feels contrived",3,2026-04-12,@TheUser986,The Devil Wears Prada 2 | Official Clip,devil wears prada 2 trailer
1-u-e2TLwhs,Ugyjpvx-hdN4ChM1w7N4AaABAg,DISLIKE DISLIKE DISLIKE . DEI DEI DEI,2,2026-04-18,@NexisNow,The Devil Wears Prada 2 | Official Clip,devil wears prada 2 trailer
1-u-e2TLwhs,UgxdkI2fFzejGtVjXOt4AaABAg,And some people say Miranda appears nicer in this movie???🤨,0,2026-04-18,@paulroussel-g7s,The Devil Wears Prada 2 | Official Clip,devil wears prada 2 trailer
1-u-e2TLwhs,UgzrYrQqbnpNrBoZ_Z54AaABAg,"Andrea's nervousness is extremely out of place and very very poorly written. She's not some recent college grad anymore.
She's a grown woman with life experience and now she's acting the same nervousness as she did in the previous movie????
IT DOES NOT FIT. A movie like this is NOT supposed to get something this basic soooo wrong.",5,2026-04-13,@PracticalNone,The Devil Wears Prada 2 | Official Clip,devil wears prada 2 trailer
1-u-e2TLwhs,UgwEDZtdtsSBdRrIfQ94AaABAg,Ughh...the guilt trapping!,1,2026-04-19,@Fabpriya01,The Devil Wears Prada 2 | Official Clip,devil wears prada 2 trailer
1-u-e2TLwhs,UgyVgB5l4IuEHtjZijV4AaABAg,Not sure what is going on with Hathaway; I don't think she plays this scene well: it looks so scripted and unnatural!,2,2026-04-17,@gil3289,The Devil Wears Prada 2 | Official Clip,devil wears prada 2 trailer
1-u-e2TLwhs,UgxsKR6nqMqUZlnsWkl4AaABAg,"People are glad that Woke Disney has now renounced its Wokeness.
As ""The Devil Wears Prada 2"" doubles down on traditional, conservative, Boomer values such as:
1. A former toxic capitalist company is worth going back to.
2. A toxic capitalist company is worth saving.
3. A toxic horrible boss is worth loving and defending.
Walt Disney has returned to Disney right now.
Woke Disney no more!",1,2026-04-30,@thedashdriver3969,The Devil Wears Prada 2 | Official Clip,devil wears prada 2 trailer
1-u-e2TLwhs,UgwUI6bUTWlDnXeFKml4AaABAg,LADY GAGA IS IN THE MOVIE,0,2026-04-29,@rde91969,The Devil Wears Prada 2 | Official Clip,devil wears prada 2 trailer
1-u-e2TLwhs,UgzWW-Gq9KOCk7lsXIB4AaABAg,"Real stupid nd racism movie ,,should be banned all over world",2,2026-04-26,@thomasda3482,The Devil Wears Prada 2 | Official Clip,devil wears prada 2 trailer
1-u-e2TLwhs,UgyAj_Fucpi3yTb8pTV4AaABAg,"Just saw it tonight. I as many knew it was gonna be terrible.  The plot was boring, no tension, no conflict and completely contradicted its original message. There was no devil. Any mystery or mysticism about Miranda Priestly was completely ruined. She basically went on an apology tour, smiled, cried, what happened to the cold, unapologetic Miranda.That is what made the original so captivating ...#notmymiranda.",0,2026-05-01,@jayrockhammer,The Devil Wears Prada 2 | Official Clip,devil wears prada 2 trailer
1-u-e2TLwhs,UgwDnzK5vxvsFAwAllF4AaABAg,8TH COMMENT,0,2026-04-11,@always_bored07,The Devil Wears Prada 2 | Official Clip,devil wears prada 2 trailer
1-u-e2TLwhs,UgxP_LNwBcAIDhBx3fd4AaABAg,"This film’s portrayal of Asians is profoundly ignorant and frankly disgusting. It is astonishing that, even in 2026, there are still people foolish enough to hold such views. I was originally planning to watch this movie with friends, but I’ve decided not to. Not even a single second of my time is worth wasting on it.",2,2026-04-22,@soojeongcho3988,The Devil Wears Prada 2 | Official Clip,devil wears prada 2 trailer
1-u-e2TLwhs,UgypQdnkylO3Q4kRlUx4AaABAg,Such a disappointing sequel. Racist and boring scripts. I was looking forward to catch this with my girlfriends. Not anymore.,2,2026-04-25,@RicaAlice,The Devil Wears Prada 2 | Official Clip,devil wears prada 2 trailer
1-u-e2TLwhs,UgxMe85wyn7O5AxKHat4AaABAg,Gaurenteed they gonna water down this show and make it overly PC and ruin iT - Just like they did with Coming to America 2,1,2026-04-11,@onuberonly7846,The Devil Wears Prada 2 | Official Clip,devil wears prada 2 trailer
1-u-e2TLwhs,UgxwYd7AHRQZzy4GLDp4AaABAg,Cash grab,2,2026-04-11,@90sNickfan91,The Devil Wears Prada 2 | Official Clip,devil wears prada 2 trailer
1-u-e2TLwhs,Ugw8NX8sWt1TJRsuMn54AaABAg,Andrea is a grown woman still acting like a twentysomething giddy twit. Taylor Swift Syndrome:,0,2026-04-14,@DeepScreenAnalysis,The Devil Wears Prada 2 | Official Clip,devil wears prada 2 trailer
1-u-e2TLwhs,UgyJZ5hVXPkHEaTdqvZ4AaABAg,"This movie is racist. I can’t believe the director and costume team thought it was acceptable to portray an American Chinese character dressed this way in a fashion related company. Have they never been to NYC? Many working asian women dress far more stylish than this. And the character name, “Qing Chou,” sounds uncomfortably close to racial slurs that have been used against Asian people. What American parents would choose that name? Many would give their child an English name, or if they chose a Chinese name, it wouldn’t resemble a racial insult.

It’s shocking that Hollywood is still making races choices like this in 2026. This isn’t 1926. We must call this out and boycott the movie.",1,2026-04-19,@bopang8745,The Devil Wears Prada 2 | Official Clip,devil wears prada 2 trailer
1-u-e2TLwhs,Ugw_cTiVsYy0uk5XlgB4AaABAg,Already hate it,1,2026-04-12,@oop4841,The Devil Wears Prada 2 | Official Clip,devil wears prada 2 trailer
1-u-e2TLwhs,UgxRdVPg9ZEQUO5UYZ54AaABAg,"I am a straight man, ill be opening day. And me and my gf are gonna dress like its a red carpet event",7,2026-04-11,@Toaster_luvin,The Devil Wears Prada 2 | Official Clip,devil wears prada 2 trailer
1-u-e2TLwhs,UgyfMxheTZrmd_AbXFh4AaABAg,"Mark my words. 💣 💣 💣 💣.  So pretentious, so inauthentic, so forced. I wont even mention my thoughts on the new people they added. After all this time and knowing exactly how Miranda is Andi acts like a silly nervous school girl. I guess she fished her phone out of the Paris fountain and decided to give it another go.",0,2026-04-21,@TJD63,The Devil Wears Prada 2 | Official Clip,devil wears prada 2 trailer
1-u-e2TLwhs,UgxnmIMcd7VH6ndNSa94AaABAg,"Watched ""Devil Wears Prada 2"" last Wednesday.
Just like ""Top Gun Maverick""
Both films are lousy requels
Both films are among the worst ever",0,2026-04-30,@thedashdriver3969,The Devil Wears Prada 2 | Official Clip,devil wears prada 2 trailer
1-u-e2TLwhs,UgzMf7xueUaCpfngCeJ4AaABAg,"QUE HORRIBLEEEEEEE TRADUCCION !!!! QUE ESPÁNTOSAS VOCES !!!!! 
NOOO NOOOO NOOO QUE HORRIBLEEEEEE",0,2026-04-17,@mikepalagot1991,The Devil Wears Prada 2 | Official Clip,devil wears prada 2 trailer
1-u-e2TLwhs,UgwhWrpyAb_nym8DZKB4AaABAg,They should have more Muslim's fashion representation in this movie.,0,2026-04-12,@burnoutminion,The Devil Wears Prada 2 | Official Clip,devil wears prada 2 trailer
1-u-e2TLwhs,Ugxr8tsDqBMcmjucupF4AaABAg,You also might like 🎭 #transwifetradlife 🧬,1,2026-04-11,@thegrievancegordieshow9882,The Devil Wears Prada 2 | Official Clip,devil wears prada 2 trailer
1-u-e2TLwhs,UgzonVwzPRMyNPLAsNV4AaABAg,"I'm so pleased these guys are back. I love ""Mirandas"" suit 🤍🤍",0,2026-04-15,@Jesusofsuburbia-d9r,The Devil Wears Prada 2 | Official Clip,devil wears prada 2 trailer
1-u-e2TLwhs,Ugww781zZ3_dTcoFnKl4AaABAg,So how is Andrea back working for Miranda when she quit and started her new job at the newspaper 🗞️🤔,0,2026-04-13,@Bryaniskey,The Devil Wears Prada 2 | Official Clip,devil wears prada 2 trailer
9c-DrMe8o5Q,UgxNUhpW8elXmA-ew894AaABAg,The fact that Miranda actually moves to the side to give Andy more room is some major character development.,26849,2025-11-12,@MrOneofthousands1994,The Devil Wears Prada 2 | Teaser Trailer,devil wears prada 2 trailer
9c-DrMe8o5Q,UgwyDH0qCIYP5gICSt14AaABAg,"Now THIS is how you make a teaser trailer. The heels, the music, Miranda, and finally Andy. *Chef's kiss*",17627,2025-11-12,@JoseDenizard,The Devil Wears Prada 2 | Teaser Trailer,devil wears prada 2 trailer
9c-DrMe8o5Q,UgzD4y2o8c1rcG7Pz954AaABAg,"Fans: ""We weren't expecting this"".
Miranda: ""Why is no one reeaady?""",25906,2025-11-12,@matthewpadilla2053,The Devil Wears Prada 2 | Teaser Trailer,devil wears prada 2 trailer
9c-DrMe8o5Q,Ugw7yfnTQvZd4-kTyW54AaABAg,"The first movie came out when I was a child dreaming of becoming a fashion designer, now the sequel is coming out and I’ve done fashion weeks in major cities this is surreal.",4295,2025-11-16,@Mina-Diamandis,The Devil Wears Prada 2 | Teaser Trailer,devil wears prada 2 trailer
9c-DrMe8o5Q,Ugy-tGqxck4eEU67jOF4AaABAg,Took you long enough: 20 Years to be exact!!!,21933,2025-11-12,@sunnyrocks9933,The Devil Wears Prada 2 | Teaser Trailer,devil wears prada 2 trailer
9c-DrMe8o5Q,Ugy25KYc2CV-0EgmV-V4AaABAg,This movie doesn't need a trailer. We WILL watch,2595,2025-11-13,@JomirBrands,The Devil Wears Prada 2 | Teaser Trailer,devil wears prada 2 trailer
9c-DrMe8o5Q,Ugyg24J-8rcqpy6_GGF4AaABAg,"""took you long enough"" WE LOVE A GOOD METAREFERENCE",6892,2025-11-12,@ScreenAgeWasteland,The Devil Wears Prada 2 | Teaser Trailer,devil wears prada 2 trailer
9c-DrMe8o5Q,UgyBxZFBiUMUTvvVeEp4AaABAg,Who is back here from watching the movie? 👇,7,2026-05-02,@Rasim9898,The Devil Wears Prada 2 | Teaser Trailer,devil wears prada 2 trailer
9c-DrMe8o5Q,Ugx_29KFOCTBswZ1vnR4AaABAg,Give the Director of this Teaser a freaking award. NOW!!,3230,2025-11-13,@chillwalker,The Devil Wears Prada 2 | Teaser Trailer,devil wears prada 2 trailer
9c-DrMe8o5Q,UgwxwinNk9CxSovSCCN4AaABAg,Please don't even release an actual trailer this is all we need I promise we will all be watching!!!!,8118,2025-11-12,@4evawoohoo,The Devil Wears Prada 2 | Teaser Trailer,devil wears prada 2 trailer
9c-DrMe8o5Q,UgzVZ8J6zn1HySbFbMB4AaABAg,"Sequels...
For spring...
Ground breaking.",5845,2025-11-13,@mactocmo,The Devil Wears Prada 2 | Teaser Trailer,devil wears prada 2 trailer
9c-DrMe8o5Q,UgxA2cORbfjDuyc1Boh4AaABAg,They better not ruin it . Because the first one is ICONIC,149,2025-11-17,@Mamiromii_911,The Devil Wears Prada 2 | Teaser Trailer,devil wears prada 2 trailer
9c-DrMe8o5Q,UgyyGpmYqXNZDocShj94AaABAg,No but the fact they put Madonna’s vogue is so iconic😭🖐️,4166,2025-11-12,@ryungicy4695,The Devil Wears Prada 2 | Teaser Trailer,devil wears prada 2 trailer
9c-DrMe8o5Q,Ugx6WjxBUQ3ZaHz4ReB4AaABAg,Now that's a trailer. Showing everything without spoiling anything.,2820,2025-11-12,@a.k.4486,The Devil Wears Prada 2 | Teaser Trailer,devil wears prada 2 trailer
9c-DrMe8o5Q,UgyFJNhFw6s97BRyXrx4AaABAg,"MADONNA 'S VOGUE is still in vogue after 35 years, the song is a real cultural icon!",5104,2025-11-12,@ForeverBlueHotel,The Devil Wears Prada 2 | Teaser Trailer,devil wears prada 2 trailer
9c-DrMe8o5Q,Ugx9eHEal8BGEVGQ2PR4AaABAg,Her footsteps completely in rhythm with the soundtrack....slick!!!!!,49,2026-01-06,@originaltommy,The Devil Wears Prada 2 | Teaser Trailer,devil wears prada 2 trailer
9c-DrMe8o5Q,UgxZR5xj_ecTwnfWt4p4AaABAg,Perfect timing for the original film's 20th anniversary next year.,1489,2025-11-12,@Naminski1a,The Devil Wears Prada 2 | Teaser Trailer,devil wears prada 2 trailer
9c-DrMe8o5Q,Ugw-hDkotxeRYtC0QmN4AaABAg,Am I the only one obsessed with the heels and how the clack clack clack  falls into sync with the music near the end,2196,2025-11-12,@xbax007,The Devil Wears Prada 2 | Teaser Trailer,devil wears prada 2 trailer
9c-DrMe8o5Q,UgxdsWSP-uS0hAWcnb14AaABAg,"What's crazy to me is that only Meryl Streep had an Oscar before the first movie, now the entire cast has either won or been nominated for an Oscar.  

Just shows what an incredible cast this was from the beginning!",1655,2025-11-13,@KatieTP,The Devil Wears Prada 2 | Teaser Trailer,devil wears prada 2 trailer
9c-DrMe8o5Q,UgzMFktCR4wpuz6VQmN4AaABAg,The fact that they got Meryl Streep to do a sequel is very impressive,2020,2025-11-15,@thandojay,The Devil Wears Prada 2 | Teaser Trailer,devil wears prada 2 trailer
9c-DrMe8o5Q,UgzzYySlJgrnRf8vg3l4AaABAg,"I'm honestly surprised this even got made, considering Meryl Streep almost never does sequels. The last time she reprised a role was as Donna in Mamma Mia! Here We Go Again, and even then it was just a brief appearance. So the fact that she’s coming back for this has me so excited, it really feels like she’s breaking one of her own rules, and I can’t wait. The first movie is a timeless classic. 🙌",1452,2025-11-12,@h1d4pj0k0w1,The Devil Wears Prada 2 | Teaser Trailer,devil wears prada 2 trailer
9c-DrMe8o5Q,UgyvHGEuAkeUxPKGdEp4AaABAg,"How many times did you watch this?

Me: Yes",1740,2025-11-12,@lsnymodel,The Devil Wears Prada 2 | Teaser Trailer,devil wears prada 2 trailer
9c-DrMe8o5Q,Ugyve-o2IV00JxrqoiR4AaABAg,The shoes in the beginning alone is already iconic❤,23,2025-12-02,@VilikesaTuragakula,The Devil Wears Prada 2 | Teaser Trailer,devil wears prada 2 trailer
9c-DrMe8o5Q,UgysBgomEgU9yD2_-aZ4AaABAg,I love that Miranda gave a little dimple smirk at the end when Andy put her glasses on….. this gonna be good!!!,795,2025-11-13,@KellyVon-n5e,The Devil Wears Prada 2 | Teaser Trailer,devil wears prada 2 trailer
9c-DrMe8o5Q,Ugx8r1CAAJATfTUsI414AaABAg,MADONNA VOGUE... honestly couldnt have chosen a better song. so iconic,1204,2025-11-13,@ncallaway9731,The Devil Wears Prada 2 | Teaser Trailer,devil wears prada 2 trailer
9c-DrMe8o5Q,Ugyhvi4u0y5NQoP80O14AaABAg,"""Vogue"" will always be the ultimate song for the FASHION expression",921,2025-11-12,@Cissa_Fun,The Devil Wears Prada 2 | Teaser Trailer,devil wears prada 2 trailer
9c-DrMe8o5Q,Ugw-EUH8l6EDvMHfMz54AaABAg,ACTUALLY i like this teaser more than the actual trailer,4,2026-02-02,@kevifaf,The Devil Wears Prada 2 | Teaser Trailer,devil wears prada 2 trailer
9c-DrMe8o5Q,Ugx7jRfuP6a3JoEqs-J4AaABAg,"“How do I get to be in this movie?”

“You have to be either an Oscar nominee or winner.”",507,2025-11-13,@PeachuAndGoma,The Devil Wears Prada 2 | Teaser Trailer,devil wears prada 2 trailer
9c-DrMe8o5Q,Ugwjdr5oaE0qA6nJQq94AaABAg,"I’m Japanese. I watched this movie when I was 12, and it inspired me to become interested in fashion and become a designer. Thank you — I love this movie so much.",1138,2025-11-13,@Nenjhf5777,The Devil Wears Prada 2 | Teaser Trailer,devil wears prada 2 trailer
9c-DrMe8o5Q,UgxzDEwS7la-jvozPpB4AaABAg,Meryl really is a shapeshifter! To see her in Only murders in the building then back in this role! What a class actor!,468,2025-11-12,@adiragriffin9098,The Devil Wears Prada 2 | Teaser Trailer,devil wears prada 2 trailer
9c-DrMe8o5Q,UgzR-Ua1aeqTWKpvQqd4AaABAg,"This teaser is just too good. 
20 years later, the world is healing.",11,2025-11-17,@whovilleqq,The Devil Wears Prada 2 | Teaser Trailer,devil wears prada 2 trailer
9c-DrMe8o5Q,UgzRYVO-YnmpW9tYJIp4AaABAg,20 years ago Meryl was the only actor recognised by the Academy. 20 years on all the lead actors have at least been nominated.,501,2025-11-12,@jeandredupreez5439,The Devil Wears Prada 2 | Teaser Trailer,devil wears prada 2 trailer
9c-DrMe8o5Q,Ugy5MWp04NfmNyQBBs14AaABAg,Happy to see it has that warm saturation 2000s and 2010s movies have,348,2025-11-12,@xyzabc123-d3o,The Devil Wears Prada 2 | Teaser Trailer,devil wears prada 2 trailer
9c-DrMe8o5Q,Ugz8sSkdn0BfAXztDQd4AaABAg,0:37 Academy Winners 🔥,1853,2025-11-12,@muhammedirfans4412,The Devil Wears Prada 2 | Teaser Trailer,devil wears prada 2 trailer
9c-DrMe8o5Q,UgxNnp3m6CYz61UVuRp4AaABAg,THIS TEASER IS SO ICONIC ALREADY??? IM SO EXCITED FOR THIS !!,8,2025-12-09,@Vivian_RIFLE,The Devil Wears Prada 2 | Teaser Trailer,devil wears prada 2 trailer
9c-DrMe8o5Q,Ugw2woFXBqYzw4vWZkB4AaABAg,How great it is to see Meryl Streep again in that great role,407,2025-11-12,@michaelblake1722,The Devil Wears Prada 2 | Teaser Trailer,devil wears prada 2 trailer
9c-DrMe8o5Q,UgyqRvQtmkgyGuxIUex4AaABAg,Teaser alone deserves an Oscar.  And that absolute movie star smile at the end.,331,2025-11-15,@brianlucas9671,The Devil Wears Prada 2 | Teaser Trailer,devil wears prada 2 trailer
9c-DrMe8o5Q,UgzEEwTpT4fJX7W4byh4AaABAg,Madonna's Vogue is anthem of the fashion industry. So exited for it. Let'sssssssssss Goooo!🥳🤩,293,2025-11-12,@mrjoe7040,The Devil Wears Prada 2 | Teaser Trailer,devil wears prada 2 trailer
9c-DrMe8o5Q,Ugyxd8wMI449eqsWLBB4AaABAg,Madonna's vogue has the power to turn an already awesomely executed trailer into iconic status.,6,2025-11-16,@nj_creates,The Devil Wears Prada 2 | Teaser Trailer,devil wears prada 2 trailer
9c-DrMe8o5Q,Ugy3fJhBSUR8xmaSTDx4AaABAg,This scene was not in the movieeee 🥲,5,2026-05-01,@RinParis,The Devil Wears Prada 2 | Teaser Trailer,devil wears prada 2 trailer
9c-DrMe8o5Q,UgzlR2StdSseLWwEJjJ4AaABAg,This could be the entire movie and it’d be enough for me.,259,2025-11-12,@watchjAsh,The Devil Wears Prada 2 | Teaser Trailer,devil wears prada 2 trailer
9c-DrMe8o5Q,UgzZWTragcjT_V3WL9x4AaABAg,"I was a background actor in the office on the film and got to meet Meryl Streep and Anne Hathaway. They are both sweet and really into the roles, especially between takes. They were long days. It was incredible to see that the Runway magazine office they created in the film studio was two floors, had elevators and looked better than some homes I’ve seen!",719,2025-11-12,@marsinofficial,The Devil Wears Prada 2 | Teaser Trailer,devil wears prada 2 trailer
9c-DrMe8o5Q,Ugz569RBZ_36EUaESEB4AaABAg,I AM  seated. The theater employees are scared and asking me to leave because it's 'not August yet' but I'm simply too seated.,772,2025-11-12,@charliest.kardasism9134,The Devil Wears Prada 2 | Teaser Trailer,devil wears prada 2 trailer
9c-DrMe8o5Q,Ugx8jaVslqjSTmOYe154AaABAg,"As a straight male with a staunch record of unblemished heterosexuality. I have to say, this was fabulous.",5,2025-11-26,@rhey81,The Devil Wears Prada 2 | Teaser Trailer,devil wears prada 2 trailer
9c-DrMe8o5Q,UgyTHh1Z2srs0UEntnp4AaABAg,There is hope in this world. Thank god for choosing a 90's song.,426,2025-11-14,@MukMaestro,The Devil Wears Prada 2 | Teaser Trailer,devil wears prada 2 trailer
9c-DrMe8o5Q,UgyJHlRW03Hj-l8EFTt4AaABAg,I love that when the Miranda stands in the elevator she actually poses for absolutely no one to see,149,2025-11-12,@returnofthesungod,The Devil Wears Prada 2 | Teaser Trailer,devil wears prada 2 trailer
9c-DrMe8o5Q,UgwTj5y43A2NcGXxrGJ4AaABAg,"With this, they don't need a trailer.",104,2025-11-12,@carolinagauto1254,The Devil Wears Prada 2 | Teaser Trailer,devil wears prada 2 trailer
9c-DrMe8o5Q,UgyPPurS65IuI_vlhVF4AaABAg,That sound design is crazy,4,2025-12-07,@chinmaypathak_official6871,The Devil Wears Prada 2 | Teaser Trailer,devil wears prada 2 trailer
9c-DrMe8o5Q,UgwQ-xIA5_TbizJ2WUx4AaABAg,YASSS!!! VOGUE BY MADONNA PLAYING IN THE BACKGROUND WITH THOSE FABULOUS HEELS ALL IN ONE TAKE. CINEMA IS BACK 👠,221,2025-11-12,@christiecadaver,The Devil Wears Prada 2 | Teaser Trailer,devil wears prada 2 trailer
9c-DrMe8o5Q,Ugzdg2_WAR2FY_u8YX54AaABAg,"Makers literally took ""by all means move at a glacial pace... You know how that thrills me"" seriously before they dropped part 2 😭😭 I am so excited! 🤧",81,2025-11-13,@mehek6084,The Devil Wears Prada 2 | Teaser Trailer,devil wears prada 2 trailer
9c-DrMe8o5Q,UgwCCwUcKWYKgPuJtht4AaABAg,This is not a movie that needed a sequel. I can't imagine what it'll be about.,4,2025-12-27,@TomorrowWeLive,The Devil Wears Prada 2 | Teaser Trailer,devil wears prada 2 trailer
9c-DrMe8o5Q,UgxUFARfoWU0SQK5MxV4AaABAg,Over 1.2 million in 6 hours is crazy!!!! This is how you do movie marketing!!!!👠,64,2025-11-12,@robertray1028,The Devil Wears Prada 2 | Teaser Trailer,devil wears prada 2 trailer
9c-DrMe8o5Q,UgzujerbC7vDDh0O_Mx4AaABAg,If Stanley Tucci was in the teaser saying 'gird your loins' again then I wouldn't question the success of the movie.,283,2025-11-12,@wetcatkungfu,The Devil Wears Prada 2 | Teaser Trailer,devil wears prada 2 trailer
9c-DrMe8o5Q,UgztIon58DGeRoZJYB94AaABAg,THE QUEEN MADONNA IS ALWAYS THERE😍😍😍,140,2025-11-12,@a085a,The Devil Wears Prada 2 | Teaser Trailer,devil wears prada 2 trailer
9c-DrMe8o5Q,UgzSWHn5rNTy7ZYvX-B4AaABAg,It's a pity that Sydney Sweeney's scenes were cut out.,2,2026-05-02,@Rasim9898,The Devil Wears Prada 2 | Teaser Trailer,devil wears prada 2 trailer
9c-DrMe8o5Q,Ugy2gyA2XaVV-6PNzUp4AaABAg,"0:33 Miranda Priestly looking like a more evil version of Christine Lagarde, 20 years later.",45,2025-11-13,@BryanRombot-sx3pf,The Devil Wears Prada 2 | Teaser Trailer,devil wears prada 2 trailer
9c-DrMe8o5Q,UgwraPkt1sPEOG1nv6t4AaABAg,Miranda walking with that gorgeous stilettos to the matching beat of Vogue is absolute PERFECTION!!,148,2025-11-13,@GeoEvans265,The Devil Wears Prada 2 | Teaser Trailer,devil wears prada 2 trailer
9c-DrMe8o5Q,UgzJ4IjyNzSqb-OxwmZ4AaABAg,There’s no Devil Wears Prada without Madonna’s Vogue,39,2025-11-12,@superjulioworld,The Devil Wears Prada 2 | Teaser Trailer,devil wears prada 2 trailer
9c-DrMe8o5Q,UgxWCAKlhq3mvlaH8pV4AaABAg,"As a straight man, this movie has been my guilty pleasure since a child 😂 can't wait",4,2025-11-16,@ReaperPLUR,The Devil Wears Prada 2 | Teaser Trailer,devil wears prada 2 trailer
9c-DrMe8o5Q,UgxvyukWX1quvunt0M94AaABAg,Nothing like a vogue intro and the clacks. Will be watching this in high fashion. We can’t disappoint Miranda at the theatre!,111,2025-11-12,@Red_Rebel,The Devil Wears Prada 2 | Teaser Trailer,devil wears prada 2 trailer
9c-DrMe8o5Q,UgwZMhFV4eYIQA-GvVp4AaABAg,"Original cast all in this, I'm physched with joy, can't wait.",121,2025-11-12,@cebolenkosihlongwane,The Devil Wears Prada 2 | Teaser Trailer,devil wears prada 2 trailer
9c-DrMe8o5Q,Ugxb2-7MoMEx8K6oKod4AaABAg,0:35 That slight smirk from Miranda is EVERYTHING!!! 😮😮😮,227,2025-11-13,@gan5383,The Devil Wears Prada 2 | Teaser Trailer,devil wears prada 2 trailer
9c-DrMe8o5Q,Ugx6bQ46oReYtRapJWx4AaABAg,"By all means, move at a glacial pace with the actual trailer. You know how that thrills me 🙄🙄",4,2025-11-16,@bellatrixbegins,The Devil Wears Prada 2 | Teaser Trailer,devil wears prada 2 trailer
9c-DrMe8o5Q,UgxQ1ZdmKORo6P-INaJ4AaABAg,20 years later and both of em are still as stunning as ever.,96,2025-11-12,@Muftitok,The Devil Wears Prada 2 | Teaser Trailer,devil wears prada 2 trailer
9c-DrMe8o5Q,UgwmfJ6F_cCj6WMq6q14AaABAg,"With vogue as music too, I’m literally crying! There’s too much perfection in one clip",63,2025-11-12,@mattianardelli2296,The Devil Wears Prada 2 | Teaser Trailer,devil wears prada 2 trailer
9c-DrMe8o5Q,UgyEq6XSQog_I24Wd9Z4AaABAg,I love that she’s walking in time with the music……god it’s good,55,2025-11-13,@Bjm869,The Devil Wears Prada 2 | Teaser Trailer,devil wears prada 2 trailer
9c-DrMe8o5Q,UgwU7duVAyHj1a7LlAB4AaABAg,The only sequel to a movie that didn’t need a sequel that I’m looking forward to seeing!,2,2025-11-18,@Twoshotpenaltyshow,The Devil Wears Prada 2 | Teaser Trailer,devil wears prada 2 trailer
9c-DrMe8o5Q,UgywqIZvD7CFkSn4jcN4AaABAg,the clomp of the heels to the beat was so goooooooood,77,2025-11-12,@klamydia1947,The Devil Wears Prada 2 | Teaser Trailer,devil wears prada 2 trailer
9c-DrMe8o5Q,Ugz5QKwa6jWHBnKJNPt4AaABAg,"Ahhhhhh the vogue song and the heels tapping at the same time, chef's kiss!!! Love how Miranda lets Andy stand next to her, she approves!!! 👠",150,2025-11-15,@thegreenweirdo210,The Devil Wears Prada 2 | Teaser Trailer,devil wears prada 2 trailer
9c-DrMe8o5Q,Ugy8AFZbpJ_ZYFkFIj54AaABAg,They HAD TO PUT MADONNA'S VOGUE. They knew what they were doing and they ate!!,45,2025-11-12,@kunalroy3377,The Devil Wears Prada 2 | Teaser Trailer,devil wears prada 2 trailer
9c-DrMe8o5Q,Ugx1x3irVPSDSLevh994AaABAg,"By all means, move the sequel at a glacial pace, you know how that thrills me.",4,2025-11-29,@justalex3525,The Devil Wears Prada 2 | Teaser Trailer,devil wears prada 2 trailer
9c-DrMe8o5Q,UgwAzKc2xcsxt5u-l3R4AaABAg,just the fact that we are getting a part two where we can appreciate updated and modern fashion of the moment is everything.,50,2025-11-12,@watcher021,The Devil Wears Prada 2 | Teaser Trailer,devil wears prada 2 trailer
9c-DrMe8o5Q,UgwkGE1_OR1smCkch0J4AaABAg,"Now THAT's a movie trailer!!! No more clips, keep it right here, we'll be watching! Trust us!",40,2025-11-12,@snellis3607,The Devil Wears Prada 2 | Teaser Trailer,devil wears prada 2 trailer
9c-DrMe8o5Q,Ugz1tnM4MkwXCIx9kh94AaABAg,SPRING FLORALS 😂😂😂 0:10,897,2025-11-12,@DiGGy539,The Devil Wears Prada 2 | Teaser Trailer,devil wears prada 2 trailer
9c-DrMe8o5Q,Ugy4aXwmMbC60VEe3954AaABAg,"I love that this trailer may have nothing to do with the movie, but everything to do with the movie. Genius.",1,2026-01-26,@obiwan5999,The Devil Wears Prada 2 | Teaser Trailer,devil wears prada 2 trailer
9c-DrMe8o5Q,UgxsfSq0mI6euoFQOfJ4AaABAg,I'm still mesmerized by the fabulous coats and bags scene Miranda  threw on Andy's desk. Can't wait!!!,124,2025-11-13,@RestlessSoulAD,The Devil Wears Prada 2 | Teaser Trailer,devil wears prada 2 trailer
9c-DrMe8o5Q,Ugy7PsltQLdosqfBmeR4AaABAg,Anne Hathaway always looks young like she never aged!,36,2025-11-13,@kiyanaluvsdrpepper,The Devil Wears Prada 2 | Teaser Trailer,devil wears prada 2 trailer
9c-DrMe8o5Q,Ugy9_MOpHZJQ3PpWmyF4AaABAg,I just can’t wrap my head around the fact it’s been almost 20 years ago since the first one came out,46,2025-11-15,@pumpnix,The Devil Wears Prada 2 | Teaser Trailer,devil wears prada 2 trailer
9c-DrMe8o5Q,UgwabfjuugT5zdkNedt4AaABAg,"This is, by far, my favorite trailer for the movie. The story is simple, elegant and intriguing.",1,2026-04-12,@da.reverend,The Devil Wears Prada 2 | Teaser Trailer,devil wears prada 2 trailer
9c-DrMe8o5Q,UgzRw7vbqPoPi_WKjOt4AaABAg,"The title reveal at the end was sumptuous, sultry and perfect!",56,2025-11-12,@Aryaman98,The Devil Wears Prada 2 | Teaser Trailer,devil wears prada 2 trailer
9c-DrMe8o5Q,UgzYgbFOH0v37MZAzlV4AaABAg,Vogue is such a timeless classic! It fits so great! I'm loving it!,30,2025-11-12,@BorisBozhinov,The Devil Wears Prada 2 | Teaser Trailer,devil wears prada 2 trailer
9c-DrMe8o5Q,UgxycjPWElFN0KZbe-Z4AaABAg,MADONNA…Right on! Perfection. 🤩🤩🤩,89,2025-11-12,@taylorblue8141,The Devil Wears Prada 2 | Teaser Trailer,devil wears prada 2 trailer
9c-DrMe8o5Q,Ugzq-kXIVwsSY9vmtI94AaABAg,fashion giving shein vibes,2,2026-01-06,@SailTritanic,The Devil Wears Prada 2 | Teaser Trailer,devil wears prada 2 trailer
9c-DrMe8o5Q,UgxQnJDAD3Frz7scvyh4AaABAg,This Vogue by Madonna beginning gives me shivers,60,2025-11-13,@Denamber-69,The Devil Wears Prada 2 | Teaser Trailer,devil wears prada 2 trailer
9c-DrMe8o5Q,UgxVbR7uJ7EkI0DmY-x4AaABAg,"The fact that Madonna is making a sequel of ’Confessions on a Dance Floor’ and we got THIS. I wonder if this movie will include Madonna’s upcoming songs like they did in the first?

It’s like a full circle",83,2025-11-12,@grazmsp2473,The Devil Wears Prada 2 | Teaser Trailer,devil wears prada 2 trailer
9c-DrMe8o5Q,UgyCeDjuRtA6cnUpxJ14AaABAg,"A movie sequel for spring, groundbreaking. 
Can not wait!",35,2025-11-12,@catherinemott9109,The Devil Wears Prada 2 | Teaser Trailer,devil wears prada 2 trailer
9c-DrMe8o5Q,UgyN3niyqyjvuQHGNrR4AaABAg,Jesus!! I literally jumped from my couch! What a trailer already! 😮❤,5,2025-11-17,@enochito28,The Devil Wears Prada 2 | Teaser Trailer,devil wears prada 2 trailer
9c-DrMe8o5Q,UgzjGCZ8KjLacCqscd14AaABAg,THIS IS HOW YOU MAKE A TEASER TRAILER!!!!,18,2025-11-12,@mandystephenson3095,The Devil Wears Prada 2 | Teaser Trailer,devil wears prada 2 trailer
9c-DrMe8o5Q,UgxgTYbm5nly8EjIS_t4AaABAg,The way the song VOGUE and this FILM embody everything that is most chic in the world! 💋💅👠,31,2025-11-12,@sharpfantasy,The Devil Wears Prada 2 | Teaser Trailer,devil wears prada 2 trailer
9c-DrMe8o5Q,UgyU1e-Uxycy8rzGaJJ4AaABAg,VOGUE IS JUST SOOOOO ICONIC... WELL-DESERVED TO BE #2 ON THAT FORBES MAGAZINE FEMALE SONGS OF THE 90s LIST... 😍,87,2025-11-12,@regoredragal,The Devil Wears Prada 2 | Teaser Trailer,devil wears prada 2 trailer
9c-DrMe8o5Q,Ugw4epw25LhwjIGOsxd4AaABAg,I come back here every other day.,2,2025-11-24,@robinicko,The Devil Wears Prada 2 | Teaser Trailer,devil wears prada 2 trailer
9c-DrMe8o5Q,Ugzwh5gXJ46PYDJmRfR4AaABAg,Ok editor... I guess I can wait 20 years for this!!!,19,2025-11-12,@ByronJames7,The Devil Wears Prada 2 | Teaser Trailer,devil wears prada 2 trailer
9c-DrMe8o5Q,UgwtzXFZXvrAgxXf77J4AaABAg,The Devil Wears Prada 2 teaser dropped on Anne Hathaway's birthday? Perfect timing!,40,2025-11-12,@isadoreuniverse2831,The Devil Wears Prada 2 | Teaser Trailer,devil wears prada 2 trailer
9c-DrMe8o5Q,UgyqjonWTLLgXZx-mrN4AaABAg,This is literally my favorite film of all time. I so sincerely hope I am not disappointed.,39,2025-11-12,@wendybrown500,The Devil Wears Prada 2 | Teaser Trailer,devil wears prada 2 trailer
9c-DrMe8o5Q,UgwDH5FkwFPrP59Ijch4AaABAg,This is the only trailer we need. It's giving Miranda. And it's iconic.,3,2025-11-28,@WillowTitov,The Devil Wears Prada 2 | Teaser Trailer,devil wears prada 2 trailer
9c-DrMe8o5Q,UgxKfdaOok6y0NzeCRV4AaABAg,Anything with Meryl Streep: Press Click,17,2025-11-12,@sarahuzair5944,The Devil Wears Prada 2 | Teaser Trailer,devil wears prada 2 trailer
9c-DrMe8o5Q,UgzPh8X6N8gyLYt_mJN4AaABAg,"This is the best trailer I ever seen without spoilers, amazing clothes, shoes, soundtrack! I love that",31,2025-11-13,@Lucas.Paiani,The Devil Wears Prada 2 | Teaser Trailer,devil wears prada 2 trailer
9c-DrMe8o5Q,Ugwl2k-ceAfYYM8BSX14AaABAg,Madonna's Vogue is 35 years old and sounds good as new!!!,15,2025-11-12,@CarlosRojasOficial,The Devil Wears Prada 2 | Teaser Trailer,devil wears prada 2 trailer
9c-DrMe8o5Q,UgyqTfJHLrLLPVFF1qR4AaABAg,Do the twins get to see it before the rest of us ?,3,2026-01-18,@KC-xf9wc,The Devil Wears Prada 2 | Teaser Trailer,devil wears prada 2 trailer
9c-DrMe8o5Q,UgyKsObBb2LFBp0EIyJ4AaABAg,I've watched this teaser an unhealthy amount of times... where's May alreadddddddddy!!!,40,2025-11-14,@RoshedaLacon,The Devil Wears Prada 2 | Teaser Trailer,devil wears prada 2 trailer
9c-DrMe8o5Q,Ugzh8FE1XC-mGajyd2F4AaABAg,"Gird your loins everyone, they're back!",19,2025-11-12,@benwasserman8223,The Devil Wears Prada 2 | Teaser Trailer,devil wears prada 2 trailer
9c-DrMe8o5Q,UgwxOFpnxt3Jubuxx0V4AaABAg,The way Andy put her sunglasses on 😮😎🔥🔥,16,2025-11-12,@sirapatploypetch6165,The Devil Wears Prada 2 | Teaser Trailer,devil wears prada 2 trailer
9c-DrMe8o5Q,UgziEMt5yBM1r7Qzm_14AaABAg,How has it been 20 years?,3,2026-02-07,@pdiseris,The Devil Wears Prada 2 | Teaser Trailer,devil wears prada 2 trailer
9c-DrMe8o5Q,UgylgxNTb6XjtEtKpJJ4AaABAg,I remember this sound when Emily saw Andy’s new Chanel shoes😂,22,2025-11-13,@Catzady,The Devil Wears Prada 2 | Teaser Trailer,devil wears prada 2 trailer
9c-DrMe8o5Q,UgxCEnoRBt7KzJKJrv14AaABAg,*The icon wears Prada is here!*,28,2025-11-12,@artyomvampire,The Devil Wears Prada 2 | Teaser Trailer,devil wears prada 2 trailer
9c-DrMe8o5Q,Ugx8ov6tTi6rVXYwN1N4AaABAg,We need to do what we can to get Emily and Stanley their first Academy Awards!,15,2025-11-13,@Magellann365,The Devil Wears Prada 2 | Teaser Trailer,devil wears prada 2 trailer
9c-DrMe8o5Q,UgwFYW0l0xndHHPnZFh4AaABAg,I absolutely love ❤️ how Miranda’s heel 👠 hits the floor perfectly when she enters the elevator 🛗!! And says “took you long enough to Andy “ priceless !! lol 😆,2,2026-01-31,@SuperSonic_227,The Devil Wears Prada 2 | Teaser Trailer,devil wears prada 2 trailer
9c-DrMe8o5Q,UgzVF9ayJLKQzNCCBzB4AaABAg,Only 2 Queens in this life...M&M...Miranda and Madonna...❤,9,2025-11-12,@emilianocavoti9606,The Devil Wears Prada 2 | Teaser Trailer,devil wears prada 2 trailer
9c-DrMe8o5Q,UgwhFWaEfwJqRZvSq214AaABAg,"all these icons - miranda, andy, and THE MUSIC this got everyone on board already",18,2025-11-13,@rosanna-rae-20,The Devil Wears Prada 2 | Teaser Trailer,devil wears prada 2 trailer
9c-DrMe8o5Q,UgxjWlqDwh6QCNvk4Q54AaABAg,"""Is there some reason that my coffee isn't here? Has she died or something?""

-Miranda Priestly",18,2025-11-12,@tylermcclain5332,The Devil Wears Prada 2 | Teaser Trailer,devil wears prada 2 trailer
9c-DrMe8o5Q,UgyOVxUeeK2A2-Nkm8t4AaABAg,We love a sequel with the original  cast,1,2025-11-16,@r_n_c_4408,The Devil Wears Prada 2 | Teaser Trailer,devil wears prada 2 trailer
9c-DrMe8o5Q,Ugw9vY-6H5DDyg_CMNd4AaABAg,Nooo I have a hideous skirt convention that day 😢,29,2025-11-12,@luckyowl6432,The Devil Wears Prada 2 | Teaser Trailer,devil wears prada 2 trailer
9c-DrMe8o5Q,UgwxBYuY1XJ7i6EIwQN4AaABAg,I love Miranda's slightest inkling of a smile.,21,2025-11-12,@kaci111128,The Devil Wears Prada 2 | Teaser Trailer,devil wears prada 2 trailer
9c-DrMe8o5Q,UgzagW6Cj_WBaHdX1Gd4AaABAg,❤ Madonna's Vogue ❤,15,2025-11-12,@helgafever768,The Devil Wears Prada 2 | Teaser Trailer,devil wears prada 2 trailer
9c-DrMe8o5Q,UgzYZEJ2bm8A8VnzdfJ4AaABAg,Why does the cinematography of this film trailer look like your typical Netflix movies 😅,4,2025-12-01,@mbmd_nation,The Devil Wears Prada 2 | Teaser Trailer,devil wears prada 2 trailer
9c-DrMe8o5Q,UgxsSU8U9QddJ7Dxpf94AaABAg,Now this is a trailer!!! No more shots needed.,32,2025-11-14,@angelova.nikoleta.design,The Devil Wears Prada 2 | Teaser Trailer,devil wears prada 2 trailer
9c-DrMe8o5Q,UgysbtZraQIcDB0xNv54AaABAg,I have watched this teaser an unhealthy number of times,36,2025-11-12,@sarmadkhan5140,The Devil Wears Prada 2 | Teaser Trailer,devil wears prada 2 trailer
9c-DrMe8o5Q,UgxbYnk_hYdBGkx-t0Z4AaABAg,May 1 is absolutely the perfect release date,9,2025-11-12,@JoJo-r7y7v,The Devil Wears Prada 2 | Teaser Trailer,devil wears prada 2 trailer
9c-DrMe8o5Q,UgwOdmFBepvl_TqTDs94AaABAg,"When Madonna came out with Vogue, me and my sister listened to it so much my dad started singing it. 😂 Go with the flow I guess",2,2025-12-24,@5150SATX,The Devil Wears Prada 2 | Teaser Trailer,devil wears prada 2 trailer
9c-DrMe8o5Q,UgyDSHfEkEkbZjdfhPN4AaABAg,"Happy Birthday, Anne Hathaway! 
🥳🎂🎉🎊😊",85,2025-11-12,@jamisonwhite7525,The Devil Wears Prada 2 | Teaser Trailer,devil wears prada 2 trailer
9c-DrMe8o5Q,UgzGcDYCPQ3Vi7Dp8TR4AaABAg,There is something so satisfying about reading above each name academy winner/nominee 🤩🤩,6,2025-11-12,@steffbystefff4057,The Devil Wears Prada 2 | Teaser Trailer,devil wears prada 2 trailer
9c-DrMe8o5Q,UgzuwKMadaVk5E6MKu94AaABAg,TEASER OF THE CENTURY 😭😭,7,2025-11-12,@anushkadabhade9953,The Devil Wears Prada 2 | Teaser Trailer,devil wears prada 2 trailer
9c-DrMe8o5Q,UgwNhZaM-8euTEuQpA14AaABAg,"Watched the first movie as a kid,
now will watch this one as a fashion designer.",1,2025-11-21,@TheWishBee,The Devil Wears Prada 2 | Teaser Trailer,devil wears prada 2 trailer
9c-DrMe8o5Q,UgwGepbklPWBTLvU2Pt4AaABAg,"THE WALK, THE HAIR, THE MADONNA BEAT, THE DUO, BABY WE ARE BACK!",11,2025-11-13,@sahur4858,The Devil Wears Prada 2 | Teaser Trailer,devil wears prada 2 trailer
9c-DrMe8o5Q,Ugw0iqonsowh2vTFuTx4AaABAg,Cannot wait! And to put Madonna VOGUE in the trailer to coincide with Madonna’s new dance album that comes out the exact same time is genius marketing!!!,39,2025-11-13,@matthewdunne8432,The Devil Wears Prada 2 | Teaser Trailer,devil wears prada 2 trailer
9c-DrMe8o5Q,UgzTEbMQw_ZuvP7iY_d4AaABAg,Streep should have won an Academy Award for Miranda. ICONIC.,7,2025-11-12,@julietwochholz9755,The Devil Wears Prada 2 | Teaser Trailer,devil wears prada 2 trailer
9c-DrMe8o5Q,UgzDbISD6jLzsrehPlp4AaABAg,The academy award part is INSANEEE,2,2025-11-26,@jakob9585,The Devil Wears Prada 2 | Teaser Trailer,devil wears prada 2 trailer
9c-DrMe8o5Q,UgwWXFprWddjqRfyYi54AaABAg,*Anne* and *Meryl* haven't aged at all. I'm so happy they reprised their iconic roles for this timeless masterpiece -- I remember when it first came out back in *'06* ; the sequel was undoubtedly a long time coming. Looking forward to seeing these divas working their magic on the big screen next year.,11,2025-11-13,@jermainetworsham,The Devil Wears Prada 2 | Teaser Trailer,devil wears prada 2 trailer
9c-DrMe8o5Q,UgxVYRcKvQIW7As2tel4AaABAg,this teaser trailer and Vogue is playing in the background omg. WIGS ARE SNATCHED,17,2025-11-13,@trasuatradenolong,The Devil Wears Prada 2 | Teaser Trailer,devil wears prada 2 trailer
9c-DrMe8o5Q,UgzHcsYh1fRrhmvUkzB4AaABAg,A WANTED sequel with the original cast! We are ready ❤,8,2025-11-13,@JomirBrands,The Devil Wears Prada 2 | Teaser Trailer,devil wears prada 2 trailer
9c-DrMe8o5Q,Ugy489FRW92WnVgMWrd4AaABAg,This did not need a 2,2,2025-11-30,@ariannawilliams6040,The Devil Wears Prada 2 | Teaser Trailer,devil wears prada 2 trailer
9c-DrMe8o5Q,UgzBveRenlv87vU4m8x4AaABAg,*One word… ICONIC!*,18,2025-11-12,@thereallg4587,The Devil Wears Prada 2 | Teaser Trailer,devil wears prada 2 trailer
9c-DrMe8o5Q,UgzoeL3YRG0mw4AbtZ14AaABAg,"I showed my mom the clip and said nothing, when the beat started with the song she just knew what it was about. I think we have waited long enough for this. ❤❤❤",4,2025-11-12,@queenkate1997,The Devil Wears Prada 2 | Teaser Trailer,devil wears prada 2 trailer
9c-DrMe8o5Q,Ugy4w22Q16En6IINV1h4AaABAg,Fans to the movie: By all means move at a 20 years pace. You know how that thrills us.,6,2025-11-12,@no_one7199,The Devil Wears Prada 2 | Teaser Trailer,devil wears prada 2 trailer
9c-DrMe8o5Q,Ugw4HnMMNZEJEljcAdZ4AaABAg,Finally 🎉🎉🎉🎉 A MOVIE 🍿 WORTH WATCHING THE FIRST DAY!!! We don’t need other movies 🍿 just this one 🔥🔥🔥🔥🔥🔥,1,2025-11-22,@marissabergado7112,The Devil Wears Prada 2 | Teaser Trailer,devil wears prada 2 trailer
9c-DrMe8o5Q,Ugw8k6d0UpCmmDtaj2R4AaABAg,The smoothness and deepness of her voice 🔪😈,5,2025-11-12,@samraddhbhiroria5326,The Devil Wears Prada 2 | Teaser Trailer,devil wears prada 2 trailer
9c-DrMe8o5Q,UgzkdgF-U16MFLyBihN4AaABAg,With jimmy choo shoes 👠 😅,38,2025-11-12,@misaelmuniz7418,The Devil Wears Prada 2 | Teaser Trailer,devil wears prada 2 trailer
9c-DrMe8o5Q,UgyburbdCusScbowLt94AaABAg,I like how the shoe clicks are set to the music tempo.,22,2025-11-13,@jdarryls1,The Devil Wears Prada 2 | Teaser Trailer,devil wears prada 2 trailer
9c-DrMe8o5Q,UgwolO9MSfSeN0Szxel4AaABAg,Why this movie need a sequel?,2,2025-12-22,@TaTanu1981,The Devil Wears Prada 2 | Teaser Trailer,devil wears prada 2 trailer
9c-DrMe8o5Q,UgzC9uJnVP5GBPcGsFV4AaABAg,The perfect birthday celebration for Anne Hathaway… And with Madonna’s fantastic track “Vogue” playing in the background to match it.👠😈🎉🎂 #DWP2,17,2025-11-12,@timzster,The Devil Wears Prada 2 | Teaser Trailer,devil wears prada 2 trailer
9c-DrMe8o5Q,Ugyv7Ey_ccBV6lnGd6t4AaABAg,VOGUE + The CLACKS. 👠✨ The legend is BACK.,72,2025-11-12,@AtininElfi,The Devil Wears Prada 2 | Teaser Trailer,devil wears prada 2 trailer
9c-DrMe8o5Q,UgzZcJ42EvukmFX5pFh4AaABAg,The icing on the cake to me is that they dropped this on Anne's birthday today!🎉🎂🎈,7,2025-11-13,@Spongeiac,The Devil Wears Prada 2 | Teaser Trailer,devil wears prada 2 trailer
9c-DrMe8o5Q,UgyASwMZWnCS_ZYp5UJ4AaABAg,"watched Prada 1 and Spiderman series more than 100x to learn English 15 years ago.
These are my memorial ones. 
Thank you so much.",7,2025-11-15,@inuinu-p2j,The Devil Wears Prada 2 | Teaser Trailer,devil wears prada 2 trailer
9c-DrMe8o5Q,UgwMLlsQ2M_QDK0B15N4AaABAg,What a moment!,2,2025-11-21,@NicollyCCampos,The Devil Wears Prada 2 | Teaser Trailer,devil wears prada 2 trailer
9c-DrMe8o5Q,UgxvMTmi_PKhUr4ihWN4AaABAg,0:24 The nonchalant elevator challenge 😂,11,2025-11-13,@thechill_editor17,The Devil Wears Prada 2 | Teaser Trailer,devil wears prada 2 trailer
9c-DrMe8o5Q,UgyY7w5rBRYqqZllJIJ4AaABAg,I hope Emily is in there too😢,5,2025-11-13,@naylaindra7041,The Devil Wears Prada 2 | Teaser Trailer,devil wears prada 2 trailer
9c-DrMe8o5Q,Ugw89BefEyt8PH2El5t4AaABAg,"It looks really good, actually ☺️",9,2025-11-12,@MateoLlerena,The Devil Wears Prada 2 | Teaser Trailer,devil wears prada 2 trailer
9c-DrMe8o5Q,UgwoktHM7AGEtgePoJN4AaABAg,Emily and Stanley not having an Oscar yet is a CRIME!! They are both amazing actors!!,1,2025-11-19,@plaguedoctor605,The Devil Wears Prada 2 | Teaser Trailer,devil wears prada 2 trailer
9c-DrMe8o5Q,UgxHUesipQ8mEwUHBiJ4AaABAg,I’ve watched this way too many times! Can’t wait!,10,2025-11-15,@briantschaepe,The Devil Wears Prada 2 | Teaser Trailer,devil wears prada 2 trailer
9c-DrMe8o5Q,Ugw5HTgf3bzNKlCuX7B4AaABAg,Give US TRAILER RIGHT NOW AAAAAAAH,6,2025-11-12,@dosawru1930,The Devil Wears Prada 2 | Teaser Trailer,devil wears prada 2 trailer
9c-DrMe8o5Q,UgxeCm9Xjr1UwFNViVN4AaABAg,"THIS is how you captivate an audience!!! That elevator scene 🔥...Meryl's stoic face and that nonchalant ""took you long enough"" had me snapping fingers...I literally gave a round of applause @ the end! I can't wait!",15,2025-11-13,@trinitees6838,The Devil Wears Prada 2 | Teaser Trailer,devil wears prada 2 trailer
9c-DrMe8o5Q,UgzJ6zqRuY66KupNhqB4AaABAg,I’m totally obsessed 🫠,2,2025-11-16,@oksanakominko1494,The Devil Wears Prada 2 | Teaser Trailer,devil wears prada 2 trailer
9c-DrMe8o5Q,UgyIGf2TfnA8vgCD4jh4AaABAg,Madonna and Miranda❤❤❤,11,2025-11-12,@andreleal5001,The Devil Wears Prada 2 | Teaser Trailer,devil wears prada 2 trailer
9c-DrMe8o5Q,Ugx_Ri4yaUWYGTrxnK14AaABAg,Madonna’s VOGUE is Forever ❤❤❤,4,2025-11-14,@ntuckhwc,The Devil Wears Prada 2 | Teaser Trailer,devil wears prada 2 trailer
9c-DrMe8o5Q,UgxPsUZpmlZNtzkGj_x4AaABAg,"20年の時を感じさせない❤
本当に最高の映画！！
今から楽しみすぎてワクワクが止まらない🎉🎉🎉🎉🎉",6,2025-11-13,@lluvll_zip,The Devil Wears Prada 2 | Teaser Trailer,devil wears prada 2 trailer
9c-DrMe8o5Q,UgxtVPuX73uTVyvZfr94AaABAg,OMG this is real  20 years,2,2026-01-03,@Visionary19528,The Devil Wears Prada 2 | Teaser Trailer,devil wears prada 2 trailer
9c-DrMe8o5Q,UgyOOp5_1xy6hvPe9294AaABAg,In this economy Devil Wears Shein,13,2025-11-12,@RiverSoldier-n2j,The Devil Wears Prada 2 | Teaser Trailer,devil wears prada 2 trailer
9c-DrMe8o5Q,UgzOrC78Hcr5BgvOxY94AaABAg,"Even though it took you a long time. We're ready. We're waiting, we're excited",8,2025-11-12,@artyomvampire,The Devil Wears Prada 2 | Teaser Trailer,devil wears prada 2 trailer
9c-DrMe8o5Q,Ugz4WTYULoPHrUVCV9R4AaABAg,BEAUTIFUL,16,2025-11-12,@randomrey002,The Devil Wears Prada 2 | Teaser Trailer,devil wears prada 2 trailer
9c-DrMe8o5Q,Ugw48B1WJ5pwp5yLsLJ4AaABAg,"Miranda is so funny she know good and well she ain't forgot about ""Emily"" 😂",2,2026-02-04,@ConspirHerSee,The Devil Wears Prada 2 | Teaser Trailer,devil wears prada 2 trailer
9c-DrMe8o5Q,Ugz8xTbgdLkd9hPAkEJ4AaABAg,20 years! Better come in with the heat,5,2025-11-12,@Ekundah-n1n,The Devil Wears Prada 2 | Teaser Trailer,devil wears prada 2 trailer
9c-DrMe8o5Q,Ugzmvqdg6aRTBXvyCmB4AaABAg,"An immaculate teaser trailer! 
May 1, 2026 👠",6,2025-11-13,@XfilesIsTrue,The Devil Wears Prada 2 | Teaser Trailer,devil wears prada 2 trailer
9c-DrMe8o5Q,UgxjIGC7WdE-rOCKMYx4AaABAg,The clackersssssss and it’s Miranda!,8,2025-11-12,@maupaganoni,The Devil Wears Prada 2 | Teaser Trailer,devil wears prada 2 trailer
9c-DrMe8o5Q,UgxXRpSvLq6aZcm2rTN4AaABAg,20 Years later.. Ladies have academy awards,1,2026-01-21,@wasimibitpu,The Devil Wears Prada 2 | Teaser Trailer,devil wears prada 2 trailer
9c-DrMe8o5Q,Ugy1FSIJr8QPsplgFRd4AaABAg,im definitely ready for this type of spice,4,2025-11-14,@SharleezAroush,The Devil Wears Prada 2 | Teaser Trailer,devil wears prada 2 trailer
9c-DrMe8o5Q,UgxZVr-uRh6yGqzflJR4AaABAg,I'm so excited and terrified at the same time.,5,2025-11-14,@inuboy2005,The Devil Wears Prada 2 | Teaser Trailer,devil wears prada 2 trailer
9c-DrMe8o5Q,UgycMOMmLkSbRSVfr814AaABAg,The Tales of Your Incompetence Don't Interest me. Please bore somebody else with your questions. I Can't Wait!!!!,16,2025-11-12,@KingChiJay91,The Devil Wears Prada 2 | Teaser Trailer,devil wears prada 2 trailer
9c-DrMe8o5Q,UgypyrTAcMASG3SkHDt4AaABAg,Isn't it amazing that they are using a song released in 1990 and it still sounds fresh and new?,1,2026-03-11,@FernandoC-qe7hk,The Devil Wears Prada 2 | Teaser Trailer,devil wears prada 2 trailer
9c-DrMe8o5Q,Ugz8WUF74MfftiWLssV4AaABAg,"This was even better than I expected! The clacking of the heels, the sneak peeks at the glamorous world of fashion, and lastly, Miranda and Andy pairing up in the elevator. I’m definitely watching this the day it comes out with my sister and whoever else wants to join us! ❤❤❤",12,2025-11-13,@thekingwasi,The Devil Wears Prada 2 | Teaser Trailer,devil wears prada 2 trailer
9c-DrMe8o5Q,UgzqfEBwSLW0eeWmLTZ4AaABAg,The most iconic fashion song ever ❤ Madonna - Vogue ❤,5,2025-11-13,@helgafever768,The Devil Wears Prada 2 | Teaser Trailer,devil wears prada 2 trailer
9c-DrMe8o5Q,UgyzQAjVTnbPstQ9KYR4AaABAg,Finally something good is coming out,4,2025-11-18,@shazbaz5695,The Devil Wears Prada 2 | Teaser Trailer,devil wears prada 2 trailer
9c-DrMe8o5Q,UgzBemAp5vAfO4NxAjR4AaABAg,"I love Emily Blunt. She's such a great actress. Every role she plays, she plays it perfectly.",1,2026-05-01,@Rasim9898,The Devil Wears Prada 2 | Teaser Trailer,devil wears prada 2 trailer
9c-DrMe8o5Q,UgxwT7vUfcoDxAxMIx14AaABAg,"i wasn't feeling the fashion at first from all the behind-the-scenes still photos, but now that i see it in motion... A SERVE. ❤ 

and the actresses still have chemistry, which is most important. genuinely excited now.",4,2025-11-18,@dudnika-anti,The Devil Wears Prada 2 | Teaser Trailer,devil wears prada 2 trailer
9c-DrMe8o5Q,Ugw2ucJ2CxgQwZzwBRh4AaABAg,Love the song.,8,2025-11-12,@FWChannel-rr1br,The Devil Wears Prada 2 | Teaser Trailer,devil wears prada 2 trailer
9c-DrMe8o5Q,UgxYa_qq2AlF1yPC1Ex4AaABAg,MADONNA ❤,7,2025-11-12,@Elżbieta-q2n,The Devil Wears Prada 2 | Teaser Trailer,devil wears prada 2 trailer
9c-DrMe8o5Q,UgyM2fGMASyhZIC9anl4AaABAg,I smile every time I see this movie trailer. I miss the main characters and feel so lucky the original actors are returning.  🎉🎉🎉,1,2026-01-06,@Allie3613-i2z,The Devil Wears Prada 2 | Teaser Trailer,devil wears prada 2 trailer
9c-DrMe8o5Q,UgwXm_ew35nVoXzSZIh4AaABAg,Absolutely outstanding! Editing is everything and that song is undeniable making this the BEST  TEASER I've seen since Gladiator and Terminator 2. SERIOUSLY!,5,2025-11-13,@shill1444,The Devil Wears Prada 2 | Teaser Trailer,devil wears prada 2 trailer
9c-DrMe8o5Q,UgxBezMkJE8fIfIRUa54AaABAg,"Toy Story 5, Mario Galaxy, new SpongeBob Movie and now The Devil Wears Prada 2... What a time line we are all living in 🔥👠",12,2025-11-12,@ZJoshuaZBarberZ,The Devil Wears Prada 2 | Teaser Trailer,devil wears prada 2 trailer
9c-DrMe8o5Q,UgxXmMhZe2QOnaqxYNd4AaABAg,嬉しい！！待ってました❤,4,2025-11-13,@nun_chan_418,The Devil Wears Prada 2 | Teaser Trailer,devil wears prada 2 trailer
9c-DrMe8o5Q,UgzK0Xb9hA9YpR9JrgF4AaABAg,The fact that Meryl SLAYS in her 76?  Incredible.,1,2026-01-07,@wizzzjer,The Devil Wears Prada 2 | Teaser Trailer,devil wears prada 2 trailer
9c-DrMe8o5Q,Ugx0cZHeWHTrP2WPzYF4AaABAg,0:43 That's All 🤌💁‍♂️,8,2025-12-29,@rubeng370,The Devil Wears Prada 2 | Teaser Trailer,devil wears prada 2 trailer
9c-DrMe8o5Q,UgzAPBVvHfQCnnTKMmp4AaABAg,No way!!!!!!!!!!!,3,2025-12-09,@3lipalm3r,The Devil Wears Prada 2 | Teaser Trailer,devil wears prada 2 trailer
9c-DrMe8o5Q,UgxYg_q6FAeF5DnyJ4F4AaABAg,"i LOVE the video description:         ""A sequel? For spring? Groundbreaking.""",4,2025-11-25,@socal04guy,The Devil Wears Prada 2 | Teaser Trailer,devil wears prada 2 trailer
9c-DrMe8o5Q,Ugx56MZg4O2d_YrBaZN4AaABAg,Andi must be gonna take over the magazine for Miranda to retire.... idk but i am ready for this,1,2025-12-23,@mindysue1802,The Devil Wears Prada 2 | Teaser Trailer,devil wears prada 2 trailer
9c-DrMe8o5Q,Ugx3mV6BCiKfg5kjXtp4AaABAg,THE GIRLS ARE GIRLING ❤❤❤,8,2025-11-12,@hamdannkhann,The Devil Wears Prada 2 | Teaser Trailer,devil wears prada 2 trailer
9c-DrMe8o5Q,UgxX-HZ4C8Z801_Q1ot4AaABAg,👠👠👠👠👠👠👠 YASS DEVIL WEARS PRADA 2!!!,7,2025-11-12,@Jake-z8y,The Devil Wears Prada 2 | Teaser Trailer,devil wears prada 2 trailer
9c-DrMe8o5Q,Ugw5a6pfeT7eSdpiPGV4AaABAg,Madonna’s Vogue is an incredible song ✨🙌,23,2025-11-16,@Aladinfa,The Devil Wears Prada 2 | Teaser Trailer,devil wears prada 2 trailer
9c-DrMe8o5Q,UgySQjAFTNFjXhxcWt54AaABAg,They said let us show you how to celebrate a 20yr anniversary,2,2025-11-16,@MissGemini8,The Devil Wears Prada 2 | Teaser Trailer,devil wears prada 2 trailer
9c-DrMe8o5Q,Ugx8D6n36MQjMRKNVfZ4AaABAg,"Oh My Gosh, Yes!",4,2025-11-12,@diamondthomas640,The Devil Wears Prada 2 | Teaser Trailer,devil wears prada 2 trailer
9c-DrMe8o5Q,UgwaDhjuvIP51N9TBXB4AaABAg,How dare Andy took the same elevator as Miranda??!!!,5,2025-11-12,@daejangeum,The Devil Wears Prada 2 | Teaser Trailer,devil wears prada 2 trailer
9c-DrMe8o5Q,UgzKblBkzCCWD4wyb2V4AaABAg,"Madonna, Meryl, Anne and Emily!! I'm here for a treat! ❤",17,2025-11-12,@Matuteilcapo,The Devil Wears Prada 2 | Teaser Trailer,devil wears prada 2 trailer
9c-DrMe8o5Q,Ugyw5flUHqQUPfJpnVp4AaABAg,Can't hardly wait!,2,2025-11-16,@escapedia,The Devil Wears Prada 2 | Teaser Trailer,devil wears prada 2 trailer
9c-DrMe8o5Q,UgwV0gC67eN8VgUQqIt4AaABAg,Vogue… For a sequel? PERFECTION! ♥️,22,2025-11-13,@HailMadonna,The Devil Wears Prada 2 | Teaser Trailer,devil wears prada 2 trailer
9c-DrMe8o5Q,Ugxen0R5tUPzMJ0t-qx4AaABAg,OMGGGGG!!!!!!!!!!!!!!!!!!!!!!!!!!!!❤,3,2025-11-16,@realwithrhea,The Devil Wears Prada 2 | Teaser Trailer,devil wears prada 2 trailer
9c-DrMe8o5Q,UgwPEKRNpd_gTf1iSed4AaABAg,vogue combined with sound of miranda's heels is SO ICONIC,12,2025-11-13,@antoniooo.k,The Devil Wears Prada 2 | Teaser Trailer,devil wears prada 2 trailer
9c-DrMe8o5Q,Ugwva3-5Ocps-w5hmUF4AaABAg,Queens are coming back! 🔥👑,1,2026-04-25,@yoon.ayeong,The Devil Wears Prada 2 | Teaser Trailer,devil wears prada 2 trailer
9c-DrMe8o5Q,UgwY5h9SlLldUWXhmu94AaABAg,Vogue playing in the background got me to strike a pose once again. 0:00,15,2025-11-13,@VAMPFAN09,The Devil Wears Prada 2 | Teaser Trailer,devil wears prada 2 trailer
9c-DrMe8o5Q,UgySH9AlqvLa688OiGR4AaABAg,I was promised a Hoppers trailer at some point?,6,2025-11-12,@Remythechef,The Devil Wears Prada 2 | Teaser Trailer,devil wears prada 2 trailer
9c-DrMe8o5Q,UgwDfpzhK5QhjDMuYNp4AaABAg,Vogue Madonna ❤🎧🫰🏻🙌🏻📷,3,2025-11-17,@jcha1993,The Devil Wears Prada 2 | Teaser Trailer,devil wears prada 2 trailer
9c-DrMe8o5Q,Ugz5QTiPTFvYTSOpLbp4AaABAg,"I want this movie to open with ""suddenly i see"" again",2,2025-11-20,@roronoazoro96875,The Devil Wears Prada 2 | Teaser Trailer,devil wears prada 2 trailer
uXa5iEgfExc,UgxKHlTTizybyC9PgSp4AaABAg,"Winnie Harlow, Law Roach, Heidi Klum, and The Fashion Model and Designers are on Here, I'm Literally Fangirling Out",3,2026-05-03,@diamondthomas640,The Devil Wears Prada 2 | Fashion Royalty,devil wears prada 2 trailer
uXa5iEgfExc,UgyU0EekrfQwp0M3sQF4AaABAg,"Law Roach, sashay away. That's all.",5,2026-05-03,@Ryökäle-b9p,The Devil Wears Prada 2 | Fashion Royalty,devil wears prada 2 trailer
uXa5iEgfExc,UgzpWVTzdEagYJFucut4AaABAg,It was amazing ❤️❤️❤️❤️,3,2026-05-03,@RodneyDollar,The Devil Wears Prada 2 | Fashion Royalty,devil wears prada 2 trailer
uXa5iEgfExc,UgyhqMOsvlkxX2ZwTz94AaABAg,Nice!,1,2026-05-04,@CheersKhiemNguyen2008Official,The Devil Wears Prada 2 | Fashion Royalty,devil wears prada 2 trailer
uXa5iEgfExc,UgwIvVjW1dkNLdCKI-Z4AaABAg,20th century studios make SCP foundation movie production 20th century studios and tsg entertainment,4,2026-05-03,@lennoxmckenzie3774,The Devil Wears Prada 2 | Fashion Royalty,devil wears prada 2 trailer
uXa5iEgfExc,UgxuCAXdlMZSIjF2uVx4AaABAg,Going to see,4,2026-05-03,@leannhughes2064,The Devil Wears Prada 2 | Fashion Royalty,devil wears prada 2 trailer
uXa5iEgfExc,Ugy9ev6EtP3HQETbY814AaABAg,Jeffrey is there? 😂,0,2026-05-04,@hristopetrov3154,The Devil Wears Prada 2 | Fashion Royalty,devil wears prada 2 trailer
uXa5iEgfExc,UgzuRCPd2QK44xnP-9d4AaABAg,"Lame movie.
No story whatsoever and the characters were not themselves.
Pity, I love the first one.",0,2026-05-04,@blazsnoj4370,The Devil Wears Prada 2 | Fashion Royalty,devil wears prada 2 trailer
uXa5iEgfExc,UgyHxsMhl6vU9zDOLNV4AaABAg,20th century studios make cartoon cat movie horror live action directed Stephen king and created Trevor Henderson productions fox searchlight pictures and Chernin entertainment,6,2026-05-03,@lennoxmckenzie3774,The Devil Wears Prada 2 | Fashion Royalty,devil wears prada 2 trailer
uXa5iEgfExc,UgwqWv_l033erMKwmHB4AaABAg,"* Sees thumbnail * 
""WHAT THE HELL IS EVEN THAT ?!""",2,2026-05-03,@anjoLas,The Devil Wears Prada 2 | Fashion Royalty,devil wears prada 2 trailer
plXKMd33cJU,Ugx_Ccgf7cmg-WHBoCR4AaABAg,LADY GAGA FT DOECHIII LETS GOOOOOOO 🔥🔥🔥🔥🔥 summer year song is comming,43,2026-04-06,@javieralonsolosada5256,The Devil Wears Prada 2 | Final Trailer | In Cinemas May 1,devil wears prada 2 trailer
plXKMd33cJU,Ugz1N-7acUgUNn6Qi394AaABAg,"Finally, a semblance of a story for this sequel. Still very reminiscent of Sex and the City 2.",13,2026-04-07,@Diapontios,The Devil Wears Prada 2 | Final Trailer | In Cinemas May 1,devil wears prada 2 trailer
plXKMd33cJU,UgwRJNnRIcJwNWyP_sJ4AaABAg,I live for Nigel. He always puts Andrea's looks together effortlessly ❤️. I can't wait to watch. All of the popcorn purses are sold out 😭,9,2026-04-07,@Southernhotmessmama235,The Devil Wears Prada 2 | Final Trailer | In Cinemas May 1,devil wears prada 2 trailer
plXKMd33cJU,UgwjX9qpu8g8Ruhze2x4AaABAg,oh my...... they all had a lot of work done......,0,2026-04-11,@normadesmond6017,The Devil Wears Prada 2 | Final Trailer | In Cinemas May 1,devil wears prada 2 trailer
plXKMd33cJU,UgxN-0LMIXITK54iw894AaABAg,my homosexual grandson has already booked tickets to see this,42,2026-04-10,@NANCY_SOULCYCLE,The Devil Wears Prada 2 | Final Trailer | In Cinemas May 1,devil wears prada 2 trailer
plXKMd33cJU,Ugw_4N5xxOdH6ZtJ9J54AaABAg,The amount of comments is surprisingly low,2,2026-04-09,@mylinhpham5204,The Devil Wears Prada 2 | Final Trailer | In Cinemas May 1,devil wears prada 2 trailer
plXKMd33cJU,Ugx1enED4t152VOu45t4AaABAg,YES,0,2026-04-07,@calvnofficial,The Devil Wears Prada 2 | Final Trailer | In Cinemas May 1,devil wears prada 2 trailer
plXKMd33cJU,Ugx90w1vezy-kcnyztN4AaABAg,Is this a new movie? It looks exactly like the first one to me (the storyline)…,1,2026-04-08,@LadyFromBerne,The Devil Wears Prada 2 | Final Trailer | In Cinemas May 1,devil wears prada 2 trailer
plXKMd33cJU,Ugxh4dhWbvAlKI6KR4V4AaABAg,I know its going to be amazing🎉❤luv as the cast returns..light my way😊,3,2026-04-07,@arnavverma6845,The Devil Wears Prada 2 | Final Trailer | In Cinemas May 1,devil wears prada 2 trailer
plXKMd33cJU,UgzPyqme6ZYwXQ7e0W14AaABAg,this looks a mess 😭😭😭😭😭😭😭😭😭😭😭😭😭😭😭😭😭😭😭😭😭😭😭😭😭😭😭😭😭😭😭😭😭😭😭😭😭😭😭😭😭😭😭😭😭😭😭😭😭😭😭😭,7,2026-04-07,@ezzaezzab,The Devil Wears Prada 2 | Final Trailer | In Cinemas May 1,devil wears prada 2 trailer
plXKMd33cJU,UgwUGlgZ4qgRB6t7n-N4AaABAg,OKKK PERIOD,0,2026-04-07,@millaych,The Devil Wears Prada 2 | Final Trailer | In Cinemas May 1,devil wears prada 2 trailer
plXKMd33cJU,UgytRf3cEVGFWVapfal4AaABAg,"Too many people are setting their own high expectations for this movie. How about watching the movie for what it is, a sequel, and judging it on that. Do not set your overly rigid, high, never-reaching expectations on this movie, especially if It's expectations that you, yourself, will never reach. In other words, give the movie some grace. After all, both movies are based on the corresponding books and the transition from paper to digital landscape.

You have people in the comments calling it a flop before even seeing the movie. So many people cried and complained for a sequel, so they did a sequel, and yet you still cry and complain. Let us watch the movie without judgement first; afterwards, let us judge accordingly.",4,2026-04-11,@ADELPHOS-G80,The Devil Wears Prada 2 | Final Trailer | In Cinemas May 1,devil wears prada 2 trailer
plXKMd33cJU,UgyoeinofBlSn2NiabB4AaABAg,I have no idea what they were on about during the whole trailer. I feel like they just made this movie for the purpose of some strange reunion thinking people would care.,0,2026-04-11,@happytrouble5561,The Devil Wears Prada 2 | Final Trailer | In Cinemas May 1,devil wears prada 2 trailer
plXKMd33cJU,UgxNmxFtxDPh9B9OJdd4AaABAg,When I thought lady Gaga can’t copy anything more form Madonna but hello here we go again 😂,5,2026-04-07,@Baseqq,The Devil Wears Prada 2 | Final Trailer | In Cinemas May 1,devil wears prada 2 trailer
suvcrrshzLo,Ugx7nK9qYuxrCGbhkit4AaABAg,Should have been called 'The Devil Still Wears Prada',3735,2026-02-02,@Traineddummy,The Devil Wears Prada 2 | Official Trailer,devil wears prada 2 trailer
suvcrrshzLo,UgygRpislVVBALVwOUJ4AaABAg,By all means move at a glacial pace. You know how it thrills me to wait 20 years for a sequel.,239,2026-02-05,@pipocdj,The Devil Wears Prada 2 | Official Trailer,devil wears prada 2 trailer
suvcrrshzLo,UgxreiYdmbi_ZbTPJdJ4AaABAg,Vogue is still such a perfect choice for this film.,1105,2026-02-02,@allencall6572,The Devil Wears Prada 2 | Official Trailer,devil wears prada 2 trailer
suvcrrshzLo,Ugx8fvDUejTLPac1O9p4AaABAg,Pretending to not knowing her is the most savage shade ever xD,1677,2026-02-02,@gabrielgonzalez4989,The Devil Wears Prada 2 | Official Trailer,devil wears prada 2 trailer
suvcrrshzLo,UgxnBKSnJ2dDIEZeJJ54AaABAg,“Look what TJMAXX dragged in” 🤣💀,1679,2026-02-02,@simpleasrich,The Devil Wears Prada 2 | Official Trailer,devil wears prada 2 trailer
suvcrrshzLo,UgxOKXhVacf-VZj2r6R4AaABAg,"Miranda is giving Mariah Carey's ""I don't know her"" here IYKYK",604,2026-02-02,@ngocbui9039,The Devil Wears Prada 2 | Official Trailer,devil wears prada 2 trailer
suvcrrshzLo,UgzwDEP0gOCwKKSua_t4AaABAg,Dropping the trailer during the Grammy's is literally iconic,1376,2026-02-02,@OGJasian,The Devil Wears Prada 2 | Official Trailer,devil wears prada 2 trailer
suvcrrshzLo,UgztZ8fGS67SztspkHp4AaABAg,This is Top Gun Maverick for the girls and gays. This will be huge.,2116,2026-02-02,@Dogleb,The Devil Wears Prada 2 | Official Trailer,devil wears prada 2 trailer
suvcrrshzLo,UgyN3wJUj5v55CnS6lt4AaABAg,Emily has her own emilies now!! Good for her❤,739,2026-02-02,@danieldus5404,The Devil Wears Prada 2 | Official Trailer,devil wears prada 2 trailer
suvcrrshzLo,UgywUQic3m2PeC21Avl4AaABAg,I did background acting for this and I’m super excited to see if I made the cut! 🤭,637,2026-02-02,@tamikam.murray8844,The Devil Wears Prada 2 | Official Trailer,devil wears prada 2 trailer
suvcrrshzLo,Ugy22OF1gVLwiaGXZ1p4AaABAg,This may have been noticed/commented already - but - does everyone notice the subtle Cerulean blue in almost every single aspect of this trailer?!,138,2026-02-02,@derrrek_,The Devil Wears Prada 2 | Official Trailer,devil wears prada 2 trailer
suvcrrshzLo,Ugw6oL1A1kWLzhS7GW14AaABAg,"As a 28 year old straight male, I am excited for this film.",957,2026-02-02,@sidd6harth,The Devil Wears Prada 2 | Official Trailer,devil wears prada 2 trailer
suvcrrshzLo,Ugys6c_x7hym7lo8Srx4AaABAg,"Thank god, at least Anne Hathaway is capable of raising her eyebrows!",153,2026-02-02,@christinkachelmann1707,The Devil Wears Prada 2 | Official Trailer,devil wears prada 2 trailer
suvcrrshzLo,UgwVlm4EZwHKeeCjTg14AaABAg,There's a tiny detail missing here... Emily's striking aqua green eyeshadow!!,88,2026-02-02,@abllba44,The Devil Wears Prada 2 | Official Trailer,devil wears prada 2 trailer
suvcrrshzLo,UgwNIVVxY4XY5OPBSGp4AaABAg,The plot being Miranda having dementia is a bold choice.,674,2026-02-02,@celesteelka,The Devil Wears Prada 2 | Official Trailer,devil wears prada 2 trailer
suvcrrshzLo,UgxotD9dVVPVhy-m3AB4AaABAg,Stanley Tucci..this man just blends in any role anytime any place.,14,2026-02-20,@tykemonster6416,The Devil Wears Prada 2 | Official Trailer,devil wears prada 2 trailer
suvcrrshzLo,UgzWkATLPyUvcPl4H3B4AaABAg,"I wasn't ready for this.

Meanwhile Miranda Priestly: ""Why is noone ready?""",81,2026-02-02,@VilikesaTuragakula,The Devil Wears Prada 2 | Official Trailer,devil wears prada 2 trailer
suvcrrshzLo,UgwTfkGPpGrmX-fFdP54AaABAg,ANDY IS WEARING A CERULEAN DRESS 0:53,108,2026-02-03,@benoitblancfan,The Devil Wears Prada 2 | Official Trailer,devil wears prada 2 trailer
suvcrrshzLo,UgwYREV6wtT8vJKNS354AaABAg,"Wasn't it Anna Wintour who said ""I  dont like looking back."" and Edna Mode who said ""I never look back darling it distracts from the now."" Very much so Miranda as well it would seem.",88,2026-02-02,@Anaksunamen999,The Devil Wears Prada 2 | Official Trailer,devil wears prada 2 trailer
suvcrrshzLo,Ugxy5zcD6gs57e_G2N94AaABAg,"First part -  That all
Second part - where was i",119,2026-02-02,@HimanshuSingla-s4b,The Devil Wears Prada 2 | Official Trailer,devil wears prada 2 trailer
suvcrrshzLo,UgzMYV7Tyl7Ktd5MqaV4AaABAg,Miranda not remembering Emily is just another level.....TDWP2 is gonna be wild,71,2026-02-02,@rajshah8101,The Devil Wears Prada 2 | Official Trailer,devil wears prada 2 trailer
suvcrrshzLo,UgzWlb4z4mFh6X2qw9J4AaABAg,Omg I LOVE that Miranda doesn’t even remember Andy😂,113,2026-02-02,@Breena_727,The Devil Wears Prada 2 | Official Trailer,devil wears prada 2 trailer
suvcrrshzLo,Ugx3dlvfv5IjeV4SN1h4AaABAg,"0:27 Miranda Priestly "" Who is this? Do you know her? Do i know her? 😈😆",42,2026-02-02,@wabbaaaiaiai,The Devil Wears Prada 2 | Official Trailer,devil wears prada 2 trailer
suvcrrshzLo,UgxvLLj9z7Ij37bZOu54AaABAg,This trailer makes it seem like Miranda has dementia.,27,2026-02-02,@PhinPhan39,The Devil Wears Prada 2 | Official Trailer,devil wears prada 2 trailer
suvcrrshzLo,UgySahbsdWg0QQmf5d54AaABAg,I cannot believe they had Miranda utter an “I’m sorry” and why is she smiling? 😭😭😭😭,43,2026-02-02,@Radhikawho,The Devil Wears Prada 2 | Official Trailer,devil wears prada 2 trailer
suvcrrshzLo,UgwTYlz5psnfuZQmU814AaABAg,Madonna's Vogue the most iconic fashion song ever ❤,41,2026-02-02,@helgafever768,The Devil Wears Prada 2 | Official Trailer,devil wears prada 2 trailer
suvcrrshzLo,UgzqFTTwn8mvT4VuOrF4AaABAg,Notice the SPRING FLORALS blue sign right in the beginning LOL,50,2026-02-02,@randomgrill784,The Devil Wears Prada 2 | Official Trailer,devil wears prada 2 trailer
suvcrrshzLo,UgyRtSstnppdlrxp2o14AaABAg,"Twenty. Years. 

That's how long I hoped, dreamed....waited for this! THE Story of building everything from nothing, THE Story of launching yourself into Destiny! 

Twenty. YEARS!",70,2026-02-02,@derrrek_,The Devil Wears Prada 2 | Official Trailer,devil wears prada 2 trailer
suvcrrshzLo,UgyeKkS5w_vUISjH2Sp4AaABAg,"Ah Stanley Tucci! I swear, Evelyn Tucci must be so proud of her grandson with all the great work he's done",24,2026-02-02,@archon5878,The Devil Wears Prada 2 | Official Trailer,devil wears prada 2 trailer
suvcrrshzLo,UgzLDjDJTTORp59Msul4AaABAg,"let me guess the script, she is going to step out as the queen of fashion and asigne these 2 woman as heads of the company.",13,2026-02-02,@StrikerEureka1,The Devil Wears Prada 2 | Official Trailer,devil wears prada 2 trailer
suvcrrshzLo,Ugz0IjSqWsb-YHH8wQN4AaABAg,Why have I watched this multiple times in one day???,15,2026-02-02,@lizw495,The Devil Wears Prada 2 | Official Trailer,devil wears prada 2 trailer
suvcrrshzLo,Ugwi2cnNR6SZOoxe5lB4AaABAg,Miranda don’t look evil here… I don’t know what to think,83,2026-02-02,@el_senor_xan,The Devil Wears Prada 2 | Official Trailer,devil wears prada 2 trailer
suvcrrshzLo,UgyR47GhMYFpKrh2gbx4AaABAg,I don't know if I like Miranda not being in control. Like I feel the girls are outpowering her,38,2026-02-02,@arielvidriales,The Devil Wears Prada 2 | Official Trailer,devil wears prada 2 trailer
suvcrrshzLo,UgwW2EKSGJoU3l3tu8B4AaABAg,I’ll go to see it but this is just like putting a mustache on the Mona Lisa you should’ve just left it alone. The first one was perfect. It ended well that was enough.,1,2026-03-07,@ekaterinaroyster5892,The Devil Wears Prada 2 | Official Trailer,devil wears prada 2 trailer
suvcrrshzLo,UgxqBgCBkEoaegB0eud4AaABAg,wish my grandma was alive for this movie. I saw the first one with her.,4,2026-02-02,@jarsofjoybyalicia,The Devil Wears Prada 2 | Official Trailer,devil wears prada 2 trailer
suvcrrshzLo,Ugx81RdMQBCYqsnYEVV4AaABAg,Legends are baaaaack 💅🏻✨,1,2026-04-25,@yoon.ayeong,The Devil Wears Prada 2 | Official Trailer,devil wears prada 2 trailer
suvcrrshzLo,Ugwh98XyZfCmN8V1HeN4AaABAg,I love that Miranda doesn’t remember the Emilys,13,2026-02-02,@LaserBadler,The Devil Wears Prada 2 | Official Trailer,devil wears prada 2 trailer
suvcrrshzLo,Ugx6L4066QEjkDzQ-vl4AaABAg,I finally get why I had to study the film for a film class. Can't wait for the sequel,3,2026-02-06,@IndependentConversations,The Devil Wears Prada 2 | Official Trailer,devil wears prada 2 trailer
suvcrrshzLo,UgzzAJdf6fWZn6WNfRF4AaABAg,Anne Hathaway is soo gorgeous,9,2026-02-02,@user-rx8no1zt4c,The Devil Wears Prada 2 | Official Trailer,devil wears prada 2 trailer
suvcrrshzLo,UgwmmecP9QNLCuRE1oR4AaABAg,I remember how much Streep gushed about Blunt after the first film because of her talent. I hope there are so many scenes with them cos I love both of them so much. <3,3,2026-02-04,@elevatorface,The Devil Wears Prada 2 | Official Trailer,devil wears prada 2 trailer
suvcrrshzLo,Ugx6Oi3dqSOtHg16xj94AaABAg,"The production design has clearly evolved for the modern digital era, but that sharp, 'Runway' visual identity remains intact. From a screenwriting perspective, it’s going to be fascinating to see how the power dynamics shift now that the industry has changed so much. The costume department already deserves an Oscar just based on these frames! Who’s ready for the masterclass in shade?",3,2026-02-04,@TakeOneAcademy,The Devil Wears Prada 2 | Official Trailer,devil wears prada 2 trailer
suvcrrshzLo,UgxphRvShGia0GPBaJt4AaABAg,I love how miranda puts them both in place😅😅😅,36,2026-02-02,@marianodiaz2946,The Devil Wears Prada 2 | Official Trailer,devil wears prada 2 trailer
suvcrrshzLo,UgwCZCZTxK827rrraX14AaABAg,I have a feeling that this will be a must-miss movie for me.,6,2026-02-04,@Reman_Man,The Devil Wears Prada 2 | Official Trailer,devil wears prada 2 trailer
suvcrrshzLo,Ugy8Bj6QF933zt9hz5p4AaABAg,Why am I not surprised she doesn't remember... 😂,11,2026-02-02,@thecomposerreacts,The Devil Wears Prada 2 | Official Trailer,devil wears prada 2 trailer
suvcrrshzLo,UgyxRvqt3slSZ47S3qx4AaABAg,where was i - Iconic,19,2026-02-02,@camiloruiz9327,The Devil Wears Prada 2 | Official Trailer,devil wears prada 2 trailer
suvcrrshzLo,Ugyd5XFsDjZrgd1tTH54AaABAg,Emily Blunt ❤ im gonna see the movie for her!,1,2026-03-18,@carolmr8508,The Devil Wears Prada 2 | Official Trailer,devil wears prada 2 trailer
suvcrrshzLo,Ugzz4VCgTQz_T2yhjQp4AaABAg,This better not be a flop sequel,3,2026-02-02,@paws2012,The Devil Wears Prada 2 | Official Trailer,devil wears prada 2 trailer
suvcrrshzLo,Ugz0nqXXssSwKnQAp_V4AaABAg,These actors have aged phenomenally,1,2026-02-05,@merlinsunset7094,The Devil Wears Prada 2 | Official Trailer,devil wears prada 2 trailer
suvcrrshzLo,UgxKH7woHTFLEq212L94AaABAg,Really? where was I? - I want to watch this movie on the first day just for this...,12,2026-02-02,@sarathesrinivasan,The Devil Wears Prada 2 | Official Trailer,devil wears prada 2 trailer
suvcrrshzLo,UgwEs4RjQLH1v8h8Xld4AaABAg,Madonna’s Vgue is timeless,1,2026-02-07,@dheerajdadlani6713,The Devil Wears Prada 2 | Official Trailer,devil wears prada 2 trailer
suvcrrshzLo,Ugy_cmiKrNJMtI4OVxx4AaABAg,Anne Hathaway's face matured  .,4,2026-02-03,@hellopipes,The Devil Wears Prada 2 | Official Trailer,devil wears prada 2 trailer
suvcrrshzLo,Ugyqii3NMRrorNXvH794AaABAg,would it kill them to add captions? I'm hard of hearing but still like movies...,6,2026-02-02,@sagerose8604,The Devil Wears Prada 2 | Official Trailer,devil wears prada 2 trailer
suvcrrshzLo,UgxPgJLQnMIpJ45_8el4AaABAg,Remember seeing the 1st one after my high school graduation back in 2006. Looking forward to the sequel.,3,2026-02-02,@crockett888,The Devil Wears Prada 2 | Official Trailer,devil wears prada 2 trailer
suvcrrshzLo,UgyTkFk940__2lDKrlt4AaABAg,"I now actually don’t even care if this is amazing. I just want to spend a couple more hours with these characters in a dark theater, with popcorn. I never thought I would be able to. ❤",1,2026-02-06,@robfuzz,The Devil Wears Prada 2 | Official Trailer,devil wears prada 2 trailer
suvcrrshzLo,UgwweVbhVt3WCHMeKEh4AaABAg,I’m here because of the 2026 Grammy commercial! 🎉,6,2026-02-02,@KocktailsWithKodak,The Devil Wears Prada 2 | Official Trailer,devil wears prada 2 trailer
suvcrrshzLo,UgzO9S4v1FJVWNySUwp4AaABAg,"I hope they can at least maintain the heart & soul of what made the original so great, some movies should be left alone. But I’m rooting for it.",2,2026-02-03,@mwhite6226,The Devil Wears Prada 2 | Official Trailer,devil wears prada 2 trailer
suvcrrshzLo,Ugx_i1V456lGE10oZXJ4AaABAg,"They all look amazing, as if almost no time has passed. that’s all I care about.",3,2026-02-02,@Shizzlestomp,The Devil Wears Prada 2 | Official Trailer,devil wears prada 2 trailer
suvcrrshzLo,UgyxwiAiHQum5EMVktV4AaABAg,Now Anne Hathaway has two films each with Meryl Streep and Julie Andrews. (i used to confuse the 2 of them as a kid bec they're the 2 older actresses i saw in almost everything),2,2026-02-04,@fatihhh2719,The Devil Wears Prada 2 | Official Trailer,devil wears prada 2 trailer
suvcrrshzLo,Ugzt67gU82IdI11ocTV4AaABAg,"The way she left in the first part, in spite of Miranda wanted her to stay,  without respecting her word, she left ...  
I wouldn't have taken her back!",16,2026-02-02,@lauukikmhatre4993,The Devil Wears Prada 2 | Official Trailer,devil wears prada 2 trailer
suvcrrshzLo,Ugw0E8VDxe59SEy3FOJ4AaABAg,"Why we just couldn’t keep with the original one? Do we really need a sequel?

Let’s hope it’s a good one",2,2026-02-02,@samrivas8861,The Devil Wears Prada 2 | Official Trailer,devil wears prada 2 trailer
suvcrrshzLo,UgyEIFxgIQTmm4Qu1dN4AaABAg,As a teen boy I adore this movie I can’t wait for the second one!,6,2026-02-02,@theboy_withthe_smile,The Devil Wears Prada 2 | Official Trailer,devil wears prada 2 trailer
suvcrrshzLo,UgyqB-KEQRdFewS72wB4AaABAg,Stanley tucci never ages same with the rest of the cast ,2,2026-02-02,@verdeverde2763,The Devil Wears Prada 2 | Official Trailer,devil wears prada 2 trailer
suvcrrshzLo,Ugxs0s1yMpvTymj3DI14AaABAg,“September is the January of fashion “ flashes coming in,3,2026-02-02,@santhoshkulkarni1695,The Devil Wears Prada 2 | Official Trailer,devil wears prada 2 trailer
suvcrrshzLo,UgyVDwMFP2nws4BF_Rl4AaABAg,A must-see for the year!,2,2026-02-04,@psychocatmomof9,The Devil Wears Prada 2 | Official Trailer,devil wears prada 2 trailer
suvcrrshzLo,Ugw1x9fDVf686mXnuAV4AaABAg,"I so hope it isn't played out like ""I don't know you"" for the entire film and she let's Andi know straight away that she knows Andi, but it obviously just isn't shown in the trailer.",3,2026-02-02,@peter0010,The Devil Wears Prada 2 | Official Trailer,devil wears prada 2 trailer
suvcrrshzLo,Ugwi6YQrYNexlSZ08Qp4AaABAg,We need this.,1,2026-02-07,@alexawhittington3537,The Devil Wears Prada 2 | Official Trailer,devil wears prada 2 trailer
suvcrrshzLo,UgwhB_Zy5P2MsVmmPJN4AaABAg,I really wanna see it but just can’t imagine it’s good.,5,2026-02-02,@ShooterSanoff,The Devil Wears Prada 2 | Official Trailer,devil wears prada 2 trailer
suvcrrshzLo,Ugz25jIaeQUJcH3u2TF4AaABAg,ALL I KNOW IS THAT THEY BETTER PLAY THIS SONG IN THE MOVIE!!!,1,2026-02-03,@matthew8285,The Devil Wears Prada 2 | Official Trailer,devil wears prada 2 trailer
suvcrrshzLo,UgywUaAu2OnZ1Rt0L-V4AaABAg,"0:43 great shot of Meryl Streep! Looks fun, I have my popcorn!",3,2026-02-02,@Frankie-AirMax,The Devil Wears Prada 2 | Official Trailer,devil wears prada 2 trailer
suvcrrshzLo,UgygV_zHdiMDgqXXnPF4AaABAg,Loved the original. Because it was original.,1,2026-02-02,@digitalranger4259,The Devil Wears Prada 2 | Official Trailer,devil wears prada 2 trailer
suvcrrshzLo,UgyjATeQM5S1yMU7L7F4AaABAg,Mmm… groundbreaking 🫤,5,2026-02-02,@rsplmr,The Devil Wears Prada 2 | Official Trailer,devil wears prada 2 trailer
suvcrrshzLo,UgySLZ7aGV15JkG0mS54AaABAg,CONGRATS KENNEDY!!!,0,2026-02-05,@jinx3272,The Devil Wears Prada 2 | Official Trailer,devil wears prada 2 trailer
suvcrrshzLo,Ugzbe18PR_lerDeQMR94AaABAg,Meryl Streep looks incredible,3,2026-02-02,@salemking5850,The Devil Wears Prada 2 | Official Trailer,devil wears prada 2 trailer
suvcrrshzLo,UgzhJfZJaa0gnT7b47x4AaABAg,Meryl Streep looks amazing,1,2026-02-06,@charaleebaviera5789,The Devil Wears Prada 2 | Official Trailer,devil wears prada 2 trailer
suvcrrshzLo,Ugw17riyaDzT260ZadV4AaABAg,First movie Meryl Streep is doing a sequel,4,2026-02-03,@mellttabor2134,The Devil Wears Prada 2 | Official Trailer,devil wears prada 2 trailer
suvcrrshzLo,UgwVAzVpaBHztIoaXGx4AaABAg,Another sequel. GRoundbreaking!,2,2026-02-03,@scottonspruce,The Devil Wears Prada 2 | Official Trailer,devil wears prada 2 trailer
suvcrrshzLo,UgzNgDOC8Gk0COiGx5d4AaABAg,"1:34 Andi said ""Uh, excuse you??""",3,2026-02-03,@Saiyanprince1114,The Devil Wears Prada 2 | Official Trailer,devil wears prada 2 trailer
suvcrrshzLo,UgxlHpCV8Sj28UYfuBF4AaABAg,😳 A PART 2!!!!!! THANK YOU!!!! 😍,1,2026-02-04,@357_gardening,The Devil Wears Prada 2 | Official Trailer,devil wears prada 2 trailer
suvcrrshzLo,UgwOxeXXraTkcYUc8Hl4AaABAg,Emily Blunt ❤❤❤,3,2026-02-02,@april_snapped,The Devil Wears Prada 2 | Official Trailer,devil wears prada 2 trailer
suvcrrshzLo,UgyyFvtj6S4vlrQCk9h4AaABAg,I LOVE THAT KENNEDY IS IN THIS SO MUCH AAAAHHHHHHH,0,2026-02-04,@jilliantaylor98,The Devil Wears Prada 2 | Official Trailer,devil wears prada 2 trailer
suvcrrshzLo,UgyjM2MAyTiCuU7cW8t4AaABAg,"Ppl actually believing that a character like Miranda, a titan in her industry, would give a fraction of her memory to remember Andrea after quite a few years is actually wild. Go watch TDWP again and if you think that Miranda and Andy had even a serious connection at some point, that’s just delulu. Nigel said it clearly. She’s just doing HER JOB.",139,2026-02-02,@simianmyth1653,The Devil Wears Prada 2 | Official Trailer,devil wears prada 2 trailer
suvcrrshzLo,Ugxc1aolAHG-_0wHqJV4AaABAg,We so badly need a distraction. We so badly need inspiration. Can't wait.,2,2026-02-02,@timnover8635,The Devil Wears Prada 2 | Official Trailer,devil wears prada 2 trailer
suvcrrshzLo,UgxAb-fJu3X96qqSzz14AaABAg,Let's be real. We're all excited to see this because of Streep and Blunt. 🙌💅,10,2026-02-02,@LowBudget2018,The Devil Wears Prada 2 | Official Trailer,devil wears prada 2 trailer
suvcrrshzLo,UgzhJyUujylFV3uwo3x4AaABAg,None of them have aged,1,2026-02-04,@soapyfankatie,The Devil Wears Prada 2 | Official Trailer,devil wears prada 2 trailer
suvcrrshzLo,UgwY-PCyloyQ_SyQgFl4AaABAg,was Miranda not knowing Andrea a pop culture reference to Mariah Carey not knowing JLo?,3,2026-02-02,@ShowToSpeak,The Devil Wears Prada 2 | Official Trailer,devil wears prada 2 trailer
suvcrrshzLo,UgyF8BvuAp4mNkTQpaR4AaABAg,I'm there for Emily Blunt and Stanley Tucci!,0,2026-02-07,@carolhayes7750,The Devil Wears Prada 2 | Official Trailer,devil wears prada 2 trailer
suvcrrshzLo,Ugzwk_qDm6o4-ZHrn2d4AaABAg,Hollywood’s fucking shameless in their IP mining.,5,2026-02-02,@ArwenUndomiel406,The Devil Wears Prada 2 | Official Trailer,devil wears prada 2 trailer
suvcrrshzLo,Ugxjqy96nGxbEV4T9qp4AaABAg,"Anne Hathaway looks charming.
And her smile knocks me out.",0,2026-02-08,@EuanElliott,The Devil Wears Prada 2 | Official Trailer,devil wears prada 2 trailer
suvcrrshzLo,UgwSi-g7zzjd1RFY8Np4AaABAg,This doesn't make much sense. Given the first movie ended with Anne's character realizing that maybe she doesn't want this. But anyway... I would gladly see all of them together but I don't think I want this movie to ruin the first so at least I won't be considering this canon. 😂,4,2026-02-02,@ruturajzadbuke9646,The Devil Wears Prada 2 | Official Trailer,devil wears prada 2 trailer
suvcrrshzLo,UgyriBzuPcAo4rZOvaN4AaABAg,We are so back!!!!,0,2026-02-03,@Mingregory1798,The Devil Wears Prada 2 | Official Trailer,devil wears prada 2 trailer
suvcrrshzLo,UgyT-wt3s8rfCqf36K14AaABAg,I thought it was a AI trailer,3,2026-02-02,@goodman-i8k,The Devil Wears Prada 2 | Official Trailer,devil wears prada 2 trailer
suvcrrshzLo,UgyBXnq5-5fzxfiOPDN4AaABAg,"In 2006 I met my wife at the theater and she suggested this movie. 20 years later… WERE GOING BACK! I’m 53, straight AF, and I can’t fkin wait for this to come out-  HAAA! HA! ❤.",1,2026-02-06,@CanopyCrew,The Devil Wears Prada 2 | Official Trailer,devil wears prada 2 trailer
suvcrrshzLo,UgxOWYqp0SAW_GTUUJ54AaABAg,"Ever since videographers pointed out the lighting issues with modern-day cinema, I can't unsee it now. And I have no clue what the movie is about. I hope this isn't a ""just because"" sequel with a weak plot. No one disrespects Mutha Streep this way.",3,2026-02-02,@tnpoetry,The Devil Wears Prada 2 | Official Trailer,devil wears prada 2 trailer
suvcrrshzLo,UgzfJ1S3lYZyaDkP53d4AaABAg,0:42 THIS SHOT IS INSANEE,1,2026-02-05,@v1ces0,The Devil Wears Prada 2 | Official Trailer,devil wears prada 2 trailer
suvcrrshzLo,UgyeifRzTLovTVgxxll4AaABAg,"Ugh... why are they wearing so much black and grey in their clothes, in the trailer.
To me, the only person qualified to replace Patricia Field as a costume designer should have been ERIC DAMAN and no one else (the costume designer of Gossip Girl)!!",4,2026-02-02,@aurelienelizabeth4709,The Devil Wears Prada 2 | Official Trailer,devil wears prada 2 trailer
suvcrrshzLo,Ugx0wXQf5M5PIlmYd_x4AaABAg,When you're a success it's easy not to remembers others from the past.,0,2026-02-24,@rolandreyna215,The Devil Wears Prada 2 | Official Trailer,devil wears prada 2 trailer
suvcrrshzLo,Ugyo7Bi00TGnBuJ6qoV4AaABAg,The lighting looks terrible :(,4,2026-02-02,@pueraeternus111,The Devil Wears Prada 2 | Official Trailer,devil wears prada 2 trailer
suvcrrshzLo,Ugw3gCO91k8rCdDHgmh4AaABAg,What took you guys so looong to come back😮,0,2026-02-16,@vishnuraj7627,The Devil Wears Prada 2 | Official Trailer,devil wears prada 2 trailer
suvcrrshzLo,UgyS5p9a9QuwKagccFJ4AaABAg,"its gonna suck, they shuold have not touched it in the first place",7,2026-02-02,@lazaromurad322,The Devil Wears Prada 2 | Official Trailer,devil wears prada 2 trailer
suvcrrshzLo,UgwWkPmwNbOTD-lW0ih4AaABAg,Prepared for DWP 2 like the ticket office is Paris Fashion Week! 💋🔥💕,1,2026-02-03,@pablopicaso9170,The Devil Wears Prada 2 | Official Trailer,devil wears prada 2 trailer
suvcrrshzLo,Ugxee_Qg_Ndg-EoEEVF4AaABAg,Miranda smiles a lot - That's not Miranda :(,135,2026-02-02,@FerVaz-ro1nw,The Devil Wears Prada 2 | Official Trailer,devil wears prada 2 trailer
suvcrrshzLo,Ugx_0aiqn5eXULM-knJ4AaABAg,Oh I'm so sat for this,0,2026-02-03,@hemashivani.m5385,The Devil Wears Prada 2 | Official Trailer,devil wears prada 2 trailer
suvcrrshzLo,UgyeCnrUcGeYqSabDQF4AaABAg,Miranda has mild amnesia 😬,63,2026-02-02,@aaronbayer6101,The Devil Wears Prada 2 | Official Trailer,devil wears prada 2 trailer
suvcrrshzLo,Ugz7hx5XL--2gFf439h4AaABAg,Meryl seems like she’s having more fun with the character this time around,1,2026-02-02,@irishsphynx,The Devil Wears Prada 2 | Official Trailer,devil wears prada 2 trailer
suvcrrshzLo,Ugy0kfHh9wgOE6PLCcN4AaABAg,"Miranda's vibes are... Off... I don't know, I don't feel the intimidation of the first film.",13,2026-02-02,@gabrielkrypt,The Devil Wears Prada 2 | Official Trailer,devil wears prada 2 trailer
suvcrrshzLo,UgwZ3oOL-F8ioXF9nxB4AaABAg,I hope it's good as the first one.,0,2026-02-07,@ALLDAY-z1q,The Devil Wears Prada 2 | Official Trailer,devil wears prada 2 trailer
suvcrrshzLo,UgyP28ZmRkVuQJWNbBJ4AaABAg,Meryl streep is lwk still so fire,3,2026-02-02,@Thespywhoshaggedthee,The Devil Wears Prada 2 | Official Trailer,devil wears prada 2 trailer
suvcrrshzLo,Ugzaf1ln4ZBWwlSHHyZ4AaABAg,I can not wait to see this movie.,0,2026-03-24,@lexieonthego80,The Devil Wears Prada 2 | Official Trailer,devil wears prada 2 trailer
suvcrrshzLo,Ugwf3gEi1FmprKmeHuN4AaABAg,Epic! Costumes are Brilliant but this trailer really didn’t tell us much about the story at all…. Also wow Miranda’s office looks similar but modern! Just so excited,6,2026-02-02,@roycealcoser,The Devil Wears Prada 2 | Official Trailer,devil wears prada 2 trailer
suvcrrshzLo,Ugw-p1FiGWcDbPANH6h4AaABAg,Stopped going to the movies regularly years ago. But this one? This one HERE?? I’m THERE!,0,2026-02-02,@vblake530530,The Devil Wears Prada 2 | Official Trailer,devil wears prada 2 trailer
suvcrrshzLo,Ugzejdh96uS1rjbQ98R4AaABAg,"Honestly, I don’t know how I feel about Miranda just completely forgetting all of them. I know that’s her character, but it seems out of place and weird to me. Just caught me off guard. The first film in the end it’s implied that Miranda was at least a little bit affected by Andy.",2,2026-02-02,@noahvoris3637,The Devil Wears Prada 2 | Official Trailer,devil wears prada 2 trailer
suvcrrshzLo,UgzOOD2DZ0gBiUUxtPl4AaABAg,"I’m so excited to see the sequel, it took them long enough 😂",0,2026-02-05,@DianaLynn1961,The Devil Wears Prada 2 | Official Trailer,devil wears prada 2 trailer
suvcrrshzLo,Ugy08zcEL7QEtzK8bIR4AaABAg,Its criminal not ending the trailer with “thats all”,3,2026-02-05,@259mit,The Devil Wears Prada 2 | Official Trailer,devil wears prada 2 trailer
suvcrrshzLo,UgzE-hCgB6hbCFsyai14AaABAg,jesus this freaking netflix clear filter needs to stop,27,2026-02-02,@jeanjacquesjell5431,The Devil Wears Prada 2 | Official Trailer,devil wears prada 2 trailer
suvcrrshzLo,UgyeMRKmrhFo-6nHx_x4AaABAg,"I am SAT! I've been waiting for this since I watched the first film when I was like 10. It feels like it will be somewhat of a ""full circle"" event for me OMG",1,2026-02-07,@Quinnini1,The Devil Wears Prada 2 | Official Trailer,devil wears prada 2 trailer
suvcrrshzLo,UgxrHEx2EfKNX7zzGlx4AaABAg,Why do I feel like Miranda “not remembering” is gonna break my heart 💔,15,2026-02-02,@ericmartinez5728,The Devil Wears Prada 2 | Official Trailer,devil wears prada 2 trailer
suvcrrshzLo,UgxFl58kxj1rQj_ZPdh4AaABAg,Really? Where was I 🤣,1,2026-02-07,@wave_lxx,The Devil Wears Prada 2 | Official Trailer,devil wears prada 2 trailer
suvcrrshzLo,Ugzz_CaSSHLATC_QIEh4AaABAg,"I love the first movie, but I will say that after watching this trailer, it's kinda underwhelming, and not even interesting. I feel like they should have stopped at the first one because it was already so good.",5,2026-02-02,@darkmatter5424,The Devil Wears Prada 2 | Official Trailer,devil wears prada 2 trailer
suvcrrshzLo,UgzbBMMfoO-bluw53ox4AaABAg,So excited to see these four back on our screens! ❤,0,2026-02-05,@Lee-zw5km,The Devil Wears Prada 2 | Official Trailer,devil wears prada 2 trailer
suvcrrshzLo,UgzYvhkEiNwtNPuV8f94AaABAg,so Mirandas has alzheimer's disease..,11,2026-02-02,@rafaelaraujo3369,The Devil Wears Prada 2 | Official Trailer,devil wears prada 2 trailer
suvcrrshzLo,UgydO-kASKeS6CGoUot4AaABAg,So excited for this movie ! Though the colour grading feels a little flat compared to the first film,1,2026-02-02,@karakvasir9027,The Devil Wears Prada 2 | Official Trailer,devil wears prada 2 trailer
suvcrrshzLo,Ugy96LM5h1LitM5s8yJ4AaABAg,None of them have aged since the last one!,0,2026-02-06,@glostergloster6945,The Devil Wears Prada 2 | Official Trailer,devil wears prada 2 trailer
suvcrrshzLo,Ugz27OIDDzOmXlVf-MJ4AaABAg,Can’t wait for this. Please don’t let me down !,0,2026-02-05,@JHC_76,The Devil Wears Prada 2 | Official Trailer,devil wears prada 2 trailer
suvcrrshzLo,Ugz1e2pN6TlWXQbTVOt4AaABAg,"I have no clue what the movie will be about but I’ll be watching for the sake of nostalgia, obviouslyz",0,2026-02-26,@Causette-817,The Devil Wears Prada 2 | Official Trailer,devil wears prada 2 trailer
suvcrrshzLo,UgzMa_1iud5aDBSPmvl4AaABAg,I’m so excited!! One of my favorite movies with my favorite actors!! 😍❤️,0,2026-02-06,@jaes8597,The Devil Wears Prada 2 | Official Trailer,devil wears prada 2 trailer
suvcrrshzLo,UgxVdpPQfwFDDcTJUYR4AaABAg,Definitely will see this,1,2026-02-04,@chrispeplinski7306,The Devil Wears Prada 2 | Official Trailer,devil wears prada 2 trailer
suvcrrshzLo,UgxlWVc-VB2OjNjBSUl4AaABAg,All the Devils looks amazing in this! I'm glad they made another one,0,2026-02-02,@MsMonkeylovely,The Devil Wears Prada 2 | Official Trailer,devil wears prada 2 trailer
suvcrrshzLo,UgzpxoQO5VJ87cmfO414AaABAg,What a treat to see them again!,0,2026-02-02,@johncavern5032,The Devil Wears Prada 2 | Official Trailer,devil wears prada 2 trailer
suvcrrshzLo,UgyupLDVUAQClSGuNnx4AaABAg,Thought this was fake until I clicked in. Loved Meryl Streep and Anne in this. It's really happening! 😂,0,2026-02-02,@iimmortalldreams,The Devil Wears Prada 2 | Official Trailer,devil wears prada 2 trailer
suvcrrshzLo,UgyrqsGbr6ZTWgtTl_V4AaABAg,So much memories,1,2026-02-04,@TheM1988z,The Devil Wears Prada 2 | Official Trailer,devil wears prada 2 trailer
suvcrrshzLo,UgxW5CTf2_F-Vg3gQyV4AaABAg,I'm glad to see this second movie - seems like it was written for the fans to enjoy.  Also shout out to the production staff for using Madonna's Vogue - awesome choice...  Love the Madonna that lives in my memory!,1,2026-02-02,@CaptainHindsite,The Devil Wears Prada 2 | Official Trailer,devil wears prada 2 trailer
suvcrrshzLo,Ugw8wtWZfj2ruhxEbld4AaABAg,"Oh please she definitely remembers her, they’re messing with us😅",2,2026-02-02,@Savinasavova,The Devil Wears Prada 2 | Official Trailer,devil wears prada 2 trailer
suvcrrshzLo,Ugw9mQw8peVKPlHmq3F4AaABAg,I called it 😂 I knew she was coming for a job as a director,0,2026-02-04,@vturner,The Devil Wears Prada 2 | Official Trailer,devil wears prada 2 trailer
suvcrrshzLo,UgwvYLkgmcyLTf0saUt4AaABAg,"Can you hear me when I scream ""TONE DEAF""?!",1,2026-02-04,@DrCharleyPhD,The Devil Wears Prada 2 | Official Trailer,devil wears prada 2 trailer
suvcrrshzLo,UgxImqOBp7r32EDWOdp4AaABAg,Hoping to literally anyone that the plot won't be stupid and they don't butcher the characters. Please!,1,2026-02-02,@limbwreath,The Devil Wears Prada 2 | Official Trailer,devil wears prada 2 trailer
suvcrrshzLo,UgywmAjFfXMyHO5vfWF4AaABAg,I can't wait to see this. I haven't been this excited about a movie in a MINUTE!,0,2026-02-04,@philprof,The Devil Wears Prada 2 | Official Trailer,devil wears prada 2 trailer
suvcrrshzLo,UgyWNpKh3jcIl9WbG2R4AaABAg,Let your body move to the music! About time!,0,2026-02-02,@eleanorwing,The Devil Wears Prada 2 | Official Trailer,devil wears prada 2 trailer
suvcrrshzLo,UgxwAmIt8bR6eprpHUx4AaABAg,"Wow!!!!! Waiting forever!!!! 
😂😂one of the Emilys TOTALLY got meeee!!!!😅😅😅😅",0,2026-02-06,@englishcoursebysmsiealwaan3356,The Devil Wears Prada 2 | Official Trailer,devil wears prada 2 trailer
suvcrrshzLo,Ugye2JONkGGEgFkq2_x4AaABAg,Best Prada advertisement,0,2026-02-02,@MalaysiaBarista,The Devil Wears Prada 2 | Official Trailer,devil wears prada 2 trailer
suvcrrshzLo,UgwoyUX3Ch979EcgnW14AaABAg,Really can't wait to watch this. Going to be a great movie!,0,2026-02-05,@Ferdi3rdE,The Devil Wears Prada 2 | Official Trailer,devil wears prada 2 trailer
suvcrrshzLo,Ugzau-r2CHUTkoLjOTZ4AaABAg,"I love the finger to Wintour, using Vogue for the trailer. 😂",0,2026-02-20,@katashley1031,The Devil Wears Prada 2 | Official Trailer,devil wears prada 2 trailer
suvcrrshzLo,Ugw0k_e3gOtNvkWl-MB4AaABAg,Oh i hope that this will be good it's my comfort movie,0,2026-02-03,@terezkajedlickova5967,The Devil Wears Prada 2 | Official Trailer,devil wears prada 2 trailer
suvcrrshzLo,UgyGtuFQe71t8aOVQZ14AaABAg,I never thought I need The Devil Wears Prada 2.,0,2026-02-03,@DesignGurl,The Devil Wears Prada 2 | Official Trailer,devil wears prada 2 trailer
suvcrrshzLo,UgzXiULIlmRRrOh_brt4AaABAg,Looking forward to this one,1,2026-02-10,@kimespi145,The Devil Wears Prada 2 | Official Trailer,devil wears prada 2 trailer
suvcrrshzLo,UgzafJ8SPqOC3A59XrZ4AaABAg,30 year old guy... I love first one & here to watch the queens once and also the king,0,2026-02-06,@alvareznivek2780,The Devil Wears Prada 2 | Official Trailer,devil wears prada 2 trailer
suvcrrshzLo,UgwlZSi4jXzcPEMjfRZ4AaABAg,"This was very informative, appreciate it.",0,2026-04-24,@JaneGonzales-c9y,The Devil Wears Prada 2 | Official Trailer,devil wears prada 2 trailer
suvcrrshzLo,Ugxqm73Vd2Ea0whgzNJ4AaABAg,Why did I get goosebumps ALL OVER watching this??? 💗,0,2026-02-02,@FeelinErie,The Devil Wears Prada 2 | Official Trailer,devil wears prada 2 trailer
suvcrrshzLo,UgwSCpE-b_cjI3nWJ7R4AaABAg,"There wasn't even any build up just ""MAY 1"" 😁😭❤️",0,2026-02-04,@ThreesACrowd321,The Devil Wears Prada 2 | Official Trailer,devil wears prada 2 trailer
suvcrrshzLo,UgwZKm_cH8e4lkxXBM54AaABAg,"""Meryl Streep was the bad guy all along, you never see it coming!""",1,2026-02-02,@Waltersop,The Devil Wears Prada 2 | Official Trailer,devil wears prada 2 trailer
suvcrrshzLo,UgypZ32u4Qk41TLep2t4AaABAg,The Devil Wears Balenciaga,1,2026-02-05,@bth-usa,The Devil Wears Prada 2 | Official Trailer,devil wears prada 2 trailer
suvcrrshzLo,UgzHjn64xRsVkmEeI9N4AaABAg,"Gotta love the original Emily, she's hilarious! Can't wait to watch this amazing cast back!",0,2026-02-03,@heatedbaddie,The Devil Wears Prada 2 | Official Trailer,devil wears prada 2 trailer
suvcrrshzLo,Ugz-O8GYFKn4AC5utch4AaABAg,Here we go!,0,2026-02-02,@Somilangaye,The Devil Wears Prada 2 | Official Trailer,devil wears prada 2 trailer
suvcrrshzLo,UgzQG2hi0u9vB1Fp-VJ4AaABAg,I can't wait!!!! Love the first one.,0,2026-03-02,@davynj3,The Devil Wears Prada 2 | Official Trailer,devil wears prada 2 trailer
suvcrrshzLo,UgwLSUFkvHeF4ikh7tB4AaABAg,I don't know if it is just me but Emily is totally giving Miranda vibes...,0,2026-02-05,@mehek6084,The Devil Wears Prada 2 | Official Trailer,devil wears prada 2 trailer
suvcrrshzLo,Ugz3b9x62j66ciNSAgR4AaABAg,Why is no-one reeaaadddy!!!!,2,2026-02-02,@PGK87,The Devil Wears Prada 2 | Official Trailer,devil wears prada 2 trailer
suvcrrshzLo,UgzkqC6DfvehYE2Q6MN4AaABAg,"Fashion sequel metrics:
Authority: intact.
Anxiety: instant.
Confidence: weaponized.",1,2026-02-02,@EverydayMetrics,The Devil Wears Prada 2 | Official Trailer,devil wears prada 2 trailer
suvcrrshzLo,Ugzn_Ya3YjR_YtB49ih4AaABAg,40 year old man here. Let's gooooo,0,2026-02-05,@eltravos99,The Devil Wears Prada 2 | Official Trailer,devil wears prada 2 trailer
suvcrrshzLo,UgwQb6NURvjv6yzQg8J4AaABAg,I m here for Emily❤,0,2026-02-04,@veryboring2281,The Devil Wears Prada 2 | Official Trailer,devil wears prada 2 trailer
suvcrrshzLo,UgyU1MPux-v4cS8pmy54AaABAg,"Oh, Milan. So, the third one has to be in part in London, to round up all the fashion capitals. In maybe 10 years. 20 is a bit too much, but half that is doable, for Meryl Streep to be comfortable playing the role again.",2,2026-02-03,@someinteresting,The Devil Wears Prada 2 | Official Trailer,devil wears prada 2 trailer
suvcrrshzLo,UgwKzWP2ef5spm0snjx4AaABAg,"same cast, same director, same writer....fingers crossed .",2,2026-02-04,@melnick1985,The Devil Wears Prada 2 | Official Trailer,devil wears prada 2 trailer
suvcrrshzLo,Ugy2kjCRBYdk8BJUjdN4AaABAg,"And they all look almost exactly the same, 20 years later.",1,2026-02-02,@mattwhitaker3979,The Devil Wears Prada 2 | Official Trailer,devil wears prada 2 trailer
suvcrrshzLo,UgxgLkWlAviSBnDfnAd4AaABAg,oh im so excited!,1,2026-02-15,@mmochimochii5,The Devil Wears Prada 2 | Official Trailer,devil wears prada 2 trailer
suvcrrshzLo,Ugzr1mjT_UH4X_pfoxR4AaABAg,No Caleb sneek peak is criminal,0,2026-02-03,@TheKsalv,The Devil Wears Prada 2 | Official Trailer,devil wears prada 2 trailer
suvcrrshzLo,UgyIa_4BOUnwYMwoAZ54AaABAg,"There is something or the other in the famous shade of blue 💙.. sky, car shade, helicopter, dress, building background, carpet, sunlight even skyline .. something or the other is blue 💙💙💙💙💙",0,2026-02-06,@nehasharma3557,The Devil Wears Prada 2 | Official Trailer,devil wears prada 2 trailer
suvcrrshzLo,UgzpesVl3I2lhL3w5mt4AaABAg,You guys better turn up some look for the theater 😎,0,2026-02-02,@mai1316,The Devil Wears Prada 2 | Official Trailer,devil wears prada 2 trailer
suvcrrshzLo,UgxniHO2MS_RYHLqwdB4AaABAg,"Can’t wait, it’s been too long. 😊🎉",2,2026-02-02,@zmsrecordings,The Devil Wears Prada 2 | Official Trailer,devil wears prada 2 trailer
suvcrrshzLo,UgzclGq_elRtuZui7Lh4AaABAg,0:54 Prada vs. Dior,1,2026-02-27,@graceped1,The Devil Wears Prada 2 | Official Trailer,devil wears prada 2 trailer
suvcrrshzLo,Ugz9ZVatkEsxgVTLV9p4AaABAg,I'm so excited to watch Emily ! Loved her character in the og movie so much !! ❤,0,2026-02-03,@MovieversebyRain,The Devil Wears Prada 2 | Official Trailer,devil wears prada 2 trailer
suvcrrshzLo,UgwBRygPsTL24UvbU6x4AaABAg,More views in 24 hours than Star trek Academy had the entire time it was up on Youtube.  Nice ratio too.,1,2026-02-02,@humer1971,The Devil Wears Prada 2 | Official Trailer,devil wears prada 2 trailer
suvcrrshzLo,Ugzs--F1QpdOHy_MH7V4AaABAg,"Saw it yesterday and no bueno for anyone who can stand to wait, wait till it comes out on Amazon or the other venues. This movie lacked so bad. I would not reccommend you will be dissapointed.",0,2026-05-02,@msbutterfly714,The Devil Wears Prada 2 | Official Trailer,devil wears prada 2 trailer
suvcrrshzLo,UgzdDlvuzTaKxnIHKsl4AaABAg,"LOVE !!!!! ' who is she? do i know her?""",0,2026-02-02,@olgacasablancas,The Devil Wears Prada 2 | Official Trailer,devil wears prada 2 trailer
suvcrrshzLo,UgwDVzyEiKI5-TZSrv14AaABAg,With how well everyone has aged i could believe the sequal takes place 2 weeks after the first movie.,0,2026-02-02,@princeami7344,The Devil Wears Prada 2 | Official Trailer,devil wears prada 2 trailer
suvcrrshzLo,UgyB3U81iW6EdSPhV8J4AaABAg,Emily Charlton still being her iconic self 😂,1,2026-02-02,@Spearsy1995,The Devil Wears Prada 2 | Official Trailer,devil wears prada 2 trailer
suvcrrshzLo,UgzaIjaKhqkrtI-xP5V4AaABAg,After the Grammys,1,2026-02-02,@johnbenedictthan755,The Devil Wears Prada 2 | Official Trailer,devil wears prada 2 trailer
suvcrrshzLo,UgyqV1gzMCSRiC43mVZ4AaABAg,meryl streep still looking like she didnt age is CRAZYYY,0,2026-02-03,@chaguzantoniooca2589,The Devil Wears Prada 2 | Official Trailer,devil wears prada 2 trailer
suvcrrshzLo,UgzJfED-wAOpcns_85l4AaABAg,Ahhhhhh I’m SHO excited!!,0,2026-02-02,@bwaySHO,The Devil Wears Prada 2 | Official Trailer,devil wears prada 2 trailer
suvcrrshzLo,UgxRqfiROHhx8HOso8V4AaABAg,Not sure what premise is but I’m interested. Haha,0,2026-02-07,@nicoleherman1315,The Devil Wears Prada 2 | Official Trailer,devil wears prada 2 trailer
suvcrrshzLo,Ugxz7RqXnDVv8o0tWv54AaABAg,will the ringtone of andy phone will comeback too... that is so iconic hahahhaa,0,2026-03-17,@gpg6427,The Devil Wears Prada 2 | Official Trailer,devil wears prada 2 trailer
suvcrrshzLo,UgzL8zPcD5cmUFnIEtl4AaABAg,Anne Hathaway la reina de esa película ❤,0,2026-03-27,@YaimaraFranquelCuba-jl9nd,The Devil Wears Prada 2 | Official Trailer,devil wears prada 2 trailer
suvcrrshzLo,UgzDkd85JNgY7dl-xod4AaABAg,Hallelujah! Finally ❤,1,2026-02-02,@lindachiu-fx3po,The Devil Wears Prada 2 | Official Trailer,devil wears prada 2 trailer
suvcrrshzLo,UgygzLSR4KCm5_ffL2V4AaABAg,I loved the first movie 🎥🤩❤️this one better be worthy,1,2026-02-02,@fatimateresa19,The Devil Wears Prada 2 | Official Trailer,devil wears prada 2 trailer
suvcrrshzLo,Ugw3UxBNT8FEEEMD6HR4AaABAg,My birthday is May 11th gonna have to see this,0,2026-02-04,@twinkieEvans-e7u,The Devil Wears Prada 2 | Official Trailer,devil wears prada 2 trailer
suvcrrshzLo,UgxNjAtP7dkJwrTKm5t4AaABAg,Excited,1,2026-02-05,@jhamesonbaconguis5004,The Devil Wears Prada 2 | Official Trailer,devil wears prada 2 trailer
suvcrrshzLo,UgzXSedEieSigaVqLql4AaABAg,Can't wait!!!!!,1,2026-02-02,@dssouthern,The Devil Wears Prada 2 | Official Trailer,devil wears prada 2 trailer
suvcrrshzLo,Ugwg9aME2A8RoBnv1fl4AaABAg,I CAN'T WAIT!!!,0,2026-02-07,@Inglêsmuitomais-x4r,The Devil Wears Prada 2 | Official Trailer,devil wears prada 2 trailer
suvcrrshzLo,UgwfWGmV7noe5fXRldt4AaABAg,Hey Disney you have a chance to make another Barbenheimer if you push this back with Avengers and Dune part 3…AVENGERS: DUNESDAY WEARS PRADA,0,2026-02-04,@YourAverageJose,The Devil Wears Prada 2 | Official Trailer,devil wears prada 2 trailer
suvcrrshzLo,Ugzq0TVCbhp4yEWZDKh4AaABAg,Omg omg omg 20 years I have been waiting for this.....🔥😍😍🥰🥰 We better get a 3rd,0,2026-02-02,@ThrillRider247,The Devil Wears Prada 2 | Official Trailer,devil wears prada 2 trailer
suvcrrshzLo,Ugwn85WzU3AEjYDK5mV4AaABAg,Yesss!! the trailer is 🔥🔥🔥,0,2026-02-02,@cehda,The Devil Wears Prada 2 | Official Trailer,devil wears prada 2 trailer
suvcrrshzLo,Ugzz2FwrSfGJuqWqznR4AaABAg,dimentia?,1,2026-02-09,@someonespeci1697,The Devil Wears Prada 2 | Official Trailer,devil wears prada 2 trailer
suvcrrshzLo,UgybTpo0WbGiJxzB3KJ4AaABAg,A must see,1,2026-02-03,@jacquelinelopez9220,The Devil Wears Prada 2 | Official Trailer,devil wears prada 2 trailer
suvcrrshzLo,UgwUMOjZxjUWgu-7G214AaABAg,Emily “Cutie pie” Blunt 🥰🥰🥰,0,2026-02-03,@MrRenix1990,The Devil Wears Prada 2 | Official Trailer,devil wears prada 2 trailer
suvcrrshzLo,UgxHWJMkOneznkRCdqB4AaABAg,this should be called the devil STILL wears prada,0,2026-02-03,@DiogoSilva-ef7yo,The Devil Wears Prada 2 | Official Trailer,devil wears prada 2 trailer
suvcrrshzLo,Ugys4JpRepfUHNz92Ql4AaABAg,She 100% remembers her 😂,0,2026-02-02,@kavinab6629,The Devil Wears Prada 2 | Official Trailer,devil wears prada 2 trailer
suvcrrshzLo,UgzaQdXuMWxZhKqCf_B4AaABAg,it brakes my heart to see them old. the devil wears prada is a piece of art. the movie that i watch everynight and it feels just like the first time watching it. thats all.,0,2026-02-07,@samandelfanazari572,The Devil Wears Prada 2 | Official Trailer,devil wears prada 2 trailer
suvcrrshzLo,UgzK6B4nFdxOa0icwHZ4AaABAg,so excited for this movie,0,2026-02-06,@yangrodriguez5651,The Devil Wears Prada 2 | Official Trailer,devil wears prada 2 trailer
suvcrrshzLo,UgykJQwQ8nRuO6TkBth4AaABAg,“Where was I?”,0,2026-02-05,@desidono,The Devil Wears Prada 2 | Official Trailer,devil wears prada 2 trailer
suvcrrshzLo,Ugx03ag_dcnrJhjn44J4AaABAg,"I’m a meat and potato’s, hands dirty car Mechanic and I can’t wait for this movie, the cast and storyline says it all 👍😎",0,2026-02-05,@Chicagoguy1984,The Devil Wears Prada 2 | Official Trailer,devil wears prada 2 trailer
suvcrrshzLo,UgxmoHXMZzUgZuAgUsd4AaABAg,"Mariah to JLo "" I Don't Know her "" 😂😂😂😂",0,2026-02-03,@choir425,The Devil Wears Prada 2 | Official Trailer,devil wears prada 2 trailer
suvcrrshzLo,Ugx5aqqmdIZ7ogojEut4AaABAg,Anne Hathaway is soo gorgeous,0,2026-02-17,@showbizz4,The Devil Wears Prada 2 | Official Trailer,devil wears prada 2 trailer
suvcrrshzLo,UgzeFhei5M6IsEtXpPF4AaABAg,Cannot wait!!!!!!,0,2026-02-02,@LexingtonCruz,The Devil Wears Prada 2 | Official Trailer,devil wears prada 2 trailer
n5w1babvUPM,UgyuspQ8Om0pHOn1RMp4AaABAg,이 영화가 만들어지고 나오는 몇년동안 아무도 지적을 안하고 문제삼지 않았다는게 더 충격임 아님 알면서도 내놓은거야?,565,2026-04-21,@dkssudkk,The Devil Wears Prada 2 | Official Clip,devil wears prada 2 trailer
n5w1babvUPM,UgxPZb02u0_Jx8u6qKx4AaABAg,"이걸 영화 홍보 클립으로 먼저 공개해줘서 감사드림 
영화관에서 봤다면 돈 아까울 뻔 했음",878,2026-04-21,@김-c1m5x,The Devil Wears Prada 2 | Official Clip,devil wears prada 2 trailer
n5w1babvUPM,UgzMPjnc2ilmPVUUY1Z4AaABAg,The fact that they went to Shanghai and Seoul (don’t know if they went to Japan) to promote this movie is hilarious like why even bother.,707,2026-04-21,@dotorijam,The Devil Wears Prada 2 | Official Clip,devil wears prada 2 trailer
n5w1babvUPM,UgwCOYeez3oySbU3gnV4AaABAg,"How dare you go on an Asia promotion tour?
 Adieu from Seoul..!",361,2026-04-21,@IlllIlIl-p9q,The Devil Wears Prada 2 | Official Clip,devil wears prada 2 trailer
n5w1babvUPM,Ugwmx1VDTD7fTsy_LrF4AaABAg,"Serious about the East Asian assistant's name..? Zips on those premium pricing fashion products are quite likely to be made in East Asia especially China(and Taiwan idk exactly), please show a lil bit of respect",301,2026-04-19,@rd4407,The Devil Wears Prada 2 | Official Clip,devil wears prada 2 trailer
n5w1babvUPM,UgyiU9XtNOhdJm_Lbs14AaABAg,정작 서양인들보다 동양인들이 옷을 더 잘입을텐데ㅋㅋㅋㅋ,130,2026-04-21,@zeyuben,The Devil Wears Prada 2 | Official Clip,devil wears prada 2 trailer
n5w1babvUPM,Ugw7ne3ipLUQujaTsOV4AaABAg,"太誇張了吧==
2026 還有這種角色",90,2026-04-23,@dawsonsdream,The Devil Wears Prada 2 | Official Clip,devil wears prada 2 trailer
n5w1babvUPM,UgwrAFlZkyBrUcG1dUh4AaABAg,“May contain offensive stereotypes.”,34,2026-04-23,@_minataaaro596,The Devil Wears Prada 2 | Official Clip,devil wears prada 2 trailer
n5w1babvUPM,UgzcKavfHfnUwRKkzoJ4AaABAg,이딴걸 만들어놓고 아시아 투어를 돌았다는게 참 놀랍다,111,2026-04-23,@하은-g1h0705,The Devil Wears Prada 2 | Official Clip,devil wears prada 2 trailer
n5w1babvUPM,UgykfH8iWWgWuzZmDCt4AaABAg,보려고 했는데 더러워서 안본다. 개봉전에 알게되서 다행임,50,2026-04-22,@_____sarang52,The Devil Wears Prada 2 | Official Clip,devil wears prada 2 trailer
n5w1babvUPM,Ugz2Z_U8qpZe8Kyba_p4AaABAg,아시아가 우습지 그냥?? 홍보 투어 끝나고 이 영상을 보니 절대 보지 말아야겠다는 생각만 드네,518,2026-04-21,@짜네짜네-q2i,The Devil Wears Prada 2 | Official Clip,devil wears prada 2 trailer
n5w1babvUPM,UgyhoEtzqeZMEl89NNp4AaABAg,what's the name? Can't believe it's true,428,2026-04-19,@longlongyu8918,The Devil Wears Prada 2 | Official Clip,devil wears prada 2 trailer
n5w1babvUPM,UgyJxuAKaJSXohb-1LF4AaABAg,Just canceled the reservation for this. Thanks.,201,2026-04-21,@secondsouffle05,The Devil Wears Prada 2 | Official Clip,devil wears prada 2 trailer
n5w1babvUPM,UgwQftLhMnuX6tkrYXt4AaABAg,"This video perfectly shows the tired stereotype that Asians are either 'nerdy' or 'out of place' in luxury settings. I experienced this firsthand at a luxury resort. Even though I was wearing a bikini and sunglasses while playing with my child—hardly the attire of a typical babysitter—a posh English woman still had the nerve to ask if I was 'the babysitter.' They knew I was the mom, but they just couldn't accept a stylish Asian woman enjoying a luxury vacation as a guest. This kind of media portrayal fuels that exact brand of racism",749,2026-04-21,@littlestarsdododo2998,The Devil Wears Prada 2 | Official Clip,devil wears prada 2 trailer
n5w1babvUPM,UgzRJDq6c078anp5bFh4AaABAg,Is the political correction only apply to africa / latin american?,221,2026-04-20,@chenzhendong,The Devil Wears Prada 2 | Official Clip,devil wears prada 2 trailer
n5w1babvUPM,UgxC98YJAf9-9jfAN654AaABAg,"the fact that not only the production didnt see this as racism but ALSO THE CAST like Anne Hathaway, Meryl Streep, Emily Blunt etc didnt see this as an issue is WHATS WRONG WITH THE USA. girl bye",76,2026-04-22,@jin9469-f7w,The Devil Wears Prada 2 | Official Clip,devil wears prada 2 trailer
n5w1babvUPM,UgzT8uDEBnPV5Jjp0OZ4AaABAg,"why do asian roles have to be unstylish, foscused on IVY universities with staight a GPAs, and look like this?!!! can't they be fashionable while working for a top fashion magazine?",265,2026-04-19,@xavierh.6640,The Devil Wears Prada 2 | Official Clip,devil wears prada 2 trailer
n5w1babvUPM,UgwLaesZ_8xnNrrZiT14AaABAg,Refunded my ticket ❤,65,2026-04-23,@nicoletian4635,The Devil Wears Prada 2 | Official Clip,devil wears prada 2 trailer
n5w1babvUPM,Ugzuhlwfoaog2hY-h0N4AaABAg,You're freaking kidding me. Did everyone involved in making of this film just accidentally forget this is 2026 now or what? Y'all don't know how to read calender?,257,2026-04-21,@deathbycrabclaw,The Devil Wears Prada 2 | Official Clip,devil wears prada 2 trailer
n5w1babvUPM,UgxBxp2NwT8P-jI0la54AaABAg,너무너무 기대한 영화인데 보고 싶은 맘 뚝 떨어지게 잘 만들었네 고맙다 내 지갑지켜줘서,28,2026-04-22,@나무-e8i,The Devil Wears Prada 2 | Official Clip,devil wears prada 2 trailer
n5w1babvUPM,UgziCs1P_H0lRxVzF-h4AaABAg,뭐 이딴식으로 아시안 캐릭터 만들어놓고 보여주면 좋아해줄거라 생각했냐. 어이가 없네,43,2026-04-22,@halula-123-i6f,The Devil Wears Prada 2 | Official Clip,devil wears prada 2 trailer
n5w1babvUPM,UgwzLa9NsCnwlxXKJwF4AaABAg,고맙다 돈 아꼈어,28,2026-04-22,@lamol6171,The Devil Wears Prada 2 | Official Clip,devil wears prada 2 trailer
n5w1babvUPM,UgxKaa6ZNRfs2PAE-Xh4AaABAg,이걸 본 순간 이 영화 보면 개돼지 되는거같아서 못보겠다 1편 재밌게 봐서 볼라했는데,49,2026-04-22,@왕사슴가이즈-f2o,The Devil Wears Prada 2 | Official Clip,devil wears prada 2 trailer
n5w1babvUPM,UgypCN-CgAisU9D8Ngh4AaABAg,What is the name of the assistant？The director is asking for a lawsuit.,418,2026-04-19,@Ravensflyhigh,The Devil Wears Prada 2 | Official Clip,devil wears prada 2 trailer
n5w1babvUPM,Ugw_tda54FzEipSeBQx4AaABAg,지들은 존니 꾸미고 아시아인은 고정관념을 쩔어서 그려놓고 이렇게 만들어 챠넣고 홍보하러 왔다고?,25,2026-04-23,@jsksskw7331,The Devil Wears Prada 2 | Official Clip,devil wears prada 2 trailer
n5w1babvUPM,UgzpdhwPC2p_X2O_TPl4AaABAg,2026년에 나오는 캐릭터맞냐 ㅋㅋㅋㅋㅋㅋㅋㅋㅋㅋㅋㅋ 2016년에 나왓어도 욕먹었을 캐를 ㅉㅉ,23,2026-04-21,@쉙-h9i,The Devil Wears Prada 2 | Official Clip,devil wears prada 2 trailer
n5w1babvUPM,UgwQ-46s19ihMJ6Uekl4AaABAg,Yeah…the more I see the worse it gets,73,2026-04-19,@josephhilditch8792,The Devil Wears Prada 2 | Official Clip,devil wears prada 2 trailer
n5w1babvUPM,UgyJEw650xSBy0B7HwV4AaABAg,왜 동양인한테 안경씌우고 촌스런 옷 입히냐. 실제 회사에 저렇게 입은 사람 아무도 없다.,400,2026-04-19,@김뿌꾸-u7z,The Devil Wears Prada 2 | Official Clip,devil wears prada 2 trailer
n5w1babvUPM,Ugz5GEFzulNabQvago94AaABAg,"why is Hollywood portraying an asian professional in a high-fashion NYC firm as unfashionable? this is so stereotypical as in reality asian women dress far more stylishly. and what is her name -""Qing Chou?"" It's extremely similar to racial slurs. We should be boycotting this film to show Hollywood that these choices are no longer acceptable.",249,2026-04-19,@reveallulu,The Devil Wears Prada 2 | Official Clip,devil wears prada 2 trailer
n5w1babvUPM,Ugwz1H20EmgpAoU82O94AaABAg,That’s so outdated. This scene ruined all the nostalgia I had for that movie. So sad.,31,2026-04-21,@walwal-h6k,The Devil Wears Prada 2 | Official Clip,devil wears prada 2 trailer
n5w1babvUPM,Ugz5l7Asd9dnN1YqNiR4AaABAg,"Why do they almost always make Eastern Asian names with 'ch' sounds?
They could've made this Chinese American's name Yun, Lan or Nana, etc.",31,2026-04-22,@junikim263,The Devil Wears Prada 2 | Official Clip,devil wears prada 2 trailer
n5w1babvUPM,UgwfrCuHjYVp3ZoQmqR4AaABAg,All Asians should boycott this crap,28,2026-04-23,@mnmsauce,The Devil Wears Prada 2 | Official Clip,devil wears prada 2 trailer
n5w1babvUPM,UgwTHB0EkBSkRtiXLUd4AaABAg,boycott this movie.,104,2026-04-19,@daniu35,The Devil Wears Prada 2 | Official Clip,devil wears prada 2 trailer
n5w1babvUPM,UgyyjVXIf9oUL-B3iPd4AaABAg,Why does every Hollywood director think Gen Z’ers are this exact stereotype. Holy crap… it gets annoying,155,2026-04-17,@sarahelo009,The Devil Wears Prada 2 | Official Clip,devil wears prada 2 trailer
n5w1babvUPM,UgzGAW9mC1EuWPpoF5R4AaABAg,유퀴즈 국룰답게 바로 나락이네,16,2026-04-22,@Eunyoung-h3l,The Devil Wears Prada 2 | Official Clip,devil wears prada 2 trailer
n5w1babvUPM,UgyFF7xRDNJZJW6T1vJ4AaABAg,그놈의 초초초칭챙총 초챙 진초우ㅋㅋ,17,2026-04-23,@Jetaimemonpetite,The Devil Wears Prada 2 | Official Clip,devil wears prada 2 trailer
n5w1babvUPM,UgyxOGWLDu3q8o_pqSh4AaABAg,crazy to portray an Asian in such a name and such a stereotypical background. OMG this is racism,206,2026-04-19,@michellefang4060,The Devil Wears Prada 2 | Official Clip,devil wears prada 2 trailer
n5w1babvUPM,UgzYiccHLlIkLcqp2Gx4AaABAg,The trailer of this scene seems to be proof that you are not sensitive to discrimination against Asians at all. I don't know why the mass media still has to experience this kind of low-level discrimination in 2026.,236,2026-04-21,@Dal_moon_bite,The Devil Wears Prada 2 | Official Clip,devil wears prada 2 trailer
n5w1babvUPM,UgxS9SF-PH4KDm5JGSZ4AaABAg,거를게,42,2026-04-21,@amsmk_,The Devil Wears Prada 2 | Official Clip,devil wears prada 2 trailer
n5w1babvUPM,UgzpDenO_2Gvg6ThXEd4AaABAg,Wow this movie is going to be terrible,83,2026-04-17,@BreakMyPlate,The Devil Wears Prada 2 | Official Clip,devil wears prada 2 trailer
n5w1babvUPM,Ugw0qg7YTHAY0SEF8EZ4AaABAg,The assistant's name is totally discrimination against Chinese American!!! We should boycott this movie!!!!,48,2026-04-20,@mengli1557,The Devil Wears Prada 2 | Official Clip,devil wears prada 2 trailer
n5w1babvUPM,UgymB6h9v2sNvZ0xDwF4AaABAg,racism!!!!!!!,645,2026-04-19,@JoMama23,The Devil Wears Prada 2 | Official Clip,devil wears prada 2 trailer
n5w1babvUPM,UgwT_-CLUg5AnHeBcNN4AaABAg,20년전에 개봉한 해리포터랑 차이가 없는 게 말이 되나 아시안은 항상 무시당함 흑인 갖고 이랬어봐 난리남 I see no difference between this and Harry Potter movie released over 20 years ago,19,2026-04-22,@Hhhbm,The Devil Wears Prada 2 | Official Clip,devil wears prada 2 trailer
n5w1babvUPM,Ugx0KKNf3wvv1qROWOt4AaABAg,This feels like a deleted scene - I can't explain it but it just has that feeling,16,2026-04-19,@GamingAllDay-n6z,The Devil Wears Prada 2 | Official Clip,devil wears prada 2 trailer
n5w1babvUPM,UgyEEhOQvJxHwDbbGVZ4AaABAg,프로모는 고현정이랑 장원영이랑 찍어놓고 영화에 등장하는 캐릭터는 서양인들이 생각하는 전형적인 아시아인 스테레오타입인거 진짜 짜치네,63,2026-04-22,@Whatchalookinattt,The Devil Wears Prada 2 | Official Clip,devil wears prada 2 trailer
n5w1babvUPM,UgyKi6KgkgrYpnBJ8xF4AaABAg,"It’s 2026, and it’s hard to believe the creators of this film still have such a narrow, outdated perspective on the world. Do they really think they could make money by recycling old characters while layering in racism? They leave audiences so sick of it.",99,2026-04-20,@mengm1053,The Devil Wears Prada 2 | Official Clip,devil wears prada 2 trailer
n5w1babvUPM,UgznCSNrOqxbJ3UYXy14AaABAg,이거 전편 여주인공처럼 백인 상사 덕분에 세련되질 가능성이 큰데ㅋㅋ 애초에 그딴 백인 구원 서사 필요없고 그런 설정 위해 칭챙총 이름에 아시안고정관념 이미지 꽉꽉채운 아시안 캐릭터를 내세운다는거? 진짜 지금 2026년 맞음?,69,2026-04-22,@cpzcpzz,The Devil Wears Prada 2 | Official Clip,devil wears prada 2 trailer
n5w1babvUPM,Ugz4lw-omMi5dMfBZo94AaABAg,언제적 아시안 스테레오타입이야... 진짜 구려서 못 봐주겠네,254,2026-04-21,@NMIXX_SUHO,The Devil Wears Prada 2 | Official Clip,devil wears prada 2 trailer
n5w1babvUPM,UgytCq_LJ416MBDsQC14AaABAg,"I think the KKK or the Maga would like this movie, or maybe they made it.",30,2026-04-21,@martmarttii,The Devil Wears Prada 2 | Official Clip,devil wears prada 2 trailer
n5w1babvUPM,UgxhokRaJcZqsTCkGlt4AaABAg,"I didn’t expect that we Asians are still treated like this in films in 2026. In a way, it reflects the reality of how racists people in fashion and films are.

こんなキャラクター出演させといてよくアジアツアーしたよな",18,2026-04-23,@amys2957,The Devil Wears Prada 2 | Official Clip,devil wears prada 2 trailer
n5w1babvUPM,UgyFZkIZRFUWkCvLjVB4AaABAg,THIS IS RACISM,151,2026-04-20,@rosiess-d8m,The Devil Wears Prada 2 | Official Clip,devil wears prada 2 trailer
n5w1babvUPM,Ugy5qZs6PmcWmf0kKe54AaABAg,"As a Chinese American, I think The Devil Wears Prada 2 is racist—we need to boycott this movie.",133,2026-04-19,@DerekDu,The Devil Wears Prada 2 | Official Clip,devil wears prada 2 trailer
n5w1babvUPM,UgwXcPliY9gNyu4CMcR4AaABAg,지들은 늘씬하고 이쁜 배우들만 골라서 캐스팅하고 동양인만 저렇게 입혀놓은 거 어이가 없다,53,2026-04-21,@may5024,The Devil Wears Prada 2 | Official Clip,devil wears prada 2 trailer
n5w1babvUPM,UgzV5OIVhCF7-sqSZQ14AaABAg,"어떻게 캐릭터 이름을 차별적인 단어(Chang Chong) 발음과 비슷하게 지은거지? 캐릭터에 아무리 애정이 없어도 이렇게는 하고싶지 않을 것 같다. 그리고 프로모션을 아시아까지 하면서, 이걸 제작하고 사전에 공개하기까지 아무도 염려조차 안했다는 게 참 어이가 없다.",24,2026-04-22,@ttttt-g9e,The Devil Wears Prada 2 | Official Clip,devil wears prada 2 trailer
n5w1babvUPM,UgwNVqhCosBzc088d2d4AaABAg,R U KIDDING ME,40,2026-04-21,@daylight_310,The Devil Wears Prada 2 | Official Clip,devil wears prada 2 trailer
n5w1babvUPM,Ugw0tb8uoK6X9yiSHjl4AaABAg,ㅋㅋㅋㅋㅋㅋㅋㅋ 진짜 실망스럽다 정말 좋아하는 영화랑 배우들이었는데 보기도 전에 팍 식음,16,2026-04-23,@h.potterhead,The Devil Wears Prada 2 | Official Clip,devil wears prada 2 trailer
n5w1babvUPM,UgzEfZtO2WlTka50Efl4AaABAg,어떻게 2026년이 되어서까지 이런 스테레오 타입 가득한 동양인 캐릭터를 만들 수 있지...?,96,2026-04-22,@성이름-g3w8l,The Devil Wears Prada 2 | Official Clip,devil wears prada 2 trailer
n5w1babvUPM,Ugy7zRU-KHNTgdF0FrN4AaABAg,"Writer:  how many Asian stereotypes do you want?
Movie:  Yes",104,2026-04-24,@ericp1139,The Devil Wears Prada 2 | Official Clip,devil wears prada 2 trailer
n5w1babvUPM,Ugzte5oQTN552N5wKSp4AaABAg,you know it's fake because no Asian with 3.86 at Yale is gonna take a assistant job in a industry of college drop outs.... cmon,56,2026-04-24,@holdthedoor3782,The Devil Wears Prada 2 | Official Clip,devil wears prada 2 trailer
n5w1babvUPM,UgwA3ggcl9LXQ4dwlRZ4AaABAg,수준봐라 이딴걸 들고 내한했다고?,259,2026-04-21,@sngkrhqba13djx34,The Devil Wears Prada 2 | Official Clip,devil wears prada 2 trailer
n5w1babvUPM,Ugx4EqtVqArMxZpxh354AaABAg,"Why do Asian characters always have to be portrayed as nothing more than Ivy League graduates who do nothing but get straight A's—and never as stylish individuals?!!! Is it really impossible for them to look fashionable while working at a prestigious fashion magazine? and what about the name pronouns, look at her outfit..",35,2026-04-21,@inrjaeson,The Devil Wears Prada 2 | Official Clip,devil wears prada 2 trailer
n5w1babvUPM,UgwMyEJZNYVwNeNYQfp4AaABAg,I didn't realize one should now just blurt out each and every inane thought that enters one's stream of consciousness without any sort of filter.,46,2026-04-18,@overthecounterbeanie,The Devil Wears Prada 2 | Official Clip,devil wears prada 2 trailer
n5w1babvUPM,UgztRNfFSEbxmNq0W054AaABAg,Racist 2026,32,2026-04-20,@carolinexu4450,The Devil Wears Prada 2 | Official Clip,devil wears prada 2 trailer
n5w1babvUPM,UgzdNkMkI8IeyBtreN94AaABAg,"I just don’t understand. Why not designing a better character for the Asian staff, I mean, she can be a little clumsy as a newbie, or maybe making her look a little bit more boring, because she hasn’t had much knowledge about fashion yet. She doesn’t have to be that nerdy right? In a fashion setting? I know a lot of Asian women that work in this fashion field look extremely gorgeous, fashionable and cool.",10,2026-04-24,@nexora-r7c4r,The Devil Wears Prada 2 | Official Clip,devil wears prada 2 trailer
n5w1babvUPM,Ugz9XdzaRfERnyO3GgN4AaABAg,Racism in big 2026..I can't believe this!,149,2026-04-21,@ililllillli-liiliilli,The Devil Wears Prada 2 | Official Clip,devil wears prada 2 trailer
n5w1babvUPM,Ugy6VZ-PJfljF2w1AbN4AaABAg,"Racist…the name, the Yale joke, the dress, disgusting, it’s 2026 guys",27,2026-04-21,@fuffchannel,The Devil Wears Prada 2 | Official Clip,devil wears prada 2 trailer
n5w1babvUPM,UgzF-h8a6rDWufBs6P94AaABAg,Seriously? This is racism,24,2026-04-22,@skybluuueeee,The Devil Wears Prada 2 | Official Clip,devil wears prada 2 trailer
n5w1babvUPM,Ugx4jfJmzmz-ur-eBMl4AaABAg,"Which 20 something wears  a 1960s old grandma shirt in 2026? And the name, seriously? The director and producer don’t even want to try to hide their racist malice towards Asians.",82,2026-04-19,@yingz4358,The Devil Wears Prada 2 | Official Clip,devil wears prada 2 trailer
n5w1babvUPM,UgwxSFIrAjQrNeOEQCl4AaABAg,racist wears prada,144,2026-04-21,@himeko-sleep-deprived,The Devil Wears Prada 2 | Official Clip,devil wears prada 2 trailer
n5w1babvUPM,Ugxbnj9hRWFzoStjwaZ4AaABAg,I’m actually so sad like WHY in 2026…..?? The blatant stereotype and racist connotations are really disappointing. I mean what in the cho chang 2001 are we living in.,26,2026-04-21,@dotorijam,The Devil Wears Prada 2 | Official Clip,devil wears prada 2 trailer
n5w1babvUPM,UgzVhaPYVbhLFUUnzch4AaABAg,추억의 1편 마저도 보기 싫어질 지경이네,6,2026-04-24,@ll-nf2bs,The Devil Wears Prada 2 | Official Clip,devil wears prada 2 trailer
n5w1babvUPM,Ugzw6QsDMHSOBAJDOGh4AaABAg,이러면서 한국에서 제일 먼저 개봉하냐?,42,2026-04-21,@물냉면갈비,The Devil Wears Prada 2 | Official Clip,devil wears prada 2 trailer
n5w1babvUPM,UgxTtT-zI2s34Hqvi5d4AaABAg,不敢相信这是去完上海和首尔之后发布的新预告，实实在在地诠释了“你被冒犯了，但是我们又想踩在你的脸上赚你的电影票钱”,3,2026-04-27,@quehao,The Devil Wears Prada 2 | Official Clip,devil wears prada 2 trailer
n5w1babvUPM,Ugyyoij73gfwJ7bjgGd4AaABAg,Seriously? In 2026?,65,2026-04-21,@Reality_Protocol2nnn,The Devil Wears Prada 2 | Official Clip,devil wears prada 2 trailer
n5w1babvUPM,Ugy9zv4HLyRZV1q4alZ4AaABAg,"This movie is RACIST. What American parents would name their kid that? I pre-booked my tickets, but I’m definitely canceling them.",39,2026-04-21,@즐거운금요일,The Devil Wears Prada 2 | Official Clip,devil wears prada 2 trailer
n5w1babvUPM,Ugyn1Bv1N3LPTYBxTUJ4AaABAg,"This movie is racist. I can’t believe the director and costume team thought it was acceptable to portray an American Chinese character dressed this way in a fashion related company. Have they never been to NYC? Many working asian women dress far more stylish than this. And the character name, “Qing Chou,” sounds uncomfortably close to racist slurs that have been used against Asian people. What American parents would choose that name? Many would give their child an English name, or if they chose a Chinese name, it wouldn’t resemble a racial insult.

It’s shocking that Hollywood is still making races choices like this in 2026. This isn’t 1926. We must call this out and boycott the movie.",269,2026-04-20,@XiaoliChen-s2x,The Devil Wears Prada 2 | Official Clip,devil wears prada 2 trailer
n5w1babvUPM,Ugze17BCK0y7Vaq7FiN4AaABAg,"Can't believe in 2026 I can still see such a stereotype Asian name in the movie, wow... And all the people involved didn't point out",13,2026-04-22,@syyttiow3285,The Devil Wears Prada 2 | Official Clip,devil wears prada 2 trailer
n5w1babvUPM,Ugx9szssbc-SnbV4QRJ4AaABAg,"In this movie trailer, they presented the idea that K-pop mainstream culture wouldn't exist in 2026.",7,2026-04-23,@StarryPolaris,The Devil Wears Prada 2 | Official Clip,devil wears prada 2 trailer
n5w1babvUPM,UgwibmYjlujYsgXGlzt4AaABAg,wait. the assistant's name is... chin chon... are you serious? in 2026?,145,2026-04-20,@guxamao,The Devil Wears Prada 2 | Official Clip,devil wears prada 2 trailer
n5w1babvUPM,UgxOlZB9ZLF5sI1kymB4AaABAg,For those wondering about the assistant's name: the film uses a phonetic naming choice that mimics a well-known anti-Asian slur. This is incredibly racist towards East Asian people. It’s offensive to see this from the  movie. This needs to be addressed!,831,2026-04-21,@jasmok5374,The Devil Wears Prada 2 | Official Clip,devil wears prada 2 trailer
n5w1babvUPM,UgyH8NUYxg16BB-wNlZ4AaABAg,여러분 이거 보지마세요 제발 .,42,2026-04-22,@노벨-x2n,The Devil Wears Prada 2 | Official Clip,devil wears prada 2 trailer
n5w1babvUPM,UgxVSCl35j-Q9NxKre14AaABAg,"stereotyping is no joke. not funny in 2026. also the name choice for the asian girl is also a flop, if not malicious, then insensitive and bad taste.",34,2026-04-20,@smartleeshore,The Devil Wears Prada 2 | Official Clip,devil wears prada 2 trailer
n5w1babvUPM,UgzeWqesqi0fUnb9Rzh4AaABAg,The fact they released this specific clip on their official YouTube- what other tired tropes are in this movie then?,2,2026-04-29,@Alxgzgz,The Devil Wears Prada 2 | Official Clip,devil wears prada 2 trailer
n5w1babvUPM,UgzwwQ_Hk_gVs6NewEZ4AaABAg,Racist in Prada 2,10,2026-04-23,@TristanToye-t8r,The Devil Wears Prada 2 | Official Clip,devil wears prada 2 trailer
n5w1babvUPM,UgwsvYYZrwxetVoJyeN4AaABAg,Most asian with very good English most likely have an English nick name,6,2026-04-25,@muhahahake7158,The Devil Wears Prada 2 | Official Clip,devil wears prada 2 trailer
n5w1babvUPM,UgyuvEIlIDYGIt_uoE54AaABAg,"An Asian character named Jin Chao? Sure, reasonable. An Asian person dressed plainly working in fashion? Fine, could be like Andy in the first movie. A new assistant who talks awkwardly, tries too hard, and literally says ""you can interview someone else if you don't want me""? Okay, still workable.
But when you stack ALL of it onto one person, Asian, named Jin Chao, unfashionable, Yale grad, 3.86 GPA, perfect 36 ACT, AND socially anxious and insecure? You're just stacking Asian stereotypes on top of each other and calling it writing.",53,2026-04-25,@chuang-lukang9494,The Devil Wears Prada 2 | Official Clip,devil wears prada 2 trailer
n5w1babvUPM,UgzXvoYCwUE0dOC1E4N4AaABAg,It’s 2026. But western movie industry has never stepped forward from 2000s that Harry Potter named the only asian character Cho Chang. Disgusting.,61,2026-04-21,@7gal-y3c,The Devil Wears Prada 2 | Official Clip,devil wears prada 2 trailer
n5w1babvUPM,Ugyzh4LexJ0QRB80cu14AaABAg,The racist wears Prada 💅💅💅,6,2026-04-24,@Bob-ki9dt,The Devil Wears Prada 2 | Official Clip,devil wears prada 2 trailer
n5w1babvUPM,UgyAOPyb8KoBC5MwfJJ4AaABAg,事实上片方把这个片段拿出来当宣传物料说明他们根本觉得这不是一个问题。东亚人受够了好莱坞的傲慢。,4,2026-04-25,@adrianwong4479,The Devil Wears Prada 2 | Official Clip,devil wears prada 2 trailer
n5w1babvUPM,UgwGsi7K2cwVz78lftN4AaABAg,보이콧!!,23,2026-04-21,@GinaChung,The Devil Wears Prada 2 | Official Clip,devil wears prada 2 trailer
n5w1babvUPM,UgxVu-jSN_UtG92h3xZ4AaABAg,Can't believe that I'm seeing this racist nonsense in 2026! Shame on you!,34,2026-04-20,@MdukBeirdd,The Devil Wears Prada 2 | Official Clip,devil wears prada 2 trailer
n5w1babvUPM,UgyChbRhGpKKin9le-p4AaABAg,I'm Nick Grow,14,2026-04-22,@youtubej2490,The Devil Wears Prada 2 | Official Clip,devil wears prada 2 trailer
n5w1babvUPM,Ugyv86WaomNrgrBhEJV4AaABAg,안본다 잘가라,75,2026-04-21,@KomKommo-g1w,The Devil Wears Prada 2 | Official Clip,devil wears prada 2 trailer
n5w1babvUPM,UgwdYmmIdTetdqx1NBV4AaABAg,No thanks. No one will have a name like that.,5,2026-04-27,@chenze,The Devil Wears Prada 2 | Official Clip,devil wears prada 2 trailer
n5w1babvUPM,UgxhNW5GrbU6uflbRsl4AaABAg,I wish this sequel never exists if it’s ruining my childhood memory by using this racist name,23,2026-04-21,@alidawu9458,The Devil Wears Prada 2 | Official Clip,devil wears prada 2 trailer
n5w1babvUPM,UgzxXT88amqgYliyUzB4AaABAg,"I'm marking May 1 on my calendar. Not to go see the movie, but to read the scathing reviews.",54,2026-04-17,@robisko9749,The Devil Wears Prada 2 | Official Clip,devil wears prada 2 trailer
n5w1babvUPM,UgxKVJ-5zfYJSg3nMdh4AaABAg,嗯.....网盘见吧，看来是没必要去电影院看了,4,2026-04-25,@the_jin_music,The Devil Wears Prada 2 | Official Clip,devil wears prada 2 trailer
n5w1babvUPM,UgwtJ8TIErKUyPqQxFB4AaABAg,우리가 병신인줄 아니?,5,2026-04-23,@kylee99-w2,The Devil Wears Prada 2 | Official Clip,devil wears prada 2 trailer
n5w1babvUPM,UgykKbMI_Ie0Whki7-V4AaABAg,Why even bother promoting it in Asia if you are just blatantly hating on us?,4,2026-04-24,@haoyuwu4149,The Devil Wears Prada 2 | Official Clip,devil wears prada 2 trailer
n5w1babvUPM,UgytYckfXnKl9TPae5Z4AaABAg,这么明显的刻板印象看不出来吗？不懂为什么说我们过度解读了,4,2026-04-26,@StarryTrekfezchd,The Devil Wears Prada 2 | Official Clip,devil wears prada 2 trailer
n5w1babvUPM,Ugyo0IUKoUktbGtAwMd4AaABAg,"너무 상처 받았음 진짜로; 지금 보기엔 너무 하얗기만 한 영화라고 생각하긴 했는데, 색을 넣어가며까지 더 창백해질 줄은 꿈에도 몰랐네ㅎㅎ

So disappointed that no one on the film set bothered to think whether this character was necessary. A sequel to a 20-year-old movie doesn’t mean that it has to go back to the previous day and remind us that racism is alive here in 2026.",2,2026-04-24,@yenn9371,The Devil Wears Prada 2 | Official Clip,devil wears prada 2 trailer
n5w1babvUPM,Ugw5H52hbR5bdVz1WBN4AaABAg,I really loved this franchise now imma watch it on some Pirate sites,2,2026-04-27,@user-circleback,The Devil Wears Prada 2 | Official Clip,devil wears prada 2 trailer
n5w1babvUPM,Ugwi9Z5v62qY386fEit4AaABAg,"The movie is racist. But since it's racist against Asian, it's just okay for you people?😅",9,2026-04-24,@TK-jp3sc,The Devil Wears Prada 2 | Official Clip,devil wears prada 2 trailer
n5w1babvUPM,UgxzudZfi5BDbAzulxZ4AaABAg,I can't believe what I just heard,1,2026-04-30,@HeghdidUfhjd,The Devil Wears Prada 2 | Official Clip,devil wears prada 2 trailer
n5w1babvUPM,UgxkmXtAs8DbkjV50L54AaABAg,Racism！,23,2026-04-20,@chrising1065,The Devil Wears Prada 2 | Official Clip,devil wears prada 2 trailer
n5w1babvUPM,Ugwgylp7Kg1XyyAJ1Qh4AaABAg,what a Racism Movie,92,2026-04-19,@DerekDu,The Devil Wears Prada 2 | Official Clip,devil wears prada 2 trailer
n5w1babvUPM,Ugwr9UyeWChTZ0KTzNh4AaABAg,지금 시대가 어느땐데 ㅋㅋㅋㅋㅋㅋㅋㅋㅋ 불매한다 ㄲㅈ,74,2026-04-21,@CHOICHOI-s6r,The Devil Wears Prada 2 | Official Clip,devil wears prada 2 trailer
n5w1babvUPM,UgzsWjAO3yCD-CttT6J4AaABAg,in the first movie side characters like other employees didn't even have lines except Serena but I guess this one does and idk about it.,29,2026-04-17,@mynameisyou000,The Devil Wears Prada 2 | Official Clip,devil wears prada 2 trailer
n5w1babvUPM,UgwDQlnUKLZ4DCqakiB4AaABAg,For this to be made in 2026 is so backwards,2,2026-04-24,@JasmineChan2003,The Devil Wears Prada 2 | Official Clip,devil wears prada 2 trailer
n5w1babvUPM,Ugx_zahyWpeVqlw96MB4AaABAg,Ooo..just love how Andy is anti Miranda and accepts her without needing to show power and how this jinchao is a mirror of Andy but inverted.,192,2026-04-16,@கிருஸ்ஸ்ரீ,The Devil Wears Prada 2 | Official Clip,devil wears prada 2 trailer
n5w1babvUPM,UgzLaeEfrLKlTnz21g14AaABAg,How was Anne okay with this?,2,2026-04-24,@Littlebitofthat123,The Devil Wears Prada 2 | Official Clip,devil wears prada 2 trailer
n5w1babvUPM,Ugz-JPuk7LKE-1DSlR54AaABAg,亚洲巡演前放出这个片段应该会有不一样的待遇吧😊,1,2026-04-27,@stephaniez3663,The Devil Wears Prada 2 | Official Clip,devil wears prada 2 trailer
n5w1babvUPM,UgzeYosjRN1sjLnTsux4AaABAg,This in big 2026 wow,1,2026-05-02,@aishwarya-y8y,The Devil Wears Prada 2 | Official Clip,devil wears prada 2 trailer
n5w1babvUPM,UgxyGkrG0IQwop15psN4AaABAg,아니 진짜 걍 ㅈㄴ 황당하네 왜??,3,2026-04-22,@Zzondogi-k3h,The Devil Wears Prada 2 | Official Clip,devil wears prada 2 trailer
n5w1babvUPM,Ugxfzm2qmpzWh7rNKpl4AaABAg,The cinematography and color grading looks off.....and the costumes looks nothing fashionable,15,2026-04-18,@peterparker-gx5nf,The Devil Wears Prada 2 | Official Clip,devil wears prada 2 trailer
n5w1babvUPM,UgxhbJhrKj3t9muZ1Mx4AaABAg,This looks like a turd in a microwave about to be reheated,3,2026-04-21,@Jameywells777,The Devil Wears Prada 2 | Official Clip,devil wears prada 2 trailer
n5w1babvUPM,UgykSuPnMZqtRLM-9Gd4AaABAg,geez all the scenes look like they were shot under hospital lighting. yuk,5,2026-04-18,@ker_possible,The Devil Wears Prada 2 | Official Clip,devil wears prada 2 trailer
n5w1babvUPM,UgyZ0MnaJFOjTaiM7H54AaABAg,This parallels the first film when Andy comes in nerdy and really intelligent. I thought maybe they were just showing that she was going to be the next Andy with the glow up,1,2026-04-28,@Your_Localidiot-l3i,The Devil Wears Prada 2 | Official Clip,devil wears prada 2 trailer
n5w1babvUPM,UgxuuDYO6tvWAEtid6t4AaABAg,まさにプラダを着た悪魔,1,2026-04-22,@pat.9302,The Devil Wears Prada 2 | Official Clip,devil wears prada 2 trailer
n5w1babvUPM,UgzzaJVdKmLPCniiMu54AaABAg,It’s hard to believe that this is still happening even in 2026.,0,2026-04-26,@higedanthebest,The Devil Wears Prada 2 | Official Clip,devil wears prada 2 trailer
n5w1babvUPM,Ugysztjq__A-xlECKCF4AaABAg,감독과 제작진들은 물론 메릴에게 무척 크게 실망했다.. 그녀의 바른말은 할리우드에서는 먹히는 입바른 소리일지는 몰라도 몇십년간 메릴을 응원하며 내한만을 기다렸던 아시아인들에게는 해당이 안되었나보다. 당신은 인종차별주의자이며 이 작품은 당신이 싫어하는 트럼프가 좋아할만한 racism film이네요,72,2026-04-21,@matariolee,The Devil Wears Prada 2 | Official Clip,devil wears prada 2 trailer
n5w1babvUPM,UgxwmXhCEIhyChYR7Md4AaABAg,"Why the dress though?, why the hair though? Why the name though? Out of all choices you can pick. This is done with the purpose",4,2026-04-28,@tothemoon9483,The Devil Wears Prada 2 | Official Clip,devil wears prada 2 trailer
n5w1babvUPM,Ugxyz4AF2-CWOyhsq-94AaABAg,The Devil Wears Prada 2 Yay,1,2026-05-02,@kathrin-mariasamarrastehle6538,The Devil Wears Prada 2 | Official Clip,devil wears prada 2 trailer
n5w1babvUPM,UgzxwaFx1XWc53PqKmd4AaABAg,"만만한게 동아시아지ㅋㅋㅋ 에휴 
1편 진짜 재밌게봤었는데 추억으로 묻어야겠네",23,2026-04-21,@김연-u3h,The Devil Wears Prada 2 | Official Clip,devil wears prada 2 trailer
n5w1babvUPM,UgwU9JRF28ic9q3k9mt4AaABAg,"so so disappointed 😢
有夠歧視 電影票省下來
都2026了還這麼歧視亞裔 也是可笑",5,2026-04-24,@azurelife8211,The Devil Wears Prada 2 | Official Clip,devil wears prada 2 trailer
n5w1babvUPM,UgytVd_FCYSpUHpmTYt4AaABAg,did I hear the C-word?,2,2026-04-23,@beakypeaky,The Devil Wears Prada 2 | Official Clip,devil wears prada 2 trailer
n5w1babvUPM,UgyOmURJ8KZ03LAlG454AaABAg,Why is this clip still here????? Why is it not pulled out??? So Disney is gonna pretend there is nothing going on right now????,1,2026-04-28,@yoyo7h0123,The Devil Wears Prada 2 | Official Clip,devil wears prada 2 trailer
n5w1babvUPM,UgwNFqsc1KywYUYRmRh4AaABAg,Seriously?,6,2026-04-22,@워렌버피테스트-b3e,The Devil Wears Prada 2 | Official Clip,devil wears prada 2 trailer
n5w1babvUPM,Ugwk3djgDW0WQCOi4D94AaABAg,"IS THIS REAL?!!! 

nahhh ain’t noBODY TOLD ME NOTHING ! 😩😩",1,2026-04-20,@djBangzWell,The Devil Wears Prada 2 | Official Clip,devil wears prada 2 trailer
n5w1babvUPM,UgwWpsB_C1K3QJ0uuOJ4AaABAg,Yikes,18,2026-04-17,@Staygoldponyboy44,The Devil Wears Prada 2 | Official Clip,devil wears prada 2 trailer
n5w1babvUPM,UgyOtBD7OpPWUXk-9JV4AaABAg,这么多汉字，影片居然还可以给亚裔助理故意起一个发音无限接近侮辱亚裔的名字，qin是中文平音，在美国都是用chin，所以他们的用意也就不言而遇。在国外喊这个是可以叫警察的，现在片方居然给助理起这个名字，可以让人大大方方地喊出这种亚裔侮辱词汇。其实他们也想到这个clip会被骂，故意的。影片里那么多片段为什么一定要拿这个做clip2呢，没有其他片段了吗。好莱坞的歧视还是如此明目张胆。虽然我们中日韩网友天天吵来吵去，但是对于这种歧视我们亚裔的行为，我们是团结在一起抵制的。究竟什么年代了还可以做出这种角色。谢谢韩国和日本的网友们一起发声😭❤,12,2026-04-23,@leeshaw3909,The Devil Wears Prada 2 | Official Clip,devil wears prada 2 trailer
n5w1babvUPM,UgztnCUNHUYume4HcBR4AaABAg,I don’t support racism in any form. So I am not going to watch this movie.,17,2026-04-22,@leelawadeesrisamad9573,The Devil Wears Prada 2 | Official Clip,devil wears prada 2 trailer
n5w1babvUPM,UgwPCwnqiSFCZ4MlbLF4AaABAg,"Westerners are just living in their hallucinated world, cuz they can never accept they're actually far back behind for a long time.",2,2026-05-02,@TotheHallucinatedHKPeople,The Devil Wears Prada 2 | Official Clip,devil wears prada 2 trailer
n5w1babvUPM,UgyLCOeljDKI5PKdaf94AaABAg,How can they even think to come to Asian countries to promote the movie? Do they have other Asian characters that aren’t dressed in the stereotype?,3,2026-04-24,@Littlebitofthat123,The Devil Wears Prada 2 | Official Clip,devil wears prada 2 trailer
n5w1babvUPM,UgxuoG9XDg-OkLrKol14AaABAg,The Racist Wears Prada...,4,2026-04-23,@작은정-r5x,The Devil Wears Prada 2 | Official Clip,devil wears prada 2 trailer
n5w1babvUPM,UgwBQy-4PDYrYtcAiSh4AaABAg,"내게는 있어총이
내몸속 칭챙총 칭챙총이
내총이지~ 흑인들이
못쏘는 총이지 하지만난
개잘쏘지 🎶",4,2026-04-22,@passtherhyme,The Devil Wears Prada 2 | Official Clip,devil wears prada 2 trailer
n5w1babvUPM,UgzVG0hTDoW4hirARGF4AaABAg,"This is disgusting, racist, and just lame. I was so looking forward to this because it was my favourite movie when I was a teenager. Can’t believe they wrote such a lousy script and completely ruined the whole film. I was even planning to go watch it in the cinema with my girlfriends… guess not anymore. This is seriously stupid and disgusting.

これほんとに気持ち悪いし、人種差別だし、普通にダサい。これ、昔ティーンの頃に一番好きだった映画だからめっちゃ楽しみにしてたのに。こんなひどい脚本で全部台無しにするとか信じられない。友達と映画館行くつもりだったのに…もういいやって感じ。本当にバカすぎて不快。

이거 진짜 역겹고 인종차별적이고 그냥 너무 별로야. 이거 내가 10대 때 제일 좋아했던 영화라서 엄청 기대했는데. 이렇게 엉망인 각본으로 완전히 망쳐버리다니 진짜 믿기 힘들다. 친구들이랑 영화관 가려고 했는데… 이제 안 갈 듯. 진짜 너무 어이없고 역겨움.

真的很恶心，又种族歧视，还很烂。本来很期待的，因为这是我十几岁时最喜欢的一部电影。结果写了这么烂的剧本，把整部电影都毁了。原本还打算跟姐妹一起去电影院看的…现在算了吧。真的又蠢又恶心。",5,2026-04-25,@RicaAlice,The Devil Wears Prada 2 | Official Clip,devil wears prada 2 trailer
n5w1babvUPM,UgxsDiHo9uN6RZYsIFN4AaABAg,"It’s 2026, and we’re still seeing this?

The name, the styling, the portrayal—none of it feels accidental. If anything, it echoes stereotypes that should have been left behind long ago.

This isn’t authenticity. It’s outdated and tone-deaf.
Audiences should absolutely speak up—we deserve better representation.",120,2026-04-19,@joyjie7795,The Devil Wears Prada 2 | Official Clip,devil wears prada 2 trailer
n5w1babvUPM,UgzK98qfty43yZ4_hcB4AaABAg,Thanks for letting me know to not waste my money after this clip!,4,2026-04-23,@Gnome0003,The Devil Wears Prada 2 | Official Clip,devil wears prada 2 trailer
n5w1babvUPM,Ugz_XOG4wxOaZkZzjXx4AaABAg,"As a fan of the first movie, I have been looking forward to the second one. But I didn't expect that in 2026, there will be blatant racial discrimination. Since you discriminate against us, why are you still coming to Shanghai to promote the movie ? I'm so disappointed ！🤮🤮🤮💩💩💩",32,2026-04-20,@Zhe-LLL,The Devil Wears Prada 2 | Official Clip,devil wears prada 2 trailer
n5w1babvUPM,Ugy25_RZrCLPrLuPRHd4AaABAg,*DEVIL=RACIST.* They‘re proving themselves.,6,2026-04-22,@shuushuu00,The Devil Wears Prada 2 | Official Clip,devil wears prada 2 trailer
n5w1babvUPM,UgzwXe_KA53J58tgqgl4AaABAg,the most racist film since 2000.,14,2026-04-20,@iluabo6218,The Devil Wears Prada 2 | Official Clip,devil wears prada 2 trailer
n5w1babvUPM,Ugwj5jPNMvbKJG7E7ox4AaABAg,"How ridiculous and disappointing that this Asian character is so stereotypical and disrespectful. 
Especially the name is so obviously racism",7,2026-04-24,@JohnChiu01,The Devil Wears Prada 2 | Official Clip,devil wears prada 2 trailer
n5w1babvUPM,UgyzIaNPY06iAHGZ7Hd4AaABAg,In 2026?,3,2026-04-22,@limk3413,The Devil Wears Prada 2 | Official Clip,devil wears prada 2 trailer
n5w1babvUPM,Ugy4qOBx7tOIkfIcDeJ4AaABAg,"I’m a big fan of the first film, so I was really excited when I heard there might be a second one. Ever since the first trailer dropped, I’ve been looking forward to it. I even planned to get my partner—who almost never watches films—to finally see the original this weekend so we could go to see the new one together next Friday. And yet, it took one 30-second clip to completely ruin that excitement.

What I saw wasn’t just disappointing—it was offensive. The way this Asian character is portrayed is not okay. The name sounds far too close to the racial slur that I, and many others, have actually been called in real life. On top of that, the whole “nerdy Asian” stereotype feels lazy and outdated.

It’s completely out of touch with reality. In my own workplace, when my new Chinese assistants join, the comments they get are about how stylish they are—things like “where do they get their cute outfits?” or “their makeup is amazing.” That’s the real impression people have, not this tired stereotype being pushed on screen.

And that’s exactly why this feels so unacceptable. This isn’t some small, low-budget project getting it wrong—it’s a major film backed by names like Meryl Streep, Anne Hathaway, Emily Blunt, and Stanley Tucci. There is simply no excuse. In 2026, with all the conversations around representation and respect, putting something like this on screen shows a complete lack of awareness and care. It’s not just disappointing—it’s embarrassing—and it does not deserve support in any form.",6,2026-04-23,@roywu8107,The Devil Wears Prada 2 | Official Clip,devil wears prada 2 trailer
n5w1babvUPM,Ugx9_wgXVObC1hJHCGF4AaABAg,太故意了喔,4,2026-04-24,@chachaj597,The Devil Wears Prada 2 | Official Clip,devil wears prada 2 trailer
n5w1babvUPM,UgzcInVsbVvx6y0md7l4AaABAg,It’s 2026 now. Not all Asians look like her. Many Asian and Chinese people actually dress more fashionably than Westerners.,2,2026-04-26,@Zhangli573,The Devil Wears Prada 2 | Official Clip,devil wears prada 2 trailer
n5w1babvUPM,UgzqME-n5k0Moirh3bF4AaABAg,진짜 기대했는데 안 본다 더럽고 역겹다,3,2026-04-23,@Ddong123d,The Devil Wears Prada 2 | Official Clip,devil wears prada 2 trailer
n5w1babvUPM,Ugw_9COcyclSR41mo054AaABAg,我嚇傻 看個電影也能被罵到,1,2026-04-24,@莊冠筠,The Devil Wears Prada 2 | Official Clip,devil wears prada 2 trailer
n5w1babvUPM,UgxMMPhpODDisYlHZVF4AaABAg,"My favourite IP just got ruined, thanks",2,2026-04-28,@byhongmei,The Devil Wears Prada 2 | Official Clip,devil wears prada 2 trailer
n5w1babvUPM,Ugz4HYiC04QQcwfzp2J4AaABAg,I liked the first one...I hesitated for years to watch it..everyone kept saying it was good & that i needed to see it. I finally did and it didnt dissapoint. The sequel don't look as good in the trailer.,1,2026-04-20,@DanielFigueroa-m9l,The Devil Wears Prada 2 | Official Clip,devil wears prada 2 trailer
n5w1babvUPM,Ugx7dYi1VfngXjRGLEx4AaABAg,"この前のフェンランドもだけどこういうナチュラルで無自覚なレイシズムを全力で投げてこられると差別に慣れてない日本土人は戸惑うしか出来ないな
こいつらなんでアジアで燃えてるかすら理解できないんだぜ",3,2026-04-22,@sakai3214,The Devil Wears Prada 2 | Official Clip,devil wears prada 2 trailer
n5w1babvUPM,UgzNpQgFU7LGEZpOe3R4AaABAg,"So many Asians are MAD and saying they will boycott. I’ve lived in USA for 30 years and never seen Asian dressed like it especially in design industry!!! Shame on you. It’s disgusting and not reflecting reality at all. Truth is Asians are so smart and also dress well 😂 And who the heck talks like that? I loved season 1, but not watching this. 👎👎👎👎👎👎👎",5,2026-04-25,@GodBlessYou-d1d,The Devil Wears Prada 2 | Official Clip,devil wears prada 2 trailer
n5w1babvUPM,UgxyzK_hUG8hwF1lc1p4AaABAg,Thank you for posting this. Was about to buy the ticket. Now BOYCOTTING!,0,2026-05-02,@empiricalformulas9693,The Devil Wears Prada 2 | Official Clip,devil wears prada 2 trailer
n5w1babvUPM,UgyDjZeVoR-ZhDbDVs94AaABAg,"""왜 우리를 멋있게 안 그려주냐""는 불만 속에는  스스로가 맘속 백인우월주의적 사고가 투영된게 아닐까. 정작 우리도  현장에서는 실용적인 옷을 입으면서, 미디어 속의 모습만은 '아이콘'이길 바라는 건 모순이지",0,2026-05-01,@user-wj5kp1kf6o,The Devil Wears Prada 2 | Official Clip,devil wears prada 2 trailer
n5w1babvUPM,UgyNd27ttTIYr0IZ06V4AaABAg,"This is Races, I can’t believe the director and costume team thought it was acceptable to portray an American Chinese character dressed this way in a fashion related company. Two unmatching patterns. Have they never been to NYC? Many working asian women dress far more stylish than this. And the character name, “Qing Chou,” sounds uncomfortably close to racist slurs that have been used against Asian people. What American parents would choose that name? Many would give their child an English name, or if they chose a Chinese name, it wouldn’t resemble a racial insult.

It’s shocking that Hollywood is still making races choices like this in 2026. This isn’t 1926. We must call this out. I was looking forward to this movie. Now hell No",95,2026-04-19,@Chelsea.H.Z,The Devil Wears Prada 2 | Official Clip,devil wears prada 2 trailer
n5w1babvUPM,UgxCG7I37duA2kFWY_l4AaABAg,내한 왜 한거임?,3,2026-04-22,@JimJames-k5g,The Devil Wears Prada 2 | Official Clip,devil wears prada 2 trailer
n5w1babvUPM,Ugy0fnohwDCDo041z354AaABAg,Now everyone knows asian is not part of IDE,2,2026-04-30,@ナオト-s4t,The Devil Wears Prada 2 | Official Clip,devil wears prada 2 trailer
n5w1babvUPM,Ugx-vH4Bi-4_u49D8sJ4AaABAg,Nitip sendal dulu 👡. Kalo udah rame baru balik.,0,2026-04-24,@triarahma7090,The Devil Wears Prada 2 | Official Clip,devil wears prada 2 trailer
n5w1babvUPM,UgzlKDMx8ucPsOiuUtl4AaABAg,"속편이 전혀 인종차별적 요소가 있다고 생각하지않음. 있다고 생각한다면 분명 영화를 극장에서 보이 않고 클립만 찾아보는 사람일 것 같음. 속편에서 감독이 가장 중요시 했던게 1편의 구시대적 외모지상주의와 갖가지 지배층의 편견을 깨려고 했던게 보임. 만일 정말 아시아인을 비하하고 싶었다면 그 유명한 미란다가 인터뷰를 따기 힘들 정도의 권력과 영향력을 가진 인물을 아시아인으로 설정했을까? 
인종차별이라고 욕하는 사람들 제~~발 최소한 영화라도 보고 말하길ㅜㅜ",0,2026-05-04,@user-limejuice,The Devil Wears Prada 2 | Official Clip,devil wears prada 2 trailer
n5w1babvUPM,UgyswQ5OCGWK41dWlzF4AaABAg,아시안 캐릭터 이름을 초챙으로 짓던 시대에서 한 발자국도 성장하지 못한 할리우드가 놀랍다 놀라워,12,2026-04-22,@이권영-f4e,The Devil Wears Prada 2 | Official Clip,devil wears prada 2 trailer
n5w1babvUPM,UgxNFbwmhiV8_LtG2et4AaABAg,이 영화 중국 뿐만 아니라 우리나라와 일본에서도 흥행 실패 할까...,1,2026-04-22,@정성우-g4l,The Devil Wears Prada 2 | Official Clip,devil wears prada 2 trailer
n5w1babvUPM,Ugx5_tCu9ZY77XcH0Gx4AaABAg,이런 영화를 만들어놓고 아시아에 영화 홍보하러 왔었다고? 왜 온거야? 1926년도 아니고 2026년에 부끄러움 이라는 단어를 모르는걸까?,20,2026-04-21,@knockknock222,The Devil Wears Prada 2 | Official Clip,devil wears prada 2 trailer
n5w1babvUPM,UgzQriM2ZxjEC15Cn594AaABAg,This is broken and so inappropriate,6,2026-04-24,@Ghast-l5d,The Devil Wears Prada 2 | Official Clip,devil wears prada 2 trailer
n5w1babvUPM,UgyrfEWVgQ8sZmSRX0l4AaABAg,O DIABO Veste VERMELHO 13,1,2026-04-17,@CARLOS-h8b4z,The Devil Wears Prada 2 | Official Clip,devil wears prada 2 trailer
n5w1babvUPM,UgwlUrUntkgfg3ADNgN4AaABAg,This is unacceptable. In 2026??? Seriously???,3,2026-04-24,@kelsies9080,The Devil Wears Prada 2 | Official Clip,devil wears prada 2 trailer
n5w1babvUPM,Ugx_9dEaJftPXWYohdp4AaABAg,Glad I saw this before wasting my money at the theater. Definitely skipping this one.,2,2026-04-23,@HJK-u5z,The Devil Wears Prada 2 | Official Clip,devil wears prada 2 trailer
n5w1babvUPM,UgwevOkRHacbvMnDbfJ4AaABAg,wow,1,2026-04-17,@mayumibelistatint4982,The Devil Wears Prada 2 | Official Clip,devil wears prada 2 trailer
n5w1babvUPM,UgxVrfVBDIQye5DKVTV4AaABAg,"It is now 2026, yet Hollywood's white perception of Asians remains stuck in 1966. Their ability to create characters is truly uninteresting, boring, and uncreative. Fundamentally, white-centric Hollywood lacks a rich understanding of human beings. How can a movie be art without an understanding of humanity?",16,2026-04-21,@martmarttii,The Devil Wears Prada 2 | Official Clip,devil wears prada 2 trailer
n5w1babvUPM,Ugx0Jps9TVVf5xKwVxZ4AaABAg,Can’t we go back to a time when there’d only be one trailer and then the movie? Do we really have to go through this?,16,2026-04-17,@onlopine,The Devil Wears Prada 2 | Official Clip,devil wears prada 2 trailer
n5w1babvUPM,UgyJXpYqC4NXECBTsEB4AaABAg,BOYCOTT🎉🎉🎉,5,2026-04-25,@userseie,The Devil Wears Prada 2 | Official Clip,devil wears prada 2 trailer
n5w1babvUPM,UgxIaBAC1L0GxjpKhoR4AaABAg,都2025年了，好莱坞还还还还还在搞这些亚洲刻板印象，真的挺没品的…不过确实现在世界的information gap被抖音填平之后，所谓的什么欧美时尚光辉也基本没有了 😅,3,2026-04-25,@gracetheyoutuber,The Devil Wears Prada 2 | Official Clip,devil wears prada 2 trailer
n5w1babvUPM,UgwEofONJgDw8S3OCaJ4AaABAg,Racism!!!!,9,2026-04-22,@ahyoungshin0716,The Devil Wears Prada 2 | Official Clip,devil wears prada 2 trailer
n5w1babvUPM,UgxHSis-_vbJ4IbX1mB4AaABAg,And they thought they made a huge leap for including an asian in the cast. 😂 This is a very RACIST portrayal! So sad that this made the cut.,4,2026-04-23,@R.Ob88,The Devil Wears Prada 2 | Official Clip,devil wears prada 2 trailer
n5w1babvUPM,UgzazJPljiFfEqYS0_l4AaABAg,I’m a pure Chinese for my opinion is this is absolutely disgusted disrespectful for us cause the way they literally know what is this word mean and still use it in a fashion delicate magazine theme movie this is absolutely disrespectful. I hate it so much. This scene to make me so angry and oh my gosh it’s just so disrespectful!,2,2026-04-27,@unlove_BUT_love,The Devil Wears Prada 2 | Official Clip,devil wears prada 2 trailer
n5w1babvUPM,UgyY7uYb3NgzRR3ngb94AaABAg,"""Ermagerd! They made the Asian super smart! Boycott!!"" 😂",0,2026-04-30,@Henry99981,The Devil Wears Prada 2 | Official Clip,devil wears prada 2 trailer
n5w1babvUPM,UgxkDecAOYwLkX9uINp4AaABAg,不是说安妮海瑟薇为了多元包容还特意把一批瘦的模特换成大码模特吗？woke到纠结这么鸡毛蒜皮的小事但是对亚裔的blatant racism毫不在意呢^^,2,2026-04-26,@homarika3809,The Devil Wears Prada 2 | Official Clip,devil wears prada 2 trailer
n5w1babvUPM,Ugzb8gDMBUpW3m1rCbR4AaABAg,"Stereotypes of Asians ....
이건 쫌...한국에와서 홍보 엄청해갔으면서...",18,2026-04-22,@KOMERICAN.,The Devil Wears Prada 2 | Official Clip,devil wears prada 2 trailer
n5w1babvUPM,UgxbwaQPK0ahy4-F6Kt4AaABAg,It’s disappointing to see a movie rely on something as cheap as using a name to mock Asian people,4,2026-04-22,@NekookeN,The Devil Wears Prada 2 | Official Clip,devil wears prada 2 trailer
n5w1babvUPM,Ugw1RS7dmoTFhwn-SNB4AaABAg,And... There goes my respect for the movie...,12,2026-04-19,@DarrenKhosasi,The Devil Wears Prada 2 | Official Clip,devil wears prada 2 trailer
n5w1babvUPM,UgxG1zF59hwCoC22OVN4AaABAg,whats with the weird berets in her hair??,1,2026-04-24,@notsurex,The Devil Wears Prada 2 | Official Clip,devil wears prada 2 trailer
n5w1babvUPM,UgwdLFcAbrvfjaWwRJ54AaABAg,The second installment is ruining the reputation of the first one.😢,2,2026-04-29,@tq-h6j,The Devil Wears Prada 2 | Official Clip,devil wears prada 2 trailer
n5w1babvUPM,UgzZ0znFQQkyjkOczJ54AaABAg,Mickey Rooney in Yellowface 1961. 2026 and at least they got a real Asian actor.,0,2026-05-01,@eto2352,The Devil Wears Prada 2 | Official Clip,devil wears prada 2 trailer
n5w1babvUPM,Ugx0ahn5eCYsL-fqzfN4AaABAg,This movie is officially cancelled :),4,2026-04-24,@dinodino4769,The Devil Wears Prada 2 | Official Clip,devil wears prada 2 trailer
n5w1babvUPM,UgyvQfJ66Q3-HjPVuGB4AaABAg,"I'm pretty sure you girls had no problem with Ken Jeong though, and now this is the problem?",1,2026-04-28,@soundsgreat2811,The Devil Wears Prada 2 | Official Clip,devil wears prada 2 trailer
n5w1babvUPM,UgzSR6gS6xPBi7Qzvvh4AaABAg,"As a person who actually saw the movie, I don’t think there was racism at all. There were lots of characters in different races and the director depicted them  in a unique and special way. The new Miranda’s secretary was back, and she looked fabulous to me. And most importantly, the women who was powerful than the famous Miranda was Asian. Do you think the director was dumb enough to choose an Asian for that role if he really meant to be racism?",0,2026-05-04,@user-limejuice,The Devil Wears Prada 2 | Official Clip,devil wears prada 2 trailer
n5w1babvUPM,UgzCgz2dSDLyUtrMRDV4AaABAg,"Is this some kind of marketing strategy to sprite hate and voice toward this movie in Asia. To boost the focus and attention? Especially this trailer focus on that. Crowds have been used, again.",1,2026-04-28,@lilyyin4272012,The Devil Wears Prada 2 | Official Clip,devil wears prada 2 trailer
n5w1babvUPM,UgxDCU9xB4q8OKWygtF4AaABAg,Wow racism,4,2026-04-22,@yoongadrian7042,The Devil Wears Prada 2 | Official Clip,devil wears prada 2 trailer
n5w1babvUPM,UgzrNno5zuGdOf-y8fJ4AaABAg,저 배우들 아무도 이 장면에 문제를 못느끼고 아시아 투어까지 왔다는거지 지금..?? 너무 실망스럽네 진짜,11,2026-04-21,@may5024,The Devil Wears Prada 2 | Official Clip,devil wears prada 2 trailer
n5w1babvUPM,UgyswoTISr9-_kHbJqV4AaABAg,"In the devil wears prada, Asian people were mostly absent. So I think, American film industry is evolving.",0,2026-04-25,@user-ls8ms6zo7y,The Devil Wears Prada 2 | Official Clip,devil wears prada 2 trailer
n5w1babvUPM,UgzoF84zjmxSrz1jJWN4AaABAg,재밌겠는데?,0,2026-04-23,@nanasoo,The Devil Wears Prada 2 | Official Clip,devil wears prada 2 trailer
n5w1babvUPM,UgyN6kmMAG1hpZ-65J94AaABAg,"We don't know the rest of the story of the character, but the name alone is a joke. Jin Chao? sounds like 晋朝, or she's reversing it, still as 朝觐， no one would name their kids these names if they had any knowledge of Chinese.",1,2026-04-27,@cjwang6349,The Devil Wears Prada 2 | Official Clip,devil wears prada 2 trailer
n5w1babvUPM,UgwV7pfLEo3X6ZyoBnR4AaABAg,Oh delete scene soon great😅,24,2026-04-16,@imog3nio,The Devil Wears Prada 2 | Official Clip,devil wears prada 2 trailer
n5w1babvUPM,Ugw1whcG3fvxLWvNgCJ4AaABAg,转载知乎上一位优秀作者JINGWU的话：“人家搞对人种的刻板印象，不会大大方方搞歧视，恰恰打着“平等、多元”的旗号就是故意给你整几个很“多元”的角色放进电影里，然后表达一种“人的长相、性格都是多元的，有点小差异，各有各的美，大家都是上帝的孩子，不同的美都应该被承认”的价值观。本来挺好的，但问题是，在他们那里，白人负责正常的美，其它人种负责多元化。”,0,2026-04-28,@evelynhuang-kc9zw,The Devil Wears Prada 2 | Official Clip,devil wears prada 2 trailer
n5w1babvUPM,UgwCXxUHF4lscqFUlcd4AaABAg,Still racist. Disgusting,6,2026-04-22,@notting86,The Devil Wears Prada 2 | Official Clip,devil wears prada 2 trailer
n5w1babvUPM,UgwpVFlUmfmB71DHux94AaABAg,A discriminatory character in 2026? Really? Even the name is offensive. This is unacceptable.,3,2026-04-24,@MurataKazuya,The Devil Wears Prada 2 | Official Clip,devil wears prada 2 trailer
n5w1babvUPM,UgwvQJZ76HtltTPpnc54AaABAg,"옷 촌스럽게 찐따처럼 입혀놨네요 
누가 남방 저렇게 단추다잠금?ㅡㅡ",2,2026-04-29,@DjdjfkDcp,The Devil Wears Prada 2 | Official Clip,devil wears prada 2 trailer
n5w1babvUPM,Ugy0Bm7tDErRPHk93wB4AaABAg,Is this just a filler scene?,14,2026-04-16,@ohleearenas,The Devil Wears Prada 2 | Official Clip,devil wears prada 2 trailer
n5w1babvUPM,UgyO4AZFlR1BBtLUjGd4AaABAg,"And this is from a mostly Democrat Hollywood, always racists on both sides whether in your face or covertly.",8,2026-04-21,@iraqcow,The Devil Wears Prada 2 | Official Clip,devil wears prada 2 trailer
n5w1babvUPM,Ugxm_mqxU2VVFy9QInJ4AaABAg,Ugly Betty meets Devils Wear Prada 😂,0,2026-04-22,@yohan1004,The Devil Wears Prada 2 | Official Clip,devil wears prada 2 trailer
2vyyPyV1d6s,UgzU6qRGX22lzfUw61l4AaABAg,Yooo was that Kennedy walsh behind Emily blunt 😂,694,2026-02-01,@Sahil.Thomas,The Devil Wears Prada 2 | Trailer Tonight,devil wears prada 2 trailer
2vyyPyV1d6s,UgxF0pmv9iUNtO45y9h4AaABAg,Dude was that Kennedy Walsh at the beginning of the trailer standing behind Emily blunt on the left lol,418,2026-02-01,@Big-thumbs,The Devil Wears Prada 2 | Trailer Tonight,devil wears prada 2 trailer
2vyyPyV1d6s,Ugwuf1sfuFXYGGil3ah4AaABAg,Who is Kennedy Walsh button 😂,156,2026-02-01,@nicoler43,The Devil Wears Prada 2 | Trailer Tonight,devil wears prada 2 trailer
2vyyPyV1d6s,UgzE7vTidYUW0Pvlghd4AaABAg,so far Miranda didn't say anything. AM I HAVING A HALUCINATION??,215,2026-02-01,@mynameisyou000,The Devil Wears Prada 2 | Trailer Tonight,devil wears prada 2 trailer
2vyyPyV1d6s,UgwJdycitXjo4uH1oQx4AaABAg,Oh my goodness that KENNEDY FREAKIN WALSH!!! I'M BEYOND HAPPY FOR HER.,269,2026-02-01,@havilahjuliet1591,The Devil Wears Prada 2 | Trailer Tonight,devil wears prada 2 trailer
2vyyPyV1d6s,UgxWjn8K5CNWgrAK6ut4AaABAg,omg im so proud of kennedy walsh LETS GOOOO,52,2026-02-01,@klily824,The Devil Wears Prada 2 | Trailer Tonight,devil wears prada 2 trailer
2vyyPyV1d6s,UgyiYXlYRMYAYJ_VOZt4AaABAg,KENNEDY WALSH?!!! What’re you doing here? So exciting!!,75,2026-02-01,@cassi94,The Devil Wears Prada 2 | Trailer Tonight,devil wears prada 2 trailer
2vyyPyV1d6s,UgxueJO02Vuta-wUc9N4AaABAg,"During The Grammys, I bet.",76,2026-02-01,@ToughLuck-yi6sr,The Devil Wears Prada 2 | Trailer Tonight,devil wears prada 2 trailer
2vyyPyV1d6s,UgzhjoOQDs1tKINjqJ14AaABAg,KENNEDY OMG I FEEL LIKE A PROUD PARENT,22,2026-02-01,@sunnycasket,The Devil Wears Prada 2 | Trailer Tonight,devil wears prada 2 trailer
2vyyPyV1d6s,UgxoFIxu0Rkaxaz80fl4AaABAg,i love how all the comments are about kennedy 🤣,121,2026-02-01,@anushajamdade7275,The Devil Wears Prada 2 | Trailer Tonight,devil wears prada 2 trailer
2vyyPyV1d6s,Ugy_ziAdyggM2-vP1Vp4AaABAg,This is the CULTURAL RESET WE NEED!,46,2026-02-01,@robertsmithiii2149,The Devil Wears Prada 2 | Trailer Tonight,devil wears prada 2 trailer
2vyyPyV1d6s,UgwMYANvCYtqb3y8zlF4AaABAg,KENNEDY ?? ariana what are you doing here-,37,2026-02-01,@penelopejns,The Devil Wears Prada 2 | Trailer Tonight,devil wears prada 2 trailer
2vyyPyV1d6s,UgxnrNY48H2coHWYwqN4AaABAg,OMG KENNEDY WALSH YAY I’M SO HAPPY!!!!,32,2026-02-01,@veritylavie6993,The Devil Wears Prada 2 | Trailer Tonight,devil wears prada 2 trailer
2vyyPyV1d6s,UgydUOySbUmk1Wzt58R4AaABAg,"AAAAA KENNEDY WALSH IS IN THE MOVIE!!!! 
DIVAAAAAAAAAAAAAAAA🥲",134,2026-02-01,@casn-x9w,The Devil Wears Prada 2 | Trailer Tonight,devil wears prada 2 trailer
2vyyPyV1d6s,UgxXOMqeB3XNjk-voZp4AaABAg,KENNEDY WALSH LETS GOOOOOOOOO BABY!!!!!!,205,2026-02-01,@ramona4460,The Devil Wears Prada 2 | Trailer Tonight,devil wears prada 2 trailer
2vyyPyV1d6s,Ugw-iIIlbCZzGKBWWxZ4AaABAg,SOBBING BECAUSE WHAT!!?!?! KENNEDY OHMYGOD MY SWEET GIRL REALLY MADE IT STOPPPPP,30,2026-02-01,@suitelifeofanasmrtist,The Devil Wears Prada 2 | Trailer Tonight,devil wears prada 2 trailer
2vyyPyV1d6s,Ugw7VPcIoNOn7d6gGz54AaABAg,I knew smth big was brewing for a while for Kennedy but I didn't know it was THIS BIG omg I hope she has lines lbkkxvu,45,2026-02-01,@cinarin,The Devil Wears Prada 2 | Trailer Tonight,devil wears prada 2 trailer
2vyyPyV1d6s,UgwDEnEZG1Yv_x7S8mp4AaABAg,THE KENNEDY WALSH YALL,15,2026-02-01,@boyana2620,The Devil Wears Prada 2 | Trailer Tonight,devil wears prada 2 trailer
2vyyPyV1d6s,UgxYTxsWA_R_f4NgRAV4AaABAg,KENNEDY??????? OMGGGGGG,12,2026-02-01,@Dka__12w,The Devil Wears Prada 2 | Trailer Tonight,devil wears prada 2 trailer
2vyyPyV1d6s,Ugy_ak_SAWpHtEcuDJp4AaABAg,So amazing to see Kennedy’s acting dreams come true!,28,2026-02-01,@KatDeLeoneVideo,The Devil Wears Prada 2 | Trailer Tonight,devil wears prada 2 trailer
2vyyPyV1d6s,Ugx5RhAD57sMIUCdxTB4AaABAg,0:05 MY GIRL !!! KENNEDY 😭😭,6,2026-02-01,@marissamontero,The Devil Wears Prada 2 | Trailer Tonight,devil wears prada 2 trailer
2vyyPyV1d6s,UgxqL_EhXmI1Ot2gtPB4AaABAg,literally crying over the fact that kennedy’s first movie role is in a scene with THE meryl streep and anne hathaway,4,2026-02-01,@sohollysings,The Devil Wears Prada 2 | Trailer Tonight,devil wears prada 2 trailer
2vyyPyV1d6s,UgyGYoexMazGy4OTAXd4AaABAg,Kennedy!!! So proud of her!!❤,7,2026-02-01,@rguinet44,The Devil Wears Prada 2 | Trailer Tonight,devil wears prada 2 trailer
2vyyPyV1d6s,UgyzIsswHqiLarK0lkN4AaABAg,KENNEDYYY IM SO PROUD OF U,11,2026-02-01,@KatthyNgo,The Devil Wears Prada 2 | Trailer Tonight,devil wears prada 2 trailer
2vyyPyV1d6s,UgysErtKqt6rpR5KSO14AaABAg,Girllllllll this is why you dyed your hair brown 😭😭😭 love you Kennedy ❤️,3,2026-02-02,@littleroloxo,The Devil Wears Prada 2 | Trailer Tonight,devil wears prada 2 trailer
2vyyPyV1d6s,Ugy8uEtrDMs35S8W-094AaABAg,KENNEDY WALSH HELLOOOOOO?????,11,2026-02-01,@polinat9771,The Devil Wears Prada 2 | Trailer Tonight,devil wears prada 2 trailer
2vyyPyV1d6s,UgyzJo1C6mn0An1ZFPJ4AaABAg,Seeing kennedy here is CRAZY when you remember how badly 2018 Kennedy wished for this moment so much,2,2026-02-01,@purplemaz222,The Devil Wears Prada 2 | Trailer Tonight,devil wears prada 2 trailer
2vyyPyV1d6s,Ugxu4x0TBL9xkqdbblF4AaABAg,"0:04
Andy: Emily?
We: Kennedy?",3,2026-02-01,@mikwowolny5658,The Devil Wears Prada 2 | Trailer Tonight,devil wears prada 2 trailer
2vyyPyV1d6s,Ugzux2zX3xVDS7g4aeF4AaABAg,WHOS HERE FOR KENNEDY WALSH,2,2026-02-01,@sohollysings,The Devil Wears Prada 2 | Trailer Tonight,devil wears prada 2 trailer
2vyyPyV1d6s,UgzNvGMumdGNjJLrJIB4AaABAg,The Vogue trailer music is 🔥,2,2026-02-02,@unicornlens,The Devil Wears Prada 2 | Trailer Tonight,devil wears prada 2 trailer
2vyyPyV1d6s,UgwRN26DbJlCJZPVhYR4AaABAg,IM SO HAPPY FOR KENNEDY OMGGGGGGGGG,5,2026-02-01,@nourmallek2596,The Devil Wears Prada 2 | Trailer Tonight,devil wears prada 2 trailer
2vyyPyV1d6s,UgyGqwm_m9sejOGMonV4AaABAg,KENNEDY WALSH!!!,168,2026-02-01,@spyrosalexandros,The Devil Wears Prada 2 | Trailer Tonight,devil wears prada 2 trailer
2vyyPyV1d6s,UgxC7W_4cqGLKoEbiEB4AaABAg,Agora vamos ver denovo se a Miranda vai mandar a Andy buscar o novo  livro do harry poter novamente 😂😂😂😂😂,14,2026-02-01,@thethorsxZ,The Devil Wears Prada 2 | Trailer Tonight,devil wears prada 2 trailer
2vyyPyV1d6s,UgwEK-d0XTgebHKPadB4AaABAg,Kennedy really did manifest it huh 🎉🎉🎉,1,2026-02-02,@diiivyarawat,The Devil Wears Prada 2 | Trailer Tonight,devil wears prada 2 trailer
2vyyPyV1d6s,Ugy-6oVsNznJIUQLbQZ4AaABAg,SO HAPPY FOR KENNEDY,2,2026-02-01,@leiamariabiz,The Devil Wears Prada 2 | Trailer Tonight,devil wears prada 2 trailer
2vyyPyV1d6s,UgzOrD7Wm-t5Oq_UypV4AaABAg,So excited for this movie!!!,17,2026-02-01,@steffie17,The Devil Wears Prada 2 | Trailer Tonight,devil wears prada 2 trailer
2vyyPyV1d6s,UgwVHair1RovbotBy9t4AaABAg,Here for Kennedy Walsh ❤,4,2026-02-01,@alenapabon1304,The Devil Wears Prada 2 | Trailer Tonight,devil wears prada 2 trailer
2vyyPyV1d6s,UgyirrTPMeGur-LBK8R4AaABAg,You guys didn't know how much I rewatch and replay this until the full trailer come out,1,2026-02-02,@dnugroho29,The Devil Wears Prada 2 | Trailer Tonight,devil wears prada 2 trailer
2vyyPyV1d6s,UgyO-_HZ71Db30MQUN14AaABAg,KENNEDYYYYY OMGGGGGG,7,2026-02-01,@samx916,The Devil Wears Prada 2 | Trailer Tonight,devil wears prada 2 trailer
2vyyPyV1d6s,UgyxoovHLLzAKPQIkxp4AaABAg,HERE FOR KENNEDY WALSH !!!!!,4,2026-02-01,@amarisdean789,The Devil Wears Prada 2 | Trailer Tonight,devil wears prada 2 trailer
2vyyPyV1d6s,UgwBqqo_Z4w7qVTmjc94AaABAg,another long awaited sequel it looks I’ve been waiting since 2005 and now it’s finally here nostalgia of course it is,6,2026-02-01,@Liamhughes-b4v,The Devil Wears Prada 2 | Trailer Tonight,devil wears prada 2 trailer
2vyyPyV1d6s,Ugxh3OmF7j2034eQuhV4AaABAg,Wait KENNEDY WALSHhhhh girlllllllll,98,2026-02-01,@TheShaaronn,The Devil Wears Prada 2 | Trailer Tonight,devil wears prada 2 trailer
2vyyPyV1d6s,UgycUGvGBOKEA_rSZkZ4AaABAg,KENNEDY WALSH OMGGGG,39,2026-02-01,@arahiaa,The Devil Wears Prada 2 | Trailer Tonight,devil wears prada 2 trailer
2vyyPyV1d6s,UgztZZJiM-S9WPNfmRp4AaABAg,But exactly who the hell is Kennedy Walsh??? 😂😂😂,14,2026-02-01,@Kelseyp,The Devil Wears Prada 2 | Trailer Tonight,devil wears prada 2 trailer
2vyyPyV1d6s,UgyvnQElDOIMWCRwJKV4AaABAg,KENNEDY BETTER HAVE A GOOD ROLE SO EXCITED,1,2026-02-01,@meshlifedotcom,The Devil Wears Prada 2 | Trailer Tonight,devil wears prada 2 trailer
2vyyPyV1d6s,UgzYdyZoMazrsXoRcQh4AaABAg,KENNEDY??????,3,2026-02-01,@kelly25-km,The Devil Wears Prada 2 | Trailer Tonight,devil wears prada 2 trailer
2vyyPyV1d6s,UgzECusglPI9XQbPAQp4AaABAg,Kennedy Walsh let’s gooooo!!!!,1,2026-02-01,@luluc30,The Devil Wears Prada 2 | Trailer Tonight,devil wears prada 2 trailer
2vyyPyV1d6s,UgwpK0Q10kBTsJu6YlV4AaABAg,My girl kennedy made it 🎉,2,2026-02-01,@shyruti,The Devil Wears Prada 2 | Trailer Tonight,devil wears prada 2 trailer
2vyyPyV1d6s,Ugz-BIpH3R7GgR243ql4AaABAg,"We need to spam KENNEDY comments, this is insane . This makes me feel anything can happen oh my goshhhhhhhhh",2,2026-02-01,@saiko9188,The Devil Wears Prada 2 | Trailer Tonight,devil wears prada 2 trailer
2vyyPyV1d6s,UgxwYeNcM8_PLJLbYk54AaABAg,aaaaaa im so excited to see kennedy walsh!!,2,2026-02-01,@wintormy,The Devil Wears Prada 2 | Trailer Tonight,devil wears prada 2 trailer
2vyyPyV1d6s,UgwCD3PTB63n8jX2-KF4AaABAg,KENNEDY,4,2026-02-01,@ciaofellowfoodies,The Devil Wears Prada 2 | Trailer Tonight,devil wears prada 2 trailer
2vyyPyV1d6s,UgwN1COcHRmjZ5SGRht4AaABAg,Kennedy Walsh!🥰🥰🥰,4,2026-02-01,@JenniferScalzo,The Devil Wears Prada 2 | Trailer Tonight,devil wears prada 2 trailer
2vyyPyV1d6s,Ugyz2wTxfLkBvCnx-Nl4AaABAg,Congrats Kennedy! I hope the movie does well and you get your chance to shine.,1,2026-02-01,@mw7492,The Devil Wears Prada 2 | Trailer Tonight,devil wears prada 2 trailer
2vyyPyV1d6s,UgzLM568wDqQWnjrTGB4AaABAg,KENNEDY!!!!!!!!!!!!!!!!,4,2026-02-01,@AlexSchmalex97,The Devil Wears Prada 2 | Trailer Tonight,devil wears prada 2 trailer
2vyyPyV1d6s,UgyhoIOAh9vbMTK2TNF4AaABAg,KENNEDY WALSH YALL,4,2026-02-01,@LucieGGuimaraes,The Devil Wears Prada 2 | Trailer Tonight,devil wears prada 2 trailer
2vyyPyV1d6s,UgxK13AB9DL-t-tIwvF4AaABAg,KENNEDY!!!!!,4,2026-02-01,@millie1869,The Devil Wears Prada 2 | Trailer Tonight,devil wears prada 2 trailer
2vyyPyV1d6s,Ugw24cJqBNanooENTMt4AaABAg,KENNEDY WALSHHHH,2,2026-02-01,@jessbutera,The Devil Wears Prada 2 | Trailer Tonight,devil wears prada 2 trailer
2vyyPyV1d6s,Ugy4Jh8vmux_HktJNWt4AaABAg,KENNEDY WHAT YOU DOING HEREEE LOVE U,5,2026-02-01,@mathhpinheiro3225,The Devil Wears Prada 2 | Trailer Tonight,devil wears prada 2 trailer
2vyyPyV1d6s,UgxpPoNbRb35RP3xcep4AaABAg,well hello miss kennedy walsh,34,2026-02-01,@hena8170,The Devil Wears Prada 2 | Trailer Tonight,devil wears prada 2 trailer
2vyyPyV1d6s,UgxoGWs75FUieSNyGl14AaABAg,Wow omg Kennedy looks so much like Emily 😭,1,2026-02-01,@Noella-w5q,The Devil Wears Prada 2 | Trailer Tonight,devil wears prada 2 trailer
2vyyPyV1d6s,Ugzz_eqgtESy7mCIGQR4AaABAg,Kennedyyyyy😭,2,2026-02-01,@LocuraAndante,The Devil Wears Prada 2 | Trailer Tonight,devil wears prada 2 trailer
2vyyPyV1d6s,Ugzz02ScRbn-qiwwmwV4AaABAg,"I'll be back at 3:00. I'd like my Starbucks waiting.

Oh, and if you don't have that trailer by then…

don't even bother coming back.",3,2026-02-01,@lukasjakonis5786,The Devil Wears Prada 2 | Trailer Tonight,devil wears prada 2 trailer
2vyyPyV1d6s,UgyUJ71YioPRV6YLYBR4AaABAg,Didn't expect to see so many Kennedy Walsh fans in the comments 😂.,2,2026-02-01,@prathapkutty7407,The Devil Wears Prada 2 | Trailer Tonight,devil wears prada 2 trailer
2vyyPyV1d6s,UgwfYzBU1mp7ca-_bwZ4AaABAg,OMG I can’t wait for this movie!,2,2026-02-01,@theboy_withthe_smile,The Devil Wears Prada 2 | Trailer Tonight,devil wears prada 2 trailer
2vyyPyV1d6s,UgyMD7b6Lv_hpS0lH8p4AaABAg,Yesssss Kennedy Walsh ❤❤❤❤,1,2026-02-01,@kayc9026,The Devil Wears Prada 2 | Trailer Tonight,devil wears prada 2 trailer
2vyyPyV1d6s,Ugwf7VOvWxK_t073pVB4AaABAg,It’s been 20 years since the first one came out and we finally got a sequel,1,2026-02-02,@Dragonn3.0,The Devil Wears Prada 2 | Trailer Tonight,devil wears prada 2 trailer
2vyyPyV1d6s,UgxRdly3wK8kdF9TKjB4AaABAg,I can’t wait💙,27,2026-02-01,@Thecharliesruiz,The Devil Wears Prada 2 | Trailer Tonight,devil wears prada 2 trailer
2vyyPyV1d6s,UgzwqKaFaBO4y_hHzBl4AaABAg,Our Meryl!,1,2026-02-02,@seradar5000,The Devil Wears Prada 2 | Trailer Tonight,devil wears prada 2 trailer
2vyyPyV1d6s,Ugy1bGFmw5sarvlj3CR4AaABAg,kennedy walsh!!!!!!!,3,2026-02-01,@s4g333,The Devil Wears Prada 2 | Trailer Tonight,devil wears prada 2 trailer
2vyyPyV1d6s,Ugz4KWLvMcz5nrNHT-F4AaABAg,So excited for Miranda Priestly to work with Andrea Sachs & for Emily to get her revenge on Runway!,1,2026-02-02,@TheLegendaryMovieCritic,The Devil Wears Prada 2 | Trailer Tonight,devil wears prada 2 trailer
2vyyPyV1d6s,UgyCVd5G51yVhUrh__R4AaABAg,"Confirmó, Demarchelier? Pues claro que lo confirmó. ❤❤❤❤",3,2026-02-01,@KelvinLopez100,The Devil Wears Prada 2 | Trailer Tonight,devil wears prada 2 trailer
2vyyPyV1d6s,UgwuS3AJgJUamyT5PVZ4AaABAg,KENNEDDYYY,3,2026-02-01,@CookieMonsterWuver,The Devil Wears Prada 2 | Trailer Tonight,devil wears prada 2 trailer
2vyyPyV1d6s,Ugx-eZLCIhhP0Zn5Bkh4AaABAg,KENNEDY HIVE WE UP,1,2026-02-01,@erikdaniels0n,The Devil Wears Prada 2 | Trailer Tonight,devil wears prada 2 trailer
2vyyPyV1d6s,Ugxn2yh5HK0iZlk37794AaABAg,CAN’T WAITTTTT,13,2026-02-01,@hamdannkhann,The Devil Wears Prada 2 | Trailer Tonight,devil wears prada 2 trailer
2vyyPyV1d6s,UgyKGtgSPXxbtgNqPCt4AaABAg,Kennedy yesssss,1,2026-02-01,@thelastdayofaugust3108,The Devil Wears Prada 2 | Trailer Tonight,devil wears prada 2 trailer
2vyyPyV1d6s,Ugzz4ExEV6z2Fm3lxd94AaABAg,KENNEDY SHE STOLE THE SHOW,1,2026-02-01,@mathhpinheiro3225,The Devil Wears Prada 2 | Trailer Tonight,devil wears prada 2 trailer
2vyyPyV1d6s,UgzQ7wOH7jOQsfNp1X54AaABAg,Kennedyyyyyyy❤❤❤,2,2026-02-01,@alexanderdavilaarias8370,The Devil Wears Prada 2 | Trailer Tonight,devil wears prada 2 trailer
2vyyPyV1d6s,UgwC3FEJfOvQus0a5y94AaABAg,"THE WAY I SCREAMED IM GONNA CRY IN HAPPINESS. MAY 1ST, HERE WE COMEE 🥹‼️",1,2026-02-01,@kaixie..,The Devil Wears Prada 2 | Trailer Tonight,devil wears prada 2 trailer
2vyyPyV1d6s,Ugx8cQiyGmZZZUII4DF4AaABAg,When tonight!!!???,1,2026-02-02,@vaeh_raya160,The Devil Wears Prada 2 | Trailer Tonight,devil wears prada 2 trailer
2vyyPyV1d6s,UgzJDlJejwve5wPU3kN4AaABAg,"Here for catlady, Anne Hathaway🥰",2,2026-02-01,@YOUR.DADDYGAMING_CODM,The Devil Wears Prada 2 | Trailer Tonight,devil wears prada 2 trailer
2vyyPyV1d6s,UgwUCcAWekbc9HYZxJd4AaABAg,This movie is necessary,1,2026-02-01,@Opium169,The Devil Wears Prada 2 | Trailer Tonight,devil wears prada 2 trailer
2vyyPyV1d6s,UgwxxKTCYcbGmKCmeKF4AaABAg,KENNEDYYYYY🥳🥳🥳🥳,3,2026-02-01,@karlaeisenkohl8897,The Devil Wears Prada 2 | Trailer Tonight,devil wears prada 2 trailer
2vyyPyV1d6s,Ugw1qHZQ6M41FL8PRjx4AaABAg,Kennedyyyyy ❤🎉,2,2026-02-01,@themelinna,The Devil Wears Prada 2 | Trailer Tonight,devil wears prada 2 trailer
2vyyPyV1d6s,UgyV4mf8xMtUP1PZLSJ4AaABAg,Kennedy Walsh yipppieeee,2,2026-02-01,@aflapjack2818,The Devil Wears Prada 2 | Trailer Tonight,devil wears prada 2 trailer
2vyyPyV1d6s,UgxcwguTmRsCBWM-79V4AaABAg,I’m here because of the 2026 Grammy commercial! 🎉,0,2026-02-02,@KocktailsWithKodak,The Devil Wears Prada 2 | Trailer Tonight,devil wears prada 2 trailer
2vyyPyV1d6s,Ugy_uf_9IIurwzNTCxV4AaABAg,KENNEDY ❤❤❤,1,2026-02-01,@rinontheradio,The Devil Wears Prada 2 | Trailer Tonight,devil wears prada 2 trailer
2vyyPyV1d6s,UgwZOKOEdvdLGRW2fSR4AaABAg,OH MYYYYY GOOOOOD! ITS HAPPENING!!!!,1,2026-02-01,@Cat_bst,The Devil Wears Prada 2 | Trailer Tonight,devil wears prada 2 trailer
2vyyPyV1d6s,UgyBGldoqWQLyeZDL0x4AaABAg,A trailer for a trailer? ❤,1,2026-02-02,@offwego247,The Devil Wears Prada 2 | Trailer Tonight,devil wears prada 2 trailer
2vyyPyV1d6s,Ugzbul9oO4gZ7VlSEPB4AaABAg,What is this vogue version in the music,1,2026-02-02,@laschetteolivier7579,The Devil Wears Prada 2 | Trailer Tonight,devil wears prada 2 trailer
2vyyPyV1d6s,Ugzlbexp3qJqFp4Rty94AaABAg,The most important thing in FASHION is to WEAR IT! 🤳,2,2026-02-01,@surjitkalair8371,The Devil Wears Prada 2 | Trailer Tonight,devil wears prada 2 trailer
2vyyPyV1d6s,Ugzm3KBufNFxwYeZFQV4AaABAg,"Finalmente depois de 20 anos de espera
E só isso by Miranda",5,2026-02-01,@thethorsxZ,The Devil Wears Prada 2 | Trailer Tonight,devil wears prada 2 trailer
2vyyPyV1d6s,UgxddeR3ledeZ49HTU14AaABAg,She would forget everyone after all this time... I love her.,0,2026-02-02,@FirbolgFitz,The Devil Wears Prada 2 | Trailer Tonight,devil wears prada 2 trailer
2vyyPyV1d6s,UgzQ54J3XtzKSye_Pst4AaABAg,"""Hm.. that doesn't the question""",2,2026-02-01,@c4p1t4n6,The Devil Wears Prada 2 | Trailer Tonight,devil wears prada 2 trailer
2vyyPyV1d6s,UgxbDXr-XSwNY02NJD54AaABAg,Kennedyyyy!!!!,3,2026-02-01,@solochoa1111,The Devil Wears Prada 2 | Trailer Tonight,devil wears prada 2 trailer
2vyyPyV1d6s,UgwTteluLpShasIPkdp4AaABAg,i love how every comment is about kennedy😭 thats our girlll,0,2026-02-04,@malaikalovesgrapes,The Devil Wears Prada 2 | Trailer Tonight,devil wears prada 2 trailer
2vyyPyV1d6s,UgyGRLeKq-BQkMpxkUN4AaABAg,Can’t wait. From Bangladesh 🇧🇩,2,2026-02-01,@sumayasefat,The Devil Wears Prada 2 | Trailer Tonight,devil wears prada 2 trailer
2vyyPyV1d6s,UgxdhsRiGWzRKMPGnvd4AaABAg,"Esperando la secuela desde Salta, Argentina. Saludos",0,2026-02-02,@rodrigomilagromaita,The Devil Wears Prada 2 | Trailer Tonight,devil wears prada 2 trailer
2vyyPyV1d6s,UgzO8LbOPnVvPLpc_Zp4AaABAg,I can't believe that this is real. It's so exciting.,0,2026-02-02,@marinadela1361,The Devil Wears Prada 2 | Trailer Tonight,devil wears prada 2 trailer
2vyyPyV1d6s,Ugw_JvNHDxPtwmYWi414AaABAg,C’mon Vogue ❤,2,2026-02-01,@rebelblue,The Devil Wears Prada 2 | Trailer Tonight,devil wears prada 2 trailer
2vyyPyV1d6s,UgwUWDpnz6o89eBGu-14AaABAg,OMG THE MOMENT IS HAPPENING RN AND I AM SCREAMING 😭😩😭,1,2026-02-01,@MIDNIGHT-No.1,The Devil Wears Prada 2 | Trailer Tonight,devil wears prada 2 trailer
2vyyPyV1d6s,UgyKislRUKKg2clBusl4AaABAg,It’s amazing,1,2026-02-01,@ReebokBambuk10,The Devil Wears Prada 2 | Trailer Tonight,devil wears prada 2 trailer
2vyyPyV1d6s,UgzR3YDwHyd_nFe6JHR4AaABAg,Can't wait ❤,1,2026-02-01,@JeffKsih,The Devil Wears Prada 2 | Trailer Tonight,devil wears prada 2 trailer
2vyyPyV1d6s,Ugxt1jIe81yd83fh6vR4AaABAg,Woooohoo!!!!,1,2026-02-01,@thekingwasi,The Devil Wears Prada 2 | Trailer Tonight,devil wears prada 2 trailer
2vyyPyV1d6s,UgyH874B5n5taVOJ-3N4AaABAg,KENNEDYYYYYYYYYYYYYYYYYY,0,2026-02-01,@swathimangalath2183,The Devil Wears Prada 2 | Trailer Tonight,devil wears prada 2 trailer
2vyyPyV1d6s,UgxFE12wuOwiL1LN8tF4AaABAg,Why no one talks about Meryl????,1,2026-02-02,@lukasjakonis5786,The Devil Wears Prada 2 | Trailer Tonight,devil wears prada 2 trailer
2vyyPyV1d6s,UgxY2ge2YbZEYWhz_f14AaABAg,LETS GOOO KENNEDYYY WALSH!!,0,2026-02-02,@AbyDallas,The Devil Wears Prada 2 | Trailer Tonight,devil wears prada 2 trailer
2vyyPyV1d6s,UgwdiE6IkBchthrveIx4AaABAg,I recognised some parts of Milan ❤ omg so excited,0,2026-02-01,@C-x2u,The Devil Wears Prada 2 | Trailer Tonight,devil wears prada 2 trailer
2vyyPyV1d6s,UgwEUDK3WWylZgfA6bB4AaABAg,VOGUEEEEEEEEE,1,2026-02-01,@AlexSimpsonOnline,The Devil Wears Prada 2 | Trailer Tonight,devil wears prada 2 trailer
2vyyPyV1d6s,Ugwf1KDC4gDQvd0Sl9h4AaABAg,Its been 84 years,0,2026-02-03,@Ambatukakangku,The Devil Wears Prada 2 | Trailer Tonight,devil wears prada 2 trailer
2vyyPyV1d6s,UgxDu-mnXSZNjEUgux14AaABAg,Not the trailer for the trailer…honestly iconic,0,2026-02-02,@user-br3ty9rt1m,The Devil Wears Prada 2 | Trailer Tonight,devil wears prada 2 trailer
2vyyPyV1d6s,Ugx_FW0J2eV5zJYnloJ4AaABAg,Omg Kennedy!!!!,2,2026-02-01,@aleksandraschmidt4577,The Devil Wears Prada 2 | Trailer Tonight,devil wears prada 2 trailer
2vyyPyV1d6s,Ugw_QA3M_iIW2gWVrsR4AaABAg,Omg i literally was watching the first one TODAY AHHHHHH,0,2026-02-01,@nicoler43,The Devil Wears Prada 2 | Trailer Tonight,devil wears prada 2 trailer
2vyyPyV1d6s,Ugxw63SeVPOGpGpywPN4AaABAg,I'm so excited for this movie!! 🤭,0,2026-02-01,@XLivVlogsX,The Devil Wears Prada 2 | Trailer Tonight,devil wears prada 2 trailer
2vyyPyV1d6s,UgxTmybIu6UghYSKsa94AaABAg,"Miranda, Emily, y Andy con música de Madonna están de vuelta ❤",1,2026-02-01,@JohnnyMadder,The Devil Wears Prada 2 | Trailer Tonight,devil wears prada 2 trailer
2vyyPyV1d6s,Ugy3qS_P5U-TNCjxPKl4AaABAg,I love Anne Hathaway 👠👠.,2,2026-02-01,@tonyrodriguez2943,The Devil Wears Prada 2 | Trailer Tonight,devil wears prada 2 trailer
2vyyPyV1d6s,Ugx2J3kjOZQsbIFXQx94AaABAg,Kennedyyyyyy,1,2026-02-01,@Mirabrb06,The Devil Wears Prada 2 | Trailer Tonight,devil wears prada 2 trailer
2vyyPyV1d6s,UgyGaaFwf3iLw1AjW3R4AaABAg,BRING IT !!,1,2026-02-01,@bright_engineer,The Devil Wears Prada 2 | Trailer Tonight,devil wears prada 2 trailer
2vyyPyV1d6s,Ugwydl_gKZZK464ojv14AaABAg,A trailer for a trailer? This movie will rock !!!,0,2026-02-01,@ooscardls,The Devil Wears Prada 2 | Trailer Tonight,devil wears prada 2 trailer
2vyyPyV1d6s,Ugww968N3aObP7Wkf_N4AaABAg,"omg best day ever, I was not expecting this",0,2026-02-01,@Nina-v1v,The Devil Wears Prada 2 | Trailer Tonight,devil wears prada 2 trailer
2vyyPyV1d6s,UgwHAgzlJp_QHs1RRY94AaABAg,The first movie is 20 years old😮,0,2026-02-19,@Shanley86,The Devil Wears Prada 2 | Trailer Tonight,devil wears prada 2 trailer
2vyyPyV1d6s,UgzQc_60scyvIO93gR54AaABAg,KENNEDY OMG THAT'S MY GIRL,0,2026-02-01,@xiomaratriny,The Devil Wears Prada 2 | Trailer Tonight,devil wears prada 2 trailer
2vyyPyV1d6s,UgxM9QqZG4QAeYp38jR4AaABAg,I am so excited for this movie.,0,2026-02-01,@traviskerr,The Devil Wears Prada 2 | Trailer Tonight,devil wears prada 2 trailer
2vyyPyV1d6s,UgyY7QNvnbIAFrAMWq94AaABAg,Va a hacer espectacular este avance,1,2026-02-01,@anuarleonardo2324,The Devil Wears Prada 2 | Trailer Tonight,devil wears prada 2 trailer
2vyyPyV1d6s,UgwOKNDHfb3_8dGEbT14AaABAg,KENNEDYYYY MY KWEENN,0,2026-02-01,@yashvirathi722,The Devil Wears Prada 2 | Trailer Tonight,devil wears prada 2 trailer
2vyyPyV1d6s,UgxtQOjCGQ-pG4zdzmp4AaABAg,OMG THATS KENNEDY WALSH UP THEREEEE,0,2026-02-01,@S.Caglar,The Devil Wears Prada 2 | Trailer Tonight,devil wears prada 2 trailer
2vyyPyV1d6s,UgyWfhAqf0TlbtXeRDR4AaABAg,KENNEDY???!?!,1,2026-02-01,@juanlovesjuan871,The Devil Wears Prada 2 | Trailer Tonight,devil wears prada 2 trailer
2vyyPyV1d6s,UgwT3btjUg8oXKnRAN94AaABAg,MY KENNEDY LETS GOOOOOO,0,2026-02-01,@arulastc,The Devil Wears Prada 2 | Trailer Tonight,devil wears prada 2 trailer
2vyyPyV1d6s,Ugw3mFPQcgXIoooD3-p4AaABAg,Ждем 😮😮😮❤❤❤,1,2026-02-01,@AlexTooRich_Vlog,The Devil Wears Prada 2 | Trailer Tonight,devil wears prada 2 trailer
2vyyPyV1d6s,Ugy0AymjGnUCWpTowP14AaABAg,Well… Europe here… we waiting,0,2026-02-01,@natti8729,The Devil Wears Prada 2 | Trailer Tonight,devil wears prada 2 trailer
2vyyPyV1d6s,UgwdE_9EAw6zb5cbn6Z4AaABAg,OH THE MOTHERHOOD CONVENTION. 2026 IS SUCH A CAMP YEAR,0,2026-02-01,@johnleyandthecommunity,The Devil Wears Prada 2 | Trailer Tonight,devil wears prada 2 trailer
2vyyPyV1d6s,UgyJ4ZYcPxa8wPCJR3R4AaABAg,I'm here for Caleb,0,2026-02-01,@sculpture_9498,The Devil Wears Prada 2 | Trailer Tonight,devil wears prada 2 trailer
2vyyPyV1d6s,UgyCV0VnipdAddslHD14AaABAg,PLEASE I NEED MIRANDY CHEMISTRY,0,2026-02-01,@LemonadeStar,The Devil Wears Prada 2 | Trailer Tonight,devil wears prada 2 trailer
2vyyPyV1d6s,UgydRE3F_M9GlIiaPvt4AaABAg,I'm seated. The theater employees are scared and asking me to leave because it's 'not August yet' but I'm simply too seated.,0,2026-02-02,@charliest.kardasism9134,The Devil Wears Prada 2 | Trailer Tonight,devil wears prada 2 trailer
2vyyPyV1d6s,UgxKnD7h75YY_gpDSWB4AaABAg,Hopefully Email blunt would have more screentime in this movie,0,2026-02-02,@1z1t1z1,The Devil Wears Prada 2 | Trailer Tonight,devil wears prada 2 trailer
2vyyPyV1d6s,Ugyy2txVvf_u0J9OmHR4AaABAg,"Meryl didn’t say anything, but I couldn’t take my eyes off her. So ICONIC!̊̈!̊̈",0,2026-02-02,@달밤-x8g,The Devil Wears Prada 2 | Trailer Tonight,devil wears prada 2 trailer
2vyyPyV1d6s,Ugy8p9e00FtOHC4BkC14AaABAg,QUEEN EMILY AHHHH❤🎉 SO EXCITED!!!,0,2026-02-01,@twilightsun8109,The Devil Wears Prada 2 | Trailer Tonight,devil wears prada 2 trailer
2vyyPyV1d6s,UgyyneFpFvislMH_qGh4AaABAg,"Miranda's vibes are... Off... I don't know, I don't feel the intimidation of the first film.",2,2026-02-02,@gabrielkrypt,The Devil Wears Prada 2 | Trailer Tonight,devil wears prada 2 trailer
2vyyPyV1d6s,UgxsIDzlozrTJN9GPqR4AaABAg,I can’t wait,0,2026-02-01,@ashgat05,The Devil Wears Prada 2 | Trailer Tonight,devil wears prada 2 trailer
2vyyPyV1d6s,Ugy8Cu-UCIZMfvhbV3x4AaABAg,I'm still love Anne Hathaway ❤,0,2026-02-02,@joaquinvaleri7022,The Devil Wears Prada 2 | Trailer Tonight,devil wears prada 2 trailer
2vyyPyV1d6s,UgzjtEAlnqE36KpOpIp4AaABAg,Here for the one and only Kennedy Walsh,0,2026-02-01,@anklebiter96,The Devil Wears Prada 2 | Trailer Tonight,devil wears prada 2 trailer
2vyyPyV1d6s,UgxgiKlDABHRdLeQCeJ4AaABAg,OMG! Can’t wait!,0,2026-02-01,@gonzaloartunduaga,The Devil Wears Prada 2 | Trailer Tonight,devil wears prada 2 trailer
2vyyPyV1d6s,Ugx0b0LBXwwkOZ_M1fl4AaABAg,chills. holy crap,0,2026-02-01,@clickpicks5148,The Devil Wears Prada 2 | Trailer Tonight,devil wears prada 2 trailer
2vyyPyV1d6s,Ugz5BBZ8Uwzc1rZJO_14AaABAg,Stanley tucci looks almost the same.,1,2026-02-01,@allaboutmovies4943,The Devil Wears Prada 2 | Trailer Tonight,devil wears prada 2 trailer
2vyyPyV1d6s,Ugyl7w5kkeRGhsUFH554AaABAg,Yassss,0,2026-02-01,@Jasminemonic,The Devil Wears Prada 2 | Trailer Tonight,devil wears prada 2 trailer
2vyyPyV1d6s,Ugw2GYBjE3zO2jbV-JZ4AaABAg,Fantastic 🎉,0,2026-02-02,@maarulinaa,The Devil Wears Prada 2 | Trailer Tonight,devil wears prada 2 trailer
2vyyPyV1d6s,UgyYZgquGJKzEzVcDF94AaABAg,Omg can’t wait,0,2026-02-01,@SCCSP84,The Devil Wears Prada 2 | Trailer Tonight,devil wears prada 2 trailer
2vyyPyV1d6s,UgzDWwDUAhfWjDEszFZ4AaABAg,I'm have one ilusion! ❤,0,2026-02-01,@jeremiascarvalho9471,The Devil Wears Prada 2 | Trailer Tonight,devil wears prada 2 trailer
2vyyPyV1d6s,UgzgxPgoMWIW11YBoa54AaABAg, Can't wait,0,2026-05-02,@kathrin-mariasamarrastehle6538,The Devil Wears Prada 2 | Trailer Tonight,devil wears prada 2 trailer
2vyyPyV1d6s,Ugz3o9m7w8rAYbhsgyl4AaABAg,WAITING!!!,0,2026-02-01,@ЯнаДроздова-к6ы,The Devil Wears Prada 2 | Trailer Tonight,devil wears prada 2 trailer
2vyyPyV1d6s,Ugxh4wDqGWn7b-88WvJ4AaABAg,YASSS KENNEEDDYYYYYYYY🎉🎉🎉🎉,0,2026-02-01,@90sbabyy63,The Devil Wears Prada 2 | Trailer Tonight,devil wears prada 2 trailer
2vyyPyV1d6s,Ugz_cRy2_w604CQnvdJ4AaABAg,Is this a trailer for the trailer??,5,2026-02-01,@BEAR_PK,The Devil Wears Prada 2 | Trailer Tonight,devil wears prada 2 trailer
2vyyPyV1d6s,UgzzSmt62OShHzPblE94AaABAg,aahhh is kennedy,0,2026-02-02,@cherynbranda5085,The Devil Wears Prada 2 | Trailer Tonight,devil wears prada 2 trailer
2vyyPyV1d6s,Ugw4sV1m5XRz0vb-vjF4AaABAg,"Uauu, finalmente🎉🎉🎉",2,2026-02-01,@thethorsxZ,The Devil Wears Prada 2 | Trailer Tonight,devil wears prada 2 trailer
2vyyPyV1d6s,UgyII6KSU8oZU2BbYJJ4AaABAg,YESSS,0,2026-02-02,@thejoanamendes,The Devil Wears Prada 2 | Trailer Tonight,devil wears prada 2 trailer
2vyyPyV1d6s,Ugxf9g8zrX1w1vdVO4J4AaABAg,OMG KENNEDYYY!!!,0,2026-02-01,@SufferingsContent,The Devil Wears Prada 2 | Trailer Tonight,devil wears prada 2 trailer
2vyyPyV1d6s,Ugy4ofjZPUyxiDO6XZl4AaABAg,I hope Avengers Doomsday trailer comes soon,0,2026-02-02,@user-matgill,The Devil Wears Prada 2 | Trailer Tonight,devil wears prada 2 trailer
2vyyPyV1d6s,UgxsawasUlRN7Q3iTQ94AaABAg,Emily still sounding like that plague Miranda called her in the first film 😂😂,1,2026-02-01,@alt_Jae21,The Devil Wears Prada 2 | Trailer Tonight,devil wears prada 2 trailer
2vyyPyV1d6s,Ugz_6Xt2SiEZ9KMdcu54AaABAg,KENNEDYYYYY! ❤,0,2026-02-01,@mariewannaaa,The Devil Wears Prada 2 | Trailer Tonight,devil wears prada 2 trailer
2vyyPyV1d6s,Ugx5XpS_cyt8bHsjLdB4AaABAg,So Emily's the antagonist now. 😵‍💫,0,2026-02-01,@SailorMoonFan92,The Devil Wears Prada 2 | Trailer Tonight,devil wears prada 2 trailer
2vyyPyV1d6s,UgyHh7pfp0zgqy45Kfl4AaABAg,LET'S GO!!!!!,0,2026-02-02,@itgirlxoxo,The Devil Wears Prada 2 | Trailer Tonight,devil wears prada 2 trailer
2vyyPyV1d6s,Ugx8oQ6yquplBUos2jt4AaABAg,KENNNEDDYYYYYY,0,2026-02-01,@KatyaFigueroa-l9p,The Devil Wears Prada 2 | Trailer Tonight,devil wears prada 2 trailer
2vyyPyV1d6s,Ugwgu1A7Xtx6dtH7MNd4AaABAg,Did they just release a trailer for a trailer and I liked it? Yes,0,2026-02-01,@sltscr,The Devil Wears Prada 2 | Trailer Tonight,devil wears prada 2 trailer
2vyyPyV1d6s,Ugy_40DBIH_-9aIDSBZ4AaABAg,"“The biggest movie event of the year” is BOLD. I love the first film so much but this gunna be far from the biggest movie event this year.
There are some crazy big and highly anticipated movies coming out this year that have already sold out tickets almost a year before release (like the odyssey in IMAX theatres)",0,2026-02-05,@SW1FTProductions,The Devil Wears Prada 2 | Trailer Tonight,devil wears prada 2 trailer
2vyyPyV1d6s,Ugwtk-RYZJ0cOKPUXM94AaABAg,Kennedy Walsh is the primary focus of the comments for an iconic sequel 20 years in the making?  This is the clearest indication that we have to date that AI chatbots have overtaken legitimate YouTube commentary.,1,2026-02-03,@robisko9749,The Devil Wears Prada 2 | Trailer Tonight,devil wears prada 2 trailer
2vyyPyV1d6s,Ugz34VifpYHVMhe2DQF4AaABAg,Meryl!! 🙌🏻🙌🏻♥️♥️,0,2026-02-01,@sorchamcgowan98,The Devil Wears Prada 2 | Trailer Tonight,devil wears prada 2 trailer
2vyyPyV1d6s,UgykDI8oLTwdRnbcpaF4AaABAg,Hyped❤❤❤,0,2026-02-01,@TigerSquadEye,The Devil Wears Prada 2 | Trailer Tonight,devil wears prada 2 trailer
2vyyPyV1d6s,UgwJaZHl3AxcLIZvH-14AaABAg,BUT ITS 8PM HERE,0,2026-02-01,@sammbatee,The Devil Wears Prada 2 | Trailer Tonight,devil wears prada 2 trailer
2vyyPyV1d6s,UgyGR_sv2iPrRUUPvVN4AaABAg,"I still have to watch the first movie for the first time. I've never seen it. I have been watching Anne Hathaway films for the past few weeks. I grew up with Princess Dairies, but I'm trying to catch up on the other movies. Freakin' pr1me put a purchase block on all of her movies.",0,2026-02-02,@bikotheanimator6169,The Devil Wears Prada 2 | Trailer Tonight,devil wears prada 2 trailer
2vyyPyV1d6s,UgyV1E4sHjhhQQZC5_Z4AaABAg,Kennedy the star!!!,0,2026-02-02,@fabigoonzalez,The Devil Wears Prada 2 | Trailer Tonight,devil wears prada 2 trailer
2vyyPyV1d6s,UgxU9DMlBpVbm4WkKRB4AaABAg,lo ire a ver.,0,2026-02-01,@FabianDiazGutierrez,The Devil Wears Prada 2 | Trailer Tonight,devil wears prada 2 trailer
2vyyPyV1d6s,Ugwe-2PilPiVq6G1z1t4AaABAg,ITS HAPPENING,0,2026-02-01,@adadurand,The Devil Wears Prada 2 | Trailer Tonight,devil wears prada 2 trailer
2vyyPyV1d6s,Ugy2bVGKWNI7q_t00P54AaABAg,Let's goo,2,2026-02-01,@mufidmujahiddin8458,The Devil Wears Prada 2 | Trailer Tonight,devil wears prada 2 trailer
2vyyPyV1d6s,UgzGRKJl9_n633loCpl4AaABAg,"“Tonight” is so vague, for my anxiety’s sake, please give a specific time 😭😭",2,2026-02-01,@anabelamaria,The Devil Wears Prada 2 | Trailer Tonight,devil wears prada 2 trailer
2vyyPyV1d6s,UgzKkl08UkTN-2d5gJ94AaABAg,No idea who is Kennedy Walsh and I don't care. All I care for is Emily Blunt and Meryl Streep,1,2026-02-02,@LuAn-su3xb,The Devil Wears Prada 2 | Trailer Tonight,devil wears prada 2 trailer
2vyyPyV1d6s,UgwM617hiyydtYoLdcB4AaABAg,Facts fr,0,2026-02-01,@monkeyy-15,The Devil Wears Prada 2 | Trailer Tonight,devil wears prada 2 trailer
2vyyPyV1d6s,Ugxw0eXqdtCntvj2ecR4AaABAg,❤❤❤,0,2026-02-01,@chandnimishra4352,The Devil Wears Prada 2 | Trailer Tonight,devil wears prada 2 trailer
2vyyPyV1d6s,UgzN2q7QGXmRz2DIJpN4AaABAg,GAWHHHHHHH,0,2026-02-01,@yolobutsolo,The Devil Wears Prada 2 | Trailer Tonight,devil wears prada 2 trailer
2vyyPyV1d6s,UgyJQEY9Uc6OLC0UJhJ4AaABAg,❤,0,2026-02-01,@michael-k-matsuo,The Devil Wears Prada 2 | Trailer Tonight,devil wears prada 2 trailer
2vyyPyV1d6s,UgwWmMAyT-DFlGXi4j14AaABAg,A trailer for a trailer? Okay?,0,2026-02-01,@Keybumpz,The Devil Wears Prada 2 | Trailer Tonight,devil wears prada 2 trailer
2vyyPyV1d6s,UgwVl9hA18L_ty_7IKx4AaABAg,How the heck do they manage to not age?,0,2026-02-01,@Name-tn3md,The Devil Wears Prada 2 | Trailer Tonight,devil wears prada 2 trailer
2vyyPyV1d6s,UgwnNVcoxVkg3N4obwp4AaABAg,"Add some color, please!",0,2026-02-02,@joseggonzalezl16,The Devil Wears Prada 2 | Trailer Tonight,devil wears prada 2 trailer
2vyyPyV1d6s,UgwcWWWhkfSIoCkzeNV4AaABAg,Im really curious about what Miranda's dynamic with Andy is going to be around this time.,0,2026-02-01,@Valentina-ng4hh,The Devil Wears Prada 2 | Trailer Tonight,devil wears prada 2 trailer
2vyyPyV1d6s,Ugzd6N2-Z0oNr8wCJ5t4AaABAg,"""The Devil Wears Prada 2"" coming out is cool, but calling it ""The biggest movie event of the year"" is plain ridiculous.",1,2026-02-01,@Moriarty351,The Devil Wears Prada 2 | Trailer Tonight,devil wears prada 2 trailer
2vyyPyV1d6s,UgzTZNgCcUDuzCSnVmx4AaABAg,Kennedyyyyyyyyyyyyyyyy,0,2026-02-01,@priyankapriyanka5981,The Devil Wears Prada 2 | Trailer Tonight,devil wears prada 2 trailer
2vyyPyV1d6s,UgxC4xN3QZybuf04rqN4AaABAg,MADONNA THE REAL QUEEN,0,2026-02-01,@a085a,The Devil Wears Prada 2 | Trailer Tonight,devil wears prada 2 trailer
2vyyPyV1d6s,UgzaxTPDgi8lha2bTp54AaABAg,"It's just like Gladiator: On one hand, omg a sequel. On the other hand, it never needed a sequel, and the fact that someone made one anyway is never a good sign.",0,2026-02-02,@Muircetach,The Devil Wears Prada 2 | Trailer Tonight,devil wears prada 2 trailer
2vyyPyV1d6s,Ugzs4F35GsTMa5Hn2Tl4AaABAg,Kennedyyyyyyyyyy,46,2026-02-01,@suleigde13,The Devil Wears Prada 2 | Trailer Tonight,devil wears prada 2 trailer
2vyyPyV1d6s,UgyKVDO9OSlzTbqS4QN4AaABAg,❤❤❤❤❤❤❤❤❤❤❤❤,0,2026-02-01,@willianaugusto8245,The Devil Wears Prada 2 | Trailer Tonight,devil wears prada 2 trailer
2vyyPyV1d6s,UgzTEWq4L1l8lhIFfIp4AaABAg,So it looks like an advertisement for Ozempic and rant of women absurdity at its peak 😂😂😂,0,2026-02-02,@mohithuawei7782,The Devil Wears Prada 2 | Trailer Tonight,devil wears prada 2 trailer
2vyyPyV1d6s,UgxsHHBT_O5rn1DWbRZ4AaABAg,Wow,0,2026-02-01,@randomrey002,The Devil Wears Prada 2 | Trailer Tonight,devil wears prada 2 trailer
2vyyPyV1d6s,Ugw_dgjXNKC9hgYC9Lx4AaABAg,TOJIGHT WHEN? WHAT TIME???? HELP 😭,0,2026-02-01,@kerblam,The Devil Wears Prada 2 | Trailer Tonight,devil wears prada 2 trailer
2vyyPyV1d6s,Ugy-633nof-PgIA_NV54AaABAg,🎉🎉🎉🎉🎉🎉🎉,0,2026-02-01,@adrianteav,The Devil Wears Prada 2 | Trailer Tonight,devil wears prada 2 trailer
2vyyPyV1d6s,Ugwxi1bzS9HnF_tSqfh4AaABAg,KENNEDY. CLAIRE. WALSH.,1,2026-02-01,@simy1434,The Devil Wears Prada 2 | Trailer Tonight,devil wears prada 2 trailer
2vyyPyV1d6s,Ugyg-_zRDwDKl1jMpR94AaABAg,I do hope they did it justice as angie’s story ended well at the end of 1.,0,2026-02-01,@BrookePage-i6e,The Devil Wears Prada 2 | Trailer Tonight,devil wears prada 2 trailer
2vyyPyV1d6s,Ugzg47FLIkaGzGGLA_14AaABAg,KENNEDY,0,2026-02-01,@camilalalalala,The Devil Wears Prada 2 | Trailer Tonight,devil wears prada 2 trailer
2vyyPyV1d6s,UgyQA5TLfopjdIzx_3R4AaABAg,Kennedyyyyy❤️❤️❤️❤️,0,2026-02-01,@kiki5059,The Devil Wears Prada 2 | Trailer Tonight,devil wears prada 2 trailer
2vyyPyV1d6s,UgzJdxwWSzBUZ0Z5dGB4AaABAg,Omg can’t wait,0,2026-02-01,@axstria1998,The Devil Wears Prada 2 | Trailer Tonight,devil wears prada 2 trailer
2vyyPyV1d6s,UgzdG7ZZWDDhohLm0Q14AaABAg,KENNEDY WALSH!!!!,0,2026-02-01,@ayay4_,The Devil Wears Prada 2 | Trailer Tonight,devil wears prada 2 trailer
2vyyPyV1d6s,Ugyndot9QZkgzetummJ4AaABAg,❤❤❤❤❤,0,2026-02-01,@itayohayon7005,The Devil Wears Prada 2 | Trailer Tonight,devil wears prada 2 trailer
2vyyPyV1d6s,Ugz8OYuYtj1_zfoHk994AaABAg,KENNEDY WALSH!!,0,2026-02-02,@mikaylapang6387,The Devil Wears Prada 2 | Trailer Tonight,devil wears prada 2 trailer
LrZWQFsiaxM,Ugxz4OZXHBCaFs30Yf14AaABAg,🔥🔥 Simone Ashley,4,2026-04-06,@annalisaiaccarino6911,"The Devil Wears Prada 2 - Official Final Trailer (2026) Anne Hathaway, Meryl Streep",devil wears prada 2 movie 2026
LrZWQFsiaxM,UgyFkkqTaIOJRbL6Qcp4AaABAg,Definetly can't wait.,1,2026-04-07,@inibapakbudi,"The Devil Wears Prada 2 - Official Final Trailer (2026) Anne Hathaway, Meryl Streep",devil wears prada 2 movie 2026
LrZWQFsiaxM,Ugw8AGLwXJ6rf_UZYRx4AaABAg,Why did the thumbnail look like that of horror movie? 😅,0,2026-04-07,@StuberX,"The Devil Wears Prada 2 - Official Final Trailer (2026) Anne Hathaway, Meryl Streep",devil wears prada 2 movie 2026
LrZWQFsiaxM,UgybTAdf7TYfTjdIYYt4AaABAg,The clothes here are...disappointing. That's all.,7,2026-04-06,@emillion4470,"The Devil Wears Prada 2 - Official Final Trailer (2026) Anne Hathaway, Meryl Streep",devil wears prada 2 movie 2026
LrZWQFsiaxM,Ugym1ia_XXSkLbEa5f14AaABAg,Garage,1,2026-04-06,@ShortKingUnc,"The Devil Wears Prada 2 - Official Final Trailer (2026) Anne Hathaway, Meryl Streep",devil wears prada 2 movie 2026
LrZWQFsiaxM,UgwgS9XFRkvDcmNcYbh4AaABAg,This is Anna Hathaway’s year 😮‍💨,6,2026-04-06,@TheDeathslayer127,"The Devil Wears Prada 2 - Official Final Trailer (2026) Anne Hathaway, Meryl Streep",devil wears prada 2 movie 2026
LrZWQFsiaxM,Ugy0sGjZzVIvbS9QkNt4AaABAg,She is very pale.,0,2026-04-07,@evillink1,"The Devil Wears Prada 2 - Official Final Trailer (2026) Anne Hathaway, Meryl Streep",devil wears prada 2 movie 2026
W7g_ILdShRo,UgxSMajfYKrsfX4Xbmd4AaABAg,The Emilys are back! 🌟,22,2026-02-03,@ClaudiaCN777,The Devil Wears Prada 2 | Official Trailer,devil wears prada 2 movie 2026
W7g_ILdShRo,UgwablEPo9tRbTJEgvB4AaABAg,Madonna's Vogue ❤,21,2026-02-02,@helgafever768,The Devil Wears Prada 2 | Official Trailer,devil wears prada 2 movie 2026
W7g_ILdShRo,Ugyyhp12uTl1qRtgvdV4AaABAg,emily in paris .. cannot wait,3,2026-02-03,@Mittl3r,The Devil Wears Prada 2 | Official Trailer,devil wears prada 2 movie 2026
W7g_ILdShRo,Ugwd2wHv7r0loW8TPcN4AaABAg,Wonderful to see The Devil Wears Prada 2 ,0,2026-05-02,@kathrin-mariasamarrastehle6538,The Devil Wears Prada 2 | Official Trailer,devil wears prada 2 movie 2026
W7g_ILdShRo,UgwTQqBuEckdMIAOHMZ4AaABAg,For those who noticed @KennedyWalsh behind Emily blunt 🥺,2,2026-02-03,@kennedytalisayon6268,The Devil Wears Prada 2 | Official Trailer,devil wears prada 2 movie 2026
W7g_ILdShRo,UgyCFXTtD5j8QFiG3Vl4AaABAg,Thats how you do a trailer!! Dont give it away!,0,2026-02-04,@mikekillagreen9432,The Devil Wears Prada 2 | Official Trailer,devil wears prada 2 movie 2026
W7g_ILdShRo,UgyfQrRLntTiaTxUgUV4AaABAg,"Something seems off about Miranda. Its not her ""memory"" as thats her not carrying to remember. Its... like shes... too... approachable here. Andy jast walks right into her office. She's not some untouchable mysterious, bitchy figure. Her character in the first film always felt... distant,  she had to be explained to Andrea from people like Nigel. But now shes in ever scene with them, walking beside them, communicating with them, albeit acting as if she doesnt know Andrea but still more words than she gave anyone the entire first film. I feel like thats going to give an entirely different dynamic to this movie that wont be taken well. Hmm...",6,2026-02-04,@jamesnovotny8643,The Devil Wears Prada 2 | Official Trailer,devil wears prada 2 movie 2026
W7g_ILdShRo,UgxLkwBmTwxHMSPqMmd4AaABAg,"If this movie is a 10th as good as this trailer, I'm going to be very, very happy. Already bought my ticket. Can. Not. Wait.",0,2026-03-31,@JKyall,The Devil Wears Prada 2 | Official Trailer,devil wears prada 2 movie 2026
W7g_ILdShRo,UgxBsyba411eBzompYx4AaABAg,Dude why is there only a few pep here,1,2026-02-02,@NicoDaveGli,The Devil Wears Prada 2 | Official Trailer,devil wears prada 2 movie 2026
W7g_ILdShRo,UgyndVndnZhM5I0TKW94AaABAg,I am Stoked 🔥 !!!!!!,1,2026-02-04,@jiji.miles07,The Devil Wears Prada 2 | Official Trailer,devil wears prada 2 movie 2026
W7g_ILdShRo,UgwmJtqDnKr1XJTgDbt4AaABAg,oh yeah I approve of this!!! can not wait.,1,2026-02-03,@catawampuslife,The Devil Wears Prada 2 | Official Trailer,devil wears prada 2 movie 2026
W7g_ILdShRo,UgxBCTRy1ashSCYcBBx4AaABAg,Meryl looks great!,0,2026-02-04,@BabyDollADB,The Devil Wears Prada 2 | Official Trailer,devil wears prada 2 movie 2026
W7g_ILdShRo,Ugww6Fs30BeJoxDRmnp4AaABAg,"Love the trailer and all, but KENNEDY WALSHHHHH!!!!!",0,2026-02-04,@jacobsantiago548,The Devil Wears Prada 2 | Official Trailer,devil wears prada 2 movie 2026
W7g_ILdShRo,Ugys0XLjW6Rg8mhzRJx4AaABAg,Emily blunt is gorgeous,0,2026-02-04,@jimcrawford4641,The Devil Wears Prada 2 | Official Trailer,devil wears prada 2 movie 2026
W7g_ILdShRo,UgwN6KAbvdApY7-9CPB4AaABAg,the new features editor?,1,2026-02-04,@rosee7011,The Devil Wears Prada 2 | Official Trailer,devil wears prada 2 movie 2026
W7g_ILdShRo,UgyFY5O7sPNxCR48HDN4AaABAg,"All the comments that just dont get Miranda remembering her, how are they linking it to stroke have they never seen first film. She remembers but she's making point she's not worthy of being remembered, there was no lasting impression worthy. That's how Miranda always operated she hasn't changed.",1,2026-02-06,@JustMe-nj6dp,The Devil Wears Prada 2 | Official Trailer,devil wears prada 2 movie 2026
W7g_ILdShRo,UgwtzmQaFXroNah4upZ4AaABAg,Please make new movies :(,0,2026-02-04,@seafoxx777,The Devil Wears Prada 2 | Official Trailer,devil wears prada 2 movie 2026
W7g_ILdShRo,Ugxso8blxUtAVsLRzUd4AaABAg,Meryl  looks GORGEOUS!!! 😍🤩,2,2026-02-03,@MarianaPz14,The Devil Wears Prada 2 | Official Trailer,devil wears prada 2 movie 2026
W7g_ILdShRo,Ugy1b7cwQ__RWF-2sxZ4AaABAg,Can't fucking wait🤗🤗🤗,0,2026-02-04,@ginab.,The Devil Wears Prada 2 | Official Trailer,devil wears prada 2 movie 2026
W7g_ILdShRo,Ugywm9FjEuiTmpTwWSB4AaABAg,does miranda have dementia..,3,2026-02-04,@goofighenzid,The Devil Wears Prada 2 | Official Trailer,devil wears prada 2 movie 2026
W7g_ILdShRo,Ugy62amIEisadXpsaqV4AaABAg,They all look like dolls (not in good way) after 20 years,0,2026-02-03,@Bra1966sil,The Devil Wears Prada 2 | Official Trailer,devil wears prada 2 movie 2026
W7g_ILdShRo,UgyZphEZwXe00LamPPh4AaABAg,"I think it would have made more of an impact for the story/reunion if miranda actually remembered andrea, here it seems like she's just another ""emily"" and or random stranger working for miranda again.",0,2026-02-04,@damonbaird1173,The Devil Wears Prada 2 | Official Trailer,devil wears prada 2 movie 2026
W7g_ILdShRo,UgyGfX67FCmFHk65pVV4AaABAg,"Hey, don't bully Andrea's eyebrows !!",1,2026-02-04,@Kamala-4-President,The Devil Wears Prada 2 | Official Trailer,devil wears prada 2 movie 2026
W7g_ILdShRo,UgwMNuZa0wJ7dp3XXCB4AaABAg,I’m here for Kennedy Walsh ❣️,6,2026-02-03,@savanna.h,The Devil Wears Prada 2 | Official Trailer,devil wears prada 2 movie 2026
W7g_ILdShRo,UgzHknCyMsdkEc4Nq-14AaABAg,"This trailer is chock full of promotional footage. There are some moments in it that may make the final cut of the film, but this is very on par with how TDWP has always teased an upcoming film. I’m glad that they decided to make this flashy and spark some chatter as we await the release date. They tease just the right amount of reveal to encourage speculation, but they preserve the mystery of what the sequel will actually entail. All of that is intentional. ICONIC👠",42,2026-02-02,@Jmr1133,The Devil Wears Prada 2 | Official Trailer,devil wears prada 2 movie 2026
W7g_ILdShRo,UgxHDW80qhtFu1kVJR14AaABAg,"#Madonna
#QueenOfPop
❤🇧🇷",1,2026-02-05,@JosiasMessiah,The Devil Wears Prada 2 | Official Trailer,devil wears prada 2 movie 2026
W7g_ILdShRo,UgyPrvQS1_Q3gp_z6OR4AaABAg,what the heck is this movie about,1,2026-02-03,@ArnoCronje-q4c,The Devil Wears Prada 2 | Official Trailer,devil wears prada 2 movie 2026
W7g_ILdShRo,UgxzNzBZisiFQyERvyR4AaABAg,Of course we love the trailer and that they are all back but I feel that they made Miranda who was all powerful and mighty in the first film into a stroke victim- How does she not remember Andrea>? or Emily?  Seriously?,74,2026-02-02,@ChristianRuiz-d3v,The Devil Wears Prada 2 | Official Trailer,devil wears prada 2 movie 2026
W7g_ILdShRo,Ugxa3uUpU3LPoLagOr54AaABAg,"The first movie has so much sway and influence on my life and this…? This is what we get for the sequel? A senile Miranda? I’m sorry, but is Alzheimer’s back en mode this spring? Or maybe she’s playing demented which is perfect for her demonic character.",0,2026-02-04,@earlaweese,The Devil Wears Prada 2 | Official Trailer,devil wears prada 2 movie 2026
W7g_ILdShRo,Ugz-LMKma8dSwasim_B4AaABAg,I’m excited but I’m not liking the lighting or color saturation. It’s weird. Please fix it in post before releasing the moving I beg,0,2026-02-04,@karmabutterfly7985,The Devil Wears Prada 2 | Official Trailer,devil wears prada 2 movie 2026
W7g_ILdShRo,UgyQac4WOl6kixugaaJ4AaABAg,Andre not have luck in career still becoem lackey in 40s whil3 3mily become boss.. highly unlukely,1,2026-02-04,@jelficloud4635,The Devil Wears Prada 2 | Official Trailer,devil wears prada 2 movie 2026
W7g_ILdShRo,UgxLGzftRKi3Kgi8H7B4AaABAg,So... the plot is Miranda has Alzheimers or Dementia? So we're getting a succession story and Miranda will pass down the reigns to Andrea but I bet Andrea will share it with Emily OR Andrea will have Emily as her assistant in the end. Someone come back when you see it and tell me if that's the case.,0,2026-02-04,@wtfcanifindanamejeez,The Devil Wears Prada 2 | Official Trailer,devil wears prada 2 movie 2026
W7g_ILdShRo,UgxrzxeVmLzDUsvhQzZ4AaABAg,the lighting is atrocious,1,2026-02-03,@sanrio1222,The Devil Wears Prada 2 | Official Trailer,devil wears prada 2 movie 2026
W7g_ILdShRo,UgzQmUAQaOanMmTlXvN4AaABAg,I hope Andrea's character dumped her loser boyfriend and shows that she has a stunning career,11,2026-02-03,@Pimmy-Pimz,The Devil Wears Prada 2 | Official Trailer,devil wears prada 2 movie 2026
W7g_ILdShRo,UgxsCFLjgoEGtL2GMWB4AaABAg,"I so worry that they will stuff this up. This movie is an icon. Please please don’t make it stupid lipstick comedy. 

The storyline was powerful and inspiring. 

I’ll be watching it for sure.",11,2026-02-03,@R-A-W,The Devil Wears Prada 2 | Official Trailer,devil wears prada 2 movie 2026
W7g_ILdShRo,UgzZ3tuorX6dlyQisZR4AaABAg,They do look fake this time and so predictable that I cannot imagine anything good of this sequel whatsoever,3,2026-02-02,@AVERYCK77,The Devil Wears Prada 2 | Official Trailer,devil wears prada 2 movie 2026
W7g_ILdShRo,Ugy6w93Nou5W-KlrxLh4AaABAg,"Since the first film came out 20 years, it’s obvious all of them have had some major work done. But that’s beside the point. Why ruin a classic movie by putting out another one which to me shows how lazy Hollywood has become. I loved the first one, thought it was very good so I’m not a hater. These never turn out as good as the original. Look at the mess Gladiator 2 was. And it had a mostly a different cast so there was an expectation it might be as good as the original and it was terrible.",3,2026-02-03,@Ldv1969cts5,The Devil Wears Prada 2 | Official Trailer,devil wears prada 2 movie 2026
W7g_ILdShRo,Ugy80RyTFZfW07lXZ_F4AaABAg,"Spoiler Alert: Andi is now temporarily working with Miranda as a Publicist for her while she, Andi, is writing an article for her own publication which she now owns! While the original Emily now runs a completely different division of the magazine. But Stanley's character is still sucking up trying to finally replace Miranda but in the end gets replaced by a younger woman 👠 which leads to DW's P3",1,2026-02-03,@user-vh2tj4hv6k,The Devil Wears Prada 2 | Official Trailer,devil wears prada 2 movie 2026
W7g_ILdShRo,UgwdWMIRs9h6ZyO8Lpd4AaABAg,Miranda is playing Joe Biden,3,2026-02-03,@davidjeffreys6646,The Devil Wears Prada 2 | Official Trailer,devil wears prada 2 movie 2026
W7g_ILdShRo,Ugyrk0r09bciFF86DGl4AaABAg,So played out,2,2026-02-03,@swengeer,The Devil Wears Prada 2 | Official Trailer,devil wears prada 2 movie 2026
W7g_ILdShRo,UgzrWjBbCWHv8drwC6h4AaABAg,It looks crap,4,2026-02-03,@urquhartenator,The Devil Wears Prada 2 | Official Trailer,devil wears prada 2 movie 2026
W7g_ILdShRo,UgwtyFhw_DD8s8pTFlJ4AaABAg,Boring,2,2026-02-03,@daveyandrhettandbowie,The Devil Wears Prada 2 | Official Trailer,devil wears prada 2 movie 2026
L7xnseS54qY,UgzdTf0etKngLJUENkF4AaABAg,"One of my favorite memories ever is watching The Devil Wears Prada in New York City with my Dad, baby brother (who slept on me during it when he wasn't looking out the window at all the action of Times Square below us from Crown Plaza) and my stepmom. It was on Pay Per View on Black Friday that year. Such a great evening. Thank you!",18,2026-05-02,@Devon-v1d,"The Devil Wears Prada 2: Anne Hathaway, Emily Blunt and Stanley Tucci | The Tonight Show",devil wears prada 2 movie 2026
L7xnseS54qY,Ugx1Gtiz7lNETZJ5EvJ4AaABAg,Enjoyed this masterpiece in IMAX love all the cast,10,2026-05-02,@theavengers.,"The Devil Wears Prada 2: Anne Hathaway, Emily Blunt and Stanley Tucci | The Tonight Show",devil wears prada 2 movie 2026
L7xnseS54qY,UgwBP60_sY3cavoDsxV4AaABAg,I’m in love with Anne Hathaway 👠👠.,8,2026-05-02,@tonyrodriguez2943,"The Devil Wears Prada 2: Anne Hathaway, Emily Blunt and Stanley Tucci | The Tonight Show",devil wears prada 2 movie 2026
L7xnseS54qY,UgyOH9amA4QNfXMIuOp4AaABAg,My huge shoutouts from Uzbekistan to all the true fans of Anne Hathaway and Emily Blunt out there! 🇺🇿🇺🇿🇺🇿🙋‍♂️🙋‍♂️,1,2026-05-04,@White_wolf-j5p,"The Devil Wears Prada 2: Anne Hathaway, Emily Blunt and Stanley Tucci | The Tonight Show",devil wears prada 2 movie 2026
L7xnseS54qY,Ugy90TR_TbGMSGScae94AaABAg,"I'm so happy the OG cast came back 
I'm so glad they made the second one",0,2026-05-03,@killjoyqueenz,"The Devil Wears Prada 2: Anne Hathaway, Emily Blunt and Stanley Tucci | The Tonight Show",devil wears prada 2 movie 2026
L7xnseS54qY,UgxNvhc3s537Q2ey8jZ4AaABAg,Enjoyed this masterpiece in IMAX love all the cast ......,7,2026-05-02,@Rebecca-Dh,"The Devil Wears Prada 2: Anne Hathaway, Emily Blunt and Stanley Tucci | The Tonight Show",devil wears prada 2 movie 2026
L7xnseS54qY,Ugwin0JRpDQUY1PmpHp4AaABAg,I'm so glad people are getting together to make movies that I download for free.  Don't stop making free entertainment.,0,2026-05-03,@marcelomay4561,"The Devil Wears Prada 2: Anne Hathaway, Emily Blunt and Stanley Tucci | The Tonight Show",devil wears prada 2 movie 2026
L7xnseS54qY,Ugwfvc5mikwIopDX_s94AaABAg,"Wow. The cast radiated impeccably in the film. Jimmy Fallon, your interaction with the cast has cemented the natural impeccable flow 🔥💖💯💯💗💥. Love the dynamics.",1,2026-05-02,@gadkakurumo1273,"The Devil Wears Prada 2: Anne Hathaway, Emily Blunt and Stanley Tucci | The Tonight Show",devil wears prada 2 movie 2026
L7xnseS54qY,UgzdgLSBh43ZtRxIEFp4AaABAg,Going to see it today. I can’t wait!,1,2026-05-02,@JoyfulRelevantFulfilledLife,"The Devil Wears Prada 2: Anne Hathaway, Emily Blunt and Stanley Tucci | The Tonight Show",devil wears prada 2 movie 2026
L7xnseS54qY,UgzXeo6HjzQiF6pTt7t4AaABAg,Great cast great acting!🎉,0,2026-05-04,@michelejackson2184,"The Devil Wears Prada 2: Anne Hathaway, Emily Blunt and Stanley Tucci | The Tonight Show",devil wears prada 2 movie 2026
L7xnseS54qY,UgxmW4_KUogm_L8bC4l4AaABAg,👍🏆 Fantastic Jimmy! And fantastic guests! Congrats from Finland 👍🏆👍,0,2026-05-02,@SebastianKalliala,"The Devil Wears Prada 2: Anne Hathaway, Emily Blunt and Stanley Tucci | The Tonight Show",devil wears prada 2 movie 2026
L7xnseS54qY,Ugz3EFrwtMCvZfPmewN4AaABAg,WE NEED FREYA SKYE ON THE JIMMY FALLON SHOW!!!,1,2026-05-03,@charlotte.rogers,"The Devil Wears Prada 2: Anne Hathaway, Emily Blunt and Stanley Tucci | The Tonight Show",devil wears prada 2 movie 2026
L7xnseS54qY,UgxLp5bbBFAF-9eFbAF4AaABAg,Love you all. ❤ best energy ever. I love how you do your movie anne. You give how you believe in yourself ❤ you do. ❤,0,2026-05-02,@CharlotteWilliams-o7s2r,"The Devil Wears Prada 2: Anne Hathaway, Emily Blunt and Stanley Tucci | The Tonight Show",devil wears prada 2 movie 2026
L7xnseS54qY,Ugz1DpZ84k663jxWuq54AaABAg,Awesome,0,2026-05-02,@megatoys1054,"The Devil Wears Prada 2: Anne Hathaway, Emily Blunt and Stanley Tucci | The Tonight Show",devil wears prada 2 movie 2026
L7xnseS54qY,UgxhcKZ2-N1gxu50DTx4AaABAg,A cheese wedding cake??? Genius!!,1,2026-05-02,@claudiam4506,"The Devil Wears Prada 2: Anne Hathaway, Emily Blunt and Stanley Tucci | The Tonight Show",devil wears prada 2 movie 2026
L7xnseS54qY,Ugy7SNH3XtTOVOGE9V54AaABAg,man anne moves fast! 4:12,0,2026-05-03,@cjsheu,"The Devil Wears Prada 2: Anne Hathaway, Emily Blunt and Stanley Tucci | The Tonight Show",devil wears prada 2 movie 2026
L7xnseS54qY,Ugzibc-y8hw_0EM_JeB4AaABAg,Saw DWP2 today. It’s a great new movie. 🎥,0,2026-05-02,@MrTraveller.,"The Devil Wears Prada 2: Anne Hathaway, Emily Blunt and Stanley Tucci | The Tonight Show",devil wears prada 2 movie 2026
L7xnseS54qY,Ugxbhy84Ej1H-xkEkRB4AaABAg,"You love korea 
And I love you",1,2026-05-03,@hoshin6204,"The Devil Wears Prada 2: Anne Hathaway, Emily Blunt and Stanley Tucci | The Tonight Show",devil wears prada 2 movie 2026
L7xnseS54qY,UgwDywGaJPT3CQsj2WV4AaABAg,This hairstyle suits Anne more than bangs.,0,2026-05-03,@maryanne7161,"The Devil Wears Prada 2: Anne Hathaway, Emily Blunt and Stanley Tucci | The Tonight Show",devil wears prada 2 movie 2026
L7xnseS54qY,UgxY2QisgXE6GNMAFSx4AaABAg,More Likes For The Tonight Show Starring Jimmy Fallon 👍,0,2026-05-02,@NusretTaras-o1y,"The Devil Wears Prada 2: Anne Hathaway, Emily Blunt and Stanley Tucci | The Tonight Show",devil wears prada 2 movie 2026
L7xnseS54qY,Ugx-AfUKHDcceuicPzl4AaABAg,"Yes an actual ""cheese cake"" we had one at our wedding with the food, we still had a traditional cake.",0,2026-05-02,@HR1Acefox,"The Devil Wears Prada 2: Anne Hathaway, Emily Blunt and Stanley Tucci | The Tonight Show",devil wears prada 2 movie 2026
L7xnseS54qY,UgxPA48hQTa7cgWA5CN4AaABAg,Ma perché questo canale non mette i sottotitoli in varie lingue e anche la sincronizzazione della voce in varie lingue? Come fa ad esempio il canale di Jimmy Kimmel.,2,2026-05-02,@aris1956,"The Devil Wears Prada 2: Anne Hathaway, Emily Blunt and Stanley Tucci | The Tonight Show",devil wears prada 2 movie 2026
L7xnseS54qY,Ugy0A3_wKz46mT1gMEx4AaABAg,Gird your loins. ❤ 😂😂😂❤,0,2026-05-03,@JenniferMcCallister-i4x,"The Devil Wears Prada 2: Anne Hathaway, Emily Blunt and Stanley Tucci | The Tonight Show",devil wears prada 2 movie 2026
L7xnseS54qY,Ugyu70zeYQBiu3kyjHh4AaABAg,"43 Anne Hathaway
45 husband Adam Shulman
M 2012

65 Stanley Tucci
44 wife Felicity Blunt
M 2012
Emily Blunt's sister
Tanqueray No ten Gin
Stanley Tucci
5 kiddies

43 Emily Blunt
46 husband J0hn Krasinski 
M 2010",1,2026-05-02,@MinaGreen8845,"The Devil Wears Prada 2: Anne Hathaway, Emily Blunt and Stanley Tucci | The Tonight Show",devil wears prada 2 movie 2026
L7xnseS54qY,UgwjhBIAw3kVLOtWOnR4AaABAg,I never knew that Trump wears Prada.,3,2026-05-02,@michaelcaywood6070,"The Devil Wears Prada 2: Anne Hathaway, Emily Blunt and Stanley Tucci | The Tonight Show",devil wears prada 2 movie 2026
L7xnseS54qY,UgyUosbKgMJvPt_jcE94AaABAg,👠👠,0,2026-05-02,@kathrin-mariasamarrastehle6538,"The Devil Wears Prada 2: Anne Hathaway, Emily Blunt and Stanley Tucci | The Tonight Show",devil wears prada 2 movie 2026
L7xnseS54qY,Ugxj24nC7_Et2YxObYZ4AaABAg,Rdj as dr doom,0,2026-05-02,@AyushJyoti-b3h,"The Devil Wears Prada 2: Anne Hathaway, Emily Blunt and Stanley Tucci | The Tonight Show",devil wears prada 2 movie 2026
L7xnseS54qY,UgxhHS4w04nNuoXktdR4AaABAg,"The first film was an instant classic. This second film was too much filler, not enough story. It was a total dud. None of the magic from the first remains. I had such high hopes.",0,2026-05-03,@donnielee8556,"The Devil Wears Prada 2: Anne Hathaway, Emily Blunt and Stanley Tucci | The Tonight Show",devil wears prada 2 movie 2026
L7xnseS54qY,Ugz--EdE9gehR5gzC6l4AaABAg,Who are waiting for Avengers doomsday trailer?,1,2026-05-02,@AyushJyoti-b3h,"The Devil Wears Prada 2: Anne Hathaway, Emily Blunt and Stanley Tucci | The Tonight Show",devil wears prada 2 movie 2026
L7xnseS54qY,Ugz7YQ_lLbjUCQVaPnx4AaABAg,Most biggest movie in the world Avengers doomsday,0,2026-05-02,@AyushJyoti-b3h,"The Devil Wears Prada 2: Anne Hathaway, Emily Blunt and Stanley Tucci | The Tonight Show",devil wears prada 2 movie 2026
L7xnseS54qY,UgyuKU1CSqhDywUB1X14AaABAg,Such a great movie. 💚,0,2026-05-03,@learnwith_seth,"The Devil Wears Prada 2: Anne Hathaway, Emily Blunt and Stanley Tucci | The Tonight Show",devil wears prada 2 movie 2026
6hsYFNaQyRg,UgykOpivum6kVSIWzuF4AaABAg,"""May the bridges I burnt light my way."" Emily",237,2026-04-13,@GermánMontejano-c5i,"The Devil Wears Prada 2 Exclusive Trailer | 2026, May 1 | Anne Hathaway | TeaserPRO&#39;s ConceptVersion",devil wears prada 2 movie 2026
6hsYFNaQyRg,UgzMvUxlOfRv70uYzwl4AaABAg,The background music has changed it from romantic-comedy to a serious drama ❤,468,2026-04-12,@ronishez,"The Devil Wears Prada 2 Exclusive Trailer | 2026, May 1 | Anne Hathaway | TeaserPRO&#39;s ConceptVersion",devil wears prada 2 movie 2026
6hsYFNaQyRg,UgyLW2HhkPRO-GEnRLt4AaABAg,What I love is I still don't know exactly what's going on. Like the trailers are still not revealing everything and I appreciate that lol.,192,2026-04-12,@SeanPrevil,"The Devil Wears Prada 2 Exclusive Trailer | 2026, May 1 | Anne Hathaway | TeaserPRO&#39;s ConceptVersion",devil wears prada 2 movie 2026
6hsYFNaQyRg,UgwMgDldjIsHqQUxQsB4AaABAg,"""They forgot who created it"" is peak Miranda",85,2026-04-13,@SilvaVermillion,"The Devil Wears Prada 2 Exclusive Trailer | 2026, May 1 | Anne Hathaway | TeaserPRO&#39;s ConceptVersion",devil wears prada 2 movie 2026
6hsYFNaQyRg,Ugwow4C1VoECUNfkyJ54AaABAg,"This looks wayyyy better,it seams runway's is not doing so good , the office looks cheaper and the Emily's offices looks wayyyy Richer 😮",602,2026-04-11,@JBittermusic,"The Devil Wears Prada 2 Exclusive Trailer | 2026, May 1 | Anne Hathaway | TeaserPRO&#39;s ConceptVersion",devil wears prada 2 movie 2026
6hsYFNaQyRg,Ugz5K_B5-LZOr5vwO3t4AaABAg,The first part is a film from my youth. I'm so happy that the second part is coming out. I'll definitely go see it with my daughter,144,2026-04-11,@monaroxtv3690,"The Devil Wears Prada 2 Exclusive Trailer | 2026, May 1 | Anne Hathaway | TeaserPRO&#39;s ConceptVersion",devil wears prada 2 movie 2026
6hsYFNaQyRg,UgyHBL3fdPBjqUDAKeR4AaABAg,This trailer is SO much better than the others.,54,2026-04-12,@love.legacy,"The Devil Wears Prada 2 Exclusive Trailer | 2026, May 1 | Anne Hathaway | TeaserPRO&#39;s ConceptVersion",devil wears prada 2 movie 2026
6hsYFNaQyRg,Ugxqapgjd8Lk8ARfM8N4AaABAg,The final phrase is fire 😭,57,2026-04-12,@davidrr8741,"The Devil Wears Prada 2 Exclusive Trailer | 2026, May 1 | Anne Hathaway | TeaserPRO&#39;s ConceptVersion",devil wears prada 2 movie 2026
6hsYFNaQyRg,UgzGTxxEwaDTmX7Nh4N4AaABAg,So basically a mashup of all the trailers with a fresh thumbnail.,81,2026-04-12,@robisko9749,"The Devil Wears Prada 2 Exclusive Trailer | 2026, May 1 | Anne Hathaway | TeaserPRO&#39;s ConceptVersion",devil wears prada 2 movie 2026
6hsYFNaQyRg,Ugw3INr2r1V7SVrn3c94AaABAg,Finally an exciting trailer that makes you think there might be something about that movie...,47,2026-04-12,@duben55,"The Devil Wears Prada 2 Exclusive Trailer | 2026, May 1 | Anne Hathaway | TeaserPRO&#39;s ConceptVersion",devil wears prada 2 movie 2026
6hsYFNaQyRg,UgwH1uNNK_qECBiRqax4AaABAg,The only trailer that finally makes me want to watch it.,21,2026-04-13,@ilerilawal,"The Devil Wears Prada 2 Exclusive Trailer | 2026, May 1 | Anne Hathaway | TeaserPRO&#39;s ConceptVersion",devil wears prada 2 movie 2026
6hsYFNaQyRg,UgxXd6aTvsAMxAomKLF4AaABAg,Looks like the Succession version of Devil Wears Prada.,44,2026-04-12,@cameronmcmurdie6256,"The Devil Wears Prada 2 Exclusive Trailer | 2026, May 1 | Anne Hathaway | TeaserPRO&#39;s ConceptVersion",devil wears prada 2 movie 2026
6hsYFNaQyRg,UgwPIKtHc1ZlJXQ3EN54AaABAg,Gird your loins boys and girls.  Here we go.!,10,2026-04-13,@MyrddinREmrys,"The Devil Wears Prada 2 Exclusive Trailer | 2026, May 1 | Anne Hathaway | TeaserPRO&#39;s ConceptVersion",devil wears prada 2 movie 2026
6hsYFNaQyRg,UgyRbHtR8u3SKu4qf4x4AaABAg,Como mola que ganas de verla ya,0,2026-04-28,@victorfernandezpenalver3043,"The Devil Wears Prada 2 Exclusive Trailer | 2026, May 1 | Anne Hathaway | TeaserPRO&#39;s ConceptVersion",devil wears prada 2 movie 2026
6hsYFNaQyRg,Ugzyj4aixNbss3_MxyB4AaABAg,TUCCI sounds like GUCCI. Omg,10,2026-04-12,@tojin,"The Devil Wears Prada 2 Exclusive Trailer | 2026, May 1 | Anne Hathaway | TeaserPRO&#39;s ConceptVersion",devil wears prada 2 movie 2026
6hsYFNaQyRg,UgyAaajpLHiMRV5Ih1V4AaABAg,Can't wait ❤️‍🔥,1,2026-04-25,@yoon.ayeong,"The Devil Wears Prada 2 Exclusive Trailer | 2026, May 1 | Anne Hathaway | TeaserPRO&#39;s ConceptVersion",devil wears prada 2 movie 2026
6hsYFNaQyRg,Ugy8Y34t8N8oEFe85vF4AaABAg,How is it Stanley Tucci doesn’t change at all?! ❤,11,2026-04-13,@rsavitri,"The Devil Wears Prada 2 Exclusive Trailer | 2026, May 1 | Anne Hathaway | TeaserPRO&#39;s ConceptVersion",devil wears prada 2 movie 2026
6hsYFNaQyRg,UgwUhUyT3CarC4P9nlV4AaABAg,The movie of the movies this year!,7,2026-04-13,@Surfing1709,"The Devil Wears Prada 2 Exclusive Trailer | 2026, May 1 | Anne Hathaway | TeaserPRO&#39;s ConceptVersion",devil wears prada 2 movie 2026
6hsYFNaQyRg,UgzocXpIXJ67i5kconJ4AaABAg,Is that Anna Wintour in the red coat at 0:11 ?,24,2026-04-13,@kristend344,"The Devil Wears Prada 2 Exclusive Trailer | 2026, May 1 | Anne Hathaway | TeaserPRO&#39;s ConceptVersion",devil wears prada 2 movie 2026
6hsYFNaQyRg,UgwmP_ADQtiBsuXe6rt4AaABAg,I’ve watched like 3 trailers by now,2,2026-04-12,@Abcd-e7r7j,"The Devil Wears Prada 2 Exclusive Trailer | 2026, May 1 | Anne Hathaway | TeaserPRO&#39;s ConceptVersion",devil wears prada 2 movie 2026
6hsYFNaQyRg,UgxewG2dQYvV3aAfMEJ4AaABAg,I cannot wait to see this  !,3,2026-04-12,@brooke7464,"The Devil Wears Prada 2 Exclusive Trailer | 2026, May 1 | Anne Hathaway | TeaserPRO&#39;s ConceptVersion",devil wears prada 2 movie 2026
6hsYFNaQyRg,UgyAVSZ7LcKO1PZLMmx4AaABAg,I'm there.,2,2026-04-14,@dlross173,"The Devil Wears Prada 2 Exclusive Trailer | 2026, May 1 | Anne Hathaway | TeaserPRO&#39;s ConceptVersion",devil wears prada 2 movie 2026
6hsYFNaQyRg,UgyBm6YVplmVwK9VQCV4AaABAg,Wait ANNA WINTOUR is in the movie..,20,2026-04-12,@22OS89,"The Devil Wears Prada 2 Exclusive Trailer | 2026, May 1 | Anne Hathaway | TeaserPRO&#39;s ConceptVersion",devil wears prada 2 movie 2026
6hsYFNaQyRg,Ugwfy9m9P1dSsMG5e1Z4AaABAg,Superb,1,2026-04-15,@1monagale,"The Devil Wears Prada 2 Exclusive Trailer | 2026, May 1 | Anne Hathaway | TeaserPRO&#39;s ConceptVersion",devil wears prada 2 movie 2026
6hsYFNaQyRg,UgwgMllxvEc3heJiyAd4AaABAg,Que excelentísimo trabajooooo!!!!! ustedes debieran ser contratados inmediatamente!!!,1,2026-04-14,@fquinterosp,"The Devil Wears Prada 2 Exclusive Trailer | 2026, May 1 | Anne Hathaway | TeaserPRO&#39;s ConceptVersion",devil wears prada 2 movie 2026
6hsYFNaQyRg,UgyXGpWoktO8D82lysB4AaABAg,amazing,1,2026-04-12,@pain6790,"The Devil Wears Prada 2 Exclusive Trailer | 2026, May 1 | Anne Hathaway | TeaserPRO&#39;s ConceptVersion",devil wears prada 2 movie 2026
6hsYFNaQyRg,Ugw4DSTYeaAezzf_-ox4AaABAg,Going on solo date with this movie,1,2026-04-12,@rajbirsandhu3361,"The Devil Wears Prada 2 Exclusive Trailer | 2026, May 1 | Anne Hathaway | TeaserPRO&#39;s ConceptVersion",devil wears prada 2 movie 2026
6hsYFNaQyRg,UgxFEjwo2X6Dtdx24sR4AaABAg,"After 26 years, wow.",0,2026-04-13,@Daniel-Ethan,"The Devil Wears Prada 2 Exclusive Trailer | 2026, May 1 | Anne Hathaway | TeaserPRO&#39;s ConceptVersion",devil wears prada 2 movie 2026
6hsYFNaQyRg,UgzVY2kRbCrnuA1Ace14AaABAg,"I give the marketing people credit for having finally learned to make a trailer that divulges nothing of the plot. The premise, yes, but not the plot.",6,2026-04-14,@antmagor,"The Devil Wears Prada 2 Exclusive Trailer | 2026, May 1 | Anne Hathaway | TeaserPRO&#39;s ConceptVersion",devil wears prada 2 movie 2026
6hsYFNaQyRg,UgzATQPm4zgYFGowNQl4AaABAg,"E pensar que eu assisti o primeiro filme com 15/16 anos, e hoje eu tenho 32 anos...
O primeiro filme foi um dos filmes que eu mais assisti na minha vida.",7,2026-04-11,@DavidSilva.1993,"The Devil Wears Prada 2 Exclusive Trailer | 2026, May 1 | Anne Hathaway | TeaserPRO&#39;s ConceptVersion",devil wears prada 2 movie 2026
6hsYFNaQyRg,UgyjBoUYl_b4OGvm8Qt4AaABAg,O DIABO Veste VERMELHO 13,2,2026-04-14,@CARLOS-h8b4z,"The Devil Wears Prada 2 Exclusive Trailer | 2026, May 1 | Anne Hathaway | TeaserPRO&#39;s ConceptVersion",devil wears prada 2 movie 2026
6hsYFNaQyRg,UgxRZgYlLBOogNktRLB4AaABAg,Been in love with Anne Hathaway since her first movie,1,2026-04-12,@user-PUNK4LIFE,"The Devil Wears Prada 2 Exclusive Trailer | 2026, May 1 | Anne Hathaway | TeaserPRO&#39;s ConceptVersion",devil wears prada 2 movie 2026
6hsYFNaQyRg,UgyYsC0mEQXvdYkvLYV4AaABAg,I saw the whole movie,0,2026-04-12,@LPBineli,"The Devil Wears Prada 2 Exclusive Trailer | 2026, May 1 | Anne Hathaway | TeaserPRO&#39;s ConceptVersion",devil wears prada 2 movie 2026
6hsYFNaQyRg,UgzAo8YU4J7lQfnPI2Z4AaABAg,So many great trailers so far. Just come out with it already! And I better am not disappointed with the full movie 😂😂😂,1,2026-04-18,@sufangish,"The Devil Wears Prada 2 Exclusive Trailer | 2026, May 1 | Anne Hathaway | TeaserPRO&#39;s ConceptVersion",devil wears prada 2 movie 2026
6hsYFNaQyRg,Ugwj7WbC3D5IMEb0MPJ4AaABAg,Woww,1,2026-04-13,@jonigiri_00,"The Devil Wears Prada 2 Exclusive Trailer | 2026, May 1 | Anne Hathaway | TeaserPRO&#39;s ConceptVersion",devil wears prada 2 movie 2026
6hsYFNaQyRg,Ugyb_Ge8ZEXg0CaA0jh4AaABAg,I'm really looking forward to this movie,32,2026-04-11,@YagamiLightt,"The Devil Wears Prada 2 Exclusive Trailer | 2026, May 1 | Anne Hathaway | TeaserPRO&#39;s ConceptVersion",devil wears prada 2 movie 2026
6hsYFNaQyRg,UgwdJHXT_hFkG_Q_5V54AaABAg,Is that Anna wintour 11 seconds in,19,2026-04-12,@ashirshah6365,"The Devil Wears Prada 2 Exclusive Trailer | 2026, May 1 | Anne Hathaway | TeaserPRO&#39;s ConceptVersion",devil wears prada 2 movie 2026
6hsYFNaQyRg,UgyUYxAviX578DbzyCV4AaABAg,Can’t waitttttt ❤,3,2026-04-12,@laurateixeira4182,"The Devil Wears Prada 2 Exclusive Trailer | 2026, May 1 | Anne Hathaway | TeaserPRO&#39;s ConceptVersion",devil wears prada 2 movie 2026
6hsYFNaQyRg,Ugz0-WF4TQ2FE9YMWbV4AaABAg,Stunning!,2,2026-04-13,@KCNwokoye,"The Devil Wears Prada 2 Exclusive Trailer | 2026, May 1 | Anne Hathaway | TeaserPRO&#39;s ConceptVersion",devil wears prada 2 movie 2026
6hsYFNaQyRg,UgytTsAzuCYYFhuf8YF4AaABAg,esta pelicula es interesante el poder siempre es seductor a todods los niveles,1,2026-04-15,@gaticafl3372,"The Devil Wears Prada 2 Exclusive Trailer | 2026, May 1 | Anne Hathaway | TeaserPRO&#39;s ConceptVersion",devil wears prada 2 movie 2026
6hsYFNaQyRg,UgzbAbcXr_wqRqBusCB4AaABAg,I see the foundation for shows like succession and billions have returned  can't wait one of my favorite movies,3,2026-04-14,@youngdez8314,"The Devil Wears Prada 2 Exclusive Trailer | 2026, May 1 | Anne Hathaway | TeaserPRO&#39;s ConceptVersion",devil wears prada 2 movie 2026
6hsYFNaQyRg,UgyjcTOTE10uqt6UIhZ4AaABAg,,1,2026-05-02,@kathrin-mariasamarrastehle6538,"The Devil Wears Prada 2 Exclusive Trailer | 2026, May 1 | Anne Hathaway | TeaserPRO&#39;s ConceptVersion",devil wears prada 2 movie 2026
6hsYFNaQyRg,UgwG8enMa5RoWKhf7Qt4AaABAg,This is the best version amount all so far.,1,2026-04-16,@marcofeature,"The Devil Wears Prada 2 Exclusive Trailer | 2026, May 1 | Anne Hathaway | TeaserPRO&#39;s ConceptVersion",devil wears prada 2 movie 2026
6hsYFNaQyRg,UgzM2Mrgw3xmSkhyLnV4AaABAg,Gaun yg santainya bagus. Yg dipinjam dari Nigel,0,2026-04-29,@serbacerita3985,"The Devil Wears Prada 2 Exclusive Trailer | 2026, May 1 | Anne Hathaway | TeaserPRO&#39;s ConceptVersion",devil wears prada 2 movie 2026
6hsYFNaQyRg,UgzwZBWGsvptzwB5XLB4AaABAg,"OMG What A CAST!!!!!! Strap-in folks`…. Errr, s`trap ON!!!!!!! ‘Sgonna’ be good!!!!!",6,2026-04-13,@OJTPhD,"The Devil Wears Prada 2 Exclusive Trailer | 2026, May 1 | Anne Hathaway | TeaserPRO&#39;s ConceptVersion",devil wears prada 2 movie 2026
6hsYFNaQyRg,Ugw9Beni3ovXypBsdEN4AaABAg,Omg.  I just can't wait.  🎉🎉,1,2026-04-13,@Raquellavender6992,"The Devil Wears Prada 2 Exclusive Trailer | 2026, May 1 | Anne Hathaway | TeaserPRO&#39;s ConceptVersion",devil wears prada 2 movie 2026
6hsYFNaQyRg,Ugyu-Y8y6chFrWTSH494AaABAg,CALEB HEARON!!!!!,0,2026-04-13,@celiaparks,"The Devil Wears Prada 2 Exclusive Trailer | 2026, May 1 | Anne Hathaway | TeaserPRO&#39;s ConceptVersion",devil wears prada 2 movie 2026
6hsYFNaQyRg,Ugzium17DkXXzrLP1Nx4AaABAg,Love ❤️ that final comment!!!! 🎯,1,2026-04-12,@joannemeeks745,"The Devil Wears Prada 2 Exclusive Trailer | 2026, May 1 | Anne Hathaway | TeaserPRO&#39;s ConceptVersion",devil wears prada 2 movie 2026
6hsYFNaQyRg,UgyEudGvGrT_mRqm23J4AaABAg,EYYY MY FAV VAMPS,2,2026-04-13,@ThAtGurRlOvErThErE,"The Devil Wears Prada 2 Exclusive Trailer | 2026, May 1 | Anne Hathaway | TeaserPRO&#39;s ConceptVersion",devil wears prada 2 movie 2026
6hsYFNaQyRg,Ugz6imgtcZP4-pg5v514AaABAg,Cool,5,2026-04-11,@Filmtrailers08official,"The Devil Wears Prada 2 Exclusive Trailer | 2026, May 1 | Anne Hathaway | TeaserPRO&#39;s ConceptVersion",devil wears prada 2 movie 2026
6hsYFNaQyRg,UgxA-RdbyoYZBrLMFQt4AaABAg,OMG I CAN NOT WAIT...,0,2026-04-17,@lilddabbin3010,"The Devil Wears Prada 2 Exclusive Trailer | 2026, May 1 | Anne Hathaway | TeaserPRO&#39;s ConceptVersion",devil wears prada 2 movie 2026
6hsYFNaQyRg,UgxFFP8K8-2ACC4UONN4AaABAg,The Devil wears PRADA 2 ❤❤❤❤,1,2026-04-12,@GerlindeKunze-y8t,"The Devil Wears Prada 2 Exclusive Trailer | 2026, May 1 | Anne Hathaway | TeaserPRO&#39;s ConceptVersion",devil wears prada 2 movie 2026
6hsYFNaQyRg,UgyAw3sqyt3e75jqCft4AaABAg,show the damn movie already 😭,0,2026-04-15,@laika8124,"The Devil Wears Prada 2 Exclusive Trailer | 2026, May 1 | Anne Hathaway | TeaserPRO&#39;s ConceptVersion",devil wears prada 2 movie 2026
6hsYFNaQyRg,UgzpG3Lwfg2Sqk4BO1V4AaABAg,Wait was that Caleb?!,1,2026-04-12,@stresseddesserts7993,"The Devil Wears Prada 2 Exclusive Trailer | 2026, May 1 | Anne Hathaway | TeaserPRO&#39;s ConceptVersion",devil wears prada 2 movie 2026
6hsYFNaQyRg,UgzmX6A3xh2B00bhA094AaABAg,"Hum...funny that...you know watching this shows more than other trailers, this is REALLY GOING TO WORK SUCCESSFULLY!!  
Indeed 20 years of growing hope, now anticipation on to reality in + 2 weeks, 1st May all revealed, I bet it is truely really good, yes....""a winding road that brings us all back""! Cheers all!",3,2026-04-15,@thomarch81,"The Devil Wears Prada 2 Exclusive Trailer | 2026, May 1 | Anne Hathaway | TeaserPRO&#39;s ConceptVersion",devil wears prada 2 movie 2026
6hsYFNaQyRg,Ugy_foQ34aYXDvIh5CJ4AaABAg,😍😍 Simone Ashley,0,2026-04-12,@annalisaiaccarino6911,"The Devil Wears Prada 2 Exclusive Trailer | 2026, May 1 | Anne Hathaway | TeaserPRO&#39;s ConceptVersion",devil wears prada 2 movie 2026
6hsYFNaQyRg,UgwsT9XjzhJK8uO0K_p4AaABAg,Ratchasi JayaPRADA Part 2,0,2026-04-27,@invisibleAI-i7b,"The Devil Wears Prada 2 Exclusive Trailer | 2026, May 1 | Anne Hathaway | TeaserPRO&#39;s ConceptVersion",devil wears prada 2 movie 2026
6hsYFNaQyRg,UgzPWegxbCNaMtk7e9J4AaABAg,"oh, so the ""Do we know each other"" skit from Vogue is going to be on the movie or a partof it anyway...",1,2026-04-14,@lazaromurad322,"The Devil Wears Prada 2 Exclusive Trailer | 2026, May 1 | Anne Hathaway | TeaserPRO&#39;s ConceptVersion",devil wears prada 2 movie 2026
6hsYFNaQyRg,Ugw6RCDhEPz-w3yo46l4AaABAg,The Devil looks more frightening here in this clip...,1,2026-04-13,@majinterra11,"The Devil Wears Prada 2 Exclusive Trailer | 2026, May 1 | Anne Hathaway | TeaserPRO&#39;s ConceptVersion",devil wears prada 2 movie 2026
6hsYFNaQyRg,Ugw2bujFJUSk4ES4sxN4AaABAg,Não sei o porquê mas achei a Streep parecida com a Anjelica Huston nesse filme. 🤪,0,2026-04-15,@Yottameni,"The Devil Wears Prada 2 Exclusive Trailer | 2026, May 1 | Anne Hathaway | TeaserPRO&#39;s ConceptVersion",devil wears prada 2 movie 2026
6hsYFNaQyRg,UgyQIBl54n7veFAbLJJ4AaABAg,Streep looks gorgeous! Dark lighting helps of course! Funny how all scenes are at night!,3,2026-04-15,@janerichards3868,"The Devil Wears Prada 2 Exclusive Trailer | 2026, May 1 | Anne Hathaway | TeaserPRO&#39;s ConceptVersion",devil wears prada 2 movie 2026
6hsYFNaQyRg,Ugxa4X1EthP2Sny1o2F4AaABAg,Эмили Блант - красоточка! ))),1,2026-04-14,@Pap_Ko,"The Devil Wears Prada 2 Exclusive Trailer | 2026, May 1 | Anne Hathaway | TeaserPRO&#39;s ConceptVersion",devil wears prada 2 movie 2026
6hsYFNaQyRg,Ugw-sh2tIL9sHkUN2Dt4AaABAg,Welcome back 👠❤,2,2026-04-14,@Jesusofsuburbia-d9r,"The Devil Wears Prada 2 Exclusive Trailer | 2026, May 1 | Anne Hathaway | TeaserPRO&#39;s ConceptVersion",devil wears prada 2 movie 2026
6hsYFNaQyRg,UgzVT9QFXDFmzix_B4V4AaABAg,Juste the devil ! FrankEpstein 😈,0,2026-04-28,@Michelle-s3r8g,"The Devil Wears Prada 2 Exclusive Trailer | 2026, May 1 | Anne Hathaway | TeaserPRO&#39;s ConceptVersion",devil wears prada 2 movie 2026
6hsYFNaQyRg,Ugw6hMfxmdV1gNMVzDF4AaABAg,Cant wait to see these girls in amazing clothes.,0,2026-04-12,@mihir5451,"The Devil Wears Prada 2 Exclusive Trailer | 2026, May 1 | Anne Hathaway | TeaserPRO&#39;s ConceptVersion",devil wears prada 2 movie 2026
6hsYFNaQyRg,UgwirbQn4ezCZXtyJ454AaABAg,💅🫦,0,2026-04-11,@Bront272,"The Devil Wears Prada 2 Exclusive Trailer | 2026, May 1 | Anne Hathaway | TeaserPRO&#39;s ConceptVersion",devil wears prada 2 movie 2026
6hsYFNaQyRg,UgwoqqtoO4qxRypnnjd4AaABAg,"Trailer is top tier, makes me want to actually go see it. Awesome job!",2,2026-04-13,@PhilipThompson1990,"The Devil Wears Prada 2 Exclusive Trailer | 2026, May 1 | Anne Hathaway | TeaserPRO&#39;s ConceptVersion",devil wears prada 2 movie 2026
6hsYFNaQyRg,UgzQliK6l2EJoYiLJmJ4AaABAg,That scream is familiar....,0,2026-04-13,@RZNAANX,"The Devil Wears Prada 2 Exclusive Trailer | 2026, May 1 | Anne Hathaway | TeaserPRO&#39;s ConceptVersion",devil wears prada 2 movie 2026
6hsYFNaQyRg,UgwaSFLE1lMmHj2dTcp4AaABAg,This is the best trailer so far for the movie.,0,2026-04-14,@loreneaustin5304,"The Devil Wears Prada 2 Exclusive Trailer | 2026, May 1 | Anne Hathaway | TeaserPRO&#39;s ConceptVersion",devil wears prada 2 movie 2026
6hsYFNaQyRg,UgyFb4NeNxDqrXJR3iV4AaABAg,There's no way this movie can cast 2 Oscars Winners and 2 Oscars Nominees if they were not involved in the first movie. Whoever did the casting on the first movie deserves an award!,19,2026-04-13,@tiararoxeanne1318,"The Devil Wears Prada 2 Exclusive Trailer | 2026, May 1 | Anne Hathaway | TeaserPRO&#39;s ConceptVersion",devil wears prada 2 movie 2026
6hsYFNaQyRg,UgzOP8tI5IqdTXVuCb94AaABAg,Did anyone else see the Caleb harring shot ???,0,2026-04-14,@vit-z5g,"The Devil Wears Prada 2 Exclusive Trailer | 2026, May 1 | Anne Hathaway | TeaserPRO&#39;s ConceptVersion",devil wears prada 2 movie 2026
6hsYFNaQyRg,Ugytwfs13JVmxFhBoWV4AaABAg,Ok this trailer is way better than the previous ones,0,2026-04-15,@mat_deb5821,"The Devil Wears Prada 2 Exclusive Trailer | 2026, May 1 | Anne Hathaway | TeaserPRO&#39;s ConceptVersion",devil wears prada 2 movie 2026
6hsYFNaQyRg,UgwdwXWsRD33zC7bOmt4AaABAg,CASO DE POLÍCIA:PACIENTE TENTOU AVISAR. NEGLIGENCIA É CRIME.,0,2026-04-25,@sylvaneidesoares5025,"The Devil Wears Prada 2 Exclusive Trailer | 2026, May 1 | Anne Hathaway | TeaserPRO&#39;s ConceptVersion",devil wears prada 2 movie 2026
6hsYFNaQyRg,UgzsZ9jK5zo4ZUHgF9Z4AaABAg,Musk's Mother in this movie,0,2026-04-14,@xubarney1326,"The Devil Wears Prada 2 Exclusive Trailer | 2026, May 1 | Anne Hathaway | TeaserPRO&#39;s ConceptVersion",devil wears prada 2 movie 2026
6hsYFNaQyRg,Ugy8D6_tCD_k2ofcuix4AaABAg,"The more I see about this movie, the more inclined I am to wait until it hits streaming",0,2026-04-22,@the-shadowed-gallery,"The Devil Wears Prada 2 Exclusive Trailer | 2026, May 1 | Anne Hathaway | TeaserPRO&#39;s ConceptVersion",devil wears prada 2 movie 2026
6hsYFNaQyRg,UgxFbrkInsP236Bn9gV4AaABAg,"We need a Part 3, a Part 4 a TV series 😂 All the above. Cannot wait until 01 May 2026!",0,2026-04-30,@JC-kk7zz,"The Devil Wears Prada 2 Exclusive Trailer | 2026, May 1 | Anne Hathaway | TeaserPRO&#39;s ConceptVersion",devil wears prada 2 movie 2026
6hsYFNaQyRg,UgwsYW3-J0rq0sMuU-54AaABAg,CALEB HEARON?,0,2026-04-12,@shreyu1312,"The Devil Wears Prada 2 Exclusive Trailer | 2026, May 1 | Anne Hathaway | TeaserPRO&#39;s ConceptVersion",devil wears prada 2 movie 2026
6hsYFNaQyRg,UgyffrLEI_-MB8D8m-V4AaABAg,When is it been released? Can’t wait to see it.,0,2026-04-25,@rebeccacoverley5823,"The Devil Wears Prada 2 Exclusive Trailer | 2026, May 1 | Anne Hathaway | TeaserPRO&#39;s ConceptVersion",devil wears prada 2 movie 2026
6hsYFNaQyRg,UgxOvUqa1Bg9CfDRfxV4AaABAg,When is this releasing in india?,0,2026-04-16,@p4umce,"The Devil Wears Prada 2 Exclusive Trailer | 2026, May 1 | Anne Hathaway | TeaserPRO&#39;s ConceptVersion",devil wears prada 2 movie 2026
6hsYFNaQyRg,UgyfJbELV6uWbx_RTNt4AaABAg,"Sidenote, I don’t know if the masquerade dress in the photo icon is actually in the movie or if it was just Clickbait, but assuming it’s in the movie, who besides me thinks they’re calling out Emma Stone‘s Cruella. If it should generate a sequel, I am all for it.",3,2026-04-14,@antmagor,"The Devil Wears Prada 2 Exclusive Trailer | 2026, May 1 | Anne Hathaway | TeaserPRO&#39;s ConceptVersion",devil wears prada 2 movie 2026
6hsYFNaQyRg,Ugzpz0cQ1XaPzPOFKdZ4AaABAg,You know you've made it in Hollwood when they only use your last name...,0,2026-04-19,@tracyd27,"The Devil Wears Prada 2 Exclusive Trailer | 2026, May 1 | Anne Hathaway | TeaserPRO&#39;s ConceptVersion",devil wears prada 2 movie 2026
6hsYFNaQyRg,UgwGhpq3D6SZhddVX8V4AaABAg,"The only person i want to see here is Stanley Tucci.. The Man doesn't age so versatile , I like everything he plays.",1,2026-04-15,@llennox7915,"The Devil Wears Prada 2 Exclusive Trailer | 2026, May 1 | Anne Hathaway | TeaserPRO&#39;s ConceptVersion",devil wears prada 2 movie 2026
6hsYFNaQyRg,UgwfzX3t-46ulSEVbCJ4AaABAg,"How do Meryl,  Anne and Stanley not look a single year older than in the first one?",2,2026-04-14,@gabiausten8774,"The Devil Wears Prada 2 Exclusive Trailer | 2026, May 1 | Anne Hathaway | TeaserPRO&#39;s ConceptVersion",devil wears prada 2 movie 2026
6hsYFNaQyRg,Ugx11gU4BoxwEhAvq3V4AaABAg,How come I don’t see any storylines shown in the trailers so far? What’s the plot?,0,2026-04-25,@deloresdu830,"The Devil Wears Prada 2 Exclusive Trailer | 2026, May 1 | Anne Hathaway | TeaserPRO&#39;s ConceptVersion",devil wears prada 2 movie 2026
6hsYFNaQyRg,Ugz8j2GzikGyy_PUiSp4AaABAg,It seems like Emily promoted her way up and now she's competing with Miranda.,1,2026-04-12,@tojin,"The Devil Wears Prada 2 Exclusive Trailer | 2026, May 1 | Anne Hathaway | TeaserPRO&#39;s ConceptVersion",devil wears prada 2 movie 2026
6hsYFNaQyRg,UgxupD3ZFhihERQCdH14AaABAg,Miranda wld nvr go to a secretarys house,0,2026-04-12,@shyamadantu7885,"The Devil Wears Prada 2 Exclusive Trailer | 2026, May 1 | Anne Hathaway | TeaserPRO&#39;s ConceptVersion",devil wears prada 2 movie 2026
6hsYFNaQyRg,UgzhysvL7rqCJHvFR714AaABAg,THE FINAL IS ICONIC❤,3,2026-04-13,@puckychunoficial,"The Devil Wears Prada 2 Exclusive Trailer | 2026, May 1 | Anne Hathaway | TeaserPRO&#39;s ConceptVersion",devil wears prada 2 movie 2026
6hsYFNaQyRg,Ugw1Qkf_DJxTs8qomrp4AaABAg,"Miranda sounds a bit tired, like she's ready to retire (and I don't mean it in a bad way, that woman has worked her ass off for probably nearly 50 years, she has all the right to step down, but she still keeps on fighting for Runway, what a woman)",0,2026-04-23,@blackphoenix_02,"The Devil Wears Prada 2 Exclusive Trailer | 2026, May 1 | Anne Hathaway | TeaserPRO&#39;s ConceptVersion",devil wears prada 2 movie 2026
6hsYFNaQyRg,UgzEejwjYkByu2QPg4t4AaABAg,Why do trailers basically give you the whole movie in a nutshell. I do not think this movie will be good because it will try and recapture some of the magic the first one had. Times have changed and that really makes a difference when it comes to certain movies. It's funny to think this movie came out right before the explosion of social media and it's sort of nostalgic.,1,2026-04-16,@comment5398,"The Devil Wears Prada 2 Exclusive Trailer | 2026, May 1 | Anne Hathaway | TeaserPRO&#39;s ConceptVersion",devil wears prada 2 movie 2026
6hsYFNaQyRg,UgzG7ga3WUixENRe6Nh4AaABAg,"Ohh my..i want it right now!! IT'S REALLY GOOD! The video editing is on the same level, the music is immediately revealed in a special way",2,2026-04-12,@ltanyatanyal,"The Devil Wears Prada 2 Exclusive Trailer | 2026, May 1 | Anne Hathaway | TeaserPRO&#39;s ConceptVersion",devil wears prada 2 movie 2026
6hsYFNaQyRg,UgyEYNuR0dMOVkgxT2N4AaABAg,what the heck is wrong with the sound mixing in this trailer?,4,2026-04-12,@zoz10101,"The Devil Wears Prada 2 Exclusive Trailer | 2026, May 1 | Anne Hathaway | TeaserPRO&#39;s ConceptVersion",devil wears prada 2 movie 2026
6hsYFNaQyRg,UgxmrI6_ltTfjaUSPQx4AaABAg,They forgot who created it....☠️☠️,0,2026-04-12,@Jacob_0111,"The Devil Wears Prada 2 Exclusive Trailer | 2026, May 1 | Anne Hathaway | TeaserPRO&#39;s ConceptVersion",devil wears prada 2 movie 2026
6hsYFNaQyRg,UgwN_q0q4vcumEpqfG94AaABAg,The timing of the release is so unfortunate,0,2026-04-15,@lizagsch,"The Devil Wears Prada 2 Exclusive Trailer | 2026, May 1 | Anne Hathaway | TeaserPRO&#39;s ConceptVersion",devil wears prada 2 movie 2026
6hsYFNaQyRg,UgwlJLB-YKH3xDtv7J14AaABAg,Lol 2 drone shots of the Duomo in Milan? Lazy,0,2026-04-12,@barelypacked,"The Devil Wears Prada 2 Exclusive Trailer | 2026, May 1 | Anne Hathaway | TeaserPRO&#39;s ConceptVersion",devil wears prada 2 movie 2026
6hsYFNaQyRg,UgyrwiDxTHoscY3vTK94AaABAg,"I'm curious about Miranda's daughters, the twins, will they appear in the movie?... That would be interesting",0,2026-04-16,@majinterra11,"The Devil Wears Prada 2 Exclusive Trailer | 2026, May 1 | Anne Hathaway | TeaserPRO&#39;s ConceptVersion",devil wears prada 2 movie 2026
6hsYFNaQyRg,Ugz2P1i5SCDz2fgsaCx4AaABAg,"Revenge Wears Prada is the next novel from the franchise, hence does this movie refer to the same note?",0,2026-04-13,@Canaan6384,"The Devil Wears Prada 2 Exclusive Trailer | 2026, May 1 | Anne Hathaway | TeaserPRO&#39;s ConceptVersion",devil wears prada 2 movie 2026
6hsYFNaQyRg,UgwaJOeU3JHDHUh-q5Z4AaABAg,Ещё один тип который слизывает приправу на чипсах 😂,0,2026-04-15,@Сала-г2ы,"The Devil Wears Prada 2 Exclusive Trailer | 2026, May 1 | Anne Hathaway | TeaserPRO&#39;s ConceptVersion",devil wears prada 2 movie 2026
6hsYFNaQyRg,UgwOZDtQaYUhU42ePJl4AaABAg,idk why i think cruella is the same genre,0,2026-04-13,@Morningcoffeeforme,"The Devil Wears Prada 2 Exclusive Trailer | 2026, May 1 | Anne Hathaway | TeaserPRO&#39;s ConceptVersion",devil wears prada 2 movie 2026
6hsYFNaQyRg,Ugwwp-_GATeucbPhn-t4AaABAg,Lady Gaga is in it,0,2026-04-29,@rde91969,"The Devil Wears Prada 2 Exclusive Trailer | 2026, May 1 | Anne Hathaway | TeaserPRO&#39;s ConceptVersion",devil wears prada 2 movie 2026
6hsYFNaQyRg,Ugxz54L2Hm8cIPZyGY54AaABAg,The role fits Sharon Stone too.,0,2026-04-15,@rodeliotungcab1334,"The Devil Wears Prada 2 Exclusive Trailer | 2026, May 1 | Anne Hathaway | TeaserPRO&#39;s ConceptVersion",devil wears prada 2 movie 2026
6hsYFNaQyRg,UgxoBD1kd3bbRzKlPql4AaABAg,Miranda in devil wears prada 2 is now a doormat to save Runway. She is the one who is scared not the other way around. Such a let down when i saw the movie on opening day in Manila April 29,0,2026-04-29,@rde91969,"The Devil Wears Prada 2 Exclusive Trailer | 2026, May 1 | Anne Hathaway | TeaserPRO&#39;s ConceptVersion",devil wears prada 2 movie 2026
6hsYFNaQyRg,UgzwL-H6BIhFJ1bXkXZ4AaABAg,This looks a lot like Emily in Paris😢,2,2026-04-12,@MinaHarker97,"The Devil Wears Prada 2 Exclusive Trailer | 2026, May 1 | Anne Hathaway | TeaserPRO&#39;s ConceptVersion",devil wears prada 2 movie 2026
6hsYFNaQyRg,UgyjDx85HYk0MUsT9154AaABAg,Click bait thumbnail.,0,2026-04-12,@donnaturner,"The Devil Wears Prada 2 Exclusive Trailer | 2026, May 1 | Anne Hathaway | TeaserPRO&#39;s ConceptVersion",devil wears prada 2 movie 2026
6hsYFNaQyRg,UgxK5rhz2tFn3x7tQ7B4AaABAg,Please not gaga ... Shes the movie killer 😢,5,2026-04-12,@martinvaslou4395,"The Devil Wears Prada 2 Exclusive Trailer | 2026, May 1 | Anne Hathaway | TeaserPRO&#39;s ConceptVersion",devil wears prada 2 movie 2026
6hsYFNaQyRg,UgxuTCSDmYLC82il3RR4AaABAg,Playboy every body knows Miranda create Ms DeVille old very bad asustant thanks ladus try not kill change trailer not lok Grey but Devil mhmm sometimes listen dad Lucifer😄😄😎😎👠👠ok soon Premiere ready Fashinhell wait want see Miranda Vogue Playboy Dante blush😁😁😁🐰🐰Karl Lagerfekd drunk champagne call Madge Sabbath fashion Sabbath,0,2026-04-27,@filiptelegagrey9075,"The Devil Wears Prada 2 Exclusive Trailer | 2026, May 1 | Anne Hathaway | TeaserPRO&#39;s ConceptVersion",devil wears prada 2 movie 2026
6hsYFNaQyRg,UgwZEQ3qZn5oE_jO7LV4AaABAg,This is entertaining.,1,2026-04-17,@LadyJ4100,"The Devil Wears Prada 2 Exclusive Trailer | 2026, May 1 | Anne Hathaway | TeaserPRO&#39;s ConceptVersion",devil wears prada 2 movie 2026
6hsYFNaQyRg,UgzaEMXyJ6QOdXtVNE54AaABAg,"It feels so awkward to see a part 2 got done after decades. 2009 was fine i was in my early 20s, but now??? I wont enjoy it same way, they re late 2 decades. Sad!",0,2026-04-27,@jobsagencydumonde,"The Devil Wears Prada 2 Exclusive Trailer | 2026, May 1 | Anne Hathaway | TeaserPRO&#39;s ConceptVersion",devil wears prada 2 movie 2026
6hsYFNaQyRg,UgwloLfzywOGEYPvEWh4AaABAg,please talk about the amazing spider man 3 🙏❤,1,2026-04-11,@RamiroCruzz-b5s,"The Devil Wears Prada 2 Exclusive Trailer | 2026, May 1 | Anne Hathaway | TeaserPRO&#39;s ConceptVersion",devil wears prada 2 movie 2026
6hsYFNaQyRg,UgwZpWKatATKz0m0T0J4AaABAg,"This is what we want, not the sappy rom-com cuts",0,2026-04-12,@love.legacy,"The Devil Wears Prada 2 Exclusive Trailer | 2026, May 1 | Anne Hathaway | TeaserPRO&#39;s ConceptVersion",devil wears prada 2 movie 2026
6hsYFNaQyRg,Ugw6h5H8dLhfWGHXdtZ4AaABAg,quit worshipping this movie,0,2026-04-27,@robynvince1135,"The Devil Wears Prada 2 Exclusive Trailer | 2026, May 1 | Anne Hathaway | TeaserPRO&#39;s ConceptVersion",devil wears prada 2 movie 2026
6hsYFNaQyRg,UgxZhULDQZWEvErvYPd4AaABAg,So now Hollywood will just continue to create sequels or prequels of every franchise deemed successful. It never fails to be predictable.,2,2026-04-12,@gryffin120,"The Devil Wears Prada 2 Exclusive Trailer | 2026, May 1 | Anne Hathaway | TeaserPRO&#39;s ConceptVersion",devil wears prada 2 movie 2026
6hsYFNaQyRg,UgwdkSXlNIdPc4N6kDF4AaABAg,"This literally feels like a lot of unnecessary girlboss posing, strutting, talk and not much else: a movie trying too hard to upstage its previous one without staying too consistent with what the main point of that first film was... and why it should have been the last one.",0,2026-04-24,@actaemazantor9558,"The Devil Wears Prada 2 Exclusive Trailer | 2026, May 1 | Anne Hathaway | TeaserPRO&#39;s ConceptVersion",devil wears prada 2 movie 2026
6hsYFNaQyRg,UgzQbQN1GShPTlVRqDB4AaABAg,Who Cares,0,2026-04-13,@donniesammons1140,"The Devil Wears Prada 2 Exclusive Trailer | 2026, May 1 | Anne Hathaway | TeaserPRO&#39;s ConceptVersion",devil wears prada 2 movie 2026
6hsYFNaQyRg,UgzeBM-_2B2pvm0ATJJ4AaABAg,TRAILER? HOW COME NONE OF THE DRESS IS A SUPRISELY BEAUTIFUL?  CAN U ASK SCAPARELLI DESIGNER DANIEL TO DO THE DESIGNS FOR U?,0,2026-04-13,@felixthecat6284,"The Devil Wears Prada 2 Exclusive Trailer | 2026, May 1 | Anne Hathaway | TeaserPRO&#39;s ConceptVersion",devil wears prada 2 movie 2026
6hsYFNaQyRg,UgzdmoesXlE09Terxn94AaABAg,no desire to see it,2,2026-04-16,@johns.9819,"The Devil Wears Prada 2 Exclusive Trailer | 2026, May 1 | Anne Hathaway | TeaserPRO&#39;s ConceptVersion",devil wears prada 2 movie 2026
6hsYFNaQyRg,UgxOFnyjlHVZgMdotxh4AaABAg,"Christ, all that Botox is really making me want to see this one ... NOT😂😂😂",0,2026-04-19,@Julieseven,"The Devil Wears Prada 2 Exclusive Trailer | 2026, May 1 | Anne Hathaway | TeaserPRO&#39;s ConceptVersion",devil wears prada 2 movie 2026
6hsYFNaQyRg,UgyIZQcANlyK9aDyu1R4AaABAg,This sequel gonna be so bad 😂,0,2026-04-14,@kaspermigi9456,"The Devil Wears Prada 2 Exclusive Trailer | 2026, May 1 | Anne Hathaway | TeaserPRO&#39;s ConceptVersion",devil wears prada 2 movie 2026
6hsYFNaQyRg,UgxK-pyW0hYRcLBYNyt4AaABAg,This made it look like a murder mystery and someone saving something or someone. The plot is too bland so they added the theatrics.,0,2026-04-14,@harleyskawronik6382,"The Devil Wears Prada 2 Exclusive Trailer | 2026, May 1 | Anne Hathaway | TeaserPRO&#39;s ConceptVersion",devil wears prada 2 movie 2026
6hsYFNaQyRg,UgwhYExdZjCTIIPJWud4AaABAg,Flop,1,2026-04-14,@abcdef5118,"The Devil Wears Prada 2 Exclusive Trailer | 2026, May 1 | Anne Hathaway | TeaserPRO&#39;s ConceptVersion",devil wears prada 2 movie 2026
6hsYFNaQyRg,UgwbaHKwTDemKy2Y6GJ4AaABAg,"This looks dumb..... runway gets hit by the covid aftermsth.... Miranda sems to have dementia  lol ,  brings back a girl who wanted nothing yo do with this industry at the last movie and cant remember who she is. 

Plot lcharlies angels  save  runway",0,2026-04-23,@Sharamordinae,"The Devil Wears Prada 2 Exclusive Trailer | 2026, May 1 | Anne Hathaway | TeaserPRO&#39;s ConceptVersion",devil wears prada 2 movie 2026
6hsYFNaQyRg,UgxVRU2rU2OeOhKX-zV4AaABAg,spoiler alert. It’s nowhere near as good as the first one.,0,2026-05-02,@mamalojama,"The Devil Wears Prada 2 Exclusive Trailer | 2026, May 1 | Anne Hathaway | TeaserPRO&#39;s ConceptVersion",devil wears prada 2 movie 2026
6hsYFNaQyRg,UgxBatjgEZjas99rPYN4AaABAg,That’s not real type office staff cause that fat actor would not be working there I know because I worked at Ford Agency and spelling TV …,0,2026-04-19,@Xanadudancer,"The Devil Wears Prada 2 Exclusive Trailer | 2026, May 1 | Anne Hathaway | TeaserPRO&#39;s ConceptVersion",devil wears prada 2 movie 2026
6hsYFNaQyRg,Ugya5WLcph65JSiFN7d4AaABAg,What a waste of time...,0,2026-04-13,@alfajorjorgito3740,"The Devil Wears Prada 2 Exclusive Trailer | 2026, May 1 | Anne Hathaway | TeaserPRO&#39;s ConceptVersion",devil wears prada 2 movie 2026
6hsYFNaQyRg,UgyTDVJ2nf2pebJBczN4AaABAg,Bullshit 👎🏼 I don't wanna see that old woman again,0,2026-04-28,@DreamertheNew,"The Devil Wears Prada 2 Exclusive Trailer | 2026, May 1 | Anne Hathaway | TeaserPRO&#39;s ConceptVersion",devil wears prada 2 movie 2026
6hsYFNaQyRg,UgysBtZCPLBcdwBq_5x4AaABAg,"Movie sucked, that’s all",0,2026-05-03,@Anonymouslyours1023,"The Devil Wears Prada 2 Exclusive Trailer | 2026, May 1 | Anne Hathaway | TeaserPRO&#39;s ConceptVersion",devil wears prada 2 movie 2026
6hsYFNaQyRg,Ugy219yb8V27zy1Hadl4AaABAg,This crap gives “And just like that” vibes 🤢🤢 Terrible sequel,0,2026-04-22,@GabiDeMetz,"The Devil Wears Prada 2 Exclusive Trailer | 2026, May 1 | Anne Hathaway | TeaserPRO&#39;s ConceptVersion",devil wears prada 2 movie 2026
6hsYFNaQyRg,Ugy573y-yND2REWM8WF4AaABAg,This looks awful,0,2026-04-26,@frankelezaj7640,"The Devil Wears Prada 2 Exclusive Trailer | 2026, May 1 | Anne Hathaway | TeaserPRO&#39;s ConceptVersion",devil wears prada 2 movie 2026
6hsYFNaQyRg,UgxEl7PcDbojDCfvWBR4AaABAg,I am worried that the plot is cheap,1,2026-04-12,@Jdza-p8i,"The Devil Wears Prada 2 Exclusive Trailer | 2026, May 1 | Anne Hathaway | TeaserPRO&#39;s ConceptVersion",devil wears prada 2 movie 2026
6hsYFNaQyRg,UgxvRkh2JD0fjg-J_HV4AaABAg,it's soo mid i mean what's the story .... soo surface level,0,2026-04-12,@chrispillay-h1b,"The Devil Wears Prada 2 Exclusive Trailer | 2026, May 1 | Anne Hathaway | TeaserPRO&#39;s ConceptVersion",devil wears prada 2 movie 2026
6hsYFNaQyRg,Ugxqz-EhD9tQcoRph1t4AaABAg,Copying cruela,0,2026-04-12,@WhichOneulikethemost,"The Devil Wears Prada 2 Exclusive Trailer | 2026, May 1 | Anne Hathaway | TeaserPRO&#39;s ConceptVersion",devil wears prada 2 movie 2026
6hsYFNaQyRg,UgyBmgmhKHDekkUphzx4AaABAg,Looks like crap.,0,2026-04-20,@WoottonView-r6n,"The Devil Wears Prada 2 Exclusive Trailer | 2026, May 1 | Anne Hathaway | TeaserPRO&#39;s ConceptVersion",devil wears prada 2 movie 2026
6hsYFNaQyRg,UgwKlEJY061rZgK-fH14AaABAg,Movie looks terrible,0,2026-04-13,@I-VOTED-FOR-THIS,"The Devil Wears Prada 2 Exclusive Trailer | 2026, May 1 | Anne Hathaway | TeaserPRO&#39;s ConceptVersion",devil wears prada 2 movie 2026
6hsYFNaQyRg,Ugxm_Q5CwXekSFY07Ll4AaABAg,"With trailer 1 and 2.. Miranda seems very friendly and ""chatty"" . No more cold vibes. 🫩",1,2026-04-14,@bryanbrian7111,"The Devil Wears Prada 2 Exclusive Trailer | 2026, May 1 | Anne Hathaway | TeaserPRO&#39;s ConceptVersion",devil wears prada 2 movie 2026
6hsYFNaQyRg,Ugx3i1xioM8PTLwRo5J4AaABAg,"""they think the future belongs to them they forgot who created it"" Now that's a line I will definitely borrow",0,2026-04-13,@IndependentConversations,"The Devil Wears Prada 2 Exclusive Trailer | 2026, May 1 | Anne Hathaway | TeaserPRO&#39;s ConceptVersion",devil wears prada 2 movie 2026
zLxBBV9DBdM,UgwONvOkqdIEDTu_6T14AaABAg,I NEED THIS SOUNDTRACK SO BADLY!!!,88,2024-12-14,@gabrielacristina5068,The Devil Wears Prada | 2024 West End Trailer,devil wears prada musical west end
zLxBBV9DBdM,Ugze6YR0IovRqs1Gl814AaABAg,Just saw this December 11th and it was a blast!! A huge Vanessa Williams / Ugly Betty fan and she did NOT disappoint! We need the soundtrack asap!!!,110,2024-12-18,@thetvandmoviequeen,The Devil Wears Prada | 2024 West End Trailer,devil wears prada musical west end
zLxBBV9DBdM,UgxfOQRwNI8gE-uVrOp4AaABAg,I saw this at the Dominon theater last Oct 31 and I swear it was one of the best moments in my life lol,4,2025-11-01,@ronscottiepancho,The Devil Wears Prada | 2024 West End Trailer,devil wears prada musical west end
zLxBBV9DBdM,Ugz_bmCjagBgc9119e54AaABAg,i love that they kept the iconic black off the shoulder top over the white button down with the long beaded necklace!,22,2025-01-09,@alfiemarie,The Devil Wears Prada | 2024 West End Trailer,devil wears prada musical west end
zLxBBV9DBdM,UgzwtO4dBt1TKNNkMRN4AaABAg,Wow! Wow! And Wow! We just saw this and I was genuinely smiling throughout the whole thing! I was so start struck by Vanessa Williams! Amazing Actress! Beautiful voices all around too! ❤❤,14,2024-12-27,@slaterk534,The Devil Wears Prada | 2024 West End Trailer,devil wears prada musical west end
zLxBBV9DBdM,UgzJxXYH_wp2R6Sgh-p4AaABAg,"I've seen it at the Dominion Theatre 30 Jan, and girl it was MAGNIFICIENT!",8,2025-01-30,@demisasid,The Devil Wears Prada | 2024 West End Trailer,devil wears prada musical west end
zLxBBV9DBdM,Ugwd1OlwM-7TIxZp-lh4AaABAg,So she is playing Wilhelmina again 😂😍,3,2025-09-24,@CarlesMixes,The Devil Wears Prada | 2024 West End Trailer,devil wears prada musical west end
zLxBBV9DBdM,UgzbpnmWWNjtq3s4acZ4AaABAg,"""that's all "" 😂 I LOVE IT !!!",3,2025-05-20,@kf31paris,The Devil Wears Prada | 2024 West End Trailer,devil wears prada musical west end
zLxBBV9DBdM,Ugxi7zQLQtt8Lmv2dmR4AaABAg,Saw this in July i loved it,0,2025-11-13,@AmberM362,The Devil Wears Prada | 2024 West End Trailer,devil wears prada musical west end
zLxBBV9DBdM,Ugw2RrHWqLBvSzHM25R4AaABAg,"Saw it in Plymouth, we thought it was absolutely brilliant. Great songs, one of the best new musicals weve seen in a long time",13,2024-12-05,@aviationphantom47,The Devil Wears Prada | 2024 West End Trailer,devil wears prada musical west end
zLxBBV9DBdM,Ugw_gYmKTBjYbVAuamN4AaABAg,Vanessa Williams was amazing in this musical. To think she is the one that sang one my favourite songs from childhood ‘Colours of the Wind’ in the ending credits of Disney’s Pocahontas in 1995.,7,2025-08-15,@rosapower7880,The Devil Wears Prada | 2024 West End Trailer,devil wears prada musical west end
zLxBBV9DBdM,UgyYYcgxpZ5TVckhmlt4AaABAg,"Can't wait to see the show, it sounds so climactic! I love it !",2,2025-01-09,@Orjazzmfr,The Devil Wears Prada | 2024 West End Trailer,devil wears prada musical west end
zLxBBV9DBdM,Ugx1SFJHW6QIVVeuQed4AaABAg,I loved that movie. !!!! 🎬,5,2024-12-04,@margaretriley9146,The Devil Wears Prada | 2024 West End Trailer,devil wears prada musical west end
zLxBBV9DBdM,UgyBYk1yOni9JNJb4_t4AaABAg,"Saw this recently and the actress who plays Emily totally stole the show!! Amy was a star, soo good 👏🏽👏🏽🔥",7,2025-03-27,@SushiBoii420,The Devil Wears Prada | 2024 West End Trailer,devil wears prada musical west end
zLxBBV9DBdM,Ugy0oWllysQRkPY0T7F4AaABAg,A line so iconic they changed it for the play aswell.! I love it!,0,2025-09-26,@4y1channeI,The Devil Wears Prada | 2024 West End Trailer,devil wears prada musical west end
zLxBBV9DBdM,UgwRrldZCRagtQ7oMg54AaABAg,"Saw this in London UK, simply fabulous!  WishI they would film the whole play, sinceI have memory loss!  😅",1,2026-01-23,@lisesin1,The Devil Wears Prada | 2024 West End Trailer,devil wears prada musical west end
zLxBBV9DBdM,UgzfMdXW6nF3jZVZET54AaABAg,I need a slime tutorial for this!,1,2025-09-22,@giselaxetris,The Devil Wears Prada | 2024 West End Trailer,devil wears prada musical west end
zLxBBV9DBdM,Ugx_8pGK4XywCkZ611R4AaABAg,OMG Venessa....Big surprise,1,2024-12-07,@HOMERUNโฮมรัน,The Devil Wears Prada | 2024 West End Trailer,devil wears prada musical west end
zLxBBV9DBdM,UgyrRk93BskgQVrNbz54AaABAg,I'm going in a couple of weeks time to see this. I am soooooooooo excited!,1,2025-06-19,@sixtysecondvlog,The Devil Wears Prada | 2024 West End Trailer,devil wears prada musical west end
zLxBBV9DBdM,UgwyCW1cZeymHhqJvrh4AaABAg,"Saw this on the Westend in August and wow! On of if not the best musicals I’ve ever seen! Hilariously Witty, fabulous cast and of course, the divine Vanessa Williams in her perfect role! Meeting her after the show was 💯 a WOW moment!",0,2025-09-27,@Duane_Sedai,The Devil Wears Prada | 2024 West End Trailer,devil wears prada musical west end
zLxBBV9DBdM,UgzE4NAxGS23kIdf3X94AaABAg,"Really enjoyed the visual  and comedy aspects of the show. However, I can't remember any of the songs and only saw it yesterday. Matt Henry was underused. The actress who played Emily stole the show. She was absolutely fantastic. We were in the front row which was very close to the action. Enjoyed it overall.",13,2025-02-16,@teresawilson9591,The Devil Wears Prada | 2024 West End Trailer,devil wears prada musical west end
zLxBBV9DBdM,Ugz7Io---n3sxTG5GmF4AaABAg,"I saw it in London yesterday and I really had a great time. Vanessa Williams is perfect for the role, great  actress  and singer. . Matt Henry as Nigel steals the show when he sings, and Emily and Andrea, absolutely perfect. I listened to the Elton John’s songs before going and thqt improved my experience. The theatre was packed, and audience really enjoyed it.",0,2026-02-14,@guillermoovejero1659,The Devil Wears Prada | 2024 West End Trailer,devil wears prada musical west end
zLxBBV9DBdM,UgzBjtfmJF1abDKM7sJ4AaABAg,Vanessa Williams is an amazing actress. And super beautiful and charming. True Hollywood Star ⭐️,3,2025-03-15,@CrochetEmbroiderSew,The Devil Wears Prada | 2024 West End Trailer,devil wears prada musical west end
zLxBBV9DBdM,UgwY55FuCn0wKazOiFp4AaABAg,Wilhelmina slater!,6,2025-02-21,@sarapinkandpurple,The Devil Wears Prada | 2024 West End Trailer,devil wears prada musical west end
zLxBBV9DBdM,UgwX0QcMOtgwRKgBPtl4AaABAg,"I haven't seen this, it looks like a lot of fun. Vanessa Williams, from what I can tell here, really makes the role her own - totally different to Meryl's icy ""That's All"" but still so delicious to watch 😁",0,2025-12-14,@AlextheENTP,The Devil Wears Prada | 2024 West End Trailer,devil wears prada musical west end
zLxBBV9DBdM,UgxOzylClL9dHu9xEWt4AaABAg,You're guys amazing ❤❤,1,2025-10-26,@VictorAniedi-u4p,The Devil Wears Prada | 2024 West End Trailer,devil wears prada musical west end
zLxBBV9DBdM,UgzlPSmitPkWjzLWarR4AaABAg,Vanessa Williams should get the Tony Award,3,2025-02-13,@petewong2372,The Devil Wears Prada | 2024 West End Trailer,devil wears prada musical west end
zLxBBV9DBdM,Ugwex4-5jlRxIGZg9RF4AaABAg,fabulous,1,2025-02-19,@regoat,The Devil Wears Prada | 2024 West End Trailer,devil wears prada musical west end
zLxBBV9DBdM,UgwmtwHuredXfEeBc2p4AaABAg,"This reminds me of Greg Jame's Unpopular Opinions the other day, someone said they don't like films that are turned into musicals.",1,2024-12-06,@AnnaLizzyRose,The Devil Wears Prada | 2024 West End Trailer,devil wears prada musical west end
zLxBBV9DBdM,Ugx5MRAbF5HYrFExQeR4AaABAg,"Ugly Betty, but in musical form.",7,2024-12-27,@CWazBroadwayBandGeek,The Devil Wears Prada | 2024 West End Trailer,devil wears prada musical west end
zLxBBV9DBdM,UgylTXchgxjDY1k_rC94AaABAg,Kinky Boots basically,0,2024-12-20,@timothyalvin,The Devil Wears Prada | 2024 West End Trailer,devil wears prada musical west end
zLxBBV9DBdM,UgzsnKNEwxiK9mfyA-14AaABAg,"Not to take anything from this musical, but is is some kind of a goal to make musical out of every movie that is out there instead of creating original one?",6,2025-09-20,@theveronika1,The Devil Wears Prada | 2024 West End Trailer,devil wears prada musical west end
zLxBBV9DBdM,UgxYYP6xnt9_WKa7lTB4AaABAg,Nigel??,1,2024-12-10,@LuMax2391,The Devil Wears Prada | 2024 West End Trailer,devil wears prada musical west end
zLxBBV9DBdM,UgxmJPYW-MJAXPj0aKF4AaABAg,This is not theater. It’s a movie being acted out with B list songs attached. Meh.,4,2025-03-31,@MisterMan7516,The Devil Wears Prada | 2024 West End Trailer,devil wears prada musical west end
zLxBBV9DBdM,UgyQA6qeukLTjf1If2J4AaABAg,Oh god noooo………,0,2025-08-30,@hiramdominicus7413,The Devil Wears Prada | 2024 West End Trailer,devil wears prada musical west end
zLxBBV9DBdM,Ugw7b9xHqo0qQ9362Jh4AaABAg,"Overrated, in my opinion. Felt stale and like it belonged to a bygone era - or, maybe, like it was a passion project started years ago and quickly finished recently. I vividly remember only one song from the entire score (the one where Andy's boyfriend sings that he loves her body) - and I thought: wow, you can really hear the good old Elton in it! I wish I could remember any other songs, but they were all forgettable... Vanessa Williams looked very elegant and swooshed her coats like a perfect Miranda would, but I'm not sure if overall she sang all that much - I definitely don't remember any out-of-tune notes, but maybe it's because there were no actual songs, not sure. Most of the act two the audience around me kept yawning - it really felt like watching a weirdly converted, sped up movie without any time to really let the action sink in. I remember most of the costumes were very pretty - especially the ones in the met gala scene - but overall, I am really not surprised that the show is constantly available on discounted ticket pages.",4,2025-06-14,@hananonihongo,The Devil Wears Prada | 2024 West End Trailer,devil wears prada musical west end
zLxBBV9DBdM,UgyFPZ2qY9az9i6HrTB4AaABAg,"This was a fun musical to watch.. but I just didnt like Andrea’s clothes weren’t when she decided to changed her entire wardrobe it was meh and not even had a wow moment compared to; Miranda, Emily and Nigel.",13,2024-12-04,@airwaves7,The Devil Wears Prada | 2024 West End Trailer,devil wears prada musical west end
zLxBBV9DBdM,Ugx15HRYFKXgvh-Kg1x4AaABAg,So Vanessa Williams is basically playing her Ugly Betty character again?,25,2024-12-07,@daviswiggin4425,The Devil Wears Prada | 2024 West End Trailer,devil wears prada musical west end
zLxBBV9DBdM,Ugww6-YbPcw9QbMK3qN4AaABAg,overrated,3,2025-02-06,@eslermanu47,The Devil Wears Prada | 2024 West End Trailer,devil wears prada musical west end
zLxBBV9DBdM,Ugwa4zzEHrrmu4y2yaB4AaABAg,Why do I keep seeing Meghan and Amal Clooney duking it out,0,2025-10-19,@drjwashin,The Devil Wears Prada | 2024 West End Trailer,devil wears prada musical west end
zLxBBV9DBdM,UgwSzoBak8EafGR5TrJ4AaABAg,The music has put me off going to see this,0,2026-04-19,@nealneofitou4929,The Devil Wears Prada | 2024 West End Trailer,devil wears prada musical west end
zLxBBV9DBdM,Ugy8WM3qHnzIUABrIbx4AaABAg,Fun night out but as an actual musical the score was a massive let down.,75,2024-12-04,@matthewtodd9090,The Devil Wears Prada | 2024 West End Trailer,devil wears prada musical west end
zLxBBV9DBdM,Ugy3VM2VGSsadbvoSB14AaABAg,this was such a huge flop in chicago previews. hope it was improved for west end,0,2026-02-08,@phoneoperator,The Devil Wears Prada | 2024 West End Trailer,devil wears prada musical west end
zLxBBV9DBdM,UgzCiUuVVakFM4I5e-94AaABAg,I went to see it its Rubbish but Vanessa is great,6,2024-12-05,@AngelChris-e7h,The Devil Wears Prada | 2024 West End Trailer,devil wears prada musical west end
zLxBBV9DBdM,UgyxPrU_MhNZ3LYeDGV4AaABAg,And now Miranda is Black ?,3,2024-12-26,@fairamir1,The Devil Wears Prada | 2024 West End Trailer,devil wears prada musical west end
zLxBBV9DBdM,Ugy6GVDHSLhqcClShnZ4AaABAg,Where is  Miranda? 😂 stop changing the original look… white hair? Where is it?,0,2025-05-12,@burhangr1463,The Devil Wears Prada | 2024 West End Trailer,devil wears prada musical west end
zLxBBV9DBdM,UgzSWXOLthCBX_qlbpV4AaABAg,The movie was not good. Here was a young lady trying to get ahead in her career and all of her friends/boyfriend were mad at her for it. Even Meryl couldn’t save this film. 😮,4,2024-12-04,@prettybird7597,The Devil Wears Prada | 2024 West End Trailer,devil wears prada musical west end
zLxBBV9DBdM,Ugy1S4AmG1IN1-aHYIZ4AaABAg,"The show is such a disappointment. There was nothing orginal in music, each song was ‚inspired’ by some known theme. 
Overall it was fun but i would not watch it again",1,2025-01-15,@Villan.00,The Devil Wears Prada | 2024 West End Trailer,devil wears prada musical west end
zLxBBV9DBdM,UgzTHHtNJTwCIc1awid4AaABAg,Embarrassing,4,2024-12-05,@christopherrobinwattsthoma6318,The Devil Wears Prada | 2024 West End Trailer,devil wears prada musical west end
Y83IvLsXSMU,UgzZqaLJ6eComZrSCL54AaABAg,She is perfect!,0,2026-04-29,@AmbarBianchi-wv2ii,The Devil Wears Prada | The Devil Wears Prada Musical Original West End Cast Recording,devil wears prada musical west end
Y83IvLsXSMU,Ugx6iqUtVaGoV2YbPCZ4AaABAg,How I love Vanessa Williams enunciation ! 😍,49,2025-09-11,@baptiste_prt38,The Devil Wears Prada | The Devil Wears Prada Musical Original West End Cast Recording,devil wears prada musical west end
Y83IvLsXSMU,UgwObiNu5n74HA7mr_t4AaABAg,Elton was really cooking with this musical!!,9,2025-10-08,@rustonh316,The Devil Wears Prada | The Devil Wears Prada Musical Original West End Cast Recording,devil wears prada musical west end
Y83IvLsXSMU,Ugy7a51e0uoftDD68vZ4AaABAg,Amazing.,1,2026-03-24,@ferenchorvath7819,The Devil Wears Prada | The Devil Wears Prada Musical Original West End Cast Recording,devil wears prada musical west end
Y83IvLsXSMU,UgytzAQU4GXXSSYCz8F4AaABAg,"It was so good to watch, I would say see it live before judging because it truly was spectacular to see live",5,2025-09-27,@ChloëEm-p2k,The Devil Wears Prada | The Devil Wears Prada Musical Original West End Cast Recording,devil wears prada musical west end
Y83IvLsXSMU,UgwLJb4Js6zMlUODDNN4AaABAg,Willhemina Slater making her stunning return ✨,3,2025-10-17,@KarlieStarrSings,The Devil Wears Prada | The Devil Wears Prada Musical Original West End Cast Recording,devil wears prada musical west end
Y83IvLsXSMU,UgydDDaX_SDd7xKsR-J4AaABAg,I wish this was out when I was there to get this and get it signed,4,2025-09-12,@samanthagoldman4954,The Devil Wears Prada | The Devil Wears Prada Musical Original West End Cast Recording,devil wears prada musical west end
Y83IvLsXSMU,UgyN5k0zpFt3cH01h_F4AaABAg,"Bravo, love this song. Was stuck in my head for the last few weeks. Cant wiat to see the show again befor Vanessa williams leaves. This is how musicals make their legacy. Well done all involved",14,2025-09-11,@Swanny2022,The Devil Wears Prada | The Devil Wears Prada Musical Original West End Cast Recording,devil wears prada musical west end
Y83IvLsXSMU,Ugx6PyJ_LbGIZmMFUct4AaABAg,Oh Miranda is keeping us FED,2,2025-09-11,@Trant956,The Devil Wears Prada | The Devil Wears Prada Musical Original West End Cast Recording,devil wears prada musical west end
Y83IvLsXSMU,UgxkifbhLhN7H3nt9vB4AaABAg,"If Scar from the Lion King was a female, the first singer would be cast for sure.",19,2025-09-17,@Sight4SoreEyes039,The Devil Wears Prada | The Devil Wears Prada Musical Original West End Cast Recording,devil wears prada musical west end
Y83IvLsXSMU,UgxRfC8l1GzyZJy-tz94AaABAg,Best song in the show by far,9,2025-09-19,@Merina2222,The Devil Wears Prada | The Devil Wears Prada Musical Original West End Cast Recording,devil wears prada musical west end
Y83IvLsXSMU,UgwLkXeTsgYzG6Im7Gt4AaABAg,"Vanessa's so beautiful, I know that's not the point but MY GOD",4,2025-10-17,@ParisienneGirl,The Devil Wears Prada | The Devil Wears Prada Musical Original West End Cast Recording,devil wears prada musical west end
Y83IvLsXSMU,Ugx37tzZgCcT088qpMl4AaABAg,Why is everyone hating??? This song is great and so it the show,26,2025-09-12,@Teddyfr13,The Devil Wears Prada | The Devil Wears Prada Musical Original West End Cast Recording,devil wears prada musical west end
Y83IvLsXSMU,UgzRcfirXhUPToZd36N4AaABAg,who's doing the high notes at the end,1,2026-01-03,@harrypotteravenclaw,The Devil Wears Prada | The Devil Wears Prada Musical Original West End Cast Recording,devil wears prada musical west end
Y83IvLsXSMU,UgzZGVs5z3bLgR47v-l4AaABAg,2:54,3,2025-09-24,@JarrickExum,The Devil Wears Prada | The Devil Wears Prada Musical Original West End Cast Recording,devil wears prada musical west end
Y83IvLsXSMU,UgwqIhWSnQRqEvcLYrV4AaABAg,who does those high vocals in the last chorus? sounds heavenly,1,2025-10-21,@reynadoesstuff,The Devil Wears Prada | The Devil Wears Prada Musical Original West End Cast Recording,devil wears prada musical west end
Y83IvLsXSMU,UgzphNwoMbbIG34YYx54AaABAg,Wonderful!,7,2025-09-11,@bastianleejones,The Devil Wears Prada | The Devil Wears Prada Musical Original West End Cast Recording,devil wears prada musical west end
Y83IvLsXSMU,Ugx5VqWoRcA64G2ptlt4AaABAg,BEST DAY EVER!!!!!!!!!!!!!,3,2025-09-11,@madeleinesims22,The Devil Wears Prada | The Devil Wears Prada Musical Original West End Cast Recording,devil wears prada musical west end
Y83IvLsXSMU,UgwaNDTIBsV_5FgvVOR4AaABAg,This clip looks good. But I am unsure if it lives up to the very hazardous waters of Broadway at this moment...,7,2025-09-12,@russrcook,The Devil Wears Prada | The Devil Wears Prada Musical Original West End Cast Recording,devil wears prada musical west end
Y83IvLsXSMU,UgySrYaeZux1ZWkuWsZ4AaABAg,This is INCREDIBLE!!!,1,2025-09-11,@KevTaylor801,The Devil Wears Prada | The Devil Wears Prada Musical Original West End Cast Recording,devil wears prada musical west end
Y83IvLsXSMU,Ugx3P4G92i1sfzLaRQJ4AaABAg,Been waiting to hear this song again!,6,2025-09-11,@nattybrown,The Devil Wears Prada | The Devil Wears Prada Musical Original West End Cast Recording,devil wears prada musical west end
Y83IvLsXSMU,UgxAMGxn_db5I9pgX7B4AaABAg,Armargeddon over Myanmar now,0,2025-10-02,@alphonsosai8769,The Devil Wears Prada | The Devil Wears Prada Musical Original West End Cast Recording,devil wears prada musical west end
Y83IvLsXSMU,UgyQhT9DCVTKBqN3ZiV4AaABAg,"[MIRANDA]
The theme this year is ""Sinful Figures""
Beauty in the beast
A dialogue on diabolic dress
A showcase for the industry
Not ""Fancy Halloween""
Or however you described it in the press

We appreciate your insight
Good to see you, thanks again
But we really must start prepping for this eve
If we didn't have to kiss the assets of these men
God knows what we could actually achieve

Let the angels keep their wings
Let the Puritans stay pure
Little cherubs may be charming
You won't see them in couture
Only sinners get seen
While goodie-goodies get nada
'Cause hell is a runway
Where the Devil wears Prada

[ENSEMBLE]
Ah...
Ah...
Ah...
Ah...
Ah...
Ah...
Ah...

[NIGEL]
Miranda must be given credit
Look at what she's built
Her grand occasion for culture to combine
To elevate this industry with fashion's biggest night
We're so lucky to be part of her design

It's been my greatest honor
To assist her in her work
For decades, I have studied at her side
To watch her vision come to life in such terrific form
Fills me with humility and pride

[NIGEL, ENSEMBLE]
Let the angels keep their wings
Let the Puritans stay pure
Little cherubs may be charming
You won't see them in couture
Only sinners get seen
While goodie-goodies get nada
'Cause hell is a runway
Where the Devil wears Prada
The Devil, the Devil wears Prada

[ENSEMBLE]
Evil has never looked so divine
Bow down to our killer queen (Killer queen)
I'd die for sips of her unholy wine
Lay down my head in her red-hot guillotine


Let the angels keep their wings
Let the Puritans stay pure
Little cherubs may be charming
You won't see them in couture
Only sinners get seen
While goodie-goodies get nada
'Cause hell is a runway
Where the Devil wears Prada
The Devil, the Devil wears Prada
The Devil, the Devil wears Prada
The Devil wears Prada!",1,2025-10-07,@dee200-z3t,The Devil Wears Prada | The Devil Wears Prada Musical Original West End Cast Recording,devil wears prada musical west end
Y83IvLsXSMU,Ugx6ZOEUWyxuYzaLOxJ4AaABAg,It reminds me of the queen song in snow white.  Only that one is glorious.,2,2025-09-18,@emhu2594,The Devil Wears Prada | The Devil Wears Prada Musical Original West End Cast Recording,devil wears prada musical west end
Y83IvLsXSMU,UgzWUIbpKc-8i0YFEld4AaABAg,"For me, the ending is nice! I just don’t think it fits this type of song. I could see this being like a triumphant ending to like a villainous song. Like the twist happens and the character you thought was helping, fix the problem capitalizes on the opportunity and takes it for themselves… and then like the high notes, they stand triumphantly as the chorus is doing their part symbolizing that there’s a new regime.",1,2025-10-05,@GabeFlarity,The Devil Wears Prada | The Devil Wears Prada Musical Original West End Cast Recording,devil wears prada musical west end
Y83IvLsXSMU,UgxoAgZqhrV8uUKKr_B4AaABAg,This is so much more….hokey than I imagined it would have been. Entirely wrong tone for this entire production. It feels like a slightly grander song from Oklahoma.,6,2025-09-24,@lizlemon3698,The Devil Wears Prada | The Devil Wears Prada Musical Original West End Cast Recording,devil wears prada musical west end
Y83IvLsXSMU,UgyTzgv_LXHkNpUWGuZ4AaABAg,Wilhelmina Slater and now Miranda Priestly….The Gay Gods have blessed us all❣️❣️❣️❣️,7,2025-09-15,@FashionFunPJ,The Devil Wears Prada | The Devil Wears Prada Musical Original West End Cast Recording,devil wears prada musical west end
Y83IvLsXSMU,UgwPt-2xP5MTWO97eiB4AaABAg,Yeah...Vanessa sounds great but that chours of the song..is awful😂,15,2025-09-12,@joshuaharris114,The Devil Wears Prada | The Devil Wears Prada Musical Original West End Cast Recording,devil wears prada musical west end
Y83IvLsXSMU,UgzLqLNFh22Pg_xCzEp4AaABAg,"Oh no, if this is the song they released, I don't have much hope for the sound track. I was hoping for a Heathers or Mean girls singable vibe but we got this? Aida was more inspired so I was hoping for much more.I'll give it a whole listen but this song isn't it...",10,2025-09-12,@DrJekyll78,The Devil Wears Prada | The Devil Wears Prada Musical Original West End Cast Recording,devil wears prada musical west end
Y83IvLsXSMU,UgxOTnyT6FuxBUTRekp4AaABAg,Dear Lord how has this show survived as long as it has? Clearly there must be a reason why it  went from Chicago to London rather than Broadway.,7,2025-09-11,@robisko9749,The Devil Wears Prada | The Devil Wears Prada Musical Original West End Cast Recording,devil wears prada musical west end
Y83IvLsXSMU,Ugw62jdxiE65g0RL6VF4AaABAg,What a terrible song for the name of your show. This is from Elton John!? BAD!!!!,2,2025-09-26,@HH_brick,The Devil Wears Prada | The Devil Wears Prada Musical Original West End Cast Recording,devil wears prada musical west end
Y83IvLsXSMU,Ugxq9x5uStR-9j7ofch4AaABAg,Same music team that did Tammy Faye? What a flop. Please don’t come to NYC.,0,2025-10-04,@ABSG7,The Devil Wears Prada | The Devil Wears Prada Musical Original West End Cast Recording,devil wears prada musical west end
Y83IvLsXSMU,UgzEZdsnA064lZ2Fkkp4AaABAg,"These lyrics are terrible and this song doesn’t sound like Miranda—partly because Miranda doesn’t sing. Singing is emotional, and she controls herself. It’s why even musicals need decent dramaturgy. Shoe-horning the title into the song is bad enough, but Miranda is far too precise for these messy lyrics even if she does sing. And poor Nigel … his lyrics are even less in character and he’s telling us things we already know which makes us stop listening to the song. And, yes, that chorus is nonsense. Honestly this sounds like AI. And if Miranda DID sing…. It would not be this sorta white people church music. If Miranda were to sing, she’d only ever do it alone.",0,2025-11-24,@thefoolsjournal,The Devil Wears Prada | The Devil Wears Prada Musical Original West End Cast Recording,devil wears prada musical west end
Y83IvLsXSMU,Ugyi02S5duxA1G0Ozrt4AaABAg,Vanessa Williams is an icon. She deserves FAR better. It’s a shame Elton John just writes horrible musical after horrible musical.,14,2025-09-12,@Confessional24,The Devil Wears Prada | The Devil Wears Prada Musical Original West End Cast Recording,devil wears prada musical west end
Y83IvLsXSMU,UgyeuYiWSEMUZt2d0U94AaABAg,not so great imo. just one guy though so who cares. we need a new sondheim bad .,5,2025-09-16,@PauTay942,The Devil Wears Prada | The Devil Wears Prada Musical Original West End Cast Recording,devil wears prada musical west end
0u79IyUHlkI,UgyWQkUyXdI_Ccxt2UR4AaABAg,"It was fantastic, so I traveled from Hungary to London.   Thanks.",1,2026-01-15,@ferenchorvath7819,"The Devil Wears Prada, Dominion Theatre, London, Musical, Curtain Call, Vanessa Williams",devil wears prada musical west end
0u79IyUHlkI,UgycCNRrDwF_bugY8mB4AaABAg,Stevie isn’t the best vocalist she sounded flat,2,2025-12-11,@Taylor-li9vm,"The Devil Wears Prada, Dominion Theatre, London, Musical, Curtain Call, Vanessa Williams",devil wears prada musical west end
Racadv2XSsA,UgzQdiTkGLMsPjd2RK14AaABAg,Best song in the show,8,2025-10-12,@Pantofan,Dress Your Way Up performed by the cast of The Devil Wears Prada | Music video,devil wears prada musical west end
8rzVYHrA9-Y,UgyJEjXYa_fnmIh-x_p4AaABAg,"COUSIN TALIA I LOVE YOU SO MUCH WELL DONE #taliahalford

Love Cheska (Charlotte Halford’s lil sis)",1,2025-10-26,@Fran_Halford-Official,The Devil Wears Prada musical | Your new Andy &amp; Emily,devil wears prada musical west end
8rzVYHrA9-Y,UgxOGhEONMh7PvPeZF54AaABAg,"Are there a new cast in The devil wears Prada ? 👠Say me something, please🙏 Does anybody knows anything ?",2,2025-09-30,@inesem344,The Devil Wears Prada musical | Your new Andy &amp; Emily,devil wears prada musical west end
xD67W-PZpzk,Ugyp_ginMbNNl0VnC3x4AaABAg,Can Cyndi Lauper sue for copyright infringement? Because that first song is straight out of Kinky Boots.,17,2024-10-15,@largeposterior08,The Devil Wears Prada | 2024 West End Teaser,devil wears prada musical west end
xD67W-PZpzk,UgybJWxwK3QIUfxfAaZ4AaABAg,I have not seen the show but the song with Vanessa Williams on the stairs is sending me to space. Cant wait for more❤❤,9,2024-10-15,@kryptops86,The Devil Wears Prada | 2024 West End Teaser,devil wears prada musical west end
xD67W-PZpzk,UgywB3VGL_wYQ534vl54AaABAg,Here for the Queen Vanessa Williams 🤩,7,2024-10-14,@AnnelisR,The Devil Wears Prada | 2024 West End Teaser,devil wears prada musical west end
xD67W-PZpzk,UgzdaqnBOnEqsDHoTSp4AaABAg,Can't believe the clips in this trailer are from the Plymouth run! 👠🤩,0,2024-10-14,@SeanWaters-z1g,The Devil Wears Prada | 2024 West End Teaser,devil wears prada musical west end
xD67W-PZpzk,UgycZEBoRvNaVUGKftV4AaABAg,This sounds..... exactly like Kinky Boots,13,2024-10-15,@ardieburns,The Devil Wears Prada | 2024 West End Teaser,devil wears prada musical west end
xD67W-PZpzk,UgwBqanpIrtz6DNxI914AaABAg,"Don’t get the harsh critics. Saw it at the West End and thought it was amazing, funny, great singing and dancing, amazing Colors…",0,2024-12-08,@PBFR91,The Devil Wears Prada | 2024 West End Teaser,devil wears prada musical west end
xD67W-PZpzk,UgxWLuyBLRw7oRCegqF4AaABAg,So in 15 years they’re gonna make this into a movie…,1,2024-10-15,@alexandrean6657,The Devil Wears Prada | 2024 West End Teaser,devil wears prada musical west end
xD67W-PZpzk,Ugw30aFKbo-Lblqi4id4AaABAg,Omg I love love love this musical❤️❤️❤️ It’s something with the whole atmosphere in the dominon Theatre that is magical❤️ I really hope that this musical stays in The West End for many years so I Can go and see this again<3 Sending lots of love from Norway❤,0,2025-05-24,@emiliacasban8015,The Devil Wears Prada | 2024 West End Teaser,devil wears prada musical west end
xD67W-PZpzk,UgwxYPhbQEA5srd13rZ4AaABAg,I cant understand any of the singing 😂 that's a great sign,1,2024-10-16,@offwego247,The Devil Wears Prada | 2024 West End Teaser,devil wears prada musical west end
xD67W-PZpzk,Ugy2Ky_wTZsIfsPVxCR4AaABAg,Saw one of the last previews in Plymouth and it was terrible. Genuinely one of the worst things I’ve seen 🙈,7,2024-10-27,@CDLK989,The Devil Wears Prada | 2024 West End Teaser,devil wears prada musical west end
xD67W-PZpzk,Ugw5-y292NOnEvz4Bqp4AaABAg,Do we really need this?,15,2024-10-14,@robisko9749,The Devil Wears Prada | 2024 West End Teaser,devil wears prada musical west end
xD67W-PZpzk,Ugw0x4-FNwc8UVG1P5t4AaABAg,"Love Vanessa Williams, love the movie but the jury’s out on the musical.  Think I’ll skip it.",1,2024-10-15,@psrpippy,The Devil Wears Prada | 2024 West End Teaser,devil wears prada musical west end
xD67W-PZpzk,UgyPCWuMBrT51xMUYkN4AaABAg,"Loved seeing Matt Henry as Nigel. 
It's gonna be a hit!",1,2024-10-14,@fernandu1987,The Devil Wears Prada | 2024 West End Teaser,devil wears prada musical west end
xD67W-PZpzk,UgxOTkFBUfixJPbz1U54AaABAg,Oh boy. They kept that atrocious title song and the stairs from the Chicago production. That is quite the choice…I certainly hope they actually made some changes because this show desperately needed a complete rebuild.,22,2024-10-14,@JeaniusIsMe,The Devil Wears Prada | 2024 West End Teaser,devil wears prada musical west end
xD67W-PZpzk,UgyNWxjUAG8ly_MEVkZ4AaABAg,Only fools go into fashion.,0,2024-10-17,@jimstokes6742,The Devil Wears Prada | 2024 West End Teaser,devil wears prada musical west end
xD67W-PZpzk,Ugx3RpwJxGqx8cpHFw54AaABAg,"it looks tacky. And both songs they used to promote the show were bad almost trope-like. “this is what a big production number should sound like”

Broadway has already gone through this phase. Pretty Woman, Tootsie, Mrs Doubtfire, Rocky (althought the last 20mins of Rocky were theatrically amazing. And will never be done in a theater again. But THAT still couldn’t save it) 

I’m very surprised at the longevity of Back to the Future in London & NYC. (ghost didn’t last this long. Or Sister Act)",2,2024-10-15,@johnfalcon5511,The Devil Wears Prada | 2024 West End Teaser,devil wears prada musical west end
xD67W-PZpzk,UgzX0XDIh2UegEr5DVV4AaABAg,"It’s like kinky boots , not for me sorry , kinky boots still the best",0,2024-11-14,@mpoiya,The Devil Wears Prada | 2024 West End Teaser,devil wears prada musical west end
xD67W-PZpzk,Ugyv1NvZCcq0ARr7OJZ4AaABAg,Lack of Storys. ???  Can't Find original material to become a Musical...🎶 just my opinion,1,2024-10-15,@maxlinder5262,The Devil Wears Prada | 2024 West End Teaser,devil wears prada musical west end
xD67W-PZpzk,UgzHs73BmFstN1mkcWR4AaABAg,It’s crap I saw it in Plymouth,8,2024-10-19,@michaelwood9389,The Devil Wears Prada | 2024 West End Teaser,devil wears prada musical west end
xD67W-PZpzk,UgzDKTyhiXIAFS3JJEZ4AaABAg,looks bland,1,2024-10-23,@AngelChris-e7h,The Devil Wears Prada | 2024 West End Teaser,devil wears prada musical west end
xD67W-PZpzk,UgzFNPLMTp2P_pw3CKl4AaABAg,"While I love the movie, I'm tired of movies being turned into musicals. That said, if you're gonna do it, do it well. Personally, this is not giving similar vibes to the movie, which to me feels cold (in a cool, 'it' girl way), subdued (which when Andi is freaking out about something), classy, razor-sharp... this feels like it's trying too hard, which, sure, they were all doing in the movie, but were excellent at not showing it.",55,2024-10-14,@JFarinaSings,The Devil Wears Prada | 2024 West End Teaser,devil wears prada musical west end
xD67W-PZpzk,UgyYao8VqQgKiUOrcWN4AaABAg,Songs are forgettable…… first part was just like in the movie but at least there are great songs in the movie….. the music part is a big failure,0,2025-01-19,@AlbertKaShingLAI,The Devil Wears Prada | 2024 West End Teaser,devil wears prada musical west end
xD67W-PZpzk,Ugy5dzb9MqpehAyOqzx4AaABAg,It’s a hit in the west end but it was a flop in the US,4,2024-10-15,@yaycoffe123,The Devil Wears Prada | 2024 West End Teaser,devil wears prada musical west end
xD67W-PZpzk,UgzDNgSpcN30wgfLDBB4AaABAg,No originality.,0,2024-12-06,@BD4-ManchesterIsRed,The Devil Wears Prada | 2024 West End Teaser,devil wears prada musical west end
_FK8-Bwz_rE,Ugyq81kKIfx6GCgZSb94AaABAg,creative way to remind folks to not bootleg the show we appreciate it,555,2025-01-02,@SpongeKingRoyalAttire,The Devil Wears Prada West End - 12/11/24,devil wears prada musical west end
_FK8-Bwz_rE,Ugz-SrbjC-Ih7czirlF4AaABAg,Some audiences Need to be told!,298,2024-12-28,@makinglifecolourful,The Devil Wears Prada West End - 12/11/24,devil wears prada musical west end
_FK8-Bwz_rE,UgzCRGqTc49rLaqJx4F4AaABAg,I need those shoes,111,2025-01-17,@melmel24247,The Devil Wears Prada West End - 12/11/24,devil wears prada musical west end
_FK8-Bwz_rE,UgxA_n7IIpvRCmZAGmd4AaABAg,She was amazing like a reimagination of the characters,18,2025-08-29,@willowakeherst2009,The Devil Wears Prada West End - 12/11/24,devil wears prada musical west end
_FK8-Bwz_rE,Ugx8sjBas7Q6rMcTDLR4AaABAg,ITS A MUSICAL NOW??????,65,2025-01-14,@taviuscunningham,The Devil Wears Prada West End - 12/11/24,devil wears prada musical west end
_FK8-Bwz_rE,Ugwm1cKUwFQPVibeBhl4AaABAg,From Barcelona with LOVE 🌝🚡🚢 GEORGIE,2,2025-10-20,@alexap3556,The Devil Wears Prada West End - 12/11/24,devil wears prada musical west end
_FK8-Bwz_rE,UgxAEkB4yITo8hX4Jld4AaABAg,Saw the show with Vanessa W!,6,2025-04-21,@RobHoke,The Devil Wears Prada West End - 12/11/24,devil wears prada musical west end
_FK8-Bwz_rE,UgzUhIqjv5AVZW2c6LR4AaABAg,Hahaha,0,2026-02-23,@NielsvanOorsouwyoutube,The Devil Wears Prada West End - 12/11/24,devil wears prada musical west end
_FK8-Bwz_rE,UgwyMQzuOp_gZBytWPd4AaABAg,Is it a musical? 😮,67,2024-12-28,@PabloEmanuel96,The Devil Wears Prada West End - 12/11/24,devil wears prada musical west end
_FK8-Bwz_rE,Ugz421Uy6UycLGVEuI94AaABAg,Are those lights in the ground there the whole show?,2,2025-08-04,@gemtachataj,The Devil Wears Prada West End - 12/11/24,devil wears prada musical west end
_FK8-Bwz_rE,UgwNxe03yv8zMcNFTn14AaABAg,"Those shoes are awful, I was hoping the show would have great fashion…",0,2026-01-07,@gra-emed3617,The Devil Wears Prada West End - 12/11/24,devil wears prada musical west end
_FK8-Bwz_rE,UgzgkyHS11xnTuAZB9Z4AaABAg,corny,3,2025-03-22,@eduardochavacano,The Devil Wears Prada West End - 12/11/24,devil wears prada musical west end
5bq5U-q9NW4,UgzyB31juUWOzGLbAKZ4AaABAg,The legend herself Vanessa Williams. She also had a great singing career too in the 90s. Grew up listening to her music back in the day.😊,29,2025-03-20,@Disney65Fan,Vanessa Williams Plays Miranda Priestly in The Devil Wears Prada Musical! | This Morning,devil wears prada musical west end
5bq5U-q9NW4,UgznLasz4rHxsDZVCUh4AaABAg,She is stunning 😊,25,2025-03-20,@lizsa3145,Vanessa Williams Plays Miranda Priestly in The Devil Wears Prada Musical! | This Morning,devil wears prada musical west end
5bq5U-q9NW4,UgziP7N1ydQ_ZNDT2v94AaABAg,Vanessa looks fabulous and has great style.,19,2025-03-21,@didsburyartstudio,Vanessa Williams Plays Miranda Priestly in The Devil Wears Prada Musical! | This Morning,devil wears prada musical west end
5bq5U-q9NW4,UgydkQgSRtap69DE7oV4AaABAg,Always classy. BORN for these roles. Love her voice. Love Vanessa Williams always!,4,2025-10-23,@armycali,Vanessa Williams Plays Miranda Priestly in The Devil Wears Prada Musical! | This Morning,devil wears prada musical west end
5bq5U-q9NW4,UgxKjr5bychtEYEEPJx4AaABAg,Watched yesterday is everything I imagined need to go again,10,2025-03-23,@louiseedney-hj8uj,Vanessa Williams Plays Miranda Priestly in The Devil Wears Prada Musical! | This Morning,devil wears prada musical west end
5bq5U-q9NW4,UgyopQCti4zTPoRUiQJ4AaABAg,"I went on Saturday to the show devil wears prada and I FELL IN LOOOOOOVE!!! Super super super fan now!!!  I loved the show, the music, the performers and the DIVINE Vanessa!!! ❤❤❤❤❤",2,2025-11-10,@annamariposa6959,Vanessa Williams Plays Miranda Priestly in The Devil Wears Prada Musical! | This Morning,devil wears prada musical west end
5bq5U-q9NW4,Ugwg6xBKGMjc8_1Frux4AaABAg,The show is amazing! I absolutely loved it!,6,2025-03-20,@melaniefolkes-mayers1486,Vanessa Williams Plays Miranda Priestly in The Devil Wears Prada Musical! | This Morning,devil wears prada musical west end
5bq5U-q9NW4,Ugy7TfCZwpk4ydxpuL14AaABAg,I'm surprised they're still dredging up that Miss America story. She's addressed it a million times and accomplished so much since.,9,2025-03-23,@POObumpoopo,Vanessa Williams Plays Miranda Priestly in The Devil Wears Prada Musical! | This Morning,devil wears prada musical west end
5bq5U-q9NW4,UgwN9s2dxKC_pgc3zr54AaABAg,Vanessa Williams has released numerous LP's over the decades and still making music in 2025...,4,2025-03-23,@matthewfernando2825,Vanessa Williams Plays Miranda Priestly in The Devil Wears Prada Musical! | This Morning,devil wears prada musical west end
5bq5U-q9NW4,UgwdN-wEJHdU1Rhb7LV4AaABAg,"LOOK, MAN. I WILL ALWAYS LOVE VANESSA L. WILLIAMS SONGS CALLED ""SAVE THE BEST FOR LAST,"" ""THE SWEETEST DAYS,"" COLORS OF THE WIND (FROM ""POCAHONTAS""), ""RUNNING BACK TO YOU,"" ""DREAMIN',"" ""THE COMFORT ZONE,"" YOU GET THE IDEA, PARTNER. 🙂👍✌️❤️💙🙏🇺🇲🇬🇧🎸🎤🎵🎹🏆",1,2026-02-25,@DomoniqueStewart3936,Vanessa Williams Plays Miranda Priestly in The Devil Wears Prada Musical! | This Morning,devil wears prada musical west end
5bq5U-q9NW4,UgzTbqUjr74izHzR05V4AaABAg,"I saw this twice in Plymouth and loved it, I would go see it again for sure, I’d love to get the soundtrack x",12,2025-03-20,@tanyafothergill4626,Vanessa Williams Plays Miranda Priestly in The Devil Wears Prada Musical! | This Morning,devil wears prada musical west end
5bq5U-q9NW4,UgzOfe7MzfjfH14CBp94AaABAg,There should be a movie with Vanessa and Myrell,1,2025-05-05,@micheal6901,Vanessa Williams Plays Miranda Priestly in The Devil Wears Prada Musical! | This Morning,devil wears prada musical west end
5bq5U-q9NW4,UgyS4xuzhX7CYPXHZaB4AaABAg,"Such an icon! and so stunning as well! I love her attitude about the scandal that she just owned it and doesn't let it define her, huge respect! I'd love to be able to see her in the West End!",1,2025-03-23,@veesvoyages,Vanessa Williams Plays Miranda Priestly in The Devil Wears Prada Musical! | This Morning,devil wears prada musical west end
5bq5U-q9NW4,Ugwy9f2ybTbMO8KK7GV4AaABAg,Vanessa 👑🔥,2,2025-03-27,@felixpires765,Vanessa Williams Plays Miranda Priestly in The Devil Wears Prada Musical! | This Morning,devil wears prada musical west end
5bq5U-q9NW4,Ugz88NJe0jgStXKll254AaABAg,"“Did you just gesture at me when you said Kwanzaa?”

Wilhelmina Slater",1,2025-03-28,@JH-4496,Vanessa Williams Plays Miranda Priestly in The Devil Wears Prada Musical! | This Morning,devil wears prada musical west end
5bq5U-q9NW4,UgyRAWX3j_rtW8epKFp4AaABAg,I love  Vanessa so much,9,2025-03-20,@Princess-vr8ht,Vanessa Williams Plays Miranda Priestly in The Devil Wears Prada Musical! | This Morning,devil wears prada musical west end
5bq5U-q9NW4,UgxNFGqLBwxanGOZwbN4AaABAg,Greetings from Canada thanks for sharing this update with Vanessa Williams on her role in the devil wears Prada the musical should be interesting but just what the sequel is after the season 1 the movie now its a full cast threatre production but always liked Ms Williams especially her voice,1,2025-05-09,@stephenwinter8892,Vanessa Williams Plays Miranda Priestly in The Devil Wears Prada Musical! | This Morning,devil wears prada musical west end
5bq5U-q9NW4,UgyqtmYPqpyTY4TGKih4AaABAg,I ❤that film,2,2025-03-21,@Lynn-h3b,Vanessa Williams Plays Miranda Priestly in The Devil Wears Prada Musical! | This Morning,devil wears prada musical west end
5bq5U-q9NW4,UgxheMoi1ELNP8axL8N4AaABAg,Vanessa an American Icon.,1,2025-05-02,@riderskater7248,Vanessa Williams Plays Miranda Priestly in The Devil Wears Prada Musical! | This Morning,devil wears prada musical west end
5bq5U-q9NW4,UgzEZL_NL4ENF8nKRql4AaABAg,She's so nice),1,2025-03-28,@katalinbohdan9122,Vanessa Williams Plays Miranda Priestly in The Devil Wears Prada Musical! | This Morning,devil wears prada musical west end
5bq5U-q9NW4,UgwxzWLYvpOH-mqhXCh4AaABAg,"Myself and my partner went to watch devil wears prada Christmas Eve, was hoping she wasn’t going to be hungover or anything as it was Christmas Eve however there she rose from the stage ready for runway, love her!",1,2025-03-27,@mrsweetscottyd7890,Vanessa Williams Plays Miranda Priestly in The Devil Wears Prada Musical! | This Morning,devil wears prada musical west end
5bq5U-q9NW4,UgzBsOobcdga3aWTQxp4AaABAg,When is the documentary coming out? It’s going to be a must see for me.,1,2025-03-29,@JohnSmith-zr1pi,Vanessa Williams Plays Miranda Priestly in The Devil Wears Prada Musical! | This Morning,devil wears prada musical west end
5bq5U-q9NW4,Ugx60jJertjVvQM0hhp4AaABAg,Meant to be 2nd one 🎉,1,2025-03-21,@Lynn-h3b,Vanessa Williams Plays Miranda Priestly in The Devil Wears Prada Musical! | This Morning,devil wears prada musical west end
5bq5U-q9NW4,Ugw7FzWqIm_EjmbTlnJ4AaABAg,I would still like to…,0,2025-03-26,@cl5619,Vanessa Williams Plays Miranda Priestly in The Devil Wears Prada Musical! | This Morning,devil wears prada musical west end
5bq5U-q9NW4,UgzDNlbaeKuCJqANw354AaABAg,"I have goosebumps watching her on UK TV. I'm in Belfast. Love all her tv shows. Her ballads are life changing Save The Best For Last, Love Is, Sweetest Days, If I Had Wings *which I play for people going through life changing things* She's an ICON. So glad she mentioned the other Irish fans.",2,2025-03-28,@peeg09,Vanessa Williams Plays Miranda Priestly in The Devil Wears Prada Musical! | This Morning,devil wears prada musical west end
5bq5U-q9NW4,UgxYyIHIwnVZatCpGVR4AaABAg,Her energy is just unmatched! ❤🎉,10,2025-03-26,@yusuf_aleem,Vanessa Williams Plays Miranda Priestly in The Devil Wears Prada Musical! | This Morning,devil wears prada musical west end
5bq5U-q9NW4,UgzKshvzz-E1LyPgPWN4AaABAg,Oh please Vanessa. You will never convince me that Anna Wintour  is warm. Hysterical. And that character is not based on her as per the author of the book that this is based on.,2,2025-03-20,@MisterMan7516,Vanessa Williams Plays Miranda Priestly in The Devil Wears Prada Musical! | This Morning,devil wears prada musical west end
5bq5U-q9NW4,Ugxw84B7e9QRCwDtTnV4AaABAg,"saw the trailer, nothing like Miranda at all",0,2025-08-15,@burburchacha,Vanessa Williams Plays Miranda Priestly in The Devil Wears Prada Musical! | This Morning,devil wears prada musical west end
5bq5U-q9NW4,Ugzd273z-ThjnUB8eP54AaABAg,Ive met her in real life she is so snobby and rude….i really loved her but her stank attitude and self obsession has put me OFF her. Will not be watching nor attending any of her shows ever again!,0,2025-03-26,@AS-le2ls,Vanessa Williams Plays Miranda Priestly in The Devil Wears Prada Musical! | This Morning,devil wears prada musical west end
us2VpWbc-e8,Ugyj8Q6RAj4OYWbQgnh4AaABAg,"I'm so sick and tired of them taking films (mostly) that are already SO well known that every line is quotable and then turning them into a musical. It just feels lazy. I much prefer when the property is older or hasn't been seen by everyone with as much love to it - Waitress, Death Becomes Her, Dirty Rotten Scoundrels. It allows those projects to truly be their own thing and add so much more to the subject material.",1,2024-12-10,@usagicassidy,The Devil Wears Prada  - New West End Trailer,devil wears prada musical west end
us2VpWbc-e8,Ugz3Gv52iXAM0oD8rnB4AaABAg,Vanessa Williams 👑♥,7,2024-12-07,@CharlotteMontagu1990,The Devil Wears Prada  - New West End Trailer,devil wears prada musical west end
_tVbIPvSD-E,Ugwdoln9ZvTYkFPbD2J4AaABAg,Can't wait to see The Devil Wears Prada,0,2026-04-17,@misfitm1457,Stevie Doc: From Mamma Mia Dreams to The Devil Wears Prada 👠✨,devil wears prada musical west end
_tVbIPvSD-E,Ugw69ui8ptnZrGkFhhx4AaABAg,Loved stevie in mamma mia is have a dream gutted I didnt get to see the show in london,5,2025-10-22,@lucys5231,Stevie Doc: From Mamma Mia Dreams to The Devil Wears Prada 👠✨,devil wears prada musical west end
_tVbIPvSD-E,UgwMBqKhgaE79BUFdP14AaABAg,The collab we never knew we needed ❤,5,2025-10-21,@emma3mm448,Stevie Doc: From Mamma Mia Dreams to The Devil Wears Prada 👠✨,devil wears prada musical west end
_tVbIPvSD-E,UgzJh4Vf6LimM5HR7TN4AaABAg,absolutely loved this,1,2025-10-24,@jocelynsgrande,Stevie Doc: From Mamma Mia Dreams to The Devil Wears Prada 👠✨,devil wears prada musical west end
_tVbIPvSD-E,UgzVyHeUrnQCeSB6y-t4AaABAg,excuse me no way stevies name is the same as mine  star studded guest Hannah,8,2025-10-21,@nevehubbard1469,Stevie Doc: From Mamma Mia Dreams to The Devil Wears Prada 👠✨,devil wears prada musical west end
_tVbIPvSD-E,UgzD74_tv2YrCM7aDUF4AaABAg,YES I LOVE THIS COLLAB,1,2025-10-21,@pinkbabydollay,Stevie Doc: From Mamma Mia Dreams to The Devil Wears Prada 👠✨,devil wears prada musical west end
_tVbIPvSD-E,UgwxwHJLYmR2RkSxKTh4AaABAg,"Hi Hannah, I am very big fan of you. Thank you for your quiz book. Please do videos for I have done my own book. Coming out very soon. Do you want one? I want to do new books next year around musicals. I am not sure what to do, I need help about book names.",1,2025-10-22,@joseftucker6837,Stevie Doc: From Mamma Mia Dreams to The Devil Wears Prada 👠✨,devil wears prada musical west end
_tVbIPvSD-E,UgySvIvsiuho6h9tuWp4AaABAg,HANNAH! You kept saying Birmingham I little wrong you have to say the g in it  and in the show you said 67 and everyone was going 67 😂😂,1,2025-10-21,@April-f2k6p,Stevie Doc: From Mamma Mia Dreams to The Devil Wears Prada 👠✨,devil wears prada musical west end
_tVbIPvSD-E,Ugzgku-Y81JGpVibkvl4AaABAg,"First comment
Hi Hannah I love ur videos and ur podcast 🩷",0,2025-10-21,@Anaya_Engene,Stevie Doc: From Mamma Mia Dreams to The Devil Wears Prada 👠✨,devil wears prada musical west end
_tVbIPvSD-E,UgwI5u-AfVDGDUAE5k14AaABAg,hannah when will you tell us your next job im dying to know plssss,1,2025-10-21,@Reggiezackjup,Stevie Doc: From Mamma Mia Dreams to The Devil Wears Prada 👠✨,devil wears prada musical west end
_tVbIPvSD-E,UgwiR1QQmQL-n04lr3N4AaABAg,HOLD UP AMBER RILEY MERCADES HER SELF WAS A JUDGE ON I HAVE A DREAM,1,2025-10-21,@Reggiezackjup,Stevie Doc: From Mamma Mia Dreams to The Devil Wears Prada 👠✨,devil wears prada musical west end
_tVbIPvSD-E,Ugze6vp5DB1HY8XRGH94AaABAg,Maybe shes playing sofie in mamma mia,0,2025-10-21,@Reggiezackjup,Stevie Doc: From Mamma Mia Dreams to The Devil Wears Prada 👠✨,devil wears prada musical west end
qC18oMCIvKg,UgwIjPBM81o_IE4xHJ14AaABAg,When the only mentions of the Chicago run were not positive I had a feeling that only so much could be done to salvage it. It's a shame since this was one adaptation from screen to stage that made sense to me,50,2024-12-06,@katburgess5926,THE DEVIL WEARS PRADA musical is not groundbreaking | ★★★ review of the West End show,devil wears prada musical review
qC18oMCIvKg,Ugw4vwkYV6w7eKDXA7B4AaABAg,"As a music theater fan, I just love your videos. No silly mean-witty comments, how you analyze all aspects of a show in your reviews, and thoughts on how some things could have worked if done differently. Love you! Travelling to London in a couple of weeks to have my first taste of West End! I’ve seen many shows on Broadway, so I’m anxious to see how West End compares!",54,2024-12-06,@MrArgonath1980,THE DEVIL WEARS PRADA musical is not groundbreaking | ★★★ review of the West End show,devil wears prada musical review
qC18oMCIvKg,UgxnvJ3p7iEE7rxkq4p4AaABAg,Saw this show 2 times in The West End. Came in from Holland. Loved the show and love me some Vanessa Williams. This woman is a legend. Will be back in 2025. Your review is very well done. All aspects are being talked about in a very honest way. Keep it up.,15,2024-12-06,@felixpires765,THE DEVIL WEARS PRADA musical is not groundbreaking | ★★★ review of the West End show,devil wears prada musical review
qC18oMCIvKg,Ugz91_cdPfqHZTg2LV54AaABAg,"I really appreciate your review style.  You’re clearly educated on musical theatre, but you don’t come across as being a snob about it. I feel like if I ran into you at a party and wanted to ask about Broadway, you’d be happy to share your knowledge without making me feel like I was less than for not knowing as much. I feel like some reviewers are nasty just for the sake, because they enjoy the power their words hold over a show’s audience. You always sound fair, thoughtful, and respectful.  I appreciate you!",47,2024-12-06,@hothotheat3000,THE DEVIL WEARS PRADA musical is not groundbreaking | ★★★ review of the West End show,devil wears prada musical review
qC18oMCIvKg,Ugwb_Mk_xZSVUctD3nR4AaABAg,As a devil wears prada (romcom fan) I love it as a musical theatre fan it was alright,4,2025-02-19,@willowakeherst2009,THE DEVIL WEARS PRADA musical is not groundbreaking | ★★★ review of the West End show,devil wears prada musical review
qC18oMCIvKg,UgxThrt8mJ6eyssUVZ54AaABAg,Just saw it last night. Many thoughts. LOVED Emily.,3,2025-04-22,@ariadneschulz8822,THE DEVIL WEARS PRADA musical is not groundbreaking | ★★★ review of the West End show,devil wears prada musical review
qC18oMCIvKg,UgzA08JpXVpQPDm5Z4V4AaABAg,"I saw it in London on November 30, 2024, a day before the official premiere. I found it entertaining. Engaging cast. Visually appealing. Music not terribly memorable, but it was fun.",9,2024-12-06,@theartstraveler,THE DEVIL WEARS PRADA musical is not groundbreaking | ★★★ review of the West End show,devil wears prada musical review
qC18oMCIvKg,UgxUsznKz98YO1HhfwR4AaABAg,"It's not a programme, it's a brochure - Miranda xo",2,2025-01-16,@BloodyMaryLouise,THE DEVIL WEARS PRADA musical is not groundbreaking | ★★★ review of the West End show,devil wears prada musical review
qC18oMCIvKg,Ugx1JGpoZcsIxCKrqZR4AaABAg,I saw it three times in Chicago and had the same general impression.,2,2024-12-06,@MrBungee,THE DEVIL WEARS PRADA musical is not groundbreaking | ★★★ review of the West End show,devil wears prada musical review
qC18oMCIvKg,UgxBN_99x0BRWmufXgN4AaABAg,"Thanks. Haven’t seen it, but I would go see it.  It sounds like the performances are excellent and production values are quite high.",3,2024-12-06,@yankee04,THE DEVIL WEARS PRADA musical is not groundbreaking | ★★★ review of the West End show,devil wears prada musical review
qC18oMCIvKg,Ugx7IKZJbi3sNw3yQCN4AaABAg,"I'm disappointed you didn't end this review by saying ""That's all""",6,2024-12-06,@fashionablechangeling2003,THE DEVIL WEARS PRADA musical is not groundbreaking | ★★★ review of the West End show,devil wears prada musical review
qC18oMCIvKg,UgyMNersvqEU5oxgaiJ4AaABAg,Nigel is a favourite character and I want a Nigel movie,2,2024-12-06,@susanpolastaples9688,THE DEVIL WEARS PRADA musical is not groundbreaking | ★★★ review of the West End show,devil wears prada musical review
qC18oMCIvKg,Ugweqm_VbF74IFFgG_J4AaABAg,"Helloooooo, thank you !!! Even though you go on so much and talk one's ears off 🤭😆😘, I cannot appreciate your posts more ! I never miss them and being all the way here in South Africa, I feel that I've experienced the shows myself and just desperately want to see them. You're my ""inside man"" in the West End and on Broadway. Keep up the good work 😘😘",7,2024-12-06,@nicholasdeklerk8438,THE DEVIL WEARS PRADA musical is not groundbreaking | ★★★ review of the West End show,devil wears prada musical review
qC18oMCIvKg,UgzZ3m7CjfWjULNnQfN4AaABAg,You are my absolute favorite theatre reviewer! Always love hearing your really eloquent thoughts! You're also so charismatic! 🥹,2,2024-12-10,@allenmovies,THE DEVIL WEARS PRADA musical is not groundbreaking | ★★★ review of the West End show,devil wears prada musical review
qC18oMCIvKg,Ugzcz3Q-Uh1H4nnQ4jB4AaABAg,19:26 this will not go unappreciated.,2,2024-12-07,@cody1981,THE DEVIL WEARS PRADA musical is not groundbreaking | ★★★ review of the West End show,devil wears prada musical review
qC18oMCIvKg,UgxSZhm5tLD1CS0Ek-14AaABAg,"This story, movie and now stage musical are near and dear to my heart and I really hope it is a success and transfers to Broadway with any  changes necessary. Elton needs a hit right now. Vanessa Williams is a contemporary and we were both in college when she won Miss America. Regarding the story, my daughter is a real life ""Andi"" who decided to stay with the magazine minus the makeover. She went from Anna's assistant to her current role of Features Editor at Vogue with a cover story this year. So, I will be seeing this. I hope as a fan who knows the film inside and out, I will enjoy it.",11,2024-12-06,@rmcmariusable,THE DEVIL WEARS PRADA musical is not groundbreaking | ★★★ review of the West End show,devil wears prada musical review
qC18oMCIvKg,Ugwsi6VOSjUlGYyfizJ4AaABAg,"The night I went to see this, Elton was in the audience. I feel it's very much a driven piece of musical theatre because it's fun, promoted well and a great cast. I think it's got enough character depth compared to the movie, and well cast, which is half the battle. A simplified storyline which suits the staging and fits the narrative. Today it was announced that it has been extended and a date given for a cast change. This will be up for awards and will fill the Dominion Theatre. Long may it run.❤",3,2024-12-10,@optomistic1,THE DEVIL WEARS PRADA musical is not groundbreaking | ★★★ review of the West End show,devil wears prada musical review
qC18oMCIvKg,UgyYf_vpNNG7GXdXIrR4AaABAg,Good balanced review.,0,2024-12-08,@Mudrow2010,THE DEVIL WEARS PRADA musical is not groundbreaking | ★★★ review of the West End show,devil wears prada musical review
qC18oMCIvKg,UgxTQW0DGJf-UFaOqfl4AaABAg,"I’m seeing this in January , i hope its good",0,2024-12-07,@AB_Artz14,THE DEVIL WEARS PRADA musical is not groundbreaking | ★★★ review of the West End show,devil wears prada musical review
qC18oMCIvKg,Ugwu0oA4mGs5iWNbMC94AaABAg,"I live in Chicago,  and I was originally disappointed to have missed it.   Then again,  apparently I didn't miss much.",0,2025-01-19,@chuckoneill2023,THE DEVIL WEARS PRADA musical is not groundbreaking | ★★★ review of the West End show,devil wears prada musical review
qC18oMCIvKg,UgxNBrbmYO5ibSgOm9x4AaABAg,It wouldn't be a review of the Devil Wears Prada without saying you look PHENOMENAL in red my dude. Wowiee.,15,2024-12-06,@CanadianChick811,THE DEVIL WEARS PRADA musical is not groundbreaking | ★★★ review of the West End show,devil wears prada musical review
qC18oMCIvKg,UgzErufb3J2AUYR0qWV4AaABAg,"Thank you for the review. I saw it in Chicago in 2022 and while the always incredible Beth Leavel and Taylor Iman Jones were both excellent, the choice of Anna D. Shapiro as the director was misguided.  The best part was when cranes used as the sets in Act 1 slowly move into place and form the Eiffel Tower in the opening of Act 2, which got thunderous applause.  Elton’s music was lacking and it sounds from your review much of the score has fortunately been rewritten.",4,2024-12-06,@NeilSchubert-f5z,THE DEVIL WEARS PRADA musical is not groundbreaking | ★★★ review of the West End show,devil wears prada musical review
qC18oMCIvKg,UgyqPBQcl-V24cTdBml4AaABAg,"Hear me out...a sultry jazz number for Miranda called ""Cerulean Blues""",18,2024-12-06,@jeffthetheaterguy,THE DEVIL WEARS PRADA musical is not groundbreaking | ★★★ review of the West End show,devil wears prada musical review
qC18oMCIvKg,Ugwf4FFzf24vZXEQbPt4AaABAg,"I went to the UK to see this production, especially. Unfortunately, I was quite underwhelmed. The music was forgettable. They did nothing to deepen the story.",6,2024-12-06,@hdds6544,THE DEVIL WEARS PRADA musical is not groundbreaking | ★★★ review of the West End show,devil wears prada musical review
qC18oMCIvKg,UgzXeespanlvfpAH1hh4AaABAg,I want to see it 😊,1,2024-12-29,@RichLux713,THE DEVIL WEARS PRADA musical is not groundbreaking | ★★★ review of the West End show,devil wears prada musical review
qC18oMCIvKg,UgzIwCjSfAgpBoQ9UZd4AaABAg,The biggest let down was Miranda appearing and getting a huge applause. You're expecting a slick sexy villain song like in Mean Girls or Heathers. Instead you get vanilla meh 😅,5,2024-12-06,@matthewtodd9090,THE DEVIL WEARS PRADA musical is not groundbreaking | ★★★ review of the West End show,devil wears prada musical review
qC18oMCIvKg,UgwykhFLxF3sZbp1K0x4AaABAg,"21:16 The cerulean monologue was a short song in the Chicago version. After watching it, I thought that moment would have been more impactful as a monologue. The song was overly dramatic in a way that tonally felt campy. This made it seem as though Miranda was not a powerful executive that everyone had a legitimate reason to fear. I think it also took away from Miranda having an emotionally resonant arch because she appeared like a fanciful character, not like a human (or serious deity) that had the capacity to undergo change. I understand that it may make sense for Miranda to appear campy to some degree, but the audience still needs to take her seriously and sympathize with her for the overall story to resonate.",12,2024-12-06,@Rebeccal450,THE DEVIL WEARS PRADA musical is not groundbreaking | ★★★ review of the West End show,devil wears prada musical review
qC18oMCIvKg,UgygPSsRkct814hlsbB4AaABAg,"Couldnt agree more with most you said on the review. Emily actress got the biggest cheer at the end in my performance last Saturday. My only gripe is the songs. Not the most catching songs I have ever seen in a musical. Also, I dont know about anyone else, but the music was so loud, it made it hard to hear the 'words' coming out of the actors mouths. Loved seeing Vanessa Williams, perfect for the part.",1,2025-04-24,@The_Hub_UK,THE DEVIL WEARS PRADA musical is not groundbreaking | ★★★ review of the West End show,devil wears prada musical review
qC18oMCIvKg,UgzDa7clToaXkcdkLQt4AaABAg,"I went to watch it at the beginning of November. Stage-wise, it's amazing, really metaphorical, with beautiful dresses, but the songs are not strong at all, except (maybe) for Nigel's one.",2,2024-12-09,@alessiokeiv,THE DEVIL WEARS PRADA musical is not groundbreaking | ★★★ review of the West End show,devil wears prada musical review
qC18oMCIvKg,UgzksL7po5NK6BPEdq54AaABAg,"I can see this doing well with the Saturday day in London huns  after a train sesh on the Prosecco.

It can go alongside Moulin Rouge & that Abba thing.",13,2024-12-06,@PastaSauce.,THE DEVIL WEARS PRADA musical is not groundbreaking | ★★★ review of the West End show,devil wears prada musical review
qC18oMCIvKg,UgzjsLdzCwoIGsFqn5Z4AaABAg,Finally!!!!,0,2024-12-06,@owenespejo6401,THE DEVIL WEARS PRADA musical is not groundbreaking | ★★★ review of the West End show,devil wears prada musical review
qC18oMCIvKg,UgyN4QPJkRnqzP-gsCB4AaABAg,I just wanna hear the songs,0,2024-12-06,@TheGhostboyy,THE DEVIL WEARS PRADA musical is not groundbreaking | ★★★ review of the West End show,devil wears prada musical review
qC18oMCIvKg,UgxEb6if_bvYIiPrebZ4AaABAg,The production value was amazing and the cast and costumes were excellent too. I find the music forgettable though. I'll definitely see it again though because I like the experience and always ready to support musical theatre.,1,2024-12-06,@jnkrene5600,THE DEVIL WEARS PRADA musical is not groundbreaking | ★★★ review of the West End show,devil wears prada musical review
qC18oMCIvKg,UgzjH6FDPTGM85W4UrF4AaABAg,"I wasn't over struct with this musical when i saw it in Plymouth before it went to London, something wasn't what I feel was great about it.  The cast were good which I'll give them credit for.",0,2024-12-06,@FBUK300,THE DEVIL WEARS PRADA musical is not groundbreaking | ★★★ review of the West End show,devil wears prada musical review
qC18oMCIvKg,UgyTHl2WJQZo_iMcK6Z4AaABAg,"As usual, a thoughtful review, thanks so much!  I must respectfully suggest, however, that ""The Producers"" would be the true gold standard of movies made into musicals.  After seeing the Menier Chocolate Factory production yesterday, I have a renewed appreciation for the genius of that score, in particular its originality and variety, two qualities severely lacking from  that of DWP.   As much as I adore Sir Elton and his collaborators, my daughter Michelle and I found the score ""phoned in"" and the overall production disappointing.",2,2025-01-26,@janicemckelvey7096,THE DEVIL WEARS PRADA musical is not groundbreaking | ★★★ review of the West End show,devil wears prada musical review
qC18oMCIvKg,UgyTSr3wT6V2cnQdi-Z4AaABAg,"With this and Tammy Faye, how did Elton John's Broadway chops fall so hard?",1,2024-12-06,@freakfoxvevo7915,THE DEVIL WEARS PRADA musical is not groundbreaking | ★★★ review of the West End show,devil wears prada musical review
qC18oMCIvKg,UgwxWDJmu3CbGDgSkIZ4AaABAg,"Saw it last night. Production value was terrific, as a film fan I loved it. Music was too one note and not MT enough. Vanessa Williams was under used and so sorry Greg Barnes I thought the costumes weren’t great! The non met gala met gala was beautiful but beyond that I think they just weren’t high fashion enough . Men in blue business suits working for a fashion magazine make no sense. And the French flag suits looked too high street. I did not see the Chicago version but I would actually be really interested to see this presented as if it was 2025 I think the 2006-ness of it all doesn’t make it relatable.",1,2025-03-31,@neilfortin7929,THE DEVIL WEARS PRADA musical is not groundbreaking | ★★★ review of the West End show,devil wears prada musical review
qC18oMCIvKg,UgzKxxM7IPegcQXJuZ94AaABAg,I've been a big fan of Mickey for about two months now and I am always taken aback by his extensive knowledge of theatre and his excellent presentation. This in contrast to other YouTubers who will post a brain dead video 'I worked in McDonalds for a day' and that gets a crazy 3million views in ONE DAY. I couldn't care less who worked in McDonalds but it appears 3million people are. Seems taste is in short supply.,1,2024-12-08,@geoffjoffy,THE DEVIL WEARS PRADA musical is not groundbreaking | ★★★ review of the West End show,devil wears prada musical review
qC18oMCIvKg,UgwnbZ0kLrqGPZP3Trd4AaABAg,"I totally understand your point about how big lines could have become songs.... but it says a lot about my opinion of the music that my initial reaction at the start of the Cerulean scene (as a fan of musical theatre!) was 'oh god, don't do another song'. I also thought more could have been done with a 'deal with the devil' theme - Andy is far more seduced by the lifestyle in this than the movie (where she is ambitious but defensive) and far less challenged by her loved ones, and they obviously play up the Miranda-devil theatrics, so they could have really tied those elements together better. Anyway, I'm off to rewatch all of Ugly Betty...",1,2025-01-11,@EmmyAngua,THE DEVIL WEARS PRADA musical is not groundbreaking | ★★★ review of the West End show,devil wears prada musical review
qC18oMCIvKg,Ugz0q1MN--k1Lm6vJW54AaABAg,Would you consider doing said tier list? Also would you consider doing a review of the Robbie Williams movie and talk about its potential to become a stage musical because they have been hinting at it while promoting it?,0,2024-12-07,@beabravo6759,THE DEVIL WEARS PRADA musical is not groundbreaking | ★★★ review of the West End show,devil wears prada musical review
qC18oMCIvKg,UgwmeSLo9ZibvoYxmn54AaABAg,"I'm so pleased that i watched this review in full (as i always do) because i'm really looking forward to seeing this in March but if i hadn't already purchased the tickets & had seen that you gave it 3 stars WITHOUT watching in full, i may well not have purchased the tickets. Very unusually for your reviews, in my opinion i honestly feel that based on your in depth analysis, you maybe should have given it 4 stars ! You appear to love all the performances, the scenery, the costumes, the songs & more, it just feels like there was more you like than that you were critical of & as a result maybe 3 stars was just a tad harsh ! Just my thoughts on Your thoughts - Keep up the good work & looking forward to your review on Oliver which we are also seeing in March.",1,2024-12-08,@TheBigSizzler,THE DEVIL WEARS PRADA musical is not groundbreaking | ★★★ review of the West End show,devil wears prada musical review
qC18oMCIvKg,UgxGkzCHSAmuRB2ml3N4AaABAg,Not all stories need to sing.,0,2024-12-08,@ciaranhagghaggerty326,THE DEVIL WEARS PRADA musical is not groundbreaking | ★★★ review of the West End show,devil wears prada musical review
qC18oMCIvKg,UgwbAI1QS_CX1VzuUQx4AaABAg,"It’s NOT groundbreaking, MJ is right… but we don’t need to re-invent the wheel every time!

Sometimes a good night of fun is enough.",18,2024-12-06,@Sanchordia,THE DEVIL WEARS PRADA musical is not groundbreaking | ★★★ review of the West End show,devil wears prada musical review
qC18oMCIvKg,Ugxs865NQ_Mdl_OI9nZ4AaABAg,"Seeing the staging and the costumes I kept thinking, “Oh okay they needed the person who did the book and lyrics for American Psycho,” which is not something I expected to think about this show so there may be some tonal inconsistencies with the production.",0,2024-12-06,@Tamisday,THE DEVIL WEARS PRADA musical is not groundbreaking | ★★★ review of the West End show,devil wears prada musical review
qC18oMCIvKg,UgxyheAhvS1bmL5_u3Z4AaABAg,"One of THE BEST choices they could make is to set this in one very specific time period in the past. ((ESPECIALLY for a story as fashion-specific as DWP)).
It’s an astounding disappoint to look back at something like Legally Blonde, the Musical, and see how incredibly dated (and inho UNFLATTERING) all the costume choices are, AND THEN to realize hooowww frequently school, community and even regional productions continue to imitate large parts of that incredibly dated costume plot. I suppose this is par for the course, esp because of the MTV recording, but I hate it.",12,2024-12-06,@stevielove4778,THE DEVIL WEARS PRADA musical is not groundbreaking | ★★★ review of the West End show,devil wears prada musical review
qC18oMCIvKg,Ugw_SX6j4HAq0wUuzBV4AaABAg,"Whew! At least it doesn't suck! 
THE Gays all over the world are relieved.",0,2025-03-13,@emillion4470,THE DEVIL WEARS PRADA musical is not groundbreaking | ★★★ review of the West End show,devil wears prada musical review
qC18oMCIvKg,UgyxrvuqUB6pLUvGkMZ4AaABAg,Mixed reviews,0,2024-12-09,@andrewstorm8240,THE DEVIL WEARS PRADA musical is not groundbreaking | ★★★ review of the West End show,devil wears prada musical review
qC18oMCIvKg,UgzUWk7rQ7JZR-tp7jN4AaABAg,"Saw it two Saturdays ago… I would say the audience was very divided, for me it was just Meh!… but plenty of others loved it… was it because I didn’t really get the fashion world…. Maybe…. The production wasn’t poor… but the content was underwhelming…. Each to their own I suspect…. 🙏",2,2024-12-06,@hangdarktw5037,THE DEVIL WEARS PRADA musical is not groundbreaking | ★★★ review of the West End show,devil wears prada musical review
qC18oMCIvKg,UgwDoR8AtvYv-ISU51V4AaABAg,Did they keep Miranda’s song in the second act that happens when she “betrays” Nigel? Stay on Top I believe it was called? I thought it was absolutely fantastic from the Chicago production. The one absolute highlight of the entire show.,0,2024-12-07,@cody1981,THE DEVIL WEARS PRADA musical is not groundbreaking | ★★★ review of the West End show,devil wears prada musical review
qC18oMCIvKg,Ugyj6AjcNACUU24Zy-N4AaABAg,"Saw it during previews in late October. I felt the show was alot of specacle, overall enjoyanle, songs could have been more contemporary to 2006. I felt what it lacked most was a personality of Andy. She really needed more of a home life past her bf. Either her friends from the movie or family . This would have helped carry the heart of the show more. P.S. Emily was top teir and  stole every scene she was in. I pretty much agree with your review MJ",0,2024-12-06,@charmedx3219,THE DEVIL WEARS PRADA musical is not groundbreaking | ★★★ review of the West End show,devil wears prada musical review
qC18oMCIvKg,UgxOySMqFFas4vN6ebd4AaABAg,"Saw this tonight at The Dominion - just dreadful. I am a big fan of the show but my god I nearly walked out at interval, it is not the actors - they work so hard with diabolical material. Elton's score is the worst music I've ever heard. Regret spending the money tbh",1,2026-01-08,@JaneyBlömberg,THE DEVIL WEARS PRADA musical is not groundbreaking | ★★★ review of the West End show,devil wears prada musical review
qC18oMCIvKg,UgwqiVkFK0zok3PDbfd4AaABAg,"After seeing reviews i was skeptical, i saw it yesterday as a time filler really before Aaron Tveit (amazing btw.) But yes they jusr haven't hit the mark. Elton John doesnt quite match up with Devil wears prada. Two much solo spotlight vocal acrobatics and the fashion was dated. Vanessa Williams was alright but it wouldve been more impressive if she didnt play this exact kind of role before. Two and half stars from me",0,2025-04-21,@charchaz00,THE DEVIL WEARS PRADA musical is not groundbreaking | ★★★ review of the West End show,devil wears prada musical review
qC18oMCIvKg,Ugy0er2l15fSQUTh9At4AaABAg,"I saw this in Plymouth and largely agree with MJ on this…. However, I found the score and songs overly repetitive and often not really enhancing the story at all. Ultimately the songs are forgettable, the cast are great but I thought it lacks emotional impact. It’s just a good fun night out. Nothing wrong with that but I’m glad I saw it in Plymouth because I wouldn’t pay west end prices for it.",0,2024-12-06,@me1anieb,THE DEVIL WEARS PRADA musical is not groundbreaking | ★★★ review of the West End show,devil wears prada musical review
qC18oMCIvKg,UgxnzIV2UP1MYK9Wzj94AaABAg,"I saw it this evening.
To me, Andrea isn't charming/charismatic enough. I found I really didn't care for her.
The ""That's All"" was coming across as more in the angry realm than in the beyond-it realm.
The staircase scene lost me entirely.
Emily was OUTSTANDING!
Very flashy, just lacking substance.",1,2025-01-03,@ads086,THE DEVIL WEARS PRADA musical is not groundbreaking | ★★★ review of the West End show,devil wears prada musical review
qC18oMCIvKg,Ugycv1EAc1ePJH1Y2NZ4AaABAg,"Unrelated, I know, but are you planning on reviewing ""death becomes her""? I'm about to see it for the second time and the reviews have been so varied across the board. I'm dying to hear your thoughts, Mickey! (personally, I absolutely love the show and I think the performances were DROP DEAD GORGEOUS. But I'm just an old gay man trapped inside a young Lesbian's body so this show is basically made for me. hahaha)",0,2024-12-07,@JadeAndersonactor,THE DEVIL WEARS PRADA musical is not groundbreaking | ★★★ review of the West End show,devil wears prada musical review
qC18oMCIvKg,UgxnqCKc0eEd19-jLDl4AaABAg,"We saw it, so many good aspects that we loved  but the songs were rubbish. Singers and choreography was great but they were working with blah songs.. would have worked better as a play",0,2024-12-06,@JC-gu3tj,THE DEVIL WEARS PRADA musical is not groundbreaking | ★★★ review of the West End show,devil wears prada musical review
qC18oMCIvKg,UgzpYW9OEYaZLTo2xOh4AaABAg,"The book is derivative of the film, the lead is a bit flat impression of Anne Hathaway's Andi musical numbers nothing to write home about..... Vanessa's Miranda is just her ugly Betty character with speech singing 
Although Nigel and Emily are standout roles and and the costumes n lighting are stunning.

The merch had an awful selection that's way overpriced",2,2024-12-06,@DanteMustLearn,THE DEVIL WEARS PRADA musical is not groundbreaking | ★★★ review of the West End show,devil wears prada musical review
qC18oMCIvKg,Ugy5S-coD3gfwmgHWU14AaABAg,"I recently saw this and ironically I saw Hercules just afterwards and I must admit I was really disappointed. I kind of like the film and there was some aspects I like but the character of ending I just didn’t like at all I didn’t like her boyfriend because they did change a little bit from the film obviously they got rid of her friends which I think was kind of a good thing they weren’t really needed but in the film he wasn’t liked as much because he kind of held Andy back to some degree, I don’t think he was as successful as he was in the stage show Miranda Emily Nigel Fant fantastic performances it was just a girl playing Andy have a voice really irritated me especially the end song as well. I’ll be on it. I’ve been to Dominion before because I’ve seen we were rock there. I also liked and you didn’t comment on this. Some of the items for devil wears Prada so when you look up, you will see the words to runway and the actual top bit of the theatre is designed as such and I think you can have a bit where you can have a photo as well. I was slightly disappointed with the merchandise especially the pin badge. It was awkward to open and I hope they do fix that. I found it very clever how they staged it and I will never take that away from anyone or the performance. I just didn’t like it as much but I’m looking forward to watching The Devil Wears Prada two.",0,2026-02-09,@ZStitchDisneyFan,THE DEVIL WEARS PRADA musical is not groundbreaking | ★★★ review of the West End show,devil wears prada musical review
qC18oMCIvKg,UgxQ-TqS_sR-PWbFW8x4AaABAg,"I am beginning to get tired of movies being turned into musicals. Sounds like the producers want a 100% guarantee the investment will pay off and running on the nostalgia and marketing of the original films. The secrecy around this musical was suspicious to me. The few songs I heard online all sounded like they are 10-15 years too late to the party. Then I heard Vanessa Williams cast as Miranda can’t either act or sing, and that was a final straw that put me off trying to see it.",0,2024-12-07,@3dprintinglady,THE DEVIL WEARS PRADA musical is not groundbreaking | ★★★ review of the West End show,devil wears prada musical review
qC18oMCIvKg,Ugxiyeim-6apSTfKqHd4AaABAg,How is this not the Premier? I know you’re saying it had its world premier in Chicago but if it’s been redirected and recast and it set it in a different time period isn’t that a different production? I mean that will be like George Lucas filming Star Wars a new Hope and then a year later Spielberg recasting it with different actors and filming it again and setting it in a different time period?,1,2024-12-06,@rhodeisland9096,THE DEVIL WEARS PRADA musical is not groundbreaking | ★★★ review of the West End show,devil wears prada musical review
qC18oMCIvKg,Ugz-4WSWLrMl-bpeApB4AaABAg,"It felt purpose-built to be the inoffensive show that straight women can bring their boyfriends to. This is not a compliment.

I thought the cast were fine but Vanessa Williams is very much not pushing the boat out at all, and very little of the music justified itself.

Fascinated to hear about the different take of the Chicago run, because my main note coming out of London was how painfully 2006 it all felt, not least with the awful wizard book plotline, but also the dated depiction of gender, weight and sexuality in the fashion industry… really, only one gay person works there, and everyone’s super gender-conforming? please. Feel like whatever they were cooking up in the previous run could have ended up being more interesting - but instead they have pivoted to safe, dull, and more safe.",1,2024-12-06,@kingarthurslance,THE DEVIL WEARS PRADA musical is not groundbreaking | ★★★ review of the West End show,devil wears prada musical review
qC18oMCIvKg,Ugxa01X7oBgvJH8hyUt4AaABAg,"Saw this in Plymouth and it is genuinely the worst shows I have ever seen on stage. Totally forgettable music, creatives choices that make no sense and, to me, very tacky costumes.",1,2024-12-06,@CDLK989,THE DEVIL WEARS PRADA musical is not groundbreaking | ★★★ review of the West End show,devil wears prada musical review
qC18oMCIvKg,UgzFNhX1ZmmMpmC03lR4AaABAg,Did they get rid of Andrea's useless boyfriend?,1,2024-12-06,@JoshAragon,THE DEVIL WEARS PRADA musical is not groundbreaking | ★★★ review of the West End show,devil wears prada musical review
qC18oMCIvKg,UgxQvPwj9TVsEznJ-Bp4AaABAg,Sorry.  Just saw you gave Prada three stars.  It only deserved two,1,2025-03-08,@KeithKusuda-pn5ek,THE DEVIL WEARS PRADA musical is not groundbreaking | ★★★ review of the West End show,devil wears prada musical review
qC18oMCIvKg,UgwQsISJswUhMihLJkB4AaABAg,Not sure why Elton is putting out flops. Maybe these are all passion projects on his bucket list. If,0,2024-12-08,@ABSG7,THE DEVIL WEARS PRADA musical is not groundbreaking | ★★★ review of the West End show,devil wears prada musical review
qC18oMCIvKg,UgwwrWk4pFy0Tnao9cZ4AaABAg,"Saw this past week on a trip to London (visiting from California.) Perhaps an unpopular opinion, but I didn’t like it. Other than Vanessa Williams, who was perfect in the role and did it justice (she’s better than the show), I feel it’s in need of some rewriting and recasting. Over sung - shrill in some cases, over acted - especially by the Emily and Andrea leads, and the stage adaptation of the book fell flat for me. Some positives though, the ensemble were fabulous and well choreographed (they too had amazing voices), the sets were clever, and while the Emily and Andrea characters over sung their parts - they had amazing voices and control over their instrument. Perhaps it was just the night I saw it, but the onstage chemistry wasn’t there. My partner and I commented as we were leaving the theatre, this show will not make it in New York. Not that it has to, but I would think the producers would love to see success in London and then take it to other major markets, like New York. I just don’t see wide commercial success for this musical version of the production. Here’s hoping they prove me wrong. I expect more from Elton John; I think he was lazy with this one and made it sound too much like Mama Mia. Was I the only one who thought the cast was going to burst into a rendition of Masquerade on the gala staircase? 😂

Thank you for posting your thoughtful review here on YT, MickeyJo. I appreciate your thorough analysis. We may not agree on some of the points for this production, I respect your take and well stated opinions.",0,2025-10-18,@Robert-vq2ke,THE DEVIL WEARS PRADA musical is not groundbreaking | ★★★ review of the West End show,devil wears prada musical review
qC18oMCIvKg,Ugw_7M3jsAlIAihkg854AaABAg,I’m shocked that you think Mean Girls is a better musical than Waitress.,0,2024-12-06,@johnfalcon5511,THE DEVIL WEARS PRADA musical is not groundbreaking | ★★★ review of the West End show,devil wears prada musical review
qC18oMCIvKg,UgxpJeJln9fZSwqewjZ4AaABAg,"One of the weakest West End shows I have ever seen. Maybe it would be mildly better if I had seen Vanessa Williams (I was looking forward to it), however the actress had to take a break from the London stage this week and was replaced by someone else.",0,2025-01-16,@marciodelgado5611,THE DEVIL WEARS PRADA musical is not groundbreaking | ★★★ review of the West End show,devil wears prada musical review
qC18oMCIvKg,UgzdCXXAqhW_tKoPXlN4AaABAg,I’m guessing it’s just like all the other film turned musicals. Pointless,0,2024-12-08,@Knightowl1980,THE DEVIL WEARS PRADA musical is not groundbreaking | ★★★ review of the West End show,devil wears prada musical review
qC18oMCIvKg,UgwNNzchKJ4VyWSEiuN4AaABAg,Most of the music was one note.  Many costumes were clownish and mardi gras.  Vanessa Williams was wasted.,3,2025-03-08,@KeithKusuda-pn5ek,THE DEVIL WEARS PRADA musical is not groundbreaking | ★★★ review of the West End show,devil wears prada musical review
qC18oMCIvKg,Ugyx55OPYFL0XAF3HFl4AaABAg,"Don't get the title about it being ground breaking, it doesn't have to be and not many shows are if any these days. Its a great new show with good music, beautiful costumes as well as artistic sets.",2,2024-12-06,@aviationphantom47,THE DEVIL WEARS PRADA musical is not groundbreaking | ★★★ review of the West End show,devil wears prada musical review
qC18oMCIvKg,UgzxX-KqspivZtt13L14AaABAg,Let’s not give Elton John full credit for the Lion King score - many of the best songs were written by Lebo M. The work of Hans Zimmer also features in the score.,0,2024-12-31,@GavinBrockMusic,THE DEVIL WEARS PRADA musical is not groundbreaking | ★★★ review of the West End show,devil wears prada musical review
qC18oMCIvKg,Ugyc4U3lBa6TKgwbKRp4AaABAg,"The host of the Drowsy Chaperone landed it perfectly: “Elton, when are we going to stop this CHARADE?” Elton John is a really third rate theatre composer, rhythmically naive, harmonically banal and melodically uninspired and derivative. Stick to pop songs, please.",5,2024-12-06,@davidking663,THE DEVIL WEARS PRADA musical is not groundbreaking | ★★★ review of the West End show,devil wears prada musical review
qC18oMCIvKg,Ugx6ZAtC3GL5wriMaDZ4AaABAg,What a stupid title. It's not supposed to be. I wouldn't expect it to be,1,2024-12-06,@angelsmilkyway4352,THE DEVIL WEARS PRADA musical is not groundbreaking | ★★★ review of the West End show,devil wears prada musical review
qC18oMCIvKg,UgzPcFTutZ19cPhZEoZ4AaABAg,"Let’s please just NOT support (or AT LEAST publicize) Elton John without discussing his public support and personal endorsement of Kevin Spacey. To the discredit of Spacey’s very many, very credible Victims. Takes a monster to know one dood.",3,2024-12-06,@stevielove4778,THE DEVIL WEARS PRADA musical is not groundbreaking | ★★★ review of the West End show,devil wears prada musical review
qC18oMCIvKg,UgwZdMPpTn8iwYi1WsZ4AaABAg,"Let’s be honest, Devil Wears Prada is a fairly mediocre film that has largely been carried by Meryl Streep’s performance. I do like it, don’t get me wrong, but it is an incredibly surface-level, a run-of-the-mill Hollywood piece. Unless the plot has been significantly improved and/or the cast is absolutely spectacular, it’s not going to last past a couple of seasons. When the initial tide of the film fans, musical theatre enthusiasts and curious tourists dies down, so will the show.",2,2024-12-06,@kefinkamed,THE DEVIL WEARS PRADA musical is not groundbreaking | ★★★ review of the West End show,devil wears prada musical review
3QmgDtknIig,Ugz8jmMWLONJQLNT5rZ4AaABAg,"Saw this yesterday and It was excellent. The songs, the clothes and the cast!",8,2024-11-08,@ItsSergeYall,The Devil Wears Prada Musical with Vanessa Williams is devilishly good | West End Review,devil wears prada musical review
3QmgDtknIig,UgwOZ6crvssPtvjHf-t4AaABAg,I saw it yesterday and I really loved it👏👏👏👏,2,2025-03-27,@rosariospadola,The Devil Wears Prada Musical with Vanessa Williams is devilishly good | West End Review,devil wears prada musical review
3QmgDtknIig,UgzYm7o3t-IVJJIXv8V4AaABAg,"🎀 ❤Georgie was buying groceries after the show  in the store near the Dominion. We saw DEVIL and We made a photography with her because we bought groceries too. Very very beautiful, funny and humble. 🎤🎹🎭",2,2025-09-14,@alexap3556,The Devil Wears Prada Musical with Vanessa Williams is devilishly good | West End Review,devil wears prada musical review
3QmgDtknIig,Ugweatdiac1KawnuJV14AaABAg,LOVED THIS REVIEW! 🥰,1,2025-09-07,@madeleinesims22,The Devil Wears Prada Musical with Vanessa Williams is devilishly good | West End Review,devil wears prada musical review
3QmgDtknIig,UgzuLLHUz36tE3WIEuF4AaABAg,Thank you for this!!!,0,2024-10-30,@Thisismyusername227,The Devil Wears Prada Musical with Vanessa Williams is devilishly good | West End Review,devil wears prada musical review
3QmgDtknIig,UgwyRJZAgilEBBXWtwl4AaABAg,Can't wait to see it...,1,2024-11-19,@marisadellapasqua2756,The Devil Wears Prada Musical with Vanessa Williams is devilishly good | West End Review,devil wears prada musical review
3QmgDtknIig,UgxEcNoglFJ5IzzIIH54AaABAg,Why doesn't anyone ever mention the props! The prop supervisors are there from the start and set the scenes!!! Fab,1,2024-10-28,@JillJohnson-x7t,The Devil Wears Prada Musical with Vanessa Williams is devilishly good | West End Review,devil wears prada musical review
3QmgDtknIig,UgzKWeV6m17C95sJeA94AaABAg,I actually wanna watch this :p,2,2024-10-27,@nathanaltai,The Devil Wears Prada Musical with Vanessa Williams is devilishly good | West End Review,devil wears prada musical review
3QmgDtknIig,UgyD4zfoA6orN0qC3eV4AaABAg,Thanks for the thorough review - I can tell from your euthusiasm that you really liked this one. I'm seeing it in two weeks cannot wait! Saw Vanessa Williams open a musical concert at Cardogan Hall today so really looking forward to seeing her as Miranda! Did you happen to check out the stage doors after the show?,3,2024-10-27,@benedictlam7582,The Devil Wears Prada Musical with Vanessa Williams is devilishly good | West End Review,devil wears prada musical review
3QmgDtknIig,UgzmogUaaCU28cYRedh4AaABAg,I'm seeing this in a week. i hope is good!! can i take photos during or at the end of the play?,1,2024-12-26,@dimitrisegkomitis,The Devil Wears Prada Musical with Vanessa Williams is devilishly good | West End Review,devil wears prada musical review
3QmgDtknIig,Ugy3sFOhnxvr5e95TPt4AaABAg,"I have seen it last friday and I must say that from my point of view The Devil wears Prada is a absolutly must see! Especially if you like the movie or fashion.
The complete cast was amazing and the music is brilliant.
I just was wondering that there is no cast-recording available on CD. Would like to hear the music at home too...",2,2024-12-02,@a.d.7623,The Devil Wears Prada Musical with Vanessa Williams is devilishly good | West End Review,devil wears prada musical review
3QmgDtknIig,UgwqCTRCUQZ4pEKl1Rh4AaABAg,"Interesting, enjoyed hearing your thoughts! I saw it on the first preview and I enjoyed it, but it wasn't an overall favourite for me. Agree the cast were fabulous especially Amy di Bartolomeo, there were some really amazing set and lighting pieces as well! Think it's a fun addition to the West End!",1,2024-10-28,@mwmheps,The Devil Wears Prada Musical with Vanessa Williams is devilishly good | West End Review,devil wears prada musical review
3QmgDtknIig,Ugz7_0AMUvd6tt6BgEB4AaABAg,❤,1,2024-10-28,@ruzicalazarevic2920,The Devil Wears Prada Musical with Vanessa Williams is devilishly good | West End Review,devil wears prada musical review
3QmgDtknIig,UgwbyU9LF7cJAHexo-t4AaABAg,Very disappointed with the producers and theater for cancelling shows after tickets were sold. Unprofessional and unacceptable. A pox on all their houses!,0,2024-11-20,@nycpjo,The Devil Wears Prada Musical with Vanessa Williams is devilishly good | West End Review,devil wears prada musical review
3QmgDtknIig,UgzGrnadMyJMExBGdqN4AaABAg,"I'm excited, Shaina writes incredible lyrics and the music by Elton John there's really not much to say! im sure the music will be amazing!",1,2024-10-28,@pauvzla,The Devil Wears Prada Musical with Vanessa Williams is devilishly good | West End Review,devil wears prada musical review
3QmgDtknIig,UgxU5WyzC0vgeQ_f9j54AaABAg,"When I heard they were going to make a musical, my first thought was DO-NOT-TOUCH-THAT-MOVIE!!! But… I was there last week at the opening night in the Dominion Theatre and I must say I was very pleasantly surprised. I fully agree the cast is excellent, staging and set design top, outfits top. 

Regarding music: some numbers (e.g. I only love you for your body) are 100% Elton-style, others may be more difficult to be recognized as his compositions. The refrain of the number „Runway“ sung by Emily reminds me of „Somewhere“ from West Side Story - I really hope it‘s not going to turn out to be a plagiarism… 

Regarding singing: generally very good, except the high note at the end of The Devil wears Prada (the ball scene) sung by someone from the cast and which was totally off-pitch/flat and really hurt my ears. They should work a bit more on that one with their vocal coach. 

I was also glad that they kept a lot of the original text from the movie. Especially Miranda’s famous cerulean-monologue was kept almost in its entirety. However, I was missing the equally famous „Florals? For spring?! Groundbreaking!“ 

Also, they added some additional story lines like Emily‘s flirting with the nurses in the hospital where she is hospitalized following her accident (Bon Voyage). This is something which is not in the original movie but nevertheless a good idea as an 11 o‘clock number.


Overall, a very positive experience.",2,2024-11-02,@attilapetyar6202,The Devil Wears Prada Musical with Vanessa Williams is devilishly good | West End Review,devil wears prada musical review
qhJSOrJJN84,Ugyn0oh5ZkrsCUxgnil4AaABAg,I’m seeing this with my mum in January. Hope it’s good 🤞,3,2024-12-06,@AB_Artz14,"REVIEW: The Devil Wears Prada Musical | Dominion Theatre, West End",devil wears prada musical review
qhJSOrJJN84,Ugx0xwsN8j9u36iS8jB4AaABAg,"""The boyfriend everyone hates, "". 😂😂😂😂 So true! Thanks for this fantastic review,  Ellie. I would be on board with them bumping the show up to the modern day. From what you shared, it sounds like they could flesh this show out a bit more to give it more of its own identity. I have the impression that bringing the show to Broadway wouldn't be a good idea at this point, but it would likely do well on tour.",3,2024-12-07,@Nikki-mx5my,"REVIEW: The Devil Wears Prada Musical | Dominion Theatre, West End",devil wears prada musical review
qhJSOrJJN84,Ugx-rNn136R4hdk14Yh4AaABAg,That’s all 😂,1,2024-12-06,@rburns5495,"REVIEW: The Devil Wears Prada Musical | Dominion Theatre, West End",devil wears prada musical review
qhJSOrJJN84,UgwWVjkpZyi_XzpZFYN4AaABAg,"I had a super long comment listing the things that I remember changing from the chicago production.  I had queued up your Benjamin Button review next though so as I was on the last point, it automatically changed videos and erased the whole thing. 😭",0,2025-02-21,@flygirl-h7r,"REVIEW: The Devil Wears Prada Musical | Dominion Theatre, West End",devil wears prada musical review
qhJSOrJJN84,Ugytt_0yDQ5bQnJ-wCZ4AaABAg,"It’s fatal flaw is it has absolutely no memorable songs sure they all sound good and are sang well but not one would you be able to sing on the way out 
Hey it was fun and they obviously threw millions at it but some of it is so lazy 
The chorus really need to get in sync it was actually annoying at some points that they were so out of sync
Four people beside me didn’t return after the interval",1,2025-01-01,@johnlaurie3418,"REVIEW: The Devil Wears Prada Musical | Dominion Theatre, West End",devil wears prada musical review
qhJSOrJJN84,Ugy5BAV2vH0ZulJYG-l4AaABAg,Elton John is a 77 year old man who is blind now... I think people forget he's not who he was when he wrote lion king. Same sort of criticism I have for people who moan about newer ALW productions... You're lucky you're getting them really at 76. My grandma died when she was 69 and my grandad when he was 79!,0,2024-12-06,@clevm002,"REVIEW: The Devil Wears Prada Musical | Dominion Theatre, West End",devil wears prada musical review
zoeYY1jjWOk,Ugyq6WN1-6Oox9Hs0W14AaABAg,Thoughts on the announcement of the sequel?,7,2025-01-16,@annevanderelst247,👠The Devil wears Prada musical: How to ruin your protagonist📱,devil wears prada musical review
zoeYY1jjWOk,UgzsmYU88mpJeOHiwhl4AaABAg,"You know what feels like not understanding Miranda at all?  Giving her literally any solos.  This woman does. not. let. people. in.  That's kind of the whole point.  Give her a villain song that's sung by other people while she gives orders.  Give her thematic music that ramps up when she's being vicious.  And in the scene where she tells Andy they have to change the seating because her husband is leaving her...give her two bars.  Two bars of a solo like she's finally going to open up and sing, and then have her stop, and be back to business.  Because that's who Miranda is.

What I get from this is that it was written by people who don't understand how and why musicals work, just that they make money.  They take the major plot points, turn them into songs, and call it a day.",498,2025-01-15,@casihamilton3773,👠The Devil wears Prada musical: How to ruin your protagonist📱,devil wears prada musical review
zoeYY1jjWOk,UgyKIkbCn47pNwXEJ994AaABAg,New musicals seem to have forgotten that theater can and should be subtle. We only over-express to the back row and see us not because the audience is too dumb to understand nuance.,225,2025-01-15,@ruthiebee11,👠The Devil wears Prada musical: How to ruin your protagonist📱,devil wears prada musical review
zoeYY1jjWOk,UgxXwPuck01F_sxixQ94AaABAg,"I’m disappointed to hear that Vanessa Williams didn’t channel “Wilhelmina Slater” from Ugly Betty for her portrayal of Miranda. The two characters are identical. 
Hopefully the sequel film to Devil Wears Prada follows the second book or becomes its own thing.",87,2025-01-15,@sakunaruful,👠The Devil wears Prada musical: How to ruin your protagonist📱,devil wears prada musical review
zoeYY1jjWOk,UgxIR6D9InNn8v2Tci54AaABAg,"It sounds like the Mean Girls musical and this one suffer from a similar problem: the villain is the most popular character. Because of this, the musical adaptations focus more on developing Regina and Miranda (respectively) and as a result the protagonist’s characterization suffers. Cady is a much weaker character in the musical and was not hyped up in the marketing at all compared to Regina and it sounds like that’s whats happening to Andi here. Pretty sad",35,2025-01-17,@sonofaspyder3000,👠The Devil wears Prada musical: How to ruin your protagonist📱,devil wears prada musical review
zoeYY1jjWOk,UgyG5Wh9UmpxDgFu3At4AaABAg,"Can we please talk about Musical Andy's hair?? Anne Hathaway's hair in the movie feels timeless and current, the piecey bangs are so chic and a perfect way to signify her style evolution, but the musical makes Andy look like a soccer mom!! A long bob with side bangs feels so incredibly dated, not to mention the fashion in the musical. I loved the movie so much growing up because of the real life nyc fashion influences, and I feel like that's been completely lost. The musical costume design is a total miss, which is so disappointing for a movie literally set in the fashion world.",18,2025-01-23,@veratabrae,👠The Devil wears Prada musical: How to ruin your protagonist📱,devil wears prada musical review
zoeYY1jjWOk,Ugyc4MemeqBTpA854g54AaABAg,"You said it all, what a missed opportunity to make an iconic property even more iconic 🥲. Btw your recreations of the songs in the musical made me absolutely crack up!!!",120,2025-01-15,@Hannah_Hodge,👠The Devil wears Prada musical: How to ruin your protagonist📱,devil wears prada musical review
zoeYY1jjWOk,Ugzv-96dnprZzz9V1Xd4AaABAg,I thought the same when I saw it in October last year. For play about two or three powerful women to make their only interactions love and work but no friends felt highly reductive.,163,2025-01-15,@charmedx3219,👠The Devil wears Prada musical: How to ruin your protagonist📱,devil wears prada musical review
zoeYY1jjWOk,Ugy4OIFIbXisl2o53c14AaABAg,"They absolutely didn’t cut Andy’s friends due to “budget restraints on cast members…” this is already a huge cast. The friends would be doubled with some of the ensemble-members; this is JUST a (sadly expected) case of bad-writing, and excluding essential character building, in favor of more time toward generic “pop” music.
OH/// and the Vanessa Williams/ Miranda situation is extremely common —- I assume that Williams contract (or at least her agreement) hinged on the fact that her character would have a particular amount of stage time and songs.
AND as far as her bow, this is expected. NO ONE would have thought that she was not going to get the last bow —- the last bow generally is going to be given to the person who will get the biggest audience-response, otherwise you will have screams and people leaping to their feet… then when the next person comes on, the entire reception falls — THIS feels bad for the show and the cast.
SO, in your high school production the lead character will probably always bow last. On Broadway, it will almost always be the biggest “Star”.",36,2025-01-18,@stevielove4778,👠The Devil wears Prada musical: How to ruin your protagonist📱,devil wears prada musical review
zoeYY1jjWOk,UgzljDhzadcvBGcN72l4AaABAg,"Truly such depth and character conveyed in just a few words ""I mean business, oh yeah. I mean business. Yes, I do""

I think she means business guys",123,2025-01-15,@myolkieway,👠The Devil wears Prada musical: How to ruin your protagonist📱,devil wears prada musical review
zoeYY1jjWOk,UgzTl42vOpxQZJHgDYV4AaABAg,"As much as i love musical adaptations of anything, I really feel like TDWP should be just a play, no songs.",46,2025-01-16,@vvjqm,👠The Devil wears Prada musical: How to ruin your protagonist📱,devil wears prada musical review
zoeYY1jjWOk,Ugystuy-Wio6U21whaB4AaABAg,"I've never seen the musical but holy crap why would they take out such pivotal scenes? Anyway, great video! Excited for the next one :)",36,2025-01-15,@laurensjanssen8352,👠The Devil wears Prada musical: How to ruin your protagonist📱,devil wears prada musical review
zoeYY1jjWOk,UgyshvXG7HPS6oS2yxh4AaABAg,Asa theatre fan the final bow is generally given to the biggest star. As Vanessa is the known entity/star here it follows the usual convention . Though I agree with you about the story being Andies/,47,2025-01-15,@AthynVixen,👠The Devil wears Prada musical: How to ruin your protagonist📱,devil wears prada musical review
zoeYY1jjWOk,UgzrAr98KV6egnqXgnZ4AaABAg,"I read the book in Dutch (as part of learning Dutch, I recommend this hack to learn a new language: read the book to a movie), and in the book Andy is soooo annoying, I actually hated her. She was so lazy in the book, I thought: OMG, just do your job! I could not even finish the book, that's how much i was annoyed by her complaining.",44,2025-01-15,@der.Schtefan,👠The Devil wears Prada musical: How to ruin your protagonist📱,devil wears prada musical review
zoeYY1jjWOk,UgxkfLRWMT8l1DtmS_Z4AaABAg,"Between your review of this character and how Mean Girls also blanded out Cady way too much, I am just even more thankful they remembered to keep/add to the depth of Elle Woods",16,2025-01-16,@pierredesbrieres783,👠The Devil wears Prada musical: How to ruin your protagonist📱,devil wears prada musical review
zoeYY1jjWOk,UgxQl8qFGOEYQDw800l4AaABAg,"I honestly really just preferred TDWP to be just as a movie. I get that its an absolutely iconic movie and part of pop culture, but the musical just.. Made it soooo boring. I like some of the songs, but it doesnt make up for the fact that the musical doesnt do the og movie any justice (except the actors, love them.)",21,2025-01-15,@Reeine,👠The Devil wears Prada musical: How to ruin your protagonist📱,devil wears prada musical review
zoeYY1jjWOk,UgyCqn2EXRbLlCeT_Fp4AaABAg,"I feel like even the movie Devil Wears Prada has some issues about who the villain is and who you root for because it does a good job of seducing Andy, and the audience, into seeing how glamorous and important the fashion world can be, and sometimes it doesn't give a convincing argument as to _why_ it's wrong to want to invest in something like this, like it's the inherently evil choice instead of a lifestyle option. I was one of the many who absolutely DESPISED Andy's boyfriend in the movie, because he I saw him as an unsupportive layabout hypocritical and pridful schlub who hated that Andy was growing beyond him, and instead of doing internal work or approaching it in a way of genuine concern for Andy work-life balance, he was a petulant gaslighting jerk. 
sometimes you outgrow people, and that's kind of evident with her friends. So I kinda wished the musical supported that critique people have with the movie, And have Andy both square the circle that she has changed, but still be true to herself, get that Journalist job, leave Miranda behind, AND GET SOME BETTER FRIENDS WHO WANT MORE FOR HER!",14,2025-01-16,@EthalaRide,👠The Devil wears Prada musical: How to ruin your protagonist📱,devil wears prada musical review
zoeYY1jjWOk,UgyHs-8-TRQqHGxnN7B4AaABAg,"I really want to rewatch the movie again now, for the millionth time!",8,2025-01-15,@2ndlife.furniture.restoration,👠The Devil wears Prada musical: How to ruin your protagonist📱,devil wears prada musical review
zoeYY1jjWOk,Ugxx1zibuLh6HS7k37B4AaABAg,"Every commercial musical (aka the thrown/together, corporate-arranged musical MESSes - mostly based on old films these days) are MORE AND MORE like theme-park shows than nuanced theatre about characters and themes … best contained to 20 quick minutes between coasters,  than 3 hours.",3,2025-01-18,@stevielove4778,👠The Devil wears Prada musical: How to ruin your protagonist📱,devil wears prada musical review
zoeYY1jjWOk,Ugy2pJMfeeSaqr6s4794AaABAg,"I saw the musical recently, all these comments make so much sense . I agree!",7,2025-01-15,@AB_Artz14,👠The Devil wears Prada musical: How to ruin your protagonist📱,devil wears prada musical review
zoeYY1jjWOk,UgzV_Ue9GPUnA_iXfSd4AaABAg,"I literally gasped at giving Miranda the last bow inetead of Andy. What?? Its like they mistook ""everyone loves the Miranda character because we all love a good villain"" for ""everyone loves the Miranda character therefore shes the lead""",4,2025-01-27,@ToraMuts,👠The Devil wears Prada musical: How to ruin your protagonist📱,devil wears prada musical review
zoeYY1jjWOk,Ugxe5Vof15OcgyCv6Ld4AaABAg,never watched this but you have made this interesting!,1,2025-01-15,@CarrotY0utube,👠The Devil wears Prada musical: How to ruin your protagonist📱,devil wears prada musical review
zoeYY1jjWOk,UgwKKYNCp2mHlnl1zrB4AaABAg,I feel your same sentiments. I saw the full bootleg filmed production on Facebook.  Ugh,2,2025-01-17,@M2_Kaay,👠The Devil wears Prada musical: How to ruin your protagonist📱,devil wears prada musical review
zoeYY1jjWOk,UgwoZ0DhTKD8SgS06zN4AaABAg,"I watched it last year whilst it was in Plymouth and honestly it was fantastic, I enjoyed every second of the show.",2,2025-01-16,@mp580q7,👠The Devil wears Prada musical: How to ruin your protagonist📱,devil wears prada musical review
zoeYY1jjWOk,Ugxuk3v6hoSwsyWe60p4AaABAg,went to see this along with mean girls for my 21st back in november and remember just feeling so underwhelmed especially when i’d loved mean girls so much,1,2025-01-22,@txaevelyn,👠The Devil wears Prada musical: How to ruin your protagonist📱,devil wears prada musical review
zoeYY1jjWOk,Ugy1P05P-53uw6nujj14AaABAg,Anne! I saw you slip that picture of Anne from Les Mis in there in the story beats section lmfao 😂😂,1,2025-01-27,@jerpica.d6735,👠The Devil wears Prada musical: How to ruin your protagonist📱,devil wears prada musical review
zoeYY1jjWOk,UgxqrAS7333PDUv7p7l4AaABAg,"18:06 Is it different on West End?  Because on Broadway, a well known actress can get the final bow over the star.  And honestly, if anything, Andy and Miranda SHOULD be bowing together.  They're both the leads of this - Andy is in the most scenes, Miranda is the titular character.  So, yeah, if I were directing this, I would have just had them come out together.",9,2025-01-16,@DigiDestined13,👠The Devil wears Prada musical: How to ruin your protagonist📱,devil wears prada musical review
zoeYY1jjWOk,UgyFT92J5WB5WpBmSYZ4AaABAg,"18:04 - I will say, about the Bows thing, whilst I agree that the final bow usually goes to the lead, it doesn't strictly always, especially in shows with multiple prominent characters. Like as an example, Christine is the lead in Phantom but the last bow always goes to The Phantom himself. That's just off the top of the dome but it does happen, when a character maybe isn't the lead but is sort of just as instrumental. Like, Phantom wouldn't be Phantom without him, and likewise perhaps Devil wouldn't be Devil without Miranda. That said, it'd be naive to think that in this case, Vanessa's star power didn't cinch her that final bow when it would've been just as if not more fair to give it to Andy.",32,2025-01-15,@strangeandinteresting,👠The Devil wears Prada musical: How to ruin your protagonist📱,devil wears prada musical review
zoeYY1jjWOk,UgwUwti0uLD61iq9TAZ4AaABAg,"I’ve only watched the movie once and didn’t understand it, but holy shit, is it better than this.",1,2025-01-15,@eatatjoe,👠The Devil wears Prada musical: How to ruin your protagonist📱,devil wears prada musical review
zoeYY1jjWOk,UgzTaAvIqx8v5wDCIEF4AaABAg,Okay I saw back to the future and didn’t like the dependency on technology but the music itself was pretty good especially the specific performers that I saw,3,2025-01-16,@johnsimpsonii108,👠The Devil wears Prada musical: How to ruin your protagonist📱,devil wears prada musical review
zoeYY1jjWOk,UgwHcTzsHuL1q5rDMhl4AaABAg,"2:23 YESS GIRL - This is my life, love it or leave it...",0,2025-01-21,@Rosyandguildy,👠The Devil wears Prada musical: How to ruin your protagonist📱,devil wears prada musical review
zoeYY1jjWOk,Ugz3GKcZHNgaBAx4pxV4AaABAg,I Am Afraid of the upcoming sequel,1,2025-01-16,@saludsinfiltros6854,👠The Devil wears Prada musical: How to ruin your protagonist📱,devil wears prada musical review
zoeYY1jjWOk,UgwAnvsC44dU0ei4eoR4AaABAg,randomly connecting this movie to patrick jane after my sister's obsession with the mentalist is a trip,0,2025-01-25,@maxinediary,👠The Devil wears Prada musical: How to ruin your protagonist📱,devil wears prada musical review
zoeYY1jjWOk,Ugw2r6Q5jpnM65pFr_t4AaABAg,"17:59 But Miranda is already likeable. That archetype of big ego boss that can have it because she's that good. She's fierce, professional, entertaining and the woman boss in general",55,2025-01-15,@gyrosik8851,👠The Devil wears Prada musical: How to ruin your protagonist📱,devil wears prada musical review
zoeYY1jjWOk,UgwYfnXNJ0xKX8p7Hb54AaABAg,"Interesting points!  Probably gonna wait a while to catch this one. 
Hey have you considered covering Les Mis in your movie/musical comparison series?  Not sure how the non musical movie holds up, it might not be good enough to compare but if it is it could be fun!",1,2025-01-15,@padfoot2116,👠The Devil wears Prada musical: How to ruin your protagonist📱,devil wears prada musical review
zoeYY1jjWOk,Ugwh_I0iWQN5UmpaazB4AaABAg,I would love for them to incorporate your notes and rework the show. You really nailed some key issues.,0,2025-05-04,@PhoenixHinds,👠The Devil wears Prada musical: How to ruin your protagonist📱,devil wears prada musical review
zoeYY1jjWOk,UgxnN2vMU9gDbphDbl54AaABAg,"omg, i had no clue they even made a devil wears prada musical. i was excited until i read the full title LOL 👠😯",0,2025-01-17,@happywithdrawal,👠The Devil wears Prada musical: How to ruin your protagonist📱,devil wears prada musical review
zoeYY1jjWOk,UgxsiAbQsHGFuzg2cKd4AaABAg,Did the musical have Andy’s quit Dress from the film it’s one of my fav dress,0,2025-08-06,@maxyahrmatter6174,👠The Devil wears Prada musical: How to ruin your protagonist📱,devil wears prada musical review
zoeYY1jjWOk,UgwNv4GEQwB0EFPoUFp4AaABAg,18:05  this is not the only time a play gets the wrong character to be on the final bow there was a Peter Pan pantamine I fond on YouTube the bows and Captain Hook gets the final bow I shook my head because Peter is the main character I did see a play of Peter Pan and it had the person playing Peter tak the fainle bow,0,2025-07-24,@maxyahrmatter6174,👠The Devil wears Prada musical: How to ruin your protagonist📱,devil wears prada musical review
zoeYY1jjWOk,Ugy7LyWIjQiwuxYf9It4AaABAg,"put this video off because I was to watch it yesterday...  for my brother's birthday, who dislikes musicals (funny right) and we concluded the story was weak, the singing was good, but I couldn't hear half the lyrics tho so the songs didn't even help the story. i forgot the movie was way more detailed. musicals are meant to add nuance (eg legally blonde) not reduce. defo agree with all your points.",1,2025-01-21,@adiora.ajc12,👠The Devil wears Prada musical: How to ruin your protagonist📱,devil wears prada musical review
zoeYY1jjWOk,UgwKmwwt1Z2rNygupKR4AaABAg,"When I listened to the songs I was initially excited since I love the film. I was expecting the musical to be on the same level as Legally Blonde. I was severely disappointed. Majority of the songs felt like they weren't actually songs for a musical. Idk if that makes sense, but idk how else to word it.",0,2026-04-22,@Grand_ghoul,👠The Devil wears Prada musical: How to ruin your protagonist📱,devil wears prada musical review
zoeYY1jjWOk,Ugz4BCN-86wk0F8FhF14AaABAg,"As always, thank you for a fantastic and comprehensive break down, another great watch. I actually really don't like or sympathise with film Andy. She wants to prove herself in an industry that she doesn't care about and changes herself beyond recognition to do it, damaging her relationship with her boyfriend with infidelity and becoming ""too good"" to hang out with her friends. I think she's a horrible character regardless of whether she redeems herself or not, but that's just me 🤷🏼‍♀️",1,2025-01-17,@bethgarden4537,👠The Devil wears Prada musical: How to ruin your protagonist📱,devil wears prada musical review
zoeYY1jjWOk,UgzB6i1HO5-6T4wm5n14AaABAg,"Usually I'd say the warping of the story to make the antagonist more likable and the protagonist more obtuse is somehow a result of casting a diva as Miranda and shifting the focus, but that wouldn't really explain minimizing everything that makes Andy relatable. Makes me wonder if the person responsible for the changes personally identified more with Miranda and genuinely didn't get what was so compelling about Andy's personal life.",1,2025-01-24,@relaxingallcool,👠The Devil wears Prada musical: How to ruin your protagonist📱,devil wears prada musical review
zoeYY1jjWOk,UgziMjuYpcVrijL8gI54AaABAg,Omg you look just like a 2000's argentinian popstar: Virginia from the group Bandana. Look it up,1,2025-01-15,@fedearequil,👠The Devil wears Prada musical: How to ruin your protagonist📱,devil wears prada musical review
zoeYY1jjWOk,Ugy8kiw-yB2K_jNGLu14AaABAg,"The Devil Wears Prada movie was set in 2006, not the early 2000s",0,2025-11-02,@qk1050,👠The Devil wears Prada musical: How to ruin your protagonist📱,devil wears prada musical review
zoeYY1jjWOk,UgyMguaVE8cXzQ-NyYB4AaABAg,"I saw it yesterday and loved it. It’s not the movie, musical adaptations are always different from the movies. They need to be enjoyed that way 😅",0,2025-03-09,@rachaelt8729,👠The Devil wears Prada musical: How to ruin your protagonist📱,devil wears prada musical review
zoeYY1jjWOk,Ugx9Q6kj7wpS7gYAqJ94AaABAg,"I agree with all of your points here. I can't imagine the headache that went into making this musical. And it did not pan out well. Compared to an adaptation similar in tone to Legally Blonde, this was quite dull and annoying.",36,2025-01-15,@luc-i-guess,👠The Devil wears Prada musical: How to ruin your protagonist📱,devil wears prada musical review
zoeYY1jjWOk,UgwN6mUYMi-Mea2Ym2J4AaABAg,"Wait, she wants to quit after the cerulean speech? Quitting because of a speech? Wow, really gen Z.",1,2025-01-16,@da96103,👠The Devil wears Prada musical: How to ruin your protagonist📱,devil wears prada musical review
zoeYY1jjWOk,UgyZS38kM7CYXXZ-8EB4AaABAg,"Not sure what's going on in the wig department but no musical with this amount of budget should have a wig that looks as bad as Andy's original/long hair, let alone a story where hair and physical things are key parts of a character's transformation",0,2025-05-12,@sophie-qx4im,👠The Devil wears Prada musical: How to ruin your protagonist📱,devil wears prada musical review
zoeYY1jjWOk,UgxHPpVdKdfHHdcEnBR4AaABAg,"Im going to London around Oct-Nov this yr and i really want to watch this but ive read and watched reviews, most commented regarding the music that there wasnt really anything that stood out to them which is disappointing considering they boast that its made by Elton John. Though the presentation of Miranda in the musical was fine but no character depth with Andy at all. Im skipping the musical. From reviews they removed everything all transformation storyline arch of Andy and why the musical v we just dont care about her. Considering VW is the biggest well known star there they adjusted the story and characters which ends up her being the protagonist and the reason for people to watch the show.",0,2025-03-06,@ira_1991,👠The Devil wears Prada musical: How to ruin your protagonist📱,devil wears prada musical review
zoeYY1jjWOk,UgyDRi5tQ-XX7ryN05V4AaABAg,"I disagree with the bows, because the name of it is referring to Miranda which to me makes her the main character",0,2025-02-05,@georgia.newman,👠The Devil wears Prada musical: How to ruin your protagonist📱,devil wears prada musical review
zoeYY1jjWOk,UgzEKx0Dak3sofTM4r54AaABAg,"I didn't watch the show, but I'm guessing Vanessa Williams' Miranda Priestly is too close to her Wilhelmina Slater (Ugly Betty) than Anna Wintour.",1,2025-01-15,@zitronentee,👠The Devil wears Prada musical: How to ruin your protagonist📱,devil wears prada musical review
zoeYY1jjWOk,UgyjV3bF2K21PfvIy2x4AaABAg,I’m so sorry your name is attached to this terrible musical Vanessa Williams 😭,1,2025-01-16,@niyaakbar1098,👠The Devil wears Prada musical: How to ruin your protagonist📱,devil wears prada musical review
zoeYY1jjWOk,UgyiTVouLng2axdntUR4AaABAg,"Man , the musical didn't have to change Andy that much. She looks like she aged 10 years from schoolgirl to Patty LuPone.",1,2025-01-16,@da96103,👠The Devil wears Prada musical: How to ruin your protagonist📱,devil wears prada musical review
zoeYY1jjWOk,UgzkKnATjtbobwDOckx4AaABAg,"And not to sound superficial, but Andi, Christian, Emily, and Nate aren’t that attractive.",1,2025-01-17,@MikeA15206,👠The Devil wears Prada musical: How to ruin your protagonist📱,devil wears prada musical review
1xtVHNQCaxk,UgwJ71nXWe7D__KPqrZ4AaABAg,Enough to boycott just over the fact that Miranda’s hair isn’t Grey/Silver. Like. Why? Why not? WHY?!?!? Stupid thing to care about but… come on. Iconic look and they don’t do it?,9,2022-08-06,@Sean-fu7ui,The Devil Wears Prada Musical - Short Review,devil wears prada musical review
1xtVHNQCaxk,UgyqBjbMGZF0w2eD5Qd4AaABAg,Heard they took out the Harry Potter thing and replaced it with something about Morocco which was nowhere near as challenging,1,2022-08-24,@NairAthul,The Devil Wears Prada Musical - Short Review,devil wears prada musical review
1xtVHNQCaxk,UgwPmDUrf0Dk2imZbIt4AaABAg,Didn't the costume designer actually work with Prada themselves...,0,2022-08-07,@cannotthinkofausername6379,The Devil Wears Prada Musical - Short Review,devil wears prada musical review
1xtVHNQCaxk,UgyjqGLEMgtgpNLQ8s14AaABAg,I totally agree. I saw it in Chicago and thought it was one of the worst musicals I’ve ever seen in decades of theater going.,0,2025-06-25,@OurHalcyonDay,The Devil Wears Prada Musical - Short Review,devil wears prada musical review
1xtVHNQCaxk,UgzdNGEFMnQUg84ZZqN4AaABAg,Late comment- the trailers they released are cringe inducing. You’re not the only one who hated it. The critics hated it too. It has been confirmed as a broadway transfer but I can’t imagine it will make back its investment and will crash and burn ala countless other shameless money grabs.,1,2022-12-08,@genieb3823,The Devil Wears Prada Musical - Short Review,devil wears prada musical review
1xtVHNQCaxk,Ugx3JO4AsWvkHAxosJx4AaABAg,Not surprised. It looks horrendous. Like another Diana. It will close a fee months after opening. What a waste.,1,2022-08-07,@djmotise,The Devil Wears Prada Musical - Short Review,devil wears prada musical review
GU4aRzbbT4g,UgzDI-vLIZN9GNs4aEt4AaABAg,incredible choice to cast Vanessa. she is perfect,201,2024-07-09,@gebiss1,Vanessa Williams talks &#39;The Devil Wears Prada&#39; musical,devil wears prada musical review
GU4aRzbbT4g,Ugxw7tbWvRxKOZ2DXKl4AaABAg,Williams's Wilhelmina Slater in Ugly Betty was a comedic take on Miranda Priestley in The Devil Wears Prada. So she has lots of experience w. this type of character. And her voice sounds great. This show will surely be a hit.,101,2024-07-09,@RaymondNYC1,Vanessa Williams talks &#39;The Devil Wears Prada&#39; musical,devil wears prada musical review
GU4aRzbbT4g,Ugx2f-rw8MU2FjBU0Zl4AaABAg,She’s perfect for this role! A powerhouse and an icon 👏👏👏,62,2024-07-09,@reading101,Vanessa Williams talks &#39;The Devil Wears Prada&#39; musical,devil wears prada musical review
GU4aRzbbT4g,Ugxc5fix81KOk2hES3h4AaABAg,She is so gorgeous!  I can’t believe she is 61!  She is absolutely just a lovely woman!  I hope it does come to the States.,29,2024-07-10,@1224dlc,Vanessa Williams talks &#39;The Devil Wears Prada&#39; musical,devil wears prada musical review
GU4aRzbbT4g,UgwBEgNAKUYFiKKKKwJ4AaABAg,Wilomena was MARVELOUS; Vanessa will be great 😍❤,49,2024-07-09,@xp-fx7gx,Vanessa Williams talks &#39;The Devil Wears Prada&#39; musical,devil wears prada musical review
GU4aRzbbT4g,UgwE8r5xJC7QYvDXhux4AaABAg,Vanessa you will knock this out of the park!,71,2024-07-09,@amb7412,Vanessa Williams talks &#39;The Devil Wears Prada&#39; musical,devil wears prada musical review
GU4aRzbbT4g,Ugwa6yipPpNPcFRRxeF4AaABAg,Omg!! This looks SO good!! Just LOVE Vanessa!! She’ll be AMAZING in this role!,34,2024-07-09,@douglaswild3852,Vanessa Williams talks &#39;The Devil Wears Prada&#39; musical,devil wears prada musical review
GU4aRzbbT4g,UgwEk2PwPOR-S_tNnrJ4AaABAg,I'm sure Vanessa Williams will kill as Miranda in The Devil Wears Prada. Her career has prepared her for it!,17,2024-07-09,@janices6140,Vanessa Williams talks &#39;The Devil Wears Prada&#39; musical,devil wears prada musical review
GU4aRzbbT4g,UgyBm8ixRTGRtr-gabh4AaABAg,Fuckin love Vanessa Williams,38,2024-07-09,@Ilalang1604,Vanessa Williams talks &#39;The Devil Wears Prada&#39; musical,devil wears prada musical review
GU4aRzbbT4g,Ugy1mUI1H-xVGZHS1254AaABAg,She's going to KILL IT playing Miranda Priestly!  I'm so excited for her.,58,2024-07-09,@Dina-ix1cb,Vanessa Williams talks &#39;The Devil Wears Prada&#39; musical,devil wears prada musical review
GU4aRzbbT4g,Ugzj2jz4-PxjBzHTNrB4AaABAg,"This is perfect casting, she will be AMAZING!",13,2024-07-09,@pibbitybibbity,Vanessa Williams talks &#39;The Devil Wears Prada&#39; musical,devil wears prada musical review
GU4aRzbbT4g,UgwSYZPvkmFOudr55fV4AaABAg,So happy for her.   ALL THE BEST !!,22,2024-07-09,@macrichardson7904,Vanessa Williams talks &#39;The Devil Wears Prada&#39; musical,devil wears prada musical review
GU4aRzbbT4g,UgxBQWk5TzYLWjcmneV4AaABAg,"I love Vanessa Williams, some of her songs hold a special place in my heart. One of cherished songs of hers is 'The Sweetest Days', it was one my Mom's favorite songs, every time I hear it I remember her.",17,2024-07-10,@TekkiTEZ,Vanessa Williams talks &#39;The Devil Wears Prada&#39; musical,devil wears prada musical review
GU4aRzbbT4g,Ugw2BU4pQ5CiJ_hcqU54AaABAg,"« That’s AAAAALL ! »
Love Vanessa Williams! ❤",14,2024-07-09,@dailyamine,Vanessa Williams talks &#39;The Devil Wears Prada&#39; musical,devil wears prada musical review
GU4aRzbbT4g,UgybLRzgaAbQQwm0jJV4AaABAg,"I adore her, her energy, her beauty, etc. One of the most beautiful women in the world.",9,2024-07-10,@WinfreyWright,Vanessa Williams talks &#39;The Devil Wears Prada&#39; musical,devil wears prada musical review
GU4aRzbbT4g,Ugxsm4KIZi2X1NcRBTF4AaABAg,Vanessa is such an icon. It’s amazing that she stared on broadway as the witch in Into the Woods and Meryl Streep stared in the film version in the same role and now it flips. Meryl played Miranda in the film and Vanessa will play her in the musical. Love it,10,2024-07-10,@Alex.Almodovar,Vanessa Williams talks &#39;The Devil Wears Prada&#39; musical,devil wears prada musical review
GU4aRzbbT4g,UgzxyyksxSC4mn8IgdN4AaABAg,Vanessa is perfect for this role. I love seeing her play such fierce women. And she is a fashion designer's dream.,7,2024-07-10,@samalahenry,Vanessa Williams talks &#39;The Devil Wears Prada&#39; musical,devil wears prada musical review
GU4aRzbbT4g,Ugy7h364E10Pt3u0Ex14AaABAg,"Just been to see it tonight in Plymouth. 
It was fabulous.",6,2024-07-11,@marycole-bl3dy,Vanessa Williams talks &#39;The Devil Wears Prada&#39; musical,devil wears prada musical review
GU4aRzbbT4g,Ugwr-sbHDieWLU3hlG14AaABAg,sheeee is a legend!!!,7,2024-07-09,@ShikShotOfficial,Vanessa Williams talks &#39;The Devil Wears Prada&#39; musical,devil wears prada musical review
GU4aRzbbT4g,UgxQtLFrsBw1zDnvWHl4AaABAg,Vanessa Williams is very special and talented.,7,2024-07-10,@JaylenPotts-zs2qw,Vanessa Williams talks &#39;The Devil Wears Prada&#39; musical,devil wears prada musical review
GU4aRzbbT4g,UgyhXtNRZP8j5_8-Qbx4AaABAg,What a classy and timeless talent🤩,8,2024-07-10,@prestonjones3523,Vanessa Williams talks &#39;The Devil Wears Prada&#39; musical,devil wears prada musical review
GU4aRzbbT4g,UgxitctT0ABLlTu4Sw94AaABAg,This is one of my all time movies!,11,2024-07-09,@tammiepressley2684,Vanessa Williams talks &#39;The Devil Wears Prada&#39; musical,devil wears prada musical review
GU4aRzbbT4g,UgxUwiezO5c_qedrVAB4AaABAg,"You go girl!!!! Loved you so much in Ugly Betty!!! And you know, when you think about it, how many Miss America’s  can you remember and by name???? Only one!!!! Miss Vanessa!!!!",7,2024-07-10,@djbille4283,Vanessa Williams talks &#39;The Devil Wears Prada&#39; musical,devil wears prada musical review
GU4aRzbbT4g,UgzkAXSMF_HGcwe8F_Z4AaABAg,ICONIC and a quadruple threat too and Drop dead gorgeous ❤,8,2024-07-09,@swankhood,Vanessa Williams talks &#39;The Devil Wears Prada&#39; musical,devil wears prada musical review
GU4aRzbbT4g,Ugy3ZEDRvX21GjhG1p14AaABAg,She’s too excited for this and we are too!! Williams will kill this!,4,2024-07-10,@juliogonzalez2142,Vanessa Williams talks &#39;The Devil Wears Prada&#39; musical,devil wears prada musical review
GU4aRzbbT4g,UgwfwztlgPz42iRIvdx4AaABAg,I NEED TO WATCH THIS!!!,12,2024-07-09,@H.so.,Vanessa Williams talks &#39;The Devil Wears Prada&#39; musical,devil wears prada musical review
GU4aRzbbT4g,UgwN-YJxuOflWbO_s_t4AaABAg,She will bring the fire!!!,8,2024-07-10,@Ruffina12345,Vanessa Williams talks &#39;The Devil Wears Prada&#39; musical,devil wears prada musical review
GU4aRzbbT4g,Ugw0tFIisaQn4t6k-FV4AaABAg,I'll be there when the show comes to Chicago or NY!! Love you Vanessa👑🌹,6,2024-07-10,@tammied1858,Vanessa Williams talks &#39;The Devil Wears Prada&#39; musical,devil wears prada musical review
GU4aRzbbT4g,UgwWTZ73wWRkzUxk5-V4AaABAg,I LOVE VANESSA WILLIAMS ONE HELL OF A TALENT. ❤❤❤❤❤❤❤😊😊😊😊😊😊😊,7,2024-07-10,@christinamellow9824,Vanessa Williams talks &#39;The Devil Wears Prada&#39; musical,devil wears prada musical review
GU4aRzbbT4g,UgzIMaYfx-GoIRVlqqJ4AaABAg,Gosh!  She looks and sounds fantastic 💃💃,4,2024-07-13,@sunshineabc9437,Vanessa Williams talks &#39;The Devil Wears Prada&#39; musical,devil wears prada musical review
GU4aRzbbT4g,UgxddpVMH1MuY6Bsz6l4AaABAg,My gosh she is so beautiful!💎 I love all of her work! Dance With Me has a special place in my heart. So much talent and beauty!💎,7,2024-07-09,@oldhollywoodfan8009,Vanessa Williams talks &#39;The Devil Wears Prada&#39; musical,devil wears prada musical review
GU4aRzbbT4g,UgyVKdi9d3ji2peElWx4AaABAg,"💝Love me some Vanessa Williams always will, from her music, various movie roles, and she slayed it, as Whilomena Slater in Ugly Betty. My personal favorite comfort series, I’d love to experience seeing her on stage performing in Broadway one day.⭐️💫⭐️",9,2024-07-09,@michaeld.williamsiii9026,Vanessa Williams talks &#39;The Devil Wears Prada&#39; musical,devil wears prada musical review
GU4aRzbbT4g,UgwaYpY18VAkELe2l8R4AaABAg,THANK YOU FOR MENTIONING PLYMOUTH IN DEVON UK!!!!!,7,2024-07-09,@eddieplummer7922,Vanessa Williams talks &#39;The Devil Wears Prada&#39; musical,devil wears prada musical review
GU4aRzbbT4g,UgyE7Hy1QoPJy5htsvZ4AaABAg,I just love her❤,5,2024-07-11,@shondellbutler5055,Vanessa Williams talks &#39;The Devil Wears Prada&#39; musical,devil wears prada musical review
GU4aRzbbT4g,Ugxkd5vEeS1L7kYnLrt4AaABAg,A lovely girl with a lovely voice-!,14,2024-07-09,@mariaeugeniavosscampos4058,Vanessa Williams talks &#39;The Devil Wears Prada&#39; musical,devil wears prada musical review
GU4aRzbbT4g,Ugxuyx9VDxPADBwm8QF4AaABAg,Perfect choice!! Living Legend👏🏽,4,2024-07-11,@jae6506,Vanessa Williams talks &#39;The Devil Wears Prada&#39; musical,devil wears prada musical review
GU4aRzbbT4g,Ugxapl1A6Si7f4ejRWp4AaABAg,The only beauty pageant winner that overcame all obstacles.   Love Her!,10,2024-07-09,@davidscheck682,Vanessa Williams talks &#39;The Devil Wears Prada&#39; musical,devil wears prada musical review
GU4aRzbbT4g,UgzW7PR6rt03vQB_XYV4AaABAg,She should be a Judge for the Australia’s Got Talent 🇦🇺,2,2024-07-29,@petewong2372,Vanessa Williams talks &#39;The Devil Wears Prada&#39; musical,devil wears prada musical review
GU4aRzbbT4g,UgyIuQzRx5ytxGPiS0d4AaABAg,she did not loose her title...she resigned as Miss America...she is still and always will be Miss America,2,2024-08-01,@scottrhines739,Vanessa Williams talks &#39;The Devil Wears Prada&#39; musical,devil wears prada musical review
GU4aRzbbT4g,UgzY-mooar8tZSvhbvJ4AaABAg,"Vanessa, beautiful as always. The red pant suit on her is giving. I saw her on Broadway in Into the Woods' and she stepped into the title role in Kiss of the Spider Woman June 27, 1994, replacing Tony winner Chita Rivera and marking her Broadway debut. Absolutely love her💯",4,2024-07-09,@m.cunningham9817,Vanessa Williams talks &#39;The Devil Wears Prada&#39; musical,devil wears prada musical review
GU4aRzbbT4g,UgzTvRWF2EM-YhwPpK14AaABAg,I love VW Vanessa Williams VM!,2,2024-09-12,@noelohashirodriguez,Vanessa Williams talks &#39;The Devil Wears Prada&#39; musical,devil wears prada musical review
GU4aRzbbT4g,UgyCjQw3ZCw1pcVagrV4AaABAg,I hope comes to the states ❤,3,2024-07-10,@jillloutsch,Vanessa Williams talks &#39;The Devil Wears Prada&#39; musical,devil wears prada musical review
GU4aRzbbT4g,UgxEglVKx9V8jhXepal4AaABAg,Please come to the US!!!,3,2024-07-09,@RestlessSoulAD,Vanessa Williams talks &#39;The Devil Wears Prada&#39; musical,devil wears prada musical review
GU4aRzbbT4g,UgxylziPihQtwhFDZWB4AaABAg,"Very nice , thanks",10,2024-07-09,@romildosantosalves3987,Vanessa Williams talks &#39;The Devil Wears Prada&#39; musical,devil wears prada musical review
GU4aRzbbT4g,UgzJANJaG8vtAASDM2N4AaABAg,The Devil Wears Prada,6,2024-07-09,@AlyssaMonetMason,Vanessa Williams talks &#39;The Devil Wears Prada&#39; musical,devil wears prada musical review
GU4aRzbbT4g,Ugxptl4NhZ0mAvTHghN4AaABAg,"Tellement belle Vanessa , je l adore de la part d un très grand FAN hello c est la FRANCE",5,2024-07-09,@claudecrosatto7599,Vanessa Williams talks &#39;The Devil Wears Prada&#39; musical,devil wears prada musical review
GU4aRzbbT4g,UgwNqFzLK9AtWsvh0z94AaABAg,If you don't know how perfect she is for this part... watch her on Ugly Betty. 😎❤,3,2024-07-09,@andrewvaillancourt5458,Vanessa Williams talks &#39;The Devil Wears Prada&#39; musical,devil wears prada musical review
GU4aRzbbT4g,UgzI5axb88-2ste9O2Z4AaABAg,Gorgeous and talented ❤❤❤,6,2024-07-09,@danepilipina8069,Vanessa Williams talks &#39;The Devil Wears Prada&#39; musical,devil wears prada musical review
GU4aRzbbT4g,UgxBszWQcVTMyyAT-Xd4AaABAg,Good for her ❤,2,2024-07-11,@nlp6082,Vanessa Williams talks &#39;The Devil Wears Prada&#39; musical,devil wears prada musical review
GU4aRzbbT4g,UgytScodDtuIcELA_dp4AaABAg,I was in London this past March and was disappointed that The Devil wears Prada wouldn't be available until October.,2,2024-07-10,@CarolynHorton-sq4hr,Vanessa Williams talks &#39;The Devil Wears Prada&#39; musical,devil wears prada musical review
GU4aRzbbT4g,UgzdRo3o_kTab6tbvqR4AaABAg,I absolutely love her! My hero!,1,2024-07-12,@EugenesPopMadness,Vanessa Williams talks &#39;The Devil Wears Prada&#39; musical,devil wears prada musical review
GU4aRzbbT4g,UgwDIZRtS_r9gNp8Np54AaABAg,She's so beautiful. A perfect casting choice for this role. I'm sure she'll be unforgettable,1,2024-07-13,@VladSicoe,Vanessa Williams talks &#39;The Devil Wears Prada&#39; musical,devil wears prada musical review
GU4aRzbbT4g,Ugy52JS1ZEkuYPlGJg14AaABAg,Excited to see what they changed from Chicago,2,2024-07-10,@chaser952,Vanessa Williams talks &#39;The Devil Wears Prada&#39; musical,devil wears prada musical review
GU4aRzbbT4g,Ugxq6xHVuiAnuZrnca54AaABAg,What a great star !!❤,1,2024-10-01,@santi7616,Vanessa Williams talks &#39;The Devil Wears Prada&#39; musical,devil wears prada musical review
GU4aRzbbT4g,Ugwlcm4uEFbP1pe7EGB4AaABAg,"....'Nessa is bringing A-T-T-I-T-U-D-E- to those LINES! (2:23) ....I was always a bit miffed at Meryl's 'low simmer' portrayal of Miranda, but... Vanessa's bringin' WILHELMENA to it!! .... *VIVA VANESSA!* ....ha-HAAA!",4,2024-07-09,@RBS_,Vanessa Williams talks &#39;The Devil Wears Prada&#39; musical,devil wears prada musical review
GU4aRzbbT4g,UgybIlnaoPzYIdf-ICd4AaABAg,They choose the right one! Vanessa Williams is an ageless beauty and incredibly talented!!!,1,2024-07-13,@belindasmith1945,Vanessa Williams talks &#39;The Devil Wears Prada&#39; musical,devil wears prada musical review
GU4aRzbbT4g,Ugw7wYVp8E9tHbH4-DZ4AaABAg,"❤Pray this gets to DVD so I can purchase this, already have the original because I love Meryl Streep and I have watch The Devil Wears Prada so much I probably know the lines myself. But I would love 💕to see Vanessa plays Maranda as well, know she will bring it. 🙏🏾🥰🙏🏾🥰🙏🏾🥰🙏🏾🥰🙏🏾🥰🙏🏾",3,2024-07-09,@vlz30177,Vanessa Williams talks &#39;The Devil Wears Prada&#39; musical,devil wears prada musical review
GU4aRzbbT4g,UgzlNhcEuLHfyOszVAZ4AaABAg,"She still looks beautiful, pretty eyes",1,2024-07-11,@coffeegirl7528,Vanessa Williams talks &#39;The Devil Wears Prada&#39; musical,devil wears prada musical review
GU4aRzbbT4g,UgxvnGZgvUe7BVuHx8h4AaABAg,Perfection ❤❤❤,3,2024-07-09,@seanmarks6304,Vanessa Williams talks &#39;The Devil Wears Prada&#39; musical,devil wears prada musical review
GU4aRzbbT4g,UgzF4JtqH-1ktNkGE4R4AaABAg,Vanessa Williams is a Legend,3,2024-07-18,@Dragonking72MediaLLC,Vanessa Williams talks &#39;The Devil Wears Prada&#39; musical,devil wears prada musical review
GU4aRzbbT4g,Ugy_u1cvKd83io6lpX14AaABAg,She’s fabulous 👏🏽,0,2024-07-11,@PokhrajRoy.,Vanessa Williams talks &#39;The Devil Wears Prada&#39; musical,devil wears prada musical review
GU4aRzbbT4g,UgyR7MzYCQSawOlbSDJ4AaABAg,Vanessa looks amazing,2,2024-07-13,@WL4545,Vanessa Williams talks &#39;The Devil Wears Prada&#39; musical,devil wears prada musical review
GU4aRzbbT4g,UgwzjZdLQo6w3CWUe2J4AaABAg,Now I guess I have to watch the movie. Hope she comes to The States with it! Thx. ❤,1,2024-07-11,@brutusalwaysminded,Vanessa Williams talks &#39;The Devil Wears Prada&#39; musical,devil wears prada musical review
GU4aRzbbT4g,Ugy4c7X_2uQqS01p-OV4AaABAg,"Go head, Vanessa ❤",1,2024-08-07,@KevinLong-jr1zv,Vanessa Williams talks &#39;The Devil Wears Prada&#39; musical,devil wears prada musical review
GU4aRzbbT4g,UgwZqBPFaNLMN97v6a94AaABAg,Great casting!  I want to see it.  She's still gorgeous.,1,2024-07-11,@jmwilson6792,Vanessa Williams talks &#39;The Devil Wears Prada&#39; musical,devil wears prada musical review
GU4aRzbbT4g,UgzSZGtvRxOZ6JSSBPd4AaABAg,"they need to make this movie into a series, it should be called Runaway, it will be good to find out the beginning of Miranda since a lot of fanfiction say her real name is Miram Princhek",1,2024-12-06,@Historiasconmitch000,Vanessa Williams talks &#39;The Devil Wears Prada&#39; musical,devil wears prada musical review
GU4aRzbbT4g,Ugy3dnJ6GGXZJKpmAJd4AaABAg,Dang. She's good,1,2024-07-09,@akashbisnath8798,Vanessa Williams talks &#39;The Devil Wears Prada&#39; musical,devil wears prada musical review
GU4aRzbbT4g,UgxjQX_M9UAdJssmAel4AaABAg,Awesome ! Beautiful! Love it !,0,2024-07-12,@MustangSally90,Vanessa Williams talks &#39;The Devil Wears Prada&#39; musical,devil wears prada musical review
GU4aRzbbT4g,Ugzq4-RtygaY-p1gN-h4AaABAg,Exciting!,0,2024-07-15,@ROA1988,Vanessa Williams talks &#39;The Devil Wears Prada&#39; musical,devil wears prada musical review
GU4aRzbbT4g,UgxqoGOOFL1nllWZ-2d4AaABAg,Love her. Really hope someone makes a slime tutorial.❤,0,2024-09-12,@Multifandom04,Vanessa Williams talks &#39;The Devil Wears Prada&#39; musical,devil wears prada musical review
GU4aRzbbT4g,UgwF1nq1FtdRqd_MN-54AaABAg,LOVE YOU VANESSA!!!!!!,0,2024-07-15,@EminentSkiilz,Vanessa Williams talks &#39;The Devil Wears Prada&#39; musical,devil wears prada musical review
GU4aRzbbT4g,Ugx0W_KMnDasE9foAzJ4AaABAg,I adore Vanessa Williams,0,2024-07-11,@kathyking2610,Vanessa Williams talks &#39;The Devil Wears Prada&#39; musical,devil wears prada musical review
GU4aRzbbT4g,UgwSlB4rSBootdfdFbJ4AaABAg,She was amazing in desperate housewives as well,0,2024-11-09,@Joy-ji8om,Vanessa Williams talks &#39;The Devil Wears Prada&#39; musical,devil wears prada musical review
GU4aRzbbT4g,Ugy4EMGoDbMFLeQFgGl4AaABAg,From Wilhelmina to Miranda! What a promotion!,0,2024-07-11,@edselgreaves6503,Vanessa Williams talks &#39;The Devil Wears Prada&#39; musical,devil wears prada musical review
GU4aRzbbT4g,Ugy5FZzjX15qBMbwp-N4AaABAg,"When, when???  I want to head there to watch it!!",0,2024-07-13,@somaticasia,Vanessa Williams talks &#39;The Devil Wears Prada&#39; musical,devil wears prada musical review
GU4aRzbbT4g,UgxBbtEc8tOfxHsPMhF4AaABAg,"Uh, correction GMA: the song is called “Save the Best for Last”—not “Saved…”. If you’re going to call her iconic then RESPECT.",2,2024-07-10,@jeffbabies7428,Vanessa Williams talks &#39;The Devil Wears Prada&#39; musical,devil wears prada musical review
GU4aRzbbT4g,UgyOCAR9CghV5GPw-H54AaABAg,❤,4,2024-07-09,@blackfrugalchic6745,Vanessa Williams talks &#39;The Devil Wears Prada&#39; musical,devil wears prada musical review
GU4aRzbbT4g,UgysttkWbgNRsRS7tEJ4AaABAg,❤🎉,5,2024-07-09,@Princeladouille,Vanessa Williams talks &#39;The Devil Wears Prada&#39; musical,devil wears prada musical review
GU4aRzbbT4g,UgzpKPwg3PZIeSmyIoZ4AaABAg,Vanessa Williams gets more gorgeous as she ages,2,2024-07-09,@rtjahyadi7868,Vanessa Williams talks &#39;The Devil Wears Prada&#39; musical,devil wears prada musical review
GU4aRzbbT4g,UgzayMOxJU6gsIIr1pJ4AaABAg,❤❤❤❤❤,0,2024-07-10,@DavidFernandez-o2h,Vanessa Williams talks &#39;The Devil Wears Prada&#39; musical,devil wears prada musical review
GU4aRzbbT4g,UgylqaNE-Hr5zuzUn8x4AaABAg,There is no more perfect role for Vanessa Williams than Miranda Presley!,1,2024-07-13,@kaseywithak1332,Vanessa Williams talks &#39;The Devil Wears Prada&#39; musical,devil wears prada musical review
GU4aRzbbT4g,UgySZdTg-ErxsFikUr14AaABAg,She looks fantastic. What is everyone talking about? I will look just like that or better when I’m her age.❤,0,2024-07-13,@shamafia8841,Vanessa Williams talks &#39;The Devil Wears Prada&#39; musical,devil wears prada musical review
GU4aRzbbT4g,UgxCTWGtU3EKDm15CMJ4AaABAg,I KNEW she was going to do something with The Devil Wears Prada -- Wilhelmina in Ugly Betty was her dress rehearsal.,0,2024-10-20,@benschaeffer8102,Vanessa Williams talks &#39;The Devil Wears Prada&#39; musical,devil wears prada musical review
GU4aRzbbT4g,Ugx4l1hjM11pst7OgRN4AaABAg,Wow! She will get a Tony when it comes to America.,0,2024-07-10,@msoranso,Vanessa Williams talks &#39;The Devil Wears Prada&#39; musical,devil wears prada musical review
GU4aRzbbT4g,UgwuZT6I1Sqoyn4lb-14AaABAg,❤❤❤❤❤❤❤❤❤❤,1,2024-07-09,@ilinasingh3840,Vanessa Williams talks &#39;The Devil Wears Prada&#39; musical,devil wears prada musical review
GU4aRzbbT4g,Ugwwzxk8lFkvnNSN8FB4AaABAg,When is it coming to Broadway?,1,2024-07-09,@RPWay,Vanessa Williams talks &#39;The Devil Wears Prada&#39; musical,devil wears prada musical review
GU4aRzbbT4g,Ugwaw1XZFUrHcjhE1OB4AaABAg,"We all want to accept a greater power that pulls our strings. But the Perfect
transcends you.",0,2025-01-20,@plasticity1000,Vanessa Williams talks &#39;The Devil Wears Prada&#39; musical,devil wears prada musical review
GU4aRzbbT4g,UgyNCrBWjn-8KDlYGhV4AaABAg,Perfect choice,0,2024-07-10,@lordgaga27,Vanessa Williams talks &#39;The Devil Wears Prada&#39; musical,devil wears prada musical review
GU4aRzbbT4g,UgwKXkkUww-pui9cH9l4AaABAg,Fit works,1,2024-07-09,@TheHideout69,Vanessa Williams talks &#39;The Devil Wears Prada&#39; musical,devil wears prada musical review
GU4aRzbbT4g,UgzFVM7_7hyiP6n1RnF4AaABAg,shes getting younger each decade,0,2024-07-13,@alexanderlolamax5144,Vanessa Williams talks &#39;The Devil Wears Prada&#39; musical,devil wears prada musical review
GU4aRzbbT4g,UgyKnnLHbSztjOxTJfp4AaABAg,Where are the original musicals 😩,1,2024-07-10,@markjlabella8869,Vanessa Williams talks &#39;The Devil Wears Prada&#39; musical,devil wears prada musical review
GU4aRzbbT4g,Ugw-clSLESRZZYRGdqt4AaABAg,No chance to ever get tickets for this 😢 will be sold out for years 🎉,2,2024-07-11,@ArtmannMiniatures,Vanessa Williams talks &#39;The Devil Wears Prada&#39; musical,devil wears prada musical review
GU4aRzbbT4g,UgzarZUVbwrIcKCVRFZ4AaABAg,Mrs California passed away,0,2024-07-09,@stevensingleton9767,Vanessa Williams talks &#39;The Devil Wears Prada&#39; musical,devil wears prada musical review
GU4aRzbbT4g,Ugy6zRgv5T_Uqlcn2O54AaABAg,Please inform your embassy as soon as possible or any other institute for helping me here in Pakistani punjab,0,2024-07-09,@MuhammadZaheerali-s7b,Vanessa Williams talks &#39;The Devil Wears Prada&#39; musical,devil wears prada musical review
GU4aRzbbT4g,UgxWfWcQ6i9ahwT1o9h4AaABAg,She will be AMAZING!!!,2,2024-07-09,@Nemiah,Vanessa Williams talks &#39;The Devil Wears Prada&#39; musical,devil wears prada musical review
GU4aRzbbT4g,Ugx_lExHKhEcNUoPFrR4AaABAg,Do they now know that this show first played in Chicago?,0,2024-07-11,@DanielSimply,Vanessa Williams talks &#39;The Devil Wears Prada&#39; musical,devil wears prada musical review
GU4aRzbbT4g,UgwMdIT9wtzdfZUXDdN4AaABAg,"Its about time she started to look haggered and old 😂

But, nope. Here she is with her beautiful, radiant self as per usual",0,2024-07-11,@natsohigh5552,Vanessa Williams talks &#39;The Devil Wears Prada&#39; musical,devil wears prada musical review
GU4aRzbbT4g,UgyzteTJpddqIjGgUhZ4AaABAg,"✨✨✨🎙️💖 Going to serve and slay✨✨✨😉🙏🏼....""""""Ya got work to do !!!!!""""....",0,2024-07-11,@elliottbradley6302,Vanessa Williams talks &#39;The Devil Wears Prada&#39; musical,devil wears prada musical review
GU4aRzbbT4g,UgzpaIAGyJUMRfN9HI54AaABAg,oooooooooooooooh,0,2024-07-10,@Shamsithaca,Vanessa Williams talks &#39;The Devil Wears Prada&#39; musical,devil wears prada musical review
GU4aRzbbT4g,UgwcAHYzCQwjehpPWRB4AaABAg,I am sure she will be a great Miranda. The Devil Wears Prada the movie Part 2 has been given the green light with the original cast. It has been confirmed.,1,2024-07-10,@keilitzb,Vanessa Williams talks &#39;The Devil Wears Prada&#39; musical,devil wears prada musical review
GU4aRzbbT4g,UgzzWrw5KW0Z65VG_x54AaABAg,Save the Best for last & the Pocahontas theme are 💯⭐ still today July 2024,1,2024-07-11,@DanielleA2023,Vanessa Williams talks &#39;The Devil Wears Prada&#39; musical,devil wears prada musical review
GU4aRzbbT4g,Ugxd1ao39NLHIBuemjJ4AaABAg,So chic and sophisticated ! This is what was expected of Vivica Fox instead of her trashy behavior ! Where’s Kenya OMG,2,2024-07-09,@kristelngami4816,Vanessa Williams talks &#39;The Devil Wears Prada&#39; musical,devil wears prada musical review
GU4aRzbbT4g,UgxYSkHrkjvEo6n4Dft4AaABAg,"If I’ll have the money,I’ll see it in London,then when it comes to Broadway I’ll see it again,the problem is If I’ll be alive during those days…",0,2024-07-09,@luvenfuentes3194,Vanessa Williams talks &#39;The Devil Wears Prada&#39; musical,devil wears prada musical review
GU4aRzbbT4g,UgxJn212773p2EXarj54AaABAg,"I rewatched some of Ugly Betty recently. While some of it is certainly dated, America Ferrera (and especially) Vanessa Williams's performances have aged very well.",0,2024-07-11,@erictuscanes3689,Vanessa Williams talks &#39;The Devil Wears Prada&#39; musical,devil wears prada musical review
GU4aRzbbT4g,Ugxk09wDVX87auSWzrh4AaABAg,Miranda did not wear stilletos. She wore pumps. Duh. Always a fan of Ms. Williams. She is truly a world renown beauty. continued success!!,0,2024-07-11,@alexrodriguez5370,Vanessa Williams talks &#39;The Devil Wears Prada&#39; musical,devil wears prada musical review
GU4aRzbbT4g,Ugy8nuWUj5ufMaaNw554AaABAg,"Vanessa did not lose anything. Her Reign as Miss America was almost over with 3wks left. She did her Tenure. She is the MOST Successful Miss America in History. The First Black Miss America. Global Music Superstar, Big Movie Star in Big Box Office Movies, TV Series Actress, and Broadway Show Actress & Dancer. A Great Mom and Good Wife according to her 2 ex-husbands who were Not a match. They are Cordial and great parents to their Children.",0,2024-07-12,@TheBrownIsland,Vanessa Williams talks &#39;The Devil Wears Prada&#39; musical,devil wears prada musical review
GU4aRzbbT4g,UgzsY61S2Y-V0NQLog14AaABAg,"C'mon, Vanessa!",0,2024-07-11,@colstonlchinese,Vanessa Williams talks &#39;The Devil Wears Prada&#39; musical,devil wears prada musical review
GU4aRzbbT4g,UgzM-YBGHYqb6gg4vDV4AaABAg,Fingers crossed for an Ugly Betty reboot! I loved Willomena! Vanessa looks great! I’d love to see this on Broadway! 💙,5,2024-07-09,@BeKind2526,Vanessa Williams talks &#39;The Devil Wears Prada&#39; musical,devil wears prada musical review
GU4aRzbbT4g,UgwdEB1u87DGMywMCIN4AaABAg,"Oh please!!  Don’t even try it.  I suppose Miranda’s character will sing, “That’s all” 🎶🎼🎤",0,2024-07-09,@JonCampos-kh2bw,Vanessa Williams talks &#39;The Devil Wears Prada&#39; musical,devil wears prada musical review
GU4aRzbbT4g,Ugwq6FFL6L31tvyhPtJ4AaABAg,Building on what's imperfect is ridiculous.,0,2025-01-20,@plasticity1000,Vanessa Williams talks &#39;The Devil Wears Prada&#39; musical,devil wears prada musical review
GU4aRzbbT4g,UgyruS2-H5i9NofmmFV4AaABAg,I'm afraid Vanessa will be compared unfavorably to Meryl Streep when she delivers the same dialogue as Meryl did in the film.,1,2024-07-11,@3l3llala13,Vanessa Williams talks &#39;The Devil Wears Prada&#39; musical,devil wears prada musical review
GU4aRzbbT4g,Ugz9J_G8VzAKcJh1yud4AaABAg,61??????,0,2024-07-11,@alaindiaz8756,Vanessa Williams talks &#39;The Devil Wears Prada&#39; musical,devil wears prada musical review
GU4aRzbbT4g,UgwYaWRfkd4O5noVwlF4AaABAg,Never knew she was a singer or that she could sing 😮😊,4,2024-07-09,@kristelngami4816,Vanessa Williams talks &#39;The Devil Wears Prada&#39; musical,devil wears prada musical review
GU4aRzbbT4g,UgxOoeN46xkmLqY8zkl4AaABAg,"There's going to be a lot of comparison. I don't think Miranda is the loud, singing, energetic, or animated type. I guess Ms. Williams' interpretation will be under great scrutiny.",0,2024-07-10,@nicopiedra1284,Vanessa Williams talks &#39;The Devil Wears Prada&#39; musical,devil wears prada musical review
GU4aRzbbT4g,UgzG3KbirfarZLBF-et4AaABAg,I find it really gross that they take films and turn them into musicals...  can't they create new musicals with original storylines ?,1,2024-07-10,@adilelnhaily6014,Vanessa Williams talks &#39;The Devil Wears Prada&#39; musical,devil wears prada musical review
GU4aRzbbT4g,UgyJyfgAEtjFcf1HwNx4AaABAg,vanessa williams 2024 looks like tyra banks in the future,0,2024-07-09,@escalanteti0,Vanessa Williams talks &#39;The Devil Wears Prada&#39; musical,devil wears prada musical review
GU4aRzbbT4g,Ugx6VvLauXdA3ssx7Bx4AaABAg,She and you stands no chance!,0,2025-01-20,@plasticity1000,Vanessa Williams talks &#39;The Devil Wears Prada&#39; musical,devil wears prada musical review
GU4aRzbbT4g,UgwovsjDs6-zWh_88j94AaABAg,"One of the most beautiful women in the world, and everything about her is lovable. Having said that, I cannot imagine this being a great success 🥴 the movie is indeed, perfect. It cannot and should not be touched, even by Vanessa Williams and Elton John…",1,2024-07-09,@themarquis336,Vanessa Williams talks &#39;The Devil Wears Prada&#39; musical,devil wears prada musical review
GU4aRzbbT4g,Ugw1Y3BwczKswQQmeNN4AaABAg,"They are ruining a CLASSIC MOVIE, and well COOKED MOVIE, and taking it to theater as a musical.
FOR ME IT IS A BIG NO NO.",0,2024-07-12,@yamilmtancredi,Vanessa Williams talks &#39;The Devil Wears Prada&#39; musical,devil wears prada musical review
GU4aRzbbT4g,Ugzw_Kl-1HKzud-CtFZ4AaABAg,"If Williams were to ever work in pro wrestling, she would be an excellent heel valet/manager.  She's a hell of an actor.",0,2024-07-10,@marcusdj813,Vanessa Williams talks &#39;The Devil Wears Prada&#39; musical,devil wears prada musical review
GU4aRzbbT4g,UgyGr8-1SxUOA8eVwWB4AaABAg,"Waiting for the anti-woke brigade to attack Vanessa Williams for taking on a white role. Oh wait, everyone seems to be happy with this casting choice. FINALLY!",0,2024-07-10,@bollywoodoverhollywood8139,Vanessa Williams talks &#39;The Devil Wears Prada&#39; musical,devil wears prada musical review
GU4aRzbbT4g,UgwjcUbfphwFGUUbpzt4AaABAg,Vanessa Williams playing the same type of roles. Meh,0,2024-07-14,@AllanKH,Vanessa Williams talks &#39;The Devil Wears Prada&#39; musical,devil wears prada musical review
Rts3K2DYfmk,UgzkLGbyIwq5I88cM9J4AaABAg,A video Essay? For an adaptation? Groundbreaking.,346,2025-06-30,@chaycollins,The Most Interesting Scene NOT in the Devil Wears Prada Musical,devil wears prada musical review
Rts3K2DYfmk,UgxRQoYASXTSphbvQS94AaABAg,"would have been funny if they changed the content of the lines, but not the structure. ""pumpkins? for October? groundbreaking.""",88,2025-07-02,@celowein,The Most Interesting Scene NOT in the Devil Wears Prada Musical,devil wears prada musical review
Rts3K2DYfmk,UgxMzvy0aYU6OddD9Kx4AaABAg,Releasing this on the same day as The Devil Wears Prada 2 was announced. Groundbreaking!,62,2025-07-01,@henriquejambu,The Most Interesting Scene NOT in the Devil Wears Prada Musical,devil wears prada musical review
Rts3K2DYfmk,Ugw6YYpnaQlzcM3KwkZ4AaABAg,"I feel like Death Becomes Her works where The Devil Wears Prada fails because DBH doesn't have as many quotable lines that they HAVE to include and is much more interested in luxuriating in its operatic, Faustian themes.",178,2025-06-30,@lityne5577,The Most Interesting Scene NOT in the Devil Wears Prada Musical,devil wears prada musical review
Rts3K2DYfmk,UgwciL5fATD3b7WBO1h4AaABAg,One of my favorite examples of musical adaptation of movies is Matilda. Every choice it makes really elevates the theatricality of the story and I love that the creative had the freedom to make bold choices.rather than sticking tightly to the book and film.,52,2025-07-01,@booksvsmovies,The Most Interesting Scene NOT in the Devil Wears Prada Musical,devil wears prada musical review
Rts3K2DYfmk,UgwPX5hsQKpQhRpmKnx4AaABAg,"i haven't seen the stage musical so i don't know if it would work in *this* specific version, but i disagree that the conference room scene *couldn'*t be turned into a musical number in general. it honestly sounds like it would be a really fun song to have various members of the team throw ideas at miranda for her to reject them one by one. plus, being in the middle of the film, it could translate to a great act 2 opener, which are often high energy numbers to kick the show back into gear post intermission.",80,2025-07-02,@TalysAlankil,The Most Interesting Scene NOT in the Devil Wears Prada Musical,devil wears prada musical review
Rts3K2DYfmk,Ugxt5ZdbuNhmsLxl_qB4AaABAg,"Why not just put the makeover scene before the failure to get a flight during a hurricane? Then the Harry Potter manuscript is a punishment for that. 

It actually kind of makes more sense. Because Miranda was angry about missing her daughters' performance. So assigning Andy a task that helps make it up to them is very fitting.",15,2025-07-04,@oliviastratton2169,The Most Interesting Scene NOT in the Devil Wears Prada Musical,devil wears prada musical review
Rts3K2DYfmk,UgxXE7BJJc7efSkxMOt4AaABAg,It really seemed like a betrayal of the original when the entire cast sang Gucci Gang at the end.,6,2025-07-16,@mariokarter13,The Most Interesting Scene NOT in the Devil Wears Prada Musical,devil wears prada musical review
Rts3K2DYfmk,UgyMP0x1mhQcaqEQxx54AaABAg,"While lots of people don't particularly like the Mean Girls musical or the 2024 film, i do think the one thing that they have over other adaptaions is that they have all been written by the same person (Tina Fey), so while there are things they know they can't cut because of how iconic they are, she also has an deep knowledge of what the story is saying and what is improtant to keep as is, what can change and what can be cut wholesale without impacting the core story",11,2025-07-03,@Emh19,The Most Interesting Scene NOT in the Devil Wears Prada Musical,devil wears prada musical review
Rts3K2DYfmk,Ugx67f4x6EoiV3lCurN4AaABAg,"So they left out the only scene that shows us Miranda as an intelligent, expert professional instead of some Disney villain.  Groundbreaking.",15,2025-07-02,@Serai3,The Most Interesting Scene NOT in the Devil Wears Prada Musical,devil wears prada musical review
Rts3K2DYfmk,UgzzS6QTz8JZtw6pp_l4AaABAg,"I don't know how I ended up here but thank you for clearing up this mystery! I've seen the musical but not the film and was baffled by the Harry Potter manuscript plot - up until then Miranda was kind of mean but in a fairly standard ""mean boss who had to fight her way to the top"" way, as far as I remember, and she wasn't insane, so why she suddenly asked for this completely bonkers thing was really unclear to me. To the point that I was sitting there thinking ""is this a lead up to Miranda having to retire because she's got some terrible neurological disease that makes her irrational?"" That obviously didn't happen so I was just confused. It being supposed to be a punishment for Andy accidentally intruding makes so much more sense. Thanks!",11,2025-07-08,@ParisienneGirl,The Most Interesting Scene NOT in the Devil Wears Prada Musical,devil wears prada musical review
Rts3K2DYfmk,Ugx8ippU6NUu4y4RkCZ4AaABAg,"Really good thoughts on the adaptation and the precise way of writing it.

Plus,. you've introduced me to the coined phrase ""cultural cut through"" as a way of describing the memefication of a story beat.
That's gonna be in my vocabulary now.",35,2025-06-30,@JDellaBeat,The Most Interesting Scene NOT in the Devil Wears Prada Musical,devil wears prada musical review
Rts3K2DYfmk,UgzWnI6IpaE8MGaAbfp4AaABAg,"What's interesting about this show is that in the movie, Miranda is like this perfect puzzle piece that makes the movie as great as it is. However when it comes to the musical, she's the one drawback. Everyone else is actually pretty fitting for the stage, they're campy and ridiculous enough to break into song and dance. I think Vanessa Williams is doing well in what is a really tough job as an actor. Not only is she playing a character that isn't built for the stage, but she also can't deviate too much from Meryl's original performance, lest the character become unrecognisable. She can't really make this character her own, especially when the script is filled with lines from the film that have to be delivered in the same way in order to land with audiences. I remember when I saw it over Christmas, I could kind of see her toe that line during the show. And honestly if she's relying on her Whilemina memories to do it then I can't blame her, that's a very similar character who is definitely more suited for a musical",5,2025-07-05,@jean3947,The Most Interesting Scene NOT in the Devil Wears Prada Musical,devil wears prada musical review
Rts3K2DYfmk,UgzKDbXIwhlVzOjBrOh4AaABAg,Love the copy of Lindsay's book hiding on the desk,17,2025-07-01,@calebarsenault382,The Most Interesting Scene NOT in the Devil Wears Prada Musical,devil wears prada musical review
Rts3K2DYfmk,Ugx47IiSvrEEuQvH0MF4AaABAg,"Honestly the musical committed the greatest sin of all: having terrible fashion in a Devil Wears PRADA adaptation... Like Andy has a makeover and she ends up looking like a 50 year old Karen hairdresser from the South of France in 2008, this is unforgivable.",4,2025-07-04,@leyd74,The Most Interesting Scene NOT in the Devil Wears Prada Musical,devil wears prada musical review
Rts3K2DYfmk,Ugz6SKRcN2qzJVIbR3F4AaABAg,A musical is to the film it comes from what a lumpy cerulean sweater is to Oscar de la Renta's cerulean gowns - just stuff fished out of some clearance bin.,4,2025-07-14,@someinteresting,The Most Interesting Scene NOT in the Devil Wears Prada Musical,devil wears prada musical review
Rts3K2DYfmk,Ugx7RVuoK0Q8ZF_jA3p4AaABAg,"I think you point about book adaptations is interesting. imo a good novel is hard to adapt into a movie because you have to cut stuff and the books that adapt well have a strong core idea (man trapped in a terroist seige, fall of a tragic hero in a mafia family) that the movie can focus on. ""One flew over the cuckoos nest"" is an example of an excellent movie that cut half of the source material to become a movie. people adapting literature should adapt short stories not novels for this reason",18,2025-06-30,@daninjamonkey1,The Most Interesting Scene NOT in the Devil Wears Prada Musical,devil wears prada musical review
Rts3K2DYfmk,UgwmNullC_qflCTn-0l4AaABAg,"4:01 this bit and ""could it be that writers make decisions for reasons???"" has been living in my head rent free since i first heard it last week thank you james",0,2026-04-30,@badgerhuan,The Most Interesting Scene NOT in the Devil Wears Prada Musical,devil wears prada musical review
Rts3K2DYfmk,UgyEZ9hYU-ibIKrNz9l4AaABAg,"The outro was hilarious XDDD ""Am I asking for the moon here? Not really."" XDDD Gods, would be real funny if all outros were this way.
Awesome video, by the way.",2,2025-07-08,@LilayM,The Most Interesting Scene NOT in the Devil Wears Prada Musical,devil wears prada musical review
Rts3K2DYfmk,UgzXeELgegn8A5G3sZF4AaABAg,"Nice vid, I haven't seen the musical (or the movie, or read the book) but I am deeply facinated by the concept of adaptions/retelling specially if something is transported into a new medium - so thanks for making and sharing",13,2025-06-30,@anonymousanon3055,The Most Interesting Scene NOT in the Devil Wears Prada Musical,devil wears prada musical review
Rts3K2DYfmk,UgwHss5WXIqVM2w3yG14AaABAg,"My favorite movie based musical of recent years has definitely been Teeth the Musical, which is anything but safe. It also changes the story drastically, and I think entirely for the better. It’s super not for everyone (look up the premise of the original movie Teeth if you don’t know why lol), but to me it feels like an adaption that happened out of passion way more than any type of safe marketability.",5,2025-07-02,@AN-tn8nw,The Most Interesting Scene NOT in the Devil Wears Prada Musical,devil wears prada musical review
Rts3K2DYfmk,UgyhcnGKxRrWpEAU-od4AaABAg,"So glad to see you again, James! 💙",7,2025-06-30,@JustAngel22,The Most Interesting Scene NOT in the Devil Wears Prada Musical,devil wears prada musical review
Rts3K2DYfmk,UgzvSilnmdC4-snlHkR4AaABAg,I clicked on this video solely for that jacket please drop where you found it bestie,9,2025-06-30,@brandonboschi7621,The Most Interesting Scene NOT in the Devil Wears Prada Musical,devil wears prada musical review
Rts3K2DYfmk,Ugw03mq_Gzd4GoUc2Lp4AaABAg,Wasn’t Emily in the movie too sick to go to Paris anyway?  Doesn’t that make a difference?,7,2025-07-01,@JenGretaCart,The Most Interesting Scene NOT in the Devil Wears Prada Musical,devil wears prada musical review
Rts3K2DYfmk,UgwiS38me5d8F0pIBfZ4AaABAg,"Letting stuff change is honestly why I think legally blonde the musical works so well. There's a good amount of stuff that's different but to such an extent that if you talk in certain circles the show is more iconic than the movie. This is a fandom experience so truthfully that's already going to be a little more biased to theatre kids but I've seen a good number of different people discuss ""legally blonde aus"" (truthfully one of the fandoms im in just really really lends itself to that particular au i imagine that biases the number ive seen) but every time even without specifying  it's the musical they're adapting. I find that really compelling.  A movie that supercededs the book and then a musical that superceded that movie in at least a lot of people's minds",31,2025-07-01,@SnowCat-nu7gj,The Most Interesting Scene NOT in the Devil Wears Prada Musical,devil wears prada musical review
Rts3K2DYfmk,UgzE0sZsgcxanXD3qRV4AaABAg,I had no clue Jurassic Park is a book!,1,2025-07-08,@beatm6948,The Most Interesting Scene NOT in the Devil Wears Prada Musical,devil wears prada musical review
Rts3K2DYfmk,UgzYg4RDzgEk3H9Wb254AaABAg,"Please, please, pleeeeeeeeeeeeease do a video on Legally Blonde: The Musical. It’s one of the best move-to-stage adaptations ever! 😊",43,2025-06-30,@josepablomartinez-rendon9484,The Most Interesting Scene NOT in the Devil Wears Prada Musical,devil wears prada musical review
Rts3K2DYfmk,UgwmBnIhGKqqSRnI_b54AaABAg,"This reminds me of the Mean Girls Musical there are plenty of moments where a character shouts a heavily meme'd line. ""You go, Glenn Coco."" And ""On Wednesdays, we wear pink."" I feel like Mean Girls did a better job at translating their story into musical theater, including modernizing it to include the topic of social media something that was still in its infancy in 2004.",5,2025-07-12,@ultrafox4005,The Most Interesting Scene NOT in the Devil Wears Prada Musical,devil wears prada musical review
Rts3K2DYfmk,Ugw_-qv5DgXaazBahlt4AaABAg,Ooooh I’m so happy you’re back!! I’ve been rewatching the channel this entire month and I wasn’t expecting a new video!!!!,1,2025-07-01,@henriquejambu,The Most Interesting Scene NOT in the Devil Wears Prada Musical,devil wears prada musical review
Rts3K2DYfmk,Ugx2va4rEcsY1fzx2d14AaABAg,Amazing video! Hope to watch your opinion about the official sequel coming next year,2,2025-07-02,@TheHalloweenSpirit,The Most Interesting Scene NOT in the Devil Wears Prada Musical,devil wears prada musical review
Rts3K2DYfmk,UgwmfmmzdgN_YPRJZKt4AaABAg,"I really don't understand how anyone can think that a boss recognising one employee has surpassed another and therefore selects her to accompany her on an important trip, is the same as one employee stabbing another to get ahead and/or to keep her job.",0,2026-05-03,@valmont679,The Most Interesting Scene NOT in the Devil Wears Prada Musical,devil wears prada musical review
Rts3K2DYfmk,UgxXIBko4zDhWwXArW14AaABAg,"I didn't know there was a Devil Wears Prada Musical and that was maybe a good thing. Miranda's power in the movie is about nuance. In the world, in fashion, in the people around her, in Miranda herself...she's a larger than life titan turned mundane through nuance, through the cracks Andy gets to see. I haven't seen the musical, of course, but in my opinion the best way to portray her on stage in a musical would be by having her break musical conventions. In a world where everyone is singing, Miranda is speaking and still she cuts through the noise. Or something to that effect. 

Which would, of course, culminate in Andy following that trend as she becomes more Miranda-esque until she makes the decision to leave. Maybe that's just me though.

I was surprised to see Heathers mentioned as a good musical adaption though. The songs are catchy but it isn't a good adaptation. The intro about Mythic Bitch Heather Chandler does bring Miranda Priestly to mind however....",3,2025-07-02,@elizabethcarpenter7422,The Most Interesting Scene NOT in the Devil Wears Prada Musical,devil wears prada musical review
Rts3K2DYfmk,UgxUm2aXIgtU7STD5NZ4AaABAg,Criticising Vanessa Williams for reprising Wilhelmina Slater is a sentence I’d never thought I’d hear.,2,2025-07-22,@arc7375,The Most Interesting Scene NOT in the Devil Wears Prada Musical,devil wears prada musical review
Rts3K2DYfmk,Ugy62v9SS6UIYnHtKaR4AaABAg,The ending adaptation for YouTube sends me 😂😂😂😂,0,2025-08-18,@MokwenaDD,The Most Interesting Scene NOT in the Devil Wears Prada Musical,devil wears prada musical review
Rts3K2DYfmk,Ugyl4T2wN0XHJcTQLNV4AaABAg,LEGALLY BLONDE WAS A BOOK????!?!?!??,2,2025-07-07,@liv97497,The Most Interesting Scene NOT in the Devil Wears Prada Musical,devil wears prada musical review
Rts3K2DYfmk,UgygOGkczkGl2Vb8sjl4AaABAg,so popularity = good,0,2025-08-25,@dynamitewolft4194,The Most Interesting Scene NOT in the Devil Wears Prada Musical,devil wears prada musical review
Rts3K2DYfmk,UgwrybBgxIE58mZNgV94AaABAg,"I recently watched Heathers and its musical for the first time, and I can safely say it wasn't a movie musical (and personally I didn't think it was a good adaptation or musical either, it's guilty of a lot of the sins you bring up such as keeping things the audience expects for the sake of it).

Edit: Ah you meant movie musical like a musical that is adapted from a movie?  Soz!",1,2025-08-04,@keystrokecascade,The Most Interesting Scene NOT in the Devil Wears Prada Musical,devil wears prada musical review
Rts3K2DYfmk,UgzuPfK2uNXpoEvn8j94AaABAg,"i didn't know kate wetherhead was a playwright! I know of her 'Submissions Only', but I mainly knew her from 'Ordinary Days' and i loved her!",0,2025-07-01,@ironn6179,The Most Interesting Scene NOT in the Devil Wears Prada Musical,devil wears prada musical review
Rts3K2DYfmk,Ugy_nSdE1NT1YYA9X594AaABAg,"""tragic WestEnd venue""?? Sir, the Dominion is anything but tragic.",0,2026-01-23,@GeaAy,The Most Interesting Scene NOT in the Devil Wears Prada Musical,devil wears prada musical review
Rts3K2DYfmk,UgwrwBamcfH5LZyWIUZ4AaABAg,Amo,0,2025-07-11,@SrCorrea,The Most Interesting Scene NOT in the Devil Wears Prada Musical,devil wears prada musical review
Rts3K2DYfmk,UgyLFRpD7Vj3KrCy5B94AaABAg,"About adaptation, the only fair way to view the issue is that they cannot but be good in different ways, and how good is it they are in their own way....",0,2025-07-11,@林為正,The Most Interesting Scene NOT in the Devil Wears Prada Musical,devil wears prada musical review
Rts3K2DYfmk,UgwOJ1DcVETvah5VHVl4AaABAg,Please check out the Groundhog Day Musical.,1,2025-07-01,@JeniJustJeni,The Most Interesting Scene NOT in the Devil Wears Prada Musical,devil wears prada musical review
Rts3K2DYfmk,UgzXHPcpPkz--q8pnhV4AaABAg,"I really appreciate your analysis, but don't think I agree with your conclusion. I think there _should_ be a way to make a story translate well in a new medium and do better than fine:
If you reconstruct a story in a new medium and start by constructing it out of the narrative elements, that causes the emotional elements will not fit as well.
If you do it the other way around I would expect that to work much better.

And I actually think you gave examples for that. The adaptations of unknown originals you listed all has a good emotional core that only needed some polishing to be well expressed in the new medium.
Arguably it isn't the fault of the adaptors that they don't have the chance to actually do that. With popular works adapting them non-narrative based is harder to convince people of.

Edit: Of cause you go into that point exactly after I continue the video ... (~ 21:13)",7,2025-06-30,@remrevo3944,The Most Interesting Scene NOT in the Devil Wears Prada Musical,devil wears prada musical review
Rts3K2DYfmk,Ugy6t4kV5L19PD40OwJ4AaABAg,Epic,0,2025-06-30,@epictom3423,The Most Interesting Scene NOT in the Devil Wears Prada Musical,devil wears prada musical review
Rts3K2DYfmk,Ugwy6s5UCxCsm58aerd4AaABAg,"Moulin Rogue on the stage was a really bad adaptation, I will fight everyone over this.",1,2025-07-02,@Eltima,The Most Interesting Scene NOT in the Devil Wears Prada Musical,devil wears prada musical review
Rts3K2DYfmk,UgzoTHRD3fHahcCQ6CB4AaABAg,she was at her desk … why would she be in there?,0,2026-04-17,@Goalieguy-rq9cu,The Most Interesting Scene NOT in the Devil Wears Prada Musical,devil wears prada musical review
Rts3K2DYfmk,UgwcYt2JIueLS3OqTOh4AaABAg,"On the Movies Better than the book list I would definitely include Mean Girls, which is funny because the musical adaptation fell on its face and not only flopped, it probably killed any desire people had of a Mean Girls 2",0,2025-09-24,@TheVikingrBear,The Most Interesting Scene NOT in the Devil Wears Prada Musical,devil wears prada musical review
Rts3K2DYfmk,Ugys5SfP9AgRDleZZdF4AaABAg,8:16 Bit of an error in the closed captions here (is vs. isn't),0,2025-07-07,@marissarae,The Most Interesting Scene NOT in the Devil Wears Prada Musical,devil wears prada musical review
Rts3K2DYfmk,UgxxsiSsQLSpeOwCqZ94AaABAg,I’d just reeeeeeeeeeeally love to know where you got your floral tapestry jacket from 👀,0,2025-08-12,@thefrankmiller5030,The Most Interesting Scene NOT in the Devil Wears Prada Musical,devil wears prada musical review
Rts3K2DYfmk,UgxQfj9GAmWPM1KwKm94AaABAg,"Weird thing to say that The Devil Wears Prada isn't ""high art""...",0,2025-11-26,@cneale9431,The Most Interesting Scene NOT in the Devil Wears Prada Musical,devil wears prada musical review
Rts3K2DYfmk,UgzLGaz_ul4dh3Z3u7V4AaABAg,"While I'd always advocate for original musicals, there were better adaptations to make than TDWP: several Disney musicals come to mind, as does ""A Series of Unfortunate Events"" and ""Jem and the Holograms"" (obscure and underrated), just off the top of my head.",0,2025-07-03,@OpticalSorcerer,The Most Interesting Scene NOT in the Devil Wears Prada Musical,devil wears prada musical review
Rts3K2DYfmk,Ugzkx-63ViAU67KeADF4AaABAg,"Do we think this is gonna be another great sequel, like Shrek 2 or the Godfather 2 or are gonna have another trainwreck like Joker 2?",0,2025-08-04,@SrCorrea,The Most Interesting Scene NOT in the Devil Wears Prada Musical,devil wears prada musical review
Rts3K2DYfmk,Ugx7Y3jsmG2_6s2o-tB4AaABAg,Is that a printed out Bowser x Luigi zine by Ariel Slamet Ries on your desk there? Sneaky.,0,2025-06-30,@Sub-yf9dq,The Most Interesting Scene NOT in the Devil Wears Prada Musical,devil wears prada musical review
Rts3K2DYfmk,UgwSWurRzYlI-gSC98V4AaABAg,I’m going to see this next weekend and now i’m worried lol,0,2025-06-30,@jayewithane,The Most Interesting Scene NOT in the Devil Wears Prada Musical,devil wears prada musical review
Rts3K2DYfmk,UgzF7x-lL1s6gs2PN814AaABAg,"@James Woodall 
I really want you to make more videos... do one for the dalmatic movie. do for MORE movies and shows. do for Agatha. DO MORE! I BEG! BEG!",0,2025-07-13,@miseteo,The Most Interesting Scene NOT in the Devil Wears Prada Musical,devil wears prada musical review
Rts3K2DYfmk,UgyDKcb8YHqaJvng7p54AaABAg,"although a stage play of the devil wears prada is an interesting idea, i feel like it shouldn't have had a musical adaptation. everything feels too out of place to me...",0,2025-07-10,@vvjqm,The Most Interesting Scene NOT in the Devil Wears Prada Musical,devil wears prada musical review
Rts3K2DYfmk,Ugy8WsOuPqmKhsvC7Lt4AaABAg,"If the thesis of The Devil Wears Prada was that the fashion industry is important, then it failed.",13,2025-06-30,@jdng86,The Most Interesting Scene NOT in the Devil Wears Prada Musical,devil wears prada musical review
Rts3K2DYfmk,UgyP0bH3ll64F13wbll4AaABAg,Vanessa looks like Faye Dunaway mommie dearest,0,2025-07-05,@this_Joe_Smith,The Most Interesting Scene NOT in the Devil Wears Prada Musical,devil wears prada musical review
OFb4IFpZdx0,Ugyej7MbcWTFmxk9nuh4AaABAg,The orange floor looks amazing...I loved it,74,2025-09-25,@ACAPAOCULTA,Prada Spring/Summer 2026 Womenswear Fashion Show,prada luxury brand 2025 2026
OFb4IFpZdx0,UgywZvTl_YDM9RgbZNl4AaABAg,"Prada does Prada. Unusual color combinations, proportions, mixing soft and crisp tailoring with day and evening, both classic and modern.",56,2025-09-25,@sigisings,Prada Spring/Summer 2026 Womenswear Fashion Show,prada luxury brand 2025 2026
OFb4IFpZdx0,Ugx1SnSjySNFK7-oqZZ4AaABAg,Great homage to mid 90’s Prada. I loved this so much! Now THAT’S fashion.,13,2026-02-02,@hellskitsch7685,Prada Spring/Summer 2026 Womenswear Fashion Show,prada luxury brand 2025 2026
OFb4IFpZdx0,UgykvZT4WqC5ljaydnV4AaABAg,Even the sound track was bad.,10,2025-12-28,@judysmall8238,Prada Spring/Summer 2026 Womenswear Fashion Show,prada luxury brand 2025 2026
OFb4IFpZdx0,UgwsFZ3XXKbGPXrTEnh4AaABAg,The best part of the show is the music. Where’s the spring/summer vibe?,11,2025-09-29,@jkhc29,Prada Spring/Summer 2026 Womenswear Fashion Show,prada luxury brand 2025 2026
OFb4IFpZdx0,UgzfyqAhB-xjhl8c88N4AaABAg,Qween we are family yes ❤️,1,2026-05-02,@민지-p3t,Prada Spring/Summer 2026 Womenswear Fashion Show,prada luxury brand 2025 2026
OFb4IFpZdx0,Ugwbp7GR9CoiIta5boF4AaABAg,"SO many references to miuccia's most iconic collections, such as the unmistakable Spring/Summer 2009 collection....",15,2025-09-25,@ziiqns,Prada Spring/Summer 2026 Womenswear Fashion Show,prada luxury brand 2025 2026
OFb4IFpZdx0,UgzMnB7ZBpFiU5iaCGV4AaABAg,I'm so glad I already have some nice clothes in my closet!,5,2026-01-30,@luziajustina6445,Prada Spring/Summer 2026 Womenswear Fashion Show,prada luxury brand 2025 2026
OFb4IFpZdx0,UgyY-vua-7EmL7fWOFl4AaABAg,Minji we are love you ❤,1,2026-05-01,@민지-p3t,Prada Spring/Summer 2026 Womenswear Fashion Show,prada luxury brand 2025 2026
OFb4IFpZdx0,UgwyQFAVQMn_D68_cJ94AaABAg,I see Zara has a major influence on contemporary fashion designs 😂,6,2025-09-29,@matteobonanza6173,Prada Spring/Summer 2026 Womenswear Fashion Show,prada luxury brand 2025 2026
OFb4IFpZdx0,Ugw-p4zcEerxOk-w8NF4AaABAg,❤LOVE The Art Of Noise Soundtrack 💯💥,6,2025-09-25,@curtismoonflower5225,Prada Spring/Summer 2026 Womenswear Fashion Show,prada luxury brand 2025 2026
OFb4IFpZdx0,UgwuUoNrWq8hK-_1brt4AaABAg,Minji we are love you 😍 💋,1,2026-05-01,@민지-p3t,Prada Spring/Summer 2026 Womenswear Fashion Show,prada luxury brand 2025 2026
OFb4IFpZdx0,Ugy5guXqPFUYKPVy_kl4AaABAg,What a HORROR SHOW!!!!,12,2025-09-26,@AlO-c5u,Prada Spring/Summer 2026 Womenswear Fashion Show,prada luxury brand 2025 2026
OFb4IFpZdx0,UgwpCIPm6DcgkrfZ_lZ4AaABAg,"The colour combi no doubt, its prada but im not sure how to pull some of these style. Love some of it ❤",7,2025-09-25,@Sourisformecherie,Prada Spring/Summer 2026 Womenswear Fashion Show,prada luxury brand 2025 2026
OFb4IFpZdx0,UgyuybqNM0hIW2rAgOt4AaABAg,A MUSICA ( SEM REMIX) DEVE TER  + 30 ANOS,1,2026-03-16,@chita1205,Prada Spring/Summer 2026 Womenswear Fashion Show,prada luxury brand 2025 2026
OFb4IFpZdx0,UgzhO5QDSGHNG-4RVv54AaABAg,Spao newyork.hhh hhh 😊,1,2026-05-01,@민지-p3t,Prada Spring/Summer 2026 Womenswear Fashion Show,prada luxury brand 2025 2026
OFb4IFpZdx0,UgwWkpMrkkYks_erS0Z4AaABAg,Qween prada yes 6000pie ya,1,2026-05-01,@민지-p3t,Prada Spring/Summer 2026 Womenswear Fashion Show,prada luxury brand 2025 2026
OFb4IFpZdx0,Ugxi1yc3bsF_0FH_oop4AaABAg,min ji ❤is qween,1,2026-05-01,@민지-p3t,Prada Spring/Summer 2026 Womenswear Fashion Show,prada luxury brand 2025 2026
OFb4IFpZdx0,Ugzaw0zWpC3fWYyEczB4AaABAg,We are love u ❤️,1,2026-05-02,@민지-p3t,Prada Spring/Summer 2026 Womenswear Fashion Show,prada luxury brand 2025 2026
OFb4IFpZdx0,UgxhJ9S9Hznalll1lLh4AaABAg,I wear it ok ok,1,2026-05-01,@민지-p3t,Prada Spring/Summer 2026 Womenswear Fashion Show,prada luxury brand 2025 2026
OFb4IFpZdx0,Ugy_6tBl2Dbx_hx1ucZ4AaABAg,They all look like the workers in the background of that movie #thefifthelement .,2,2026-02-09,@jennyRUle_disARRay,Prada Spring/Summer 2026 Womenswear Fashion Show,prada luxury brand 2025 2026
OFb4IFpZdx0,Ugx-sJMmsEOFe7H9MZ94AaABAg,Prada so ahead of the time...,2,2026-03-03,@user-xf3lj3fp2v,Prada Spring/Summer 2026 Womenswear Fashion Show,prada luxury brand 2025 2026
OFb4IFpZdx0,UgyfCH-iwDt7Pc3GAEp4AaABAg,Wth did I just watched?!?,4,2026-02-09,@SaurabhYadav-l9l9f,Prada Spring/Summer 2026 Womenswear Fashion Show,prada luxury brand 2025 2026
OFb4IFpZdx0,UgyDIPrURQ0qvikt76x4AaABAg,"Me gusto! es diferente, pero me encantó la simpleza y el mínimalismo de algunas piezas, da  rienda suelta a la imaginación, muy apocalíptica, casi banguardista!, exótica, difícil de descifrar, pero con un matiz de posguerra, de renacimiento, como una buelta de tuerca en la moda, de un cambio radical en los puntos de vista, de acuerdo a la realidad actual de la sociedad y el caos  que reina, es como el  ave fénix que renace de entre sus cenizas.",3,2025-09-25,@MrMelisan,Prada Spring/Summer 2026 Womenswear Fashion Show,prada luxury brand 2025 2026
OFb4IFpZdx0,UgxnZp8pXtp62zGR4px4AaABAg,Sawaeee you dont 😊😊😊,1,2026-05-01,@민지-p3t,Prada Spring/Summer 2026 Womenswear Fashion Show,prada luxury brand 2025 2026
OFb4IFpZdx0,UgzBmRMgIUF1Mlh5wPt4AaABAg,"Enhypen e ele lindo, que bonito heeseung ✨⭐❤❤",1,2025-09-26,@beatrizpairo2798,Prada Spring/Summer 2026 Womenswear Fashion Show,prada luxury brand 2025 2026
OFb4IFpZdx0,UgzZxjV64dcRm_jcVT14AaABAg,"Prada always ahead , just fantastic ...",26,2025-09-25,@F.R.F937,Prada Spring/Summer 2026 Womenswear Fashion Show,prada luxury brand 2025 2026
OFb4IFpZdx0,UgxhMbne5wodFuAIinN4AaABAg,"Impecable como de costumbre, con las combinaciones de colores vibrantes, como sello personal de la marca.",0,2025-09-25,@jorgegustavobrandan6539,Prada Spring/Summer 2026 Womenswear Fashion Show,prada luxury brand 2025 2026
OFb4IFpZdx0,UgxoRocpRsU4i4UY7xV4AaABAg,"I loved it. And people who don’t like it, I'm sorry but you don't get it.",7,2025-10-02,@dawn2669,Prada Spring/Summer 2026 Womenswear Fashion Show,prada luxury brand 2025 2026
OFb4IFpZdx0,UgxX4h7goG7lDMacrBZ4AaABAg,"The Nightworkers--- an ode to the duality of the office and its forgotten workers: the blue collar workers often not seen in the course of the typical work day but only at night-- the mail room crew, the security guards, the cleaning/janitorial staff, building maintenance, and the white collar office workers who, in the process of working late on this or that project, shed their formal workday selves as they work into the night. This collection and the runway song  they chose evokes that weird dream space of late night working and workers.  The song is called ""Moments in Love"" by Art of Noise and in the 1980s and 90s, this song began most ""Quiet Storm"" radio shows around the U.S. and some abroad as well. ""Quiet Storm"" radio shows were often featured on R&B stations as an accompaniment to the night. The shows presented quiet reflective music, often romantic ballads and jazz. Yes, you would listen to Quiet Storm shows with a lover, but they were also just the soundtrack to late night working and studying. It's a very nuanced and, as usual for Prada, a very intellectual collection. I enjoyed it.",10,2025-09-30,@hallowaynorth1878,Prada Spring/Summer 2026 Womenswear Fashion Show,prada luxury brand 2025 2026
OFb4IFpZdx0,UgztwWnoAxwhH4JhSmR4AaABAg,so we all came here to see enhyphen only😍😍,44,2025-09-25,@vernociaalira,Prada Spring/Summer 2026 Womenswear Fashion Show,prada luxury brand 2025 2026
OFb4IFpZdx0,UgxBTQfZP19BULh8eoB4AaABAg,I really ❤ the way prada using color and cutting fabric,1,2025-09-25,@ppoppoya,Prada Spring/Summer 2026 Womenswear Fashion Show,prada luxury brand 2025 2026
OFb4IFpZdx0,UgznTcxqBx80vvGPcu94AaABAg,wowww enhypen gantengnya❤❤❤,7,2025-09-25,@PasyaafnaOctaliansyah,Prada Spring/Summer 2026 Womenswear Fashion Show,prada luxury brand 2025 2026
OFb4IFpZdx0,UgwnKrDj71yEWLaNWGB4AaABAg,10:07 MY MANSSS🤚,4,2025-09-25,@adiyatulegenova0909,Prada Spring/Summer 2026 Womenswear Fashion Show,prada luxury brand 2025 2026
OFb4IFpZdx0,UgzTetdDvKV3LJNLcdx4AaABAg,Qween we r wait 😊😊😊ya ya ok ok 50000 yes.,1,2026-05-02,@민지-p3t,Prada Spring/Summer 2026 Womenswear Fashion Show,prada luxury brand 2025 2026
OFb4IFpZdx0,Ugx5Fn5Zom-0KtBY1Tl4AaABAg,"Ultimate favorite song ever...can have it on repeat & never tired of it. Hypnotically & sensual... Bravo... ""Moments in Love by Art of Noise 🥂🙏❤️",11,2025-09-25,@anthonydevera7279,Prada Spring/Summer 2026 Womenswear Fashion Show,prada luxury brand 2025 2026
OFb4IFpZdx0,UgxJPO3Q5i0_Lur_4ZV4AaABAg,Twin Peaks remix melody ❤,1,2026-01-18,@НатальяМихайлова-р3ч,Prada Spring/Summer 2026 Womenswear Fashion Show,prada luxury brand 2025 2026
OFb4IFpZdx0,UgyuXrY5VgLx375BOwl4AaABAg,Enhypen looked good tho ❤,5,2025-09-25,@exooutsings,Prada Spring/Summer 2026 Womenswear Fashion Show,prada luxury brand 2025 2026
OFb4IFpZdx0,UgxM_t1CMBz9DtVqHdt4AaABAg,Serius gitu doang? Padahal tadi ada niatan mau beli eh malah udahan,2,2025-09-25,@ZahraaZahra-x4w,Prada Spring/Summer 2026 Womenswear Fashion Show,prada luxury brand 2025 2026
OFb4IFpZdx0,UgymDbYjs4cw1eGwP7N4AaABAg,I like ths suspenderskirts they are great.,1,2026-01-20,@Zincink,Prada Spring/Summer 2026 Womenswear Fashion Show,prada luxury brand 2025 2026
OFb4IFpZdx0,Ugwla0iROTShwzXMw0t4AaABAg,0:30  ommmg sunoo i see him🫶😭,1,2025-09-26,@e.m3.8,Prada Spring/Summer 2026 Womenswear Fashion Show,prada luxury brand 2025 2026
OFb4IFpZdx0,Ugy-kNnSGVHqi_8dhgp4AaABAg,Very fun! just how fasion should be 💖,1,2025-09-25,@mayanordstrm,Prada Spring/Summer 2026 Womenswear Fashion Show,prada luxury brand 2025 2026
OFb4IFpZdx0,Ugz6_aHL_nwVmEn8pyd4AaABAg,Spao minji you ceo ok ok 👍 👌,1,2026-05-01,@민지-p3t,Prada Spring/Summer 2026 Womenswear Fashion Show,prada luxury brand 2025 2026
OFb4IFpZdx0,Ugw1Y7uFbZfczVKXA854AaABAg,The music 🔥,2,2025-10-20,@lvettesonai,Prada Spring/Summer 2026 Womenswear Fashion Show,prada luxury brand 2025 2026
OFb4IFpZdx0,Ugz0SeYOWKaiIdkTWDh4AaABAg,i’m loving all the purple this season,3,2025-09-26,@myong2206,Prada Spring/Summer 2026 Womenswear Fashion Show,prada luxury brand 2025 2026
OFb4IFpZdx0,UgyvKgJqZy311dp8RyZ4AaABAg,Spao minji you 😂😂😂best,1,2026-04-30,@민지-p3t,Prada Spring/Summer 2026 Womenswear Fashion Show,prada luxury brand 2025 2026
OFb4IFpZdx0,UgziH1ngDSdOcV9jxat4AaABAg,👍👍👍👍👍👍👍👍👍👍👍👍👍👍👍🎉,1,2026-01-08,@NodiraXudayoruva,Prada Spring/Summer 2026 Womenswear Fashion Show,prada luxury brand 2025 2026
OFb4IFpZdx0,UgwFbBYtciQ5k2T5eFt4AaABAg,PRADA ❤MIU MIU ❤ we love it’s,2,2025-09-25,@GerlindeKunze-y8t,Prada Spring/Summer 2026 Womenswear Fashion Show,prada luxury brand 2025 2026
OFb4IFpZdx0,UgxGY7Ut41_ZKhyr-Xp4AaABAg,Minji picture change of ya,1,2026-04-30,@민지-p3t,Prada Spring/Summer 2026 Womenswear Fashion Show,prada luxury brand 2025 2026
OFb4IFpZdx0,UgyHAgXyzg8Oy6zowOF4AaABAg,Enhypen sunoo,1,2025-09-26,@e.m3.8,Prada Spring/Summer 2026 Womenswear Fashion Show,prada luxury brand 2025 2026
OFb4IFpZdx0,UgxQwfH1Gv8Tts_9gLV4AaABAg,The Plumber Wears Prada,4,2025-09-25,@oregonclematis5786,Prada Spring/Summer 2026 Womenswear Fashion Show,prada luxury brand 2025 2026
OFb4IFpZdx0,Ugz_aJdTJ8B3hs3rrLx4AaABAg,"Not the music saying: No,no,no,no 😂😭 while they zoomed in the clothes",1,2025-09-26,@Lisaistherapy,Prada Spring/Summer 2026 Womenswear Fashion Show,prada luxury brand 2025 2026
OFb4IFpZdx0,UgzCEX0qHpibOUoc2pZ4AaABAg,"interesting inspirations, militant 40s vibe …unique",1,2025-09-26,@sal120197,Prada Spring/Summer 2026 Womenswear Fashion Show,prada luxury brand 2025 2026
OFb4IFpZdx0,Ugz7lIn0VwbWgsCZ5Wt4AaABAg,Ni_ki 🔥🔥🔥,7,2025-09-26,@Ani-0904-J,Prada Spring/Summer 2026 Womenswear Fashion Show,prada luxury brand 2025 2026
OFb4IFpZdx0,UgxYk_8qmfGUKB-31bp4AaABAg,ENHYPEN ❤❤❤❤,7,2025-09-25,@tinybbam1547,Prada Spring/Summer 2026 Womenswear Fashion Show,prada luxury brand 2025 2026
OFb4IFpZdx0,UgxKktUAevlVnUUbkx54AaABAg,3:46 sunoo👀❤️❤️ don't care,1,2025-09-26,@e.m3.8,Prada Spring/Summer 2026 Womenswear Fashion Show,prada luxury brand 2025 2026
OFb4IFpZdx0,Ugxp9IKN5Jzhp4Nty-x4AaABAg,10:50 Enhypen sitting in the front row,1,2025-09-26,@Ani-0904-J,Prada Spring/Summer 2026 Womenswear Fashion Show,prada luxury brand 2025 2026
OFb4IFpZdx0,Ugyqq2acu7DQAPa51DN4AaABAg,"So funny, the music of this show from serial ""Mi segunda madre""( Mexica, 1989)😅😅😅😅",0,2025-09-29,@elenamaslennikova7370,Prada Spring/Summer 2026 Womenswear Fashion Show,prada luxury brand 2025 2026
OFb4IFpZdx0,UgzlVnX3WPtv9CzSKNN4AaABAg,"IT WAS JUST RAINING OUTSIDE, I MELTED THE RAIN DROPS!",0,2025-09-25,@jamal-m8s,Prada Spring/Summer 2026 Womenswear Fashion Show,prada luxury brand 2025 2026
OFb4IFpZdx0,UgxTON9XhHRlrM_Dnf14AaABAg,I actually like the suspended skirt with layers. Especially layered in jewel & earthy tones. The bubble scrunch stuff not so much.,1,2025-09-26,@TampaTimeWithMary,Prada Spring/Summer 2026 Womenswear Fashion Show,prada luxury brand 2025 2026
OFb4IFpZdx0,Ugxc8VrKpCVAzRuKI3l4AaABAg,What's the background music name ?,1,2025-10-01,@stephenso8638,Prada Spring/Summer 2026 Womenswear Fashion Show,prada luxury brand 2025 2026
OFb4IFpZdx0,UgyX9ymlGQJ1Ek6kkkl4AaABAg,7:14  enhypen🧡🧡🧡🧡🧡🧡🧡🧡🧡🧡🧡🧡🧡🧡🧡🧡🧡🧡🧡🧡🧡🧡🧡🧡🧡🧡🧡🧡🧡🧡🧡🧡🧡🧡🧡🧡🧡🧡🧡🧡🧡🧡🧡🧡🧡🧡🧡🧡🧡🧡🧡🧡🧡🧡🧡🧡🧡🧡🧡🧡🧡🧡🧡🧡🧡🧡🧡🧡#sunoo 😭❤️❤️❤️❤️❤️,0,2025-09-26,@e.m3.8,Prada Spring/Summer 2026 Womenswear Fashion Show,prada luxury brand 2025 2026
OFb4IFpZdx0,Ugy4N_DzjzfqW3M3VKB4AaABAg,Ohhh the androgyny is so good,1,2025-09-26,@tammo.0nf1re,Prada Spring/Summer 2026 Womenswear Fashion Show,prada luxury brand 2025 2026
OFb4IFpZdx0,UgziyGE5oo8l0HgiyB14AaABAg,ENHYPEN SERVING THE VISUALS 😌🔥,81,2025-09-25,@sanjeevnannur1523,Prada Spring/Summer 2026 Womenswear Fashion Show,prada luxury brand 2025 2026
OFb4IFpZdx0,Ugx3oxpFCHVXzqKMl894AaABAg,De verdad que la moda y tendencia está en decadencia.,2,2025-09-28,@RubeniniYugari,Prada Spring/Summer 2026 Womenswear Fashion Show,prada luxury brand 2025 2026
OFb4IFpZdx0,Ugw8_XqcmvPwcst_i0Z4AaABAg,Я одна не знаю кто такая Enhypen😅,1,2025-09-26,@yegana10,Prada Spring/Summer 2026 Womenswear Fashion Show,prada luxury brand 2025 2026
OFb4IFpZdx0,UgzXc0DY2V_ZcSVAE9h4AaABAg,Accessories and the song were the best parts,3,2025-09-26,@erikad0511,Prada Spring/Summer 2026 Womenswear Fashion Show,prada luxury brand 2025 2026
OFb4IFpZdx0,Ugzqhj1i2X_ujyIFET14AaABAg,Enhypen😍,4,2025-09-25,@carolinadavila5651,Prada Spring/Summer 2026 Womenswear Fashion Show,prada luxury brand 2025 2026
OFb4IFpZdx0,UgzQ7tX5BTZudi4MbNF4AaABAg,❤❤❤,1,2025-09-26,@HasmikVardanyan-it5cl,Prada Spring/Summer 2026 Womenswear Fashion Show,prada luxury brand 2025 2026
OFb4IFpZdx0,Ugy-eEJOaimN3mOM1RF4AaABAg,Inspiration from Sakai???? Look at the skirt,0,2025-09-27,@Tncdst3,Prada Spring/Summer 2026 Womenswear Fashion Show,prada luxury brand 2025 2026
OFb4IFpZdx0,UgwlfoiF1AlQGtTG70B4AaABAg,I just kept looking at and for ENHYPEN😂,0,2025-09-26,@annisanurmulyasari9430,Prada Spring/Summer 2026 Womenswear Fashion Show,prada luxury brand 2025 2026
OFb4IFpZdx0,UgxV_ew2yGMX9Itk5SJ4AaABAg,😢,1,2026-01-25,@crimsonval007,Prada Spring/Summer 2026 Womenswear Fashion Show,prada luxury brand 2025 2026
OFb4IFpZdx0,UgwTdCTixVC5LKHmngl4AaABAg,The way my eyes always caught Enhypen rather than the clothes the models are wearing coz dang they're just sitting there but they look insanely good! ❤️‍🔥,2,2025-09-27,@그냥마유,Prada Spring/Summer 2026 Womenswear Fashion Show,prada luxury brand 2025 2026
OFb4IFpZdx0,UgwH9feyYwgsstODRL14AaABAg,ENHYPENNNN 😭🦋,197,2025-09-25,@ONLYENHYMONৎ,Prada Spring/Summer 2026 Womenswear Fashion Show,prada luxury brand 2025 2026
OFb4IFpZdx0,Ugz8e_9OUuihPKkkyft4AaABAg,Enhypen ❤❤❤❤❤❤❤❤❤❤,7,2025-09-25,@rosie-en-7,Prada Spring/Summer 2026 Womenswear Fashion Show,prada luxury brand 2025 2026
OFb4IFpZdx0,Ugzm0SEkGn_DT74X3Kt4AaABAg,I felt heavily inspired watching this...,2,2025-09-25,@Cristen-q9x,Prada Spring/Summer 2026 Womenswear Fashion Show,prada luxury brand 2025 2026
OFb4IFpZdx0,Ugy1m8uYN0Mcnx5opIR4AaABAg,8:26 Omfgg karina?!😻🙏🏻,1,2025-09-25,@heeseungholic.ৎ,Prada Spring/Summer 2026 Womenswear Fashion Show,prada luxury brand 2025 2026
OFb4IFpZdx0,Ugz7e-LRW9DNs9sBcEl4AaABAg,You deny her .ya,1,2025-11-13,@민지-p3t,Prada Spring/Summer 2026 Womenswear Fashion Show,prada luxury brand 2025 2026
OFb4IFpZdx0,UgykIy4RTVPhgINaTb14AaABAg,Here Only for Enhypen ❤,1,2025-09-25,@ISHIKA-i7,Prada Spring/Summer 2026 Womenswear Fashion Show,prada luxury brand 2025 2026
OFb4IFpZdx0,UgwMSc9mUapE89oOy314AaABAg,she's the real designer,1,2025-09-25,@ppoppoya,Prada Spring/Summer 2026 Womenswear Fashion Show,prada luxury brand 2025 2026
OFb4IFpZdx0,UgzB7y4obJNowRzIPRp4AaABAg,"ERIN and Maggie<3 omggggg yes some veterans, i need to digest the collection tho, like always",0,2025-09-26,@MaarLindvall,Prada Spring/Summer 2026 Womenswear Fashion Show,prada luxury brand 2025 2026
OFb4IFpZdx0,UgxMvbLkYoWqNyMypN14AaABAg,I love the soundtrack,1,2025-09-25,@paoloa.1821,Prada Spring/Summer 2026 Womenswear Fashion Show,prada luxury brand 2025 2026
OFb4IFpZdx0,UgxWuFDbalPytXH1WzR4AaABAg,enhypennnnn❤‍🔥,1,2025-09-26,@JaysonCaña-y6q,Prada Spring/Summer 2026 Womenswear Fashion Show,prada luxury brand 2025 2026
OFb4IFpZdx0,UgwlYJiXh83xjDBI-Jx4AaABAg,We made by mz honey draw 😊😊😊,1,2025-11-14,@민지-p3t,Prada Spring/Summer 2026 Womenswear Fashion Show,prada luxury brand 2025 2026
OFb4IFpZdx0,Ugwjp-e5XszfhIf7Ozh4AaABAg,Prada want but but bag yea,1,2025-11-07,@민지-p3t,Prada Spring/Summer 2026 Womenswear Fashion Show,prada luxury brand 2025 2026
OFb4IFpZdx0,Ugy7ncrz66Ah2jUZUux4AaABAg,someone drop the enha time stamps 😁,0,2025-09-25,@jacisoba,Prada Spring/Summer 2026 Womenswear Fashion Show,prada luxury brand 2025 2026
OFb4IFpZdx0,UgwBtG0oud5UiICv6QN4AaABAg,PRADA♡ENHYPEN♡NI-KI,1,2025-09-25,@au9964,Prada Spring/Summer 2026 Womenswear Fashion Show,prada luxury brand 2025 2026
OFb4IFpZdx0,Ugx-uHD-L6BbnkT9WyN4AaABAg,Finally colors ❤,2,2025-10-12,@balticsea7891,Prada Spring/Summer 2026 Womenswear Fashion Show,prada luxury brand 2025 2026
OFb4IFpZdx0,UgxJ8BOigjvq5D6GghF4AaABAg,"came because of Enhypen, beautiful show! Boys looked gorgeous.",15,2025-09-25,@superz2317,Prada Spring/Summer 2026 Womenswear Fashion Show,prada luxury brand 2025 2026
OFb4IFpZdx0,Ugxp9aU3eWPXSR39ttt4AaABAg,I'm only here for Enhypen,0,2025-09-26,@victorianettee,Prada Spring/Summer 2026 Womenswear Fashion Show,prada luxury brand 2025 2026
OFb4IFpZdx0,Ugz4MSO_U1z6q2j10td4AaABAg,Anyone else looking for enhypen?? 😂,1,2025-09-26,@mar-st7zc,Prada Spring/Summer 2026 Womenswear Fashion Show,prada luxury brand 2025 2026
OFb4IFpZdx0,UgxMWi11yQzAIsqtE8N4AaABAg,ENHYPENNN,1,2025-09-25,@Kimmyyyyyyyyyyyyyy-w4k,Prada Spring/Summer 2026 Womenswear Fashion Show,prada luxury brand 2025 2026
OFb4IFpZdx0,UgwXDNXtZpPivI2RsCB4AaABAg,"Yang park boon look so good!
Bing yang bik look so good!
Young bin look so good!",1,2025-09-26,@NickVII,Prada Spring/Summer 2026 Womenswear Fashion Show,prada luxury brand 2025 2026
OFb4IFpZdx0,Ugz2wuS_4GQ4aOIs0ld4AaABAg,beneran udah selesai ini,0,2025-09-25,@anggit-g1c,Prada Spring/Summer 2026 Womenswear Fashion Show,prada luxury brand 2025 2026
OFb4IFpZdx0,UgzhqUKRBKKy2dvV_1l4AaABAg,Where exactly will I wear this?,1,2026-03-09,@Janet-u3v9x,Prada Spring/Summer 2026 Womenswear Fashion Show,prada luxury brand 2025 2026
OFb4IFpZdx0,Ugygp_G5hdhy2APVBiR4AaABAg,Karinaaaaa,5,2025-09-25,@TanviSumanBlinkbp,Prada Spring/Summer 2026 Womenswear Fashion Show,prada luxury brand 2025 2026
OFb4IFpZdx0,Ugyl7by6FiQU6CCXcPl4AaABAg,Gotta get Enhyphen to sing live at one these Prada Runways. 👍,0,2025-10-12,@doctor87413,Prada Spring/Summer 2026 Womenswear Fashion Show,prada luxury brand 2025 2026
OFb4IFpZdx0,Ugw_Bof8HXlpfYdPnjR4AaABAg,Wowww😮,0,2026-01-24,@andreeaflorentinasonu9716,Prada Spring/Summer 2026 Womenswear Fashion Show,prada luxury brand 2025 2026
OFb4IFpZdx0,UgyCPqbnQHge_QWkw8x4AaABAg,FASHION KINGS ENHYPEN IN ITALY ❤,1,2025-09-26,@jakeesddelgi,Prada Spring/Summer 2026 Womenswear Fashion Show,prada luxury brand 2025 2026
OFb4IFpZdx0,Ugzi9MADajedhf8wA2F4AaABAg,ENHYPENN ATEEEEE,1,2025-09-26,@swtjade,Prada Spring/Summer 2026 Womenswear Fashion Show,prada luxury brand 2025 2026
OFb4IFpZdx0,Ugz4dXAkQ7epQlfBwkN4AaABAg,Calm down 😂😂😂❤❤❤,1,2026-04-30,@민지-p3t,Prada Spring/Summer 2026 Womenswear Fashion Show,prada luxury brand 2025 2026
OFb4IFpZdx0,UgyjBAezeFv5tw7huh54AaABAg,바닥 컬러채도와 의상컬러  대비가 넘 좋네요~,0,2026-03-16,@애박지4,Prada Spring/Summer 2026 Womenswear Fashion Show,prada luxury brand 2025 2026
OFb4IFpZdx0,UgzVfXq-iwUqQYGo5It4AaABAg,Mi win metawin 😘 hermoso,0,2025-09-25,@IVONNERAFFE,Prada Spring/Summer 2026 Womenswear Fashion Show,prada luxury brand 2025 2026
OFb4IFpZdx0,Ugy3JNTYcbyNvE-CcTl4AaABAg,Magnifica!,0,2025-09-25,@gioiamarie114,Prada Spring/Summer 2026 Womenswear Fashion Show,prada luxury brand 2025 2026
OFb4IFpZdx0,Ugzbmv6wcyH1i10DAed4AaABAg,Just ENHYPEN SERVING,1,2025-09-29,@SofiaRiki,Prada Spring/Summer 2026 Womenswear Fashion Show,prada luxury brand 2025 2026
OFb4IFpZdx0,UgwlB0bKiE1yTsdbJ354AaABAg,JAKEEEEE,2,2025-09-25,@jeonginee,Prada Spring/Summer 2026 Womenswear Fashion Show,prada luxury brand 2025 2026
OFb4IFpZdx0,UgwEE8wBRyFwbs4pzDl4AaABAg,"Loooved the pleating in the dresses, and the color combination is chefs kiss! That it..",1,2026-02-17,@daphnejackson4348,Prada Spring/Summer 2026 Womenswear Fashion Show,prada luxury brand 2025 2026
OFb4IFpZdx0,UgyrThd6u8NlbaRVUWd4AaABAg,Fav song,0,2025-09-28,@Navhalediga,Prada Spring/Summer 2026 Womenswear Fashion Show,prada luxury brand 2025 2026
OFb4IFpZdx0,UgyJ1mQjeMdfWZ_Q5ap4AaABAg,"OMH ENHYPEN 
THY ARE REALLY HANDSOME Y SO GREAT FOR THIS NEW COLLECTION
VAMPIRES WEAR PRADA ❤🔥",19,2025-09-25,@naieri777,Prada Spring/Summer 2026 Womenswear Fashion Show,prada luxury brand 2025 2026
OFb4IFpZdx0,Ugy36zmjdVxs-VHRXcV4AaABAg,Win no asistió 😢😭😭😭😭😍,0,2025-09-25,@IVONNERAFFE,Prada Spring/Summer 2026 Womenswear Fashion Show,prada luxury brand 2025 2026
OFb4IFpZdx0,Ugy8WnHLd5nCt9JOLql4AaABAg,Enhypen ❤️❤️❤️❤️❤️❤️❤️,2,2025-09-26,@Ani-0904-J,Prada Spring/Summer 2026 Womenswear Fashion Show,prada luxury brand 2025 2026
OFb4IFpZdx0,Ugw_myQRAEEkK5R3JUx4AaABAg,Миучи и Симонс сошли с ума.,1,2025-10-02,@ОльгаКалинина-и8ж,Prada Spring/Summer 2026 Womenswear Fashion Show,prada luxury brand 2025 2026
OFb4IFpZdx0,UgwhfN7lhFG4LGq5Fd94AaABAg,Siapa yang disini cari ENHYPEN??we are the same 😂😂❤❤,0,2025-09-26,@saadahrofiah8601,Prada Spring/Summer 2026 Womenswear Fashion Show,prada luxury brand 2025 2026
OFb4IFpZdx0,UgyXZ1DuQE55uzKyfrF4AaABAg,1:50 Prof Snape outer,1,2025-09-25,@Sourisformecherie,Prada Spring/Summer 2026 Womenswear Fashion Show,prada luxury brand 2025 2026
OFb4IFpZdx0,Ugz-8HI4isL8zgaqvOR4AaABAg,"Watched this,cause I was curious what enhypen saw",0,2025-09-25,@lindamarylam8445,Prada Spring/Summer 2026 Womenswear Fashion Show,prada luxury brand 2025 2026
OFb4IFpZdx0,UgzvAjy4fZwOyvd0UAh4AaABAg,"明菜さんとキョンキョンは本当に仲が良いので、お隣なんですね。
キョンキョンもナンノちゃんも、口づさんでいて良いですね。",0,2025-10-05,@畑久美子-w2m,Prada Spring/Summer 2026 Womenswear Fashion Show,prada luxury brand 2025 2026
OFb4IFpZdx0,UgygH2HOgh5cDQQPBqJ4AaABAg,The most unmemorable show from Prada. I guess HORROR is in trend! 🫩,1,2026-03-27,@zazahub887,Prada Spring/Summer 2026 Womenswear Fashion Show,prada luxury brand 2025 2026
OFb4IFpZdx0,UgwNixRWZUUakyWP7AF4AaABAg,😢😢😢😢😢😢😢😢,1,2026-01-24,@larissaklarenbach9361,Prada Spring/Summer 2026 Womenswear Fashion Show,prada luxury brand 2025 2026
OFb4IFpZdx0,Ugw8JtmYEWxFqOxzjRh4AaABAg,I was honestly more enchanted by sunoo’s walk when he was leaving after party like he should be on the runaway honestly 🤭,0,2025-09-27,@서현-k5b7j,Prada Spring/Summer 2026 Womenswear Fashion Show,prada luxury brand 2025 2026
OFb4IFpZdx0,UgyvR83ySLNVxwfLneZ4AaABAg,"프라다가 왜 프라다인지 명확히 알 수 있었던 컬렉션. 솔직히 그동안의 행보가 다소 아쉬운 감이 있었는데, 와 이래서 살아남았구나 싶었다. 완벽한 프라다의 승리. 깜짝 놀랐다.",0,2025-09-30,@Ethel_in5,Prada Spring/Summer 2026 Womenswear Fashion Show,prada luxury brand 2025 2026
OFb4IFpZdx0,UgwPgINJ4fhTw0IKBAx4AaABAg,Katanya 8 jam,0,2025-09-25,@RasiolvigaelganataElganata,Prada Spring/Summer 2026 Womenswear Fashion Show,prada luxury brand 2025 2026
OFb4IFpZdx0,UgzUMvluf-Gc4aBKZ6p4AaABAg,나뭇잎처럼 바스락 소재 is the lord of PRADA. The fabric is like Viscos plus Nylon as the leap. I am the lord of VISCOS as the contract to Europe. Fabric of ELLA tot bag by Torrybuch.,0,2025-09-26,@박지연-b8u9v,Prada Spring/Summer 2026 Womenswear Fashion Show,prada luxury brand 2025 2026
OFb4IFpZdx0,UgyJ1wfqmayRo-9p4Dl4AaABAg,10:37 Karina spotted,2,2025-09-25,@Sourisformecherie,Prada Spring/Summer 2026 Womenswear Fashion Show,prada luxury brand 2025 2026
OFb4IFpZdx0,Ugw2yp-c2xl1O1JrP6t4AaABAg,Enhypen❤,1,2025-09-25,@Imalwaysloveyouu,Prada Spring/Summer 2026 Womenswear Fashion Show,prada luxury brand 2025 2026
OFb4IFpZdx0,UgwwsfX79Os6_oF9mbJ4AaABAg,"Oigan , es mi primera vez, o sea que unas mujeres modelan por enhypen o como? Porque no ví a enhypen y todos andan hablando, jajaj, será pq adelante todo el video y lo puse en velocidad rápida pero...",0,2025-09-25,@enha_love-0808,Prada Spring/Summer 2026 Womenswear Fashion Show,prada luxury brand 2025 2026
OFb4IFpZdx0,Ugyr8WGKQIyfvLoZKTJ4AaABAg,"The collection: Prada
The music: Jacquemus 😂",0,2025-09-25,@NoName-jm8il,Prada Spring/Summer 2026 Womenswear Fashion Show,prada luxury brand 2025 2026
OFb4IFpZdx0,UgwJUAD9YCZ9GI_X0C14AaABAg,I came to see my bae Riki .. I thought they would also walk,0,2025-09-28,@oscin,Prada Spring/Summer 2026 Womenswear Fashion Show,prada luxury brand 2025 2026
OFb4IFpZdx0,UgxuqlLW2EIbl0xE6pB4AaABAg,❤️🔥,0,2025-09-27,@gg5825,Prada Spring/Summer 2026 Womenswear Fashion Show,prada luxury brand 2025 2026
OFb4IFpZdx0,UgzbFgaxOCcaI373KPN4AaABAg,I guess I need a camp shirt!,1,2025-09-26,@madelynsclosets,Prada Spring/Summer 2026 Womenswear Fashion Show,prada luxury brand 2025 2026
OFb4IFpZdx0,UgxbWQROV5EtcF1kujV4AaABAg,THE VAMPIRES WEAR PRADA,3,2025-09-25,@Sun0o7i,Prada Spring/Summer 2026 Womenswear Fashion Show,prada luxury brand 2025 2026
OFb4IFpZdx0,UgywQlOjnm7KdEMmHY14AaABAg,Troppo magre,0,2025-12-24,@miamia-mq9bb,Prada Spring/Summer 2026 Womenswear Fashion Show,prada luxury brand 2025 2026
OFb4IFpZdx0,UgxnIw_WWJ1eE7_UiKN4AaABAg,Mz honey we love you 🍯 💛,1,2025-11-14,@민지-p3t,Prada Spring/Summer 2026 Womenswear Fashion Show,prada luxury brand 2025 2026
OFb4IFpZdx0,UgysL56unqXi-zLXQGd4AaABAg,Oh my God I love julia nobis,0,2025-09-25,@jopupra,Prada Spring/Summer 2026 Womenswear Fashion Show,prada luxury brand 2025 2026
OFb4IFpZdx0,Ugyz32OYT75PhHOUmo94AaABAg,Hysterical. I’m looking forward to seeing this all on thrift sites next year.,0,2025-12-31,@nogo4022,Prada Spring/Summer 2026 Womenswear Fashion Show,prada luxury brand 2025 2026
OFb4IFpZdx0,UgxtiueiU4d6aTT-S754AaABAg,Hesslich,1,2026-01-24,@larissaklarenbach9361,Prada Spring/Summer 2026 Womenswear Fashion Show,prada luxury brand 2025 2026
OFb4IFpZdx0,UgyX--GnDa4V5cEt5EJ4AaABAg,Chanel go ok 😊,1,2025-11-14,@민지-p3t,Prada Spring/Summer 2026 Womenswear Fashion Show,prada luxury brand 2025 2026
OFb4IFpZdx0,UgxOXRndTyRXZdG18_d4AaABAg,Idc this makes perfect sense. Mixed materials skirts as we are drawn back towards collage and items with human touch in the face of AI. A little 2020s does 90s does 60s with classic Prada colors. I want more shoulder bags!,0,2026-01-08,@Videoluvr_55555,Prada Spring/Summer 2026 Womenswear Fashion Show,prada luxury brand 2025 2026
OFb4IFpZdx0,UgzHbkyTXi7HRSTmdcV4AaABAg,Pouvez vous m’indiquer le titre de cette musique?,0,2025-10-05,@megc6891,Prada Spring/Summer 2026 Womenswear Fashion Show,prada luxury brand 2025 2026
OFb4IFpZdx0,Ugw7UM22BgiaYve9lV54AaABAg,Das ist Mode von einer Modeschule 1. Semester 😅,0,2026-01-14,@juttav8008,Prada Spring/Summer 2026 Womenswear Fashion Show,prada luxury brand 2025 2026
OFb4IFpZdx0,UgzWJb1Zg2IPA82EctV4AaABAg,예쁘다. 명품을 산다면 프라다.,0,2025-09-26,@양영희-z4j,Prada Spring/Summer 2026 Womenswear Fashion Show,prada luxury brand 2025 2026
OFb4IFpZdx0,Ugx1wf4Vi3Ry2tENCH54AaABAg,"Прекрасный показ, мне это очень близко❤",0,2025-12-02,@marinaabramova8099,Prada Spring/Summer 2026 Womenswear Fashion Show,prada luxury brand 2025 2026
OFb4IFpZdx0,UgwkMy4iCKeJe9skJSt4AaABAg,can someone tell me which music is this?.. please.. from italy,0,2025-10-10,@rosydegilio8649,Prada Spring/Summer 2026 Womenswear Fashion Show,prada luxury brand 2025 2026
OFb4IFpZdx0,UgySm8UU1UI6BtkBDg54AaABAg,"Enhypen se veían muy guapooos, gracias por invitarlos💗😍",24,2025-09-26,@ikeu_Ooo,Prada Spring/Summer 2026 Womenswear Fashion Show,prada luxury brand 2025 2026
OFb4IFpZdx0,UgztGbxSY8BbrL3Q6Q14AaABAg,"Thank you Prada for showing me this massive Masterpiece, i'am sitting hear and crying the hell out, it's so so wonderfull.

Who is interested, Prada Spring Summer 2026, beautiful collection",2,2025-09-28,@MarniCC-M,Prada Spring/Summer 2026 Womenswear Fashion Show,prada luxury brand 2025 2026
OFb4IFpZdx0,UgzwbGrdnhkmR2YvKTV4AaABAg,🦋,0,2025-10-10,@tamaraauer5858,Prada Spring/Summer 2026 Womenswear Fashion Show,prada luxury brand 2025 2026
OFb4IFpZdx0,UgwmqoyueAW-t7EG8iF4AaABAg,Loliiiii❤❤,0,2025-09-27,@kiwibuzzcuthyujin,Prada Spring/Summer 2026 Womenswear Fashion Show,prada luxury brand 2025 2026
OFb4IFpZdx0,UgxKhrEi9muGUPywe554AaABAg,Oh my.,0,2026-04-05,@Swede-m7q,Prada Spring/Summer 2026 Womenswear Fashion Show,prada luxury brand 2025 2026
OFb4IFpZdx0,UgwepzlhpBECN-9b58Z4AaABAg,Enhypen looks so good 💙✨,251,2025-09-25,@strawberrymagic4760,Prada Spring/Summer 2026 Womenswear Fashion Show,prada luxury brand 2025 2026
OFb4IFpZdx0,UgysUhXTJVpQ9Juw-0F4AaABAg,"Они задают тренды , тенденции в моде",0,2025-10-21,@ИРИНА__М-а7,Prada Spring/Summer 2026 Womenswear Fashion Show,prada luxury brand 2025 2026
OFb4IFpZdx0,UgxJmraF7_tZ6eIcxH54AaABAg,Inguardabile,0,2025-10-13,@silviasalvadoriartist2230,Prada Spring/Summer 2026 Womenswear Fashion Show,prada luxury brand 2025 2026
OFb4IFpZdx0,Ugxd58Jc9kDD7qIDqud4AaABAg,❤❤❤❤❤❤❤❤Magistrale,0,2025-11-16,@JohannaFrMcEvsy,Prada Spring/Summer 2026 Womenswear Fashion Show,prada luxury brand 2025 2026
OFb4IFpZdx0,UgwZqpXSAWpCnDDdbh94AaABAg,wow👏💕,0,2025-10-03,@corriekastubi3154,Prada Spring/Summer 2026 Womenswear Fashion Show,prada luxury brand 2025 2026
OFb4IFpZdx0,UgyNpV9oJlUlvzSYBCF4AaABAg,😊❤,0,2025-09-30,@ginnee11,Prada Spring/Summer 2026 Womenswear Fashion Show,prada luxury brand 2025 2026
OFb4IFpZdx0,Ugzy-pX4bo5StnCf-nt4AaABAg,Thank you for having Enhypen! They looked stunning! 🧛🏻❤️‍🔥,59,2025-09-25,@trulymahi777,Prada Spring/Summer 2026 Womenswear Fashion Show,prada luxury brand 2025 2026
OFb4IFpZdx0,UgzXDAWf6jYlgwxSCEl4AaABAg,#enhypen !!!,1,2025-09-25,@jfabs-i6z,Prada Spring/Summer 2026 Womenswear Fashion Show,prada luxury brand 2025 2026
OFb4IFpZdx0,UgxfEviM2niQWyyWp_p4AaABAg,Beautiful Pieces.I like the touch of orange.Stunning.Hi from Amsterdam.,2,2025-10-15,@sabine5133,Prada Spring/Summer 2026 Womenswear Fashion Show,prada luxury brand 2025 2026
OFb4IFpZdx0,UgwULtn-CbL1YOHYLCN4AaABAg,YANG JUNGWON LEE HEESEUNG PARK JONGSEONG SIM JAEYUN PARK SUNGHOON KIM SUNOO NISHIMURA RIKI ENHYPEN!!!!❤️‍🔥💯,128,2025-09-25,@cia_ENz,Prada Spring/Summer 2026 Womenswear Fashion Show,prada luxury brand 2025 2026
OFb4IFpZdx0,Ugw2oB2pIcXO7aBcPAR4AaABAg,❤️❤️❤️,0,2025-09-25,@ProximityOptics,Prada Spring/Summer 2026 Womenswear Fashion Show,prada luxury brand 2025 2026
OFb4IFpZdx0,Ugz9ibaE8NPX75I3SQR4AaABAg,Miuccia & skirts = forever,0,2026-02-03,@yuliya5121,Prada Spring/Summer 2026 Womenswear Fashion Show,prada luxury brand 2025 2026
OFb4IFpZdx0,Ugw4k5yxblRv966uZSh4AaABAg,Watching this for karinaaa..❤,0,2025-09-25,@nataliejj1435,Prada Spring/Summer 2026 Womenswear Fashion Show,prada luxury brand 2025 2026
OFb4IFpZdx0,Ugx_u1NseTqshe8jGwN4AaABAg,Prada ❤❤,0,2026-03-20,@AnnetteWashington-y5l,Prada Spring/Summer 2026 Womenswear Fashion Show,prada luxury brand 2025 2026
OFb4IFpZdx0,UgxvzrZVa1rRCywmCRZ4AaABAg,❤,0,2025-09-25,@AmeliaAZ-133,Prada Spring/Summer 2026 Womenswear Fashion Show,prada luxury brand 2025 2026
OFb4IFpZdx0,UgxMUgxXANFP6RnPSyB4AaABAg,Enhypen looks so goood ❤❤❤😮😮,85,2025-09-25,@applemin6740,Prada Spring/Summer 2026 Womenswear Fashion Show,prada luxury brand 2025 2026
OFb4IFpZdx0,Ugz1SZdJcgU_LV6mZH14AaABAg,❤,0,2025-10-03,@mundimundi7,Prada Spring/Summer 2026 Womenswear Fashion Show,prada luxury brand 2025 2026
OFb4IFpZdx0,UgzZm_Lmck_4UaGAhXp4AaABAg,lange frans gedoogbeleid this show is dutch style,0,2025-09-26,@신애리의앞니,Prada Spring/Summer 2026 Womenswear Fashion Show,prada luxury brand 2025 2026
OFb4IFpZdx0,Ugy7l8uaJwvet8SbUK14AaABAg,Поколение дизайнеров закончилось😮,0,2026-01-24,@Лариса-п8д,Prada Spring/Summer 2026 Womenswear Fashion Show,prada luxury brand 2025 2026
OFb4IFpZdx0,UgxCMiumC-xW-ccxIt54AaABAg,❤❤❤❤❤❤❤,0,2026-03-24,@joannamolenda6439,Prada Spring/Summer 2026 Womenswear Fashion Show,prada luxury brand 2025 2026
OFb4IFpZdx0,UgxkemNtZVNNeubucdF4AaABAg,why is nobody talking about the show😭,3,2025-09-25,@Baldchoppa,Prada Spring/Summer 2026 Womenswear Fashion Show,prada luxury brand 2025 2026
OFb4IFpZdx0,UgzwBFJAqRZid0mPYaR4AaABAg,Karina❤❤❤,1,2025-09-25,@George-pz9yx,Prada Spring/Summer 2026 Womenswear Fashion Show,prada luxury brand 2025 2026
OFb4IFpZdx0,UgxNkrO-MLbaE37QIs14AaABAg,تموم شد؟,0,2025-09-25,@NoraSeraj,Prada Spring/Summer 2026 Womenswear Fashion Show,prada luxury brand 2025 2026
OFb4IFpZdx0,UgxfXIi65VLfA5kgC8p4AaABAg,It’s giving gen z puritan,0,2025-09-27,@_TASK,Prada Spring/Summer 2026 Womenswear Fashion Show,prada luxury brand 2025 2026
OFb4IFpZdx0,Ugyml8-5l9E_9rRRzF14AaABAg,74/100,0,2025-09-26,@whitepazzo,Prada Spring/Summer 2026 Womenswear Fashion Show,prada luxury brand 2025 2026
OFb4IFpZdx0,UgyBd9Qh_xF0qEyTcVB4AaABAg,❤❤❤❤❤,0,2025-09-25,@MartinaZito,Prada Spring/Summer 2026 Womenswear Fashion Show,prada luxury brand 2025 2026
OFb4IFpZdx0,UgyALnMUTLR1uPdrNU94AaABAg,Raf Simons ❤,0,2026-02-14,@sandalovich,Prada Spring/Summer 2026 Womenswear Fashion Show,prada luxury brand 2025 2026
OFb4IFpZdx0,Ugy9ZCA1lff_ZwlhEcR4AaABAg,song name,0,2025-09-28,@박상현-l5w,Prada Spring/Summer 2026 Womenswear Fashion Show,prada luxury brand 2025 2026
OFb4IFpZdx0,UgxpB-Ht-zm1NSDB-NF4AaABAg,"I Love the shoes , looks So elegant.",1,2025-10-07,@oasisofpassion,Prada Spring/Summer 2026 Womenswear Fashion Show,prada luxury brand 2025 2026
OFb4IFpZdx0,UgwRUDZDaXjgm41KRf94AaABAg,Amei ❤,0,2026-02-25,@renataoliveira3857,Prada Spring/Summer 2026 Womenswear Fashion Show,prada luxury brand 2025 2026
OFb4IFpZdx0,UgwLLrX-Ocke7HV7gNV4AaABAg,"Some great pieces, the space is too big for me. I guess by the size of the crowd it needed to be that way.",0,2025-09-25,@richardliner8683,Prada Spring/Summer 2026 Womenswear Fashion Show,prada luxury brand 2025 2026
OFb4IFpZdx0,Ugzl7ig_nqe1zVrnGm94AaABAg,"Papel amassado, cores primárias, formas estranhas, não entendi",0,2025-09-30,@valrosa-rosa,Prada Spring/Summer 2026 Womenswear Fashion Show,prada luxury brand 2025 2026
OFb4IFpZdx0,UgywlypwHitE5w8WbXt4AaABAg,Prada - Raf = Better,1,2025-10-04,@ErickPerez-w5f,Prada Spring/Summer 2026 Womenswear Fashion Show,prada luxury brand 2025 2026
OFb4IFpZdx0,UgzzDjTjJh0dZWKux7d4AaABAg,rather find vintage prada than buy this,0,2026-03-19,@niakoo8198,Prada Spring/Summer 2026 Womenswear Fashion Show,prada luxury brand 2025 2026
OFb4IFpZdx0,UgyqAayo3vp7UM7eJIJ4AaABAg,I love how everyone is just here for Enhypen-,0,2025-09-26,@Noorbanuk,Prada Spring/Summer 2026 Womenswear Fashion Show,prada luxury brand 2025 2026
OFb4IFpZdx0,Ugwz_TXL_Qfs5O5Me2l4AaABAg,Je prends chez emaus et j empile sur moi voila,0,2026-01-18,@Dominique-i7w6d,Prada Spring/Summer 2026 Womenswear Fashion Show,prada luxury brand 2025 2026
OFb4IFpZdx0,UgyA192Z6ogtUUtHioR4AaABAg,"Fornitori cinesi, scarpe, borse, vestiti, cappelli, occhiali da sole, ecc, prezzi all'ingrosso preferenziali.",0,2025-10-01,@runfast-sneakers,Prada Spring/Summer 2026 Womenswear Fashion Show,prada luxury brand 2025 2026
OFb4IFpZdx0,UgxlxEGZgnIWGEmDCAl4AaABAg,🙏🙏🙏🙏🙏🙏dejeme traquila cunpler lo que amo si muero yevarme a la tumba lo que yo amo ser disiendo ropa moderna no sigan dañando mi sueño y mi futuro  deser una gran diseñodadora de moda,0,2026-02-16,@EsmeliluzSanchez,Prada Spring/Summer 2026 Womenswear Fashion Show,prada luxury brand 2025 2026
OFb4IFpZdx0,UgzJXZSvWrSDq2dw4Ql4AaABAg,jacket at 3:28 $$,0,2025-11-22,@mackenzeybickmore6938,Prada Spring/Summer 2026 Womenswear Fashion Show,prada luxury brand 2025 2026
OFb4IFpZdx0,UgxGAnPEjJB1p0qJRxB4AaABAg,prada enhypen heeseung return,0,2026-03-23,@dxmx24.5,Prada Spring/Summer 2026 Womenswear Fashion Show,prada luxury brand 2025 2026
OFb4IFpZdx0,UgwaqJlo623Y6-bNDad4AaABAg,ENHYPEN 🫠,2,2025-09-25,@shokobrillar,Prada Spring/Summer 2026 Womenswear Fashion Show,prada luxury brand 2025 2026
OFb4IFpZdx0,UgyubS_zeObeCJWjpOp4AaABAg,Duchesse Silk/Satin a favorite of Miuccia's and so glad to see her use it again ❤,0,2025-09-28,@Pilkingmangleton,Prada Spring/Summer 2026 Womenswear Fashion Show,prada luxury brand 2025 2026
OFb4IFpZdx0,Ugxl19zFRdL8d0aNlpt4AaABAg,Mz honey we love you 🍯 💛,1,2026-05-01,@민지-p3t,Prada Spring/Summer 2026 Womenswear Fashion Show,prada luxury brand 2025 2026
OFb4IFpZdx0,UgyEgJXwLqwpclnEbxt4AaABAg,YANG JUNGWON LEE HEESEUNG PARK JONGSEONG SIM JAEYUN PARK SUNGHOON KIM SUNOO NISHIMURA RIKI ENHYPEN!!!!❤️‍🔥💯,1,2025-09-25,@cia_ENz,Prada Spring/Summer 2026 Womenswear Fashion Show,prada luxury brand 2025 2026
OFb4IFpZdx0,UgwmGtyRi9RP0xytGBx4AaABAg,Enhypennnnn❤️‍🔥❤️‍🔥,0,2025-09-26,@AynaJannat-o3h,Prada Spring/Summer 2026 Womenswear Fashion Show,prada luxury brand 2025 2026
OFb4IFpZdx0,UgwVGMCA7-nc5g2YSQ54AaABAg,❤❤❤,0,2025-09-26,@ciaoitaly4642,Prada Spring/Summer 2026 Womenswear Fashion Show,prada luxury brand 2025 2026
OFb4IFpZdx0,UgyTBMNCX_qxYD0XyNV4AaABAg,❤😊,0,2025-10-09,@shansel,Prada Spring/Summer 2026 Womenswear Fashion Show,prada luxury brand 2025 2026
OFb4IFpZdx0,UgzTt-RoHPOpSe--PkV4AaABAg,ENHYPENNN,0,2025-10-01,@ruchiisvill-eu9kc,Prada Spring/Summer 2026 Womenswear Fashion Show,prada luxury brand 2025 2026
OFb4IFpZdx0,Ugx2FvOPe93sR0q1jrp4AaABAg,ENHYPEN 🔥🤌,2,2025-09-25,@AramEN-7,Prada Spring/Summer 2026 Womenswear Fashion Show,prada luxury brand 2025 2026
OFb4IFpZdx0,UgwC764KneYQOBhyw5F4AaABAg,YANG JUNGWON LEE HEESEUNG PARK JONGSEONG SIM JAEYUN PARK SUNGHOON KIM SUNOO NISHIMURA RIKI ENHYPEN!!!!❤️‍🔥💯,2,2025-09-25,@cia_ENz,Prada Spring/Summer 2026 Womenswear Fashion Show,prada luxury brand 2025 2026
OFb4IFpZdx0,UgwmRaI645MbgNq79Dp4AaABAg,Mz honey we love you 🍯 💛,1,2026-05-02,@민지-p3t,Prada Spring/Summer 2026 Womenswear Fashion Show,prada luxury brand 2025 2026
OFb4IFpZdx0,UgyPH-erqeqQls1he8p4AaABAg,YANG JUNGWON LEE HEESEUNG PARK JONGSEONG SIM JAEYUN PARK SUNGHOON KIM SUNOO NISHIMURA RIKI ENHYPEN!!!!❤️‍🔥💯,2,2025-09-25,@cia_ENz,Prada Spring/Summer 2026 Womenswear Fashion Show,prada luxury brand 2025 2026
OFb4IFpZdx0,UgzReDVxb8VorTte_-p4AaABAg,YANG JUNGWON LEE HEESEUNG PARK JONGSEONG SIM JAEYUN PARK SUNGHOON KIM SUNOO NISHIMURA RIKI ENHYPEN!!!!❤️‍🔥💯,2,2025-09-25,@cia_ENz,Prada Spring/Summer 2026 Womenswear Fashion Show,prada luxury brand 2025 2026
Cyb0W6xaPIc,Ugxz4TtK0RRH3sFwZ7Z4AaABAg,its the hangover/ roll out of bed/ throw on whatvers laying on the floor and the 1 clean item in the closet.,0,2025-11-17,@wtftamalestamaleadventureb8753,Prada | Fall Winter 2025/2026 | Milan Fashion Week,prada luxury brand 2025 2026
Cyb0W6xaPIc,UgwTdIGP7TK7LDP5lrB4AaABAg,"Beautiful Women and Fashion !
Habib Amini from 🇺🇸 USA
Sep 4-2025",2,2025-09-04,@habibamini206,Prada | Fall Winter 2025/2026 | Milan Fashion Week,prada luxury brand 2025 2026
Cyb0W6xaPIc,UgyAgYfceLkA0JD1Qd54AaABAg,Beautiful ❤❤❤,0,2025-09-07,@Tatyana0504D,Prada | Fall Winter 2025/2026 | Milan Fashion Week,prada luxury brand 2025 2026
Cyb0W6xaPIc,UgxXG5AJ3j0N5AwhYr54AaABAg,"Waste of time,  lost its luster and edge!",4,2025-09-04,@micheal6901,Prada | Fall Winter 2025/2026 | Milan Fashion Week,prada luxury brand 2025 2026
SAjtxnyXu8U,UgzQJEFgGZ5iu0IBAc94AaABAg,Those aren’t shorts. They’re diapers.,61,2025-06-24,@nightbender9250,Prada Spring/Summer 2026 Menswear Show,prada luxury brand 2025 2026
SAjtxnyXu8U,Ugw4gPy3WUuCH3O-WTN4AaABAg,It felt like a reinterpretation of some of the aesthetics hinted at over the past few seasons.,35,2025-06-22,@andy139-b5d,Prada Spring/Summer 2026 Menswear Show,prada luxury brand 2025 2026
SAjtxnyXu8U,Ugx8nUYH7aGKZtFwdvd4AaABAg,Excellent soundtrack.,9,2025-07-19,@paulocorreia7766,Prada Spring/Summer 2026 Menswear Show,prada luxury brand 2025 2026
SAjtxnyXu8U,UgxbKkSARCzvPkGQPRF4AaABAg,"Faccio i miei complimenti a Miuccia per aver preparato la sua futura successore. La maggior parte degli stilisti ha un ego talmente smisurato che impedisce loro di immaginare il futuro del proprio marchio senza di loro. Sono entusiasta di vedere il ritorno degli zaini, un caposaldo delle collezioni Prada nei primi anni Novanta.",3,2025-06-23,@jamesslate6664,Prada Spring/Summer 2026 Menswear Show,prada luxury brand 2025 2026
SAjtxnyXu8U,UgzDTiTEe7_I2whLd5B4AaABAg,Price is like they have put some 💎 jems in the chappal,4,2025-06-26,@LalitMandwe-wj5hz,Prada Spring/Summer 2026 Menswear Show,prada luxury brand 2025 2026
SAjtxnyXu8U,UgxgVzJSJzg40A699il4AaABAg,omg this soundtrack...,2,2025-06-25,@kysontaylor3927,Prada Spring/Summer 2026 Menswear Show,prada luxury brand 2025 2026
SAjtxnyXu8U,Ugz9UWWBqL5rZj25oAh4AaABAg,king kai✨🐻💛,2,2025-06-22,@jessizkdlin,Prada Spring/Summer 2026 Menswear Show,prada luxury brand 2025 2026
SAjtxnyXu8U,UgzIY-0t0nx8pgiPgtd4AaABAg,Zhuzhixin and prada，so cool💛💙,1,2025-06-22,@爱-f1g8w,Prada Spring/Summer 2026 Menswear Show,prada luxury brand 2025 2026
SAjtxnyXu8U,UgydwfWmHI775_Zcfw14AaABAg,If shameless behaviour was someone’s talent,6,2025-06-27,@hemkum3010,Prada Spring/Summer 2026 Menswear Show,prada luxury brand 2025 2026
SAjtxnyXu8U,Ugz4KUUNtcEgTEhwJm94AaABAg,"If this is the future of fashion, then count me out.

— Old Navy by Prada.",43,2025-06-26,@NextToToddliness,Prada Spring/Summer 2026 Menswear Show,prada luxury brand 2025 2026
SAjtxnyXu8U,Ugx_Hj-Q1lIeX-J_nJB4AaABAg,Sanaaaaa,3,2025-06-22,@Junstar08,Prada Spring/Summer 2026 Menswear Show,prada luxury brand 2025 2026
SAjtxnyXu8U,UgwJFzUYER0nHdqA71l4AaABAg,"In the fashion world, it's enough to be in the front row once, make your brand recognizable, and then you can bring models in sweatpants or underwear onto the catwalk. What do I remember? Very thin models with bags on their heads.",4,2025-06-23,@justviewer3677,Prada Spring/Summer 2026 Menswear Show,prada luxury brand 2025 2026
SAjtxnyXu8U,UgzMaSrFycd5j0ZqWyN4AaABAg,PRADA ITALIA CHE CI STA BENISSIMO,0,2025-09-25,@GerlindeKunze-y8t,Prada Spring/Summer 2026 Menswear Show,prada luxury brand 2025 2026
SAjtxnyXu8U,Ugw9-5KUoBBVQQnDyAd4AaABAg,💖 Ooooh 💖 SANA 💖💖💖💖💖💖,2,2025-06-22,@ursoul162,Prada Spring/Summer 2026 Menswear Show,prada luxury brand 2025 2026
SAjtxnyXu8U,UgwSVCGSbXfhmnOAWL54AaABAg,Great clothes if you’re 15-year-old boy,9,2025-06-24,@PJZZZZ,Prada Spring/Summer 2026 Menswear Show,prada luxury brand 2025 2026
SAjtxnyXu8U,Ugy_YuAWdV48TxFvF6V4AaABAg,omg💛zhuzhixin so cool,1,2025-06-22,@爱-f1g8w,Prada Spring/Summer 2026 Menswear Show,prada luxury brand 2025 2026
SAjtxnyXu8U,UgwCdx7c_Ci_oIlw6ON4AaABAg,Je préfère regarde ça c'est très cool🎉🎉,1,2025-09-24,@FreddyKianza,Prada Spring/Summer 2026 Menswear Show,prada luxury brand 2025 2026
SAjtxnyXu8U,Ugy0QvYFbRFeKO3LMi54AaABAg,Kholapuri kholapuri❤❤🎉🎉,2,2025-07-25,@shankarbalakrishnan2360,Prada Spring/Summer 2026 Menswear Show,prada luxury brand 2025 2026
SAjtxnyXu8U,UgxTnlyrZDcdyMCYR_F4AaABAg,KING Zhuzhixin💛,0,2025-06-22,@爱-f1g8w,Prada Spring/Summer 2026 Menswear Show,prada luxury brand 2025 2026
SAjtxnyXu8U,Ugwn7JXyDC1pnPrjd3B4AaABAg,"Absolutely amazing! Perfect aesthetics.. free, minimal, light, timeless",1,2025-09-09,@Luca-o1q,Prada Spring/Summer 2026 Menswear Show,prada luxury brand 2025 2026
SAjtxnyXu8U,Ugx9nW4r1qENmLMuZh94AaABAg,"Ah yes, putting a lampshade on your head. Peak fashion.",2,2025-06-25,@DD35541,Prada Spring/Summer 2026 Menswear Show,prada luxury brand 2025 2026
SAjtxnyXu8U,UgzJ6XQylZtGNCrl6L94AaABAg,anyone knows who produce the music? amazing!,0,2025-08-01,@francoischu6836,Prada Spring/Summer 2026 Menswear Show,prada luxury brand 2025 2026
SAjtxnyXu8U,Ugx0RcRUQVVbE5Vu-Ch4AaABAg,C’est incroyable,0,2025-07-05,@AKESSHK,Prada Spring/Summer 2026 Menswear Show,prada luxury brand 2025 2026
SAjtxnyXu8U,Ugx1iQgWuDHtdGedeQ94AaABAg,They have some outstanding products,0,2025-08-22,@marcuslymon2680,Prada Spring/Summer 2026 Menswear Show,prada luxury brand 2025 2026
SAjtxnyXu8U,Ugz1bXeULu1kbDafBOF4AaABAg,Kai❤❤,2,2025-06-22,@SyKim-f6h,Prada Spring/Summer 2026 Menswear Show,prada luxury brand 2025 2026
SAjtxnyXu8U,UgxHt_O-n4ycclCksE54AaABAg,苏新皓❤,1,2025-06-22,@zhiaisu,Prada Spring/Summer 2026 Menswear Show,prada luxury brand 2025 2026
SAjtxnyXu8U,UgyWeWlp5JGSJGMoQsx4AaABAg,Absolutely amazing,0,2025-10-31,@PeterKadiko,Prada Spring/Summer 2026 Menswear Show,prada luxury brand 2025 2026
SAjtxnyXu8U,UgzbsIbSs_RYS0ztkUd4AaABAg,Nice collection.,2,2025-06-22,@h2d127,Prada Spring/Summer 2026 Menswear Show,prada luxury brand 2025 2026
SAjtxnyXu8U,UgzyismPmjZfVLljH3h4AaABAg,"So futuristic with traditional motives, so original.",0,2025-12-26,@burstychan,Prada Spring/Summer 2026 Menswear Show,prada luxury brand 2025 2026
SAjtxnyXu8U,UgyK2utyhRfau8zCZD54AaABAg,Wow kolahpuri slippers are looking great ❤,4,2025-06-28,@himanshumandavria,Prada Spring/Summer 2026 Menswear Show,prada luxury brand 2025 2026
SAjtxnyXu8U,UgwV1K-icY5hJXX1Eh94AaABAg,It looks like they pulled stuff of the rack at  ZARA and Urban Outfitters.,1,2025-06-28,@FredM-h3m,Prada Spring/Summer 2026 Menswear Show,prada luxury brand 2025 2026
SAjtxnyXu8U,Ugw9KgiRWz3e2gtR3bd4AaABAg,I like the clothing looks very comfortable and layback wear,0,2025-09-09,@33msjenkins,Prada Spring/Summer 2026 Menswear Show,prada luxury brand 2025 2026
SAjtxnyXu8U,UgzffXVoVUnn74pG81J4AaABAg,Informale come i fiori di Warhol,0,2025-07-10,@scottidomenico,Prada Spring/Summer 2026 Menswear Show,prada luxury brand 2025 2026
SAjtxnyXu8U,UgzGe9RhZZKdUHulXid4AaABAg,That’s our Kolhapuri Chappal getting showcased at fashion show!,15,2025-07-02,@SpikyAtlanta,Prada Spring/Summer 2026 Menswear Show,prada luxury brand 2025 2026
SAjtxnyXu8U,UgzeqgRG8xIn6wq48Hx4AaABAg,PRADA for ZARA,0,2025-07-13,@steelextra3373,Prada Spring/Summer 2026 Menswear Show,prada luxury brand 2025 2026
SAjtxnyXu8U,UgycVjHodZ7NT55Z34x4AaABAg,"Prada, not expected",3,2025-07-26,@BSD_dazai160,Prada Spring/Summer 2026 Menswear Show,prada luxury brand 2025 2026
SAjtxnyXu8U,UgxdMfBvvHppDAjeR-R4AaABAg,There should one kolhapuri chapal store beside Prada store. Selling with appropriate price and giving credit and work to the original kolhapuri craftsman. It will be interesting to see which one sells more chapal.,6,2025-06-26,@nituindia,Prada Spring/Summer 2026 Menswear Show,prada luxury brand 2025 2026
SAjtxnyXu8U,Ugz8XuOl6AkWKuVX_oN4AaABAg,Baita viagem Prada! Fiquem de olho que a Dior vai vir com tudo. Muito mais produto 😉,0,2025-06-28,@jefersonschwartz9153,Prada Spring/Summer 2026 Menswear Show,prada luxury brand 2025 2026
SAjtxnyXu8U,UgzLHGgzwSl6H6A13IF4AaABAg,💛💛💛22X💛💛💛,5,2025-06-22,@rouen8825,Prada Spring/Summer 2026 Menswear Show,prada luxury brand 2025 2026
SAjtxnyXu8U,UgzpTV4-O3I-eQka9np4AaABAg,Trop tendance,0,2025-07-05,@OumarFaro-o4i,Prada Spring/Summer 2026 Menswear Show,prada luxury brand 2025 2026
SAjtxnyXu8U,UgzreBI4I9IIZ_Ee4Xp4AaABAg,Secondo me manca un gioiello!,0,2025-06-30,@maryplasdo,Prada Spring/Summer 2026 Menswear Show,prada luxury brand 2025 2026
SAjtxnyXu8U,UgyFOB4u2oaoLc39ph14AaABAg,Good fashion sense,0,2025-07-05,@barristerkaunda8911,Prada Spring/Summer 2026 Menswear Show,prada luxury brand 2025 2026
SAjtxnyXu8U,UgzWAI01LhmIdtBc_xV4AaABAg,"the girls that get it, get it❤",0,2025-06-25,@marvinraphaelmonfort8289,Prada Spring/Summer 2026 Menswear Show,prada luxury brand 2025 2026
SAjtxnyXu8U,UgwD3X1MFNCMPD3A9S54AaABAg,❤ Prada ❤,0,2025-06-22,@RisNandar-c9h,Prada Spring/Summer 2026 Menswear Show,prada luxury brand 2025 2026
SAjtxnyXu8U,UgxRnqXdM_cmut5e6cN4AaABAg,Funny and beautifull😂😂😂,0,2025-10-27,@LABRANCHEJACQUESICANA,Prada Spring/Summer 2026 Menswear Show,prada luxury brand 2025 2026
SAjtxnyXu8U,UgwgxsLdR7zSsx9-oiV4AaABAg,Pure fashion,0,2025-07-05,@tangenijohannes6156,Prada Spring/Summer 2026 Menswear Show,prada luxury brand 2025 2026
SAjtxnyXu8U,Ugzo4r8DhLNoEMvAC314AaABAg,"Those flat ass sandals are killing my plantar fissure😬😬😬🫣🫣
But I do want a pair 😍",1,2025-06-29,@AnthonyStewart-e8z,Prada Spring/Summer 2026 Menswear Show,prada luxury brand 2025 2026
SAjtxnyXu8U,UgyxLZqPMKyRXh-A4EB4AaABAg,Does anyone know the name of the synthesizer piece in the beginning of the show that kind of sounds like an organ?,0,2026-01-22,@GreatValueDianaVreeland,Prada Spring/Summer 2026 Menswear Show,prada luxury brand 2025 2026
SAjtxnyXu8U,Ugwh46dX9c-0AEWwugV4AaABAg,Damn what a good show!,0,2026-02-24,@MarioaguilarAA,Prada Spring/Summer 2026 Menswear Show,prada luxury brand 2025 2026
SAjtxnyXu8U,UgwBJNXVgG2sRmffGUl4AaABAg,The dude had a lamp on his head but not a single troller😂,0,2025-06-27,@hemkum3010,Prada Spring/Summer 2026 Menswear Show,prada luxury brand 2025 2026
SAjtxnyXu8U,Ugyb0u5eWMrsA0cyaSF4AaABAg,Anyone know who did the music ?,1,2025-06-22,@kilecan,Prada Spring/Summer 2026 Menswear Show,prada luxury brand 2025 2026
SAjtxnyXu8U,UgxFqvDbjZDmixxx6e94AaABAg,"Oh my god, Kim Kai and Prada! I wish there was more!",8,2025-06-22,@weinaguo1235,Prada Spring/Summer 2026 Menswear Show,prada luxury brand 2025 2026
SAjtxnyXu8U,UgzPJPoJFM4lNTLSYuV4AaABAg,Kolhapuri chappal is the best,1,2025-07-22,@pavankharat2446,Prada Spring/Summer 2026 Menswear Show,prada luxury brand 2025 2026
SAjtxnyXu8U,UgzW1--8Gdz6q4IdvQh4AaABAg,Bonjour monsieur et madame,0,2025-07-28,@AbdoulayeSow-f4o,Prada Spring/Summer 2026 Menswear Show,prada luxury brand 2025 2026
SAjtxnyXu8U,UgzwPDEnp5nx6pBGUm94AaABAg,Très cool🎉,0,2025-07-05,@Amacisko,Prada Spring/Summer 2026 Menswear Show,prada luxury brand 2025 2026
SAjtxnyXu8U,Ugx315_MYqZ9j4wIayB4AaABAg,I love PRADA ❤❤,2,2025-06-22,@joaolimavit,Prada Spring/Summer 2026 Menswear Show,prada luxury brand 2025 2026
SAjtxnyXu8U,Ugy8BnpdDJZ5ZGyYHTV4AaABAg,"Hi love 
Muito bom👏🏾👏🏾👏🏾😉",1,2025-06-30,@maryplasdo,Prada Spring/Summer 2026 Menswear Show,prada luxury brand 2025 2026
SAjtxnyXu8U,UgzJIBt4V8GRIfXs96N4AaABAg,Wow nice to see kolhapuri chappal on runway 😊😊,14,2025-06-24,@biswajitpradhan9808,Prada Spring/Summer 2026 Menswear Show,prada luxury brand 2025 2026
SAjtxnyXu8U,Ugy2vd9x3v3ZZLytN-V4AaABAg,THIS SHOW NEEDS MORE VIEWS WTF,0,2025-07-05,@biggbooty456,Prada Spring/Summer 2026 Menswear Show,prada luxury brand 2025 2026
SAjtxnyXu8U,UgwSpbBrTAsdoOAkvbh4AaABAg,nice,0,2025-06-23,@SONYzsx,Prada Spring/Summer 2026 Menswear Show,prada luxury brand 2025 2026
SAjtxnyXu8U,UgxCMCydlvAwQg5HEcp4AaABAg,Pure captivating  stupendous lovely fashion  for everyone to enjoy,2,2025-06-26,@doreen4165,Prada Spring/Summer 2026 Menswear Show,prada luxury brand 2025 2026
SAjtxnyXu8U,Ugw_XeRci_dTEd93iU94AaABAg,WHAT'S SO NEW? THE LAMP SHAIDE HAT?,0,2025-06-25,@felixthecat6284,Prada Spring/Summer 2026 Menswear Show,prada luxury brand 2025 2026
SAjtxnyXu8U,UgxaIBCmhCt9eJnocp54AaABAg,"love the bags, why do they have the Balenciaga impression tho?",0,2025-06-23,@thea-listtv312,Prada Spring/Summer 2026 Menswear Show,prada luxury brand 2025 2026
SAjtxnyXu8U,Ugx4tgeeSCBzO8Z3om54AaABAg,Calvin Klein 205w39nyc 26ss by Prada？🧐,0,2025-07-04,@carlson-yang,Prada Spring/Summer 2026 Menswear Show,prada luxury brand 2025 2026
SAjtxnyXu8U,UgxaWPcQ1XyTuUGKQw94AaABAg,In every indian family has almost 1 to many kolhapuris in their home no promotion not anything but it still adored by every indian,0,2025-07-18,@RAJASHREE19,Prada Spring/Summer 2026 Menswear Show,prada luxury brand 2025 2026
SAjtxnyXu8U,UgzXzX5Br1jKCG3noJx4AaABAg,"The name is a big sign that Prada is a fake. It is a Kolhapuri chappal from Maharashtra, India. At least its name should be mentioned",7,2025-06-26,@sandesh10010,Prada Spring/Summer 2026 Menswear Show,prada luxury brand 2025 2026
SAjtxnyXu8U,Ugy9hqeMf4-U9hEnbOV4AaABAg,3:38 jongin in the back <3,1,2025-06-28,@astrumfaerie,Prada Spring/Summer 2026 Menswear Show,prada luxury brand 2025 2026
SAjtxnyXu8U,UgxhR7AC6K950LRsheV4AaABAg,Prada   is given fashion with  no fashion    let's go back to simple  n elegant,0,2025-06-22,@emiliorosa9896,Prada Spring/Summer 2026 Menswear Show,prada luxury brand 2025 2026
SAjtxnyXu8U,UgwuHbHuzbEV3QGaIzZ4AaABAg,🎉 merci,0,2025-07-26,@kimuniSimon,Prada Spring/Summer 2026 Menswear Show,prada luxury brand 2025 2026
SAjtxnyXu8U,UgxbYIkRK5czni4jRk14AaABAg,🎉🎉,0,2025-07-05,@NdapeuaTshikoyeni,Prada Spring/Summer 2026 Menswear Show,prada luxury brand 2025 2026
SAjtxnyXu8U,Ugx4WvZpYefGdVNYLfp4AaABAg,Give the credit where its due Prada!,17,2025-06-28,@sgrko,Prada Spring/Summer 2026 Menswear Show,prada luxury brand 2025 2026
SAjtxnyXu8U,UgzZ-VTfRG4Mu4y9jyJ4AaABAg,Merke: Es darf nichts zusammenpassen. Ist es nicht wert weitere Worte darüber zu verlieren.,0,2025-10-20,@RainerZimmermann-m6x,Prada Spring/Summer 2026 Menswear Show,prada luxury brand 2025 2026
SAjtxnyXu8U,UgyJCq1OE2_xNXmVWH14AaABAg,This is interesting,1,2025-07-05,@Chorress25.Com45,Prada Spring/Summer 2026 Menswear Show,prada luxury brand 2025 2026
SAjtxnyXu8U,UgwUuJRHpnWF7dqXe0R4AaABAg,Prada 👌🏻,0,2025-07-05,@OoKk-q7u,Prada Spring/Summer 2026 Menswear Show,prada luxury brand 2025 2026
SAjtxnyXu8U,UgwRtCpgOjqYuVKpdVR4AaABAg,"This shoes are the best, do we have some in Namibia?❤",0,2025-07-05,@gideonshinexungi2536,Prada Spring/Summer 2026 Menswear Show,prada luxury brand 2025 2026
SAjtxnyXu8U,UgzQoJtx5liOgYRPGsh4AaABAg,Заберу тебя с собой персонаж в  кино,0,2025-07-18,@ВикторияГорбачева-ь6с,Prada Spring/Summer 2026 Menswear Show,prada luxury brand 2025 2026
SAjtxnyXu8U,Ugzr6rbexvzHyGNru7J4AaABAg,Nice from Prada,0,2025-08-28,@rickwills2139,Prada Spring/Summer 2026 Menswear Show,prada luxury brand 2025 2026
SAjtxnyXu8U,UgzcjUPx0ZMNdAL56i94AaABAg,"This is PRADA, detka!",0,2025-06-27,@michaelbayev888,Prada Spring/Summer 2026 Menswear Show,prada luxury brand 2025 2026
SAjtxnyXu8U,UgzojtcBMhj8vS9BLfZ4AaABAg,yes a raf trench but prada sensibility and colours play come on,0,2025-07-05,@biggbooty456,Prada Spring/Summer 2026 Menswear Show,prada luxury brand 2025 2026
SAjtxnyXu8U,UgwWsaCblJg2q5xc2HB4AaABAg,"#perfekt ! 
Regards from Germany, Robert, 
Photography Germany",0,2025-06-22,@FotografDusseldorfRobertFreund,Prada Spring/Summer 2026 Menswear Show,prada luxury brand 2025 2026
SAjtxnyXu8U,UgzKpZ8qPTK5AIyH3iN4AaABAg,"Tough! Thanks Miuccia, Thanks Father Raf!",0,2025-10-10,@atepaco,Prada Spring/Summer 2026 Menswear Show,prada luxury brand 2025 2026
SAjtxnyXu8U,UgxBY0VdnKqhBjkL8SZ4AaABAg,I can see a boycott prada trend coming from india....  :),2,2025-06-28,@ryzen44-dw6vp,Prada Spring/Summer 2026 Menswear Show,prada luxury brand 2025 2026
SAjtxnyXu8U,UgyspRa1u1Jg2kUwgJd4AaABAg,Very fun,0,2025-07-05,@Erasmus8305,Prada Spring/Summer 2026 Menswear Show,prada luxury brand 2025 2026
SAjtxnyXu8U,UgxJLv8duXOmcIFJTL54AaABAg,It's so nice,0,2025-07-05,@AlimouyaliDiallo,Prada Spring/Summer 2026 Menswear Show,prada luxury brand 2025 2026
SAjtxnyXu8U,UgwDfMhPNAuIlvvfjdN4AaABAg,Somebody watches the Hunger Games… 😂,0,2025-06-29,@jerboajoe8760,Prada Spring/Summer 2026 Menswear Show,prada luxury brand 2025 2026
SAjtxnyXu8U,UgxWuSxNGL-cV-3G8cx4AaABAg,"Some people are with diapers ,underpants and some are wearing Bird's nest on their heads which type of fucking fashion sense is that..😂😂",0,2025-07-16,@AdityaPawar-o6y,Prada Spring/Summer 2026 Menswear Show,prada luxury brand 2025 2026
SAjtxnyXu8U,UgxP0aQoVLPjA8ONzgh4AaABAg,❤,0,2025-07-05,@marialisaaaa,Prada Spring/Summer 2026 Menswear Show,prada luxury brand 2025 2026
SAjtxnyXu8U,UgzRmq5ijxzd9FopUe54AaABAg,"❤странно мне покозалось в моём восприятии-память советских времён😂😂😂почти так одевались,вроде с дачи, или на дачу😂😂😂что подвернеться под руку,наспех одеть неважно какое😂😂😂😂",0,2025-08-30,@ЗульфираЕгимбаева,Prada Spring/Summer 2026 Menswear Show,prada luxury brand 2025 2026
SAjtxnyXu8U,Ugy6eDysmUDEM-Faosd4AaABAg,Good,0,2025-08-19,@mareecelove,Prada Spring/Summer 2026 Menswear Show,prada luxury brand 2025 2026
SAjtxnyXu8U,Ugy9Ury0Bu8bqeEIVo94AaABAg,Wooow,0,2025-07-05,@MariaNamiPrefabricatedHous-r4t,Prada Spring/Summer 2026 Menswear Show,prada luxury brand 2025 2026
SAjtxnyXu8U,Ugy8vOqYiB73gIS8pnB4AaABAg,"Why the hell are they wearing baggy boxer, briefs, and lampshades from TJ Maxx on their head!!?",4,2025-06-26,@Zach-sg5uu,Prada Spring/Summer 2026 Menswear Show,prada luxury brand 2025 2026
SAjtxnyXu8U,Ugywsjqxm6-vXqrA1gZ4AaABAg,wow!!,0,2025-08-18,@EmilyJohnson-j4b,Prada Spring/Summer 2026 Menswear Show,prada luxury brand 2025 2026
SAjtxnyXu8U,Ugw5FIZwk-HceWFfotF4AaABAg,Love this,0,2025-08-28,@rickwills2139,Prada Spring/Summer 2026 Menswear Show,prada luxury brand 2025 2026
SAjtxnyXu8U,UgwBolorlp9HEHfPdvh4AaABAg,"Prada welcomes you to see
 originality style can't be imitated the fashion show was everything inspired worldwide AGT Knoxville Tennessee Finalist Frederick 👑 salute greatness",2,2025-07-23,@FrederickJohnson-i5l,Prada Spring/Summer 2026 Menswear Show,prada luxury brand 2025 2026
SAjtxnyXu8U,UgyVGgrrnUfO893Rf2V4AaABAg,Cool,0,2025-07-05,@BILALKEÏTA-k4o,Prada Spring/Summer 2026 Menswear Show,prada luxury brand 2025 2026
SAjtxnyXu8U,Ugw_wYYi4CubzQmYNMt4AaABAg,Kai the man you are,7,2025-06-22,@jerinanamika9100,Prada Spring/Summer 2026 Menswear Show,prada luxury brand 2025 2026
SAjtxnyXu8U,UgzdkNo_nufivvn_MLx4AaABAg,사나랑 카이 같은 차에서 내린거임?,1,2025-06-22,@tbghksaranghae1,Prada Spring/Summer 2026 Menswear Show,prada luxury brand 2025 2026
SAjtxnyXu8U,UgzO2GN5poFxd-gUuZ94AaABAg,👏🏻👏🏻👏🏻👏🏻👏🏻👏🏻👏🏻,0,2025-06-22,@Kailly2,Prada Spring/Summer 2026 Menswear Show,prada luxury brand 2025 2026
SAjtxnyXu8U,Ugz5kZeN3T7CdrZsR2l4AaABAg,i hate that non of the other runway shows have music like lv does it makes for a har watch,0,2025-07-22,@K.estates,Prada Spring/Summer 2026 Menswear Show,prada luxury brand 2025 2026
SAjtxnyXu8U,UgxpUHhUHFlrHNPJW814AaABAg,Só 🆒🎉,0,2025-06-30,@maryplasdo,Prada Spring/Summer 2026 Menswear Show,prada luxury brand 2025 2026
SAjtxnyXu8U,UgyjS9UafBSiIPnoj8F4AaABAg,KING KAI,10,2025-06-22,@nurtsabitagemantarib4915,Prada Spring/Summer 2026 Menswear Show,prada luxury brand 2025 2026
SAjtxnyXu8U,UgyXDhrArvfk819B1gJ4AaABAg,"this is the movie, The Menu, but clothes addition.",0,2025-06-28,@TravisDayton,Prada Spring/Summer 2026 Menswear Show,prada luxury brand 2025 2026
SAjtxnyXu8U,UgzsUrxuYdWuULiw_D14AaABAg,"1:15 & 4:36 
Its crazy how most Indians run behind 'western style' yet the West copies our concepts, traditions and handcrafts which then gets labeled as theirs with rebranding and sell to us in millions of bucks!! 🏷 I was already done with Scandinavian Scarfs now this?! We need to raise our voice these are OURS, its OUR Kolhapuri Chappal. Fashion is indeed adoptive in nature but, you can't discredit or disregard us!",6,2025-06-28,@WhoIsVidushi,Prada Spring/Summer 2026 Menswear Show,prada luxury brand 2025 2026
SAjtxnyXu8U,UgyxmLcsDztfZmO1fYB4AaABAg,"Great show, love the collection, love the red trench coat",0,2025-09-12,@FashionPassion-f2k,Prada Spring/Summer 2026 Menswear Show,prada luxury brand 2025 2026
SAjtxnyXu8U,Ugxhe6eTXBKldH7s1Wl4AaABAg,I will b back in a few years… bye for now,0,2026-04-25,@jordan93101,Prada Spring/Summer 2026 Menswear Show,prada luxury brand 2025 2026
SAjtxnyXu8U,Ugy8jyDmpuOHGfUWuzJ4AaABAg,Copied from Indian Kolhapuri street..,3,2025-06-27,@lifeassests8098,Prada Spring/Summer 2026 Menswear Show,prada luxury brand 2025 2026
SAjtxnyXu8U,UgzV0a0wFUb8V5CDhlR4AaABAg,DEPRESSING ME TO KNOW WHY PPL JUMP OFF BRIDGES. 😂 OMG 😮,0,2025-06-28,@darlamccoy810,Prada Spring/Summer 2026 Menswear Show,prada luxury brand 2025 2026
SAjtxnyXu8U,Ugx7NEFG_9pBJ2_vf814AaABAg,🇮🇳🇮🇳🇮🇳,0,2025-06-25,@PANKAJJHA-n6o,Prada Spring/Summer 2026 Menswear Show,prada luxury brand 2025 2026
SAjtxnyXu8U,Ugxh34AM3ef7PBgJbbV4AaABAg,Prada seems to die if it doesn't design ugly clothes,2,2025-06-23,@pinpinlu2463,Prada Spring/Summer 2026 Menswear Show,prada luxury brand 2025 2026
SAjtxnyXu8U,UgyJ69XZB-PyZik4Fqx4AaABAg,"This is weird & the Time Machine movies are starting to be proven, correct!!",2,2025-06-26,@Zach-sg5uu,Prada Spring/Summer 2026 Menswear Show,prada luxury brand 2025 2026
SAjtxnyXu8U,Ugyr71dxT2RXf3LIGQF4AaABAg,❤❤❤❤❤,1,2025-07-23,@Claudio.Luise.,Prada Spring/Summer 2026 Menswear Show,prada luxury brand 2025 2026
SAjtxnyXu8U,Ugw4XGlvuW8XDF1R2uV4AaABAg,Prada,0,2025-07-05,@mutilifanauyele1664,Prada Spring/Summer 2026 Menswear Show,prada luxury brand 2025 2026
SAjtxnyXu8U,UgxpPlHQRhUbUgJ3uY14AaABAg,I misses when people made fashion not headlamps,0,2025-06-30,@optimusamicus8824,Prada Spring/Summer 2026 Menswear Show,prada luxury brand 2025 2026
SAjtxnyXu8U,UgxGobMXfigsEPuEpi54AaABAg,👍,0,2025-07-05,@MASTERLO888,Prada Spring/Summer 2026 Menswear Show,prada luxury brand 2025 2026
SAjtxnyXu8U,Ugy1F3otkp9ZgF-jqDZ4AaABAg,__Inspire🔻,0,2025-06-22,@AnthonyBlunt_1111,Prada Spring/Summer 2026 Menswear Show,prada luxury brand 2025 2026
SAjtxnyXu8U,UgxqDgftwBsFhYPnC114AaABAg,1:15 Shoutout to Indian kolhapuri design slippers/ chappal before it became Scandinavian or link to somewhere else!!!!😂,84,2025-06-24,@nyx8.6,Prada Spring/Summer 2026 Menswear Show,prada luxury brand 2025 2026
SAjtxnyXu8U,UgwBObwJL-tAJ1LG53F4AaABAg,Yorum yarın,0,2025-07-15,@kadriyeusteloglu6863,Prada Spring/Summer 2026 Menswear Show,prada luxury brand 2025 2026
SAjtxnyXu8U,UgyTO2xvEh5sfE3eJhd4AaABAg,카이 너무 멋있어💛💛💛💛💛💛💛💛,7,2025-06-22,@니니광곰,Prada Spring/Summer 2026 Menswear Show,prada luxury brand 2025 2026
SAjtxnyXu8U,UgwAXWpeSCxtbIDMrLl4AaABAg,BWAHAHAHAHAHAHA!!!😂😅😂,0,2025-06-29,@stevencameron1562,Prada Spring/Summer 2026 Menswear Show,prada luxury brand 2025 2026
SAjtxnyXu8U,UgzJWUw4Jxc0YdIp4VB4AaABAg,The hat 😂😂😂 look like pot turn upside down,0,2025-07-02,@itsmeparkerpeng,Prada Spring/Summer 2026 Menswear Show,prada luxury brand 2025 2026
SAjtxnyXu8U,UgwafuUdoNIW4IZh_ep4AaABAg,"It seems like the collection is a juxtaposition of different leisure ideologies. Like the flower rugs contrasted against its nature, on concrete with light coming through square windows. Prada is very much about tailoring, and its politics, see Miucia Prada. If you look at the green military knit, it appears to be the expected military codes of Prada, but it’s finished with a tasseled hem. It’s a harsh line to contrast against military shoulders. And in the design lines contrast is where I find the cultural interpretation. The military shoulders feel calm but the tassels are what startles and reverses the roles of soft and hard in clothing culture.",0,2025-08-29,@ITS_HER_MèSS_Not_Mine,Prada Spring/Summer 2026 Menswear Show,prada luxury brand 2025 2026
SAjtxnyXu8U,UgxW4Rs8MsUAyBmPiAV4AaABAg,,0,2025-06-22,@altacostura00,Prada Spring/Summer 2026 Menswear Show,prada luxury brand 2025 2026
SAjtxnyXu8U,UgwVHJFb7yCpJFOyBCh4AaABAg,"Grate show.PRADA designer are very kindness.becouse some of students walked around university and college.only
Light clothing, such as a tracksuit.
not strange. After all, PRADA is in charge of both the design and the show.
Please make ""swim wear"".Please.(´｡•ω(•ω•｡`)",0,2025-06-22,@Eurasia195,Prada Spring/Summer 2026 Menswear Show,prada luxury brand 2025 2026
SAjtxnyXu8U,UgxRM72s8OIi9bvqerl4AaABAg,Really good. Thank you.,0,2025-09-03,@richardliner8683,Prada Spring/Summer 2026 Menswear Show,prada luxury brand 2025 2026
SAjtxnyXu8U,Ugwm1hnr3PSoz8MX1bV4AaABAg,I guess im not refined enough to understand high fashion,0,2025-06-28,@ddduelist,Prada Spring/Summer 2026 Menswear Show,prada luxury brand 2025 2026
SAjtxnyXu8U,UgxC3Qjyf93JChUZwr94AaABAg,"great colours combinations, really considered and vibrant unusual",5,2025-07-17,@slimnics,Prada Spring/Summer 2026 Menswear Show,prada luxury brand 2025 2026
SAjtxnyXu8U,Ugyxn9tj6nBgO-oQmOF4AaABAg,"Big companies, hollow hearts and empty minds. They should be sued for their blatant ignorance and insensitivity.",1,2025-07-02,@aguestonearth,Prada Spring/Summer 2026 Menswear Show,prada luxury brand 2025 2026
SAjtxnyXu8U,UgyvmOHAaCIMJxPyE-l4AaABAg,"An absolute dream a vision. This is the strongest and the most Pradasque for some time. The slightly off work wear tops, the slightly off track suits, the very off brown loafers all combine to compile in the very best way. So many extremely wearable pieces.",8,2025-06-24,@chakracan,Prada Spring/Summer 2026 Menswear Show,prada luxury brand 2025 2026
SAjtxnyXu8U,UgwXfcZWNrVvFSAaiYd4AaABAg,All A Bit Devo ....,1,2025-06-22,@u.r.7293,Prada Spring/Summer 2026 Menswear Show,prada luxury brand 2025 2026
SAjtxnyXu8U,Ugynnpj5DB04L8mMzRl4AaABAg,Thank you for inviting KAI to Milano Fashion Week SS 2026 for Prada Spring/Summer 2026 Menswear Collection,5,2025-06-22,@SalwaaAprillia,Prada Spring/Summer 2026 Menswear Show,prada luxury brand 2025 2026
SAjtxnyXu8U,UgxrWL_6AtbNE_vo0el4AaABAg,"So many men wearing underwear & a cone 😂😂😂😂
This is not fashion 😂😂😂😂",2,2025-06-26,@eoi1872,Prada Spring/Summer 2026 Menswear Show,prada luxury brand 2025 2026
SAjtxnyXu8U,UgziX0k3ILfkWGeUay54AaABAg,🇮🇹🇮🇹😅,0,2025-07-03,@CEO-p5e,Prada Spring/Summer 2026 Menswear Show,prada luxury brand 2025 2026
SAjtxnyXu8U,UgxWRe_MYNR3NJDo9LJ4AaABAg,Shameless,1,2025-06-29,@Bhargavram13,Prada Spring/Summer 2026 Menswear Show,prada luxury brand 2025 2026
SAjtxnyXu8U,Ugw_1QcSfbEcwKF6FgF4AaABAg,HERE FOR KAII,3,2025-06-22,@laraloeyy9489,Prada Spring/Summer 2026 Menswear Show,prada luxury brand 2025 2026
SAjtxnyXu8U,UgwqpcW8hRS3_GKgCPB4AaABAg,"Pointless, Franco used to say Fashion is dead! well it did!!!",0,2025-06-28,@drunk1998,Prada Spring/Summer 2026 Menswear Show,prada luxury brand 2025 2026
SAjtxnyXu8U,UgzSj4A-b2kxlD7Rv314AaABAg,Prada atleast give credit to the Kolhapuri artists before claiming the kolhapuri sandels in your fashion shows.,3,2025-06-28,@ananyamaitra9927,Prada Spring/Summer 2026 Menswear Show,prada luxury brand 2025 2026
SAjtxnyXu8U,Ugzm0rK5sPKu773mh_d4AaABAg,It might be the music but I am bored :/,0,2025-07-22,@alchemistheiress,Prada Spring/Summer 2026 Menswear Show,prada luxury brand 2025 2026
SAjtxnyXu8U,UgzpPGeOQKDNqqT1w3h4AaABAg,https://www.youtube.com/watch?v=sTsVJ1PsnMs&list=RDsTsVJ1PsnMs&start_radio=1   Righeira Vamos a la playa 1983,0,2025-06-22,@djzokibejbe,Prada Spring/Summer 2026 Menswear Show,prada luxury brand 2025 2026
SAjtxnyXu8U,UgxP08_r2jNFFAukyUh4AaABAg,Sana is so pretty! The Prada Princess,1,2025-06-22,@candypop1786,Prada Spring/Summer 2026 Menswear Show,prada luxury brand 2025 2026
SAjtxnyXu8U,Ugw6mdK-s4RUdnFS7Gh4AaABAg,#pradamustapologize,0,2025-06-29,@RAYNEXX_ZYPHEXX,Prada Spring/Summer 2026 Menswear Show,prada luxury brand 2025 2026
SAjtxnyXu8U,Ugxfxrg8a7zHXie2WmV4AaABAg,My invitation must have gotten lost in the mail. 😅,5,2025-06-22,@rxgueplanet,Prada Spring/Summer 2026 Menswear Show,prada luxury brand 2025 2026
SAjtxnyXu8U,UgwgElyZ57J1J1nX1Bx4AaABAg,Where was the Elvis?,0,2025-06-23,@DamianOHarris,Prada Spring/Summer 2026 Menswear Show,prada luxury brand 2025 2026
SAjtxnyXu8U,Ugygiq6mfzQS05xoLyF4AaABAg,"It’s hilarious how the West loves to copy Indian fashion — they ‘discover’ our dupattas and rebrand them as ‘Scandinavian scarves,’ sell our bindis as ‘festival gems,’ and pretend they invented it all. And now, brands like Prada jump in to do the same with our Kolhapuri chappals — slap on a designer label, hike the price, and not a word about the Indian artisans who’ve handcrafted these for generations. Keep at it, Prada — the real originality clearly lies in India, not on your runways. Try some originality next time. Have some shame .",5,2025-06-29,@zwdzg,Prada Spring/Summer 2026 Menswear Show,prada luxury brand 2025 2026
SAjtxnyXu8U,UgzxW2VZva2xxuNjZ1h4AaABAg,"This Prada Collection is definition to revolutionizing simplicity with settling opposition (i.e., coloration), while highlighting extreme adaptability for changing weather, comfortably. ❤
Christopher Cameron Collier",0,2025-06-22,@founder.ovacomllc,Prada Spring/Summer 2026 Menswear Show,prada luxury brand 2025 2026
SAjtxnyXu8U,UgxADJUEAdXSAnyDWIR4AaABAg,Prada's sense stands out.,0,2025-09-23,@nohsanghyun.,Prada Spring/Summer 2026 Menswear Show,prada luxury brand 2025 2026
SAjtxnyXu8U,UgyINX4PLJMv_SW9LiF4AaABAg,💛💛💛ZHU ZHI XIN💛💛💛,3,2025-06-22,@rouen8825,Prada Spring/Summer 2026 Menswear Show,prada luxury brand 2025 2026
SAjtxnyXu8U,Ugzhu0GtUkax2Rh95aZ4AaABAg,This is just a load of hot ass 😂 what on earth is happening in there,1,2025-06-27,@yakiyugi7890,Prada Spring/Summer 2026 Menswear Show,prada luxury brand 2025 2026
SAjtxnyXu8U,Ugwofi2PlC7wYdol-NR4AaABAg,You need to be exposed PRADA. You have stolen Indian Kolhapuri chappals from our traditional Kolhapuri craftsmen (doing it since last 700-800 years through generations) and didn't give credits to these craftsmen from the beautiful district of India. My father has been wearing these chappals (costing about $10 in today's value) since last 60 years at least. Now these chappals Prada will sell @ 1000 USD in the west. Ha...haa...,8,2025-06-26,@backtotheroots5509,Prada Spring/Summer 2026 Menswear Show,prada luxury brand 2025 2026
SAjtxnyXu8U,UgykZGeOxxv1a1jTNqt4AaABAg,They stole kolhapuri chappals and didnt even give credit to indian artisans!!! Make something of ur own!! चप्पल चोर.#pradamustapologise,4,2025-06-26,@KanishkaPatel-s3i,Prada Spring/Summer 2026 Menswear Show,prada luxury brand 2025 2026
SAjtxnyXu8U,Ugz3_J2LynQFk7oWfZp4AaABAg,"Prada copying Indian kohlapuri chappals and not giving any credit, just robbers",33,2025-06-24,@Tessa-x4n,Prada Spring/Summer 2026 Menswear Show,prada luxury brand 2025 2026
SAjtxnyXu8U,Ugz5pdbKDxMCX08vKSJ4AaABAg,What a bloody mess ..What has gone wrong  at Prada 😂😂😂😂😂😂😂😂😂😂,1,2026-01-20,@LaurenceSilverstone-c1m,Prada Spring/Summer 2026 Menswear Show,prada luxury brand 2025 2026
SAjtxnyXu8U,Ugy54eq05w6-HTAq1Wl4AaABAg,shock,0,2025-09-08,@rgavathia,Prada Spring/Summer 2026 Menswear Show,prada luxury brand 2025 2026
SAjtxnyXu8U,Ugymp7_PRVsO_T1wBHV4AaABAg,"It’s like matthieu’s bottega but skinny. Tad bit too tranquil, naturey, and travelsy for usual Prada",0,2025-06-23,@AR-cf9di,Prada Spring/Summer 2026 Menswear Show,prada luxury brand 2025 2026
SAjtxnyXu8U,UgxNe9iJT9Y_25L4X8V4AaABAg,Zhang Ji🧡🧡🧡,1,2025-06-22,@ÁiMyNguyễn-r8m,Prada Spring/Summer 2026 Menswear Show,prada luxury brand 2025 2026
SAjtxnyXu8U,UgwBqg14s8n7l0lwN5J4AaABAg,Sana,0,2025-06-22,@okokwo5161,Prada Spring/Summer 2026 Menswear Show,prada luxury brand 2025 2026
SAjtxnyXu8U,UgzeY09QMJbEMpMZZ-N4AaABAg,100% 동묘패션이군... 쉽다 패션...이젠,0,2025-06-24,@MickeyDC,Prada Spring/Summer 2026 Menswear Show,prada luxury brand 2025 2026
SAjtxnyXu8U,UgxpqaJJ9eO4IVA_TbZ4AaABAg,Like u guys naming everything which is indian traditional wear as urs what the hell  Where's the  culturally appropriation shame on prada stealing stuff in the name of fashion,3,2025-06-30,@akshatajain-l4t,Prada Spring/Summer 2026 Menswear Show,prada luxury brand 2025 2026
SAjtxnyXu8U,Ugy4pBwyViOurLvScrh4AaABAg,Yawn! 😴. The longest 10 minutes of my life.,1,2025-06-28,@RelmJoshMichaels,Prada Spring/Summer 2026 Menswear Show,prada luxury brand 2025 2026
SAjtxnyXu8U,UgzAyXy0OIwiyoD_Gm54AaABAg,"HOLA BENDICIONES ERES UN DON 👈 
SABEN QUE LOS DONES VIVIMOS ACTUALMENTE Y CRISTO REY 👑 VIVE CONVERTIOS Y CREER EN EL EVANGELIO 🫲 
SABEN QUE LOS DONES NO NECESITAMOS NI AVIÓN ✈️ NI BARCO NI DE LA INTELIGENCIA ARTIFICIAL PARA IR A CUALQUIER LUGAR DEL MUNDO Y PARA HABLAR CON CUALQUIER PERSONA DEL MUNDO 🌎 AH QUE TAL 👈 SALUDOS
🫱DON CATOLICO LAICO 🫲 ❤😊",0,2025-06-22,@gabrieldariobedoyalondono2494,Prada Spring/Summer 2026 Menswear Show,prada luxury brand 2025 2026
SAjtxnyXu8U,Ugxh8Fv3t7iRN-W2B194AaABAg,Robbers,0,2025-06-24,@Tessa-x4n,Prada Spring/Summer 2026 Menswear Show,prada luxury brand 2025 2026
SAjtxnyXu8U,UgzHLRbX8eAIzWvRICJ4AaABAg,KAI❤,5,2025-06-22,@mg-po4it,Prada Spring/Summer 2026 Menswear Show,prada luxury brand 2025 2026
SAjtxnyXu8U,Ugz_fDMSlKqKK1Y7wDx4AaABAg,"Theft. If you say cultural appreciation, give credit to the heritage.",3,2025-06-25,@jaswath9378,Prada Spring/Summer 2026 Menswear Show,prada luxury brand 2025 2026
SAjtxnyXu8U,UgwGRUOnh4M29WygZzx4AaABAg,copied indian kolhapuri chappal (sandal) and made your stamp on it  Shameless,2,2025-06-29,@sumitpatil8458,Prada Spring/Summer 2026 Menswear Show,prada luxury brand 2025 2026
SAjtxnyXu8U,Ugyxw1MaqLdk9HMqaIV4AaABAg,zhang zeyu💚💚💚,1,2025-06-22,@zhangzeyu0430,Prada Spring/Summer 2026 Menswear Show,prada luxury brand 2025 2026
SAjtxnyXu8U,Ugw8IBgN1OefIlb9iZJ4AaABAg,The flowers they copied from me,0,2025-06-22,@BizziMotherfuck,Prada Spring/Summer 2026 Menswear Show,prada luxury brand 2025 2026
SAjtxnyXu8U,UgxR-rvpcI7Uo6z3OoB4AaABAg,immediately should be change the head designer of Prada he’s from Belgium started few years ago as I know to anther designers from Italy only because he can’t know what means Italian designs & quality how must be,0,2025-07-01,@robe6476,Prada Spring/Summer 2026 Menswear Show,prada luxury brand 2025 2026
SAjtxnyXu8U,Ugza7ALSCqCoHsXmvX14AaABAg,Shamelessly copying Indian heritage now because you’ve run out of ideas in the name of growing fashion,4,2025-06-25,@yashirozra9611,Prada Spring/Summer 2026 Menswear Show,prada luxury brand 2025 2026
SAjtxnyXu8U,UgyJOji41u4zT1t0PBV4AaABAg,"This isn't your new trend. These are kolhapuri chappals made by Indian artisans since forever. Not a single mention, no credit, just shameless plagiarism once again. Have some decency, thieves!",21,2025-06-26,@Krishnamayi604,Prada Spring/Summer 2026 Menswear Show,prada luxury brand 2025 2026
SAjtxnyXu8U,UgzLMoWC3pLyUIJJBwp4AaABAg,is this a joke?,1,2025-06-24,@cristianlanfranchi,Prada Spring/Summer 2026 Menswear Show,prada luxury brand 2025 2026
SAjtxnyXu8U,Ugx3vsgF5qWKlmew8lF4AaABAg,bitte zaubern SIE :),0,2025-09-16,@lesjak1000,Prada Spring/Summer 2026 Menswear Show,prada luxury brand 2025 2026
SAjtxnyXu8U,Ugy_h_TiWW9rce8thsF4AaABAg,"U guys please like please what have you been upto india lutto charge u guys don't have anything of yourself like what else has it to be after lehenga not being lehenga..odhani aka dupatta as Scandinavian scarp what the nonsense 
U would have left the Kolhapuri chappal even this is ""lut""stolen things from Bharat yet not given any credit ..its not sandals its kolhapuri chappal. Have something original..took from India got the tag of yours and now its so called prada no chance what bs is this.",4,2025-06-26,@shravanikhatale7371,Prada Spring/Summer 2026 Menswear Show,prada luxury brand 2025 2026
SAjtxnyXu8U,Ugw7PsmPN_C-58Gbu8F4AaABAg,WTF!!,0,2025-06-24,@whatsup3820,Prada Spring/Summer 2026 Menswear Show,prada luxury brand 2025 2026
SAjtxnyXu8U,Ugwx2CdLWbqjTNKEkPh4AaABAg,"Prada is just a thief and stole Indian designs and claimed theirs by rebranding their logo on that design. Now they stole the design of kolhapuri chappals which belong to kolhapur, maharashtra, India.",3,2025-06-26,@VirajI-r5p,Prada Spring/Summer 2026 Menswear Show,prada luxury brand 2025 2026
SAjtxnyXu8U,Ugx3wuudii88X61j_8N4AaABAg,@krish mahadik  I request you and your father to please take the necessary action as our kolhapur artesian can get there credit. This is absurd srsly.,0,2025-06-28,@Nishi_3690,Prada Spring/Summer 2026 Menswear Show,prada luxury brand 2025 2026
SAjtxnyXu8U,UgwxNq8CKMYApFZ8SXN4AaABAg,Some of them re very experimentally unique but some of them re unreadable production.,0,2025-06-22,@worldwithouthaters,Prada Spring/Summer 2026 Menswear Show,prada luxury brand 2025 2026
SAjtxnyXu8U,Ugw5iN385gwlPYUKXGF4AaABAg,Хоть не одели на них юбки..и то хорошо.Ничего НОВОГО!,0,2026-01-13,@SunShine-cc7ci,Prada Spring/Summer 2026 Menswear Show,prada luxury brand 2025 2026
SAjtxnyXu8U,Ugy6CldThwsyfHi3Z1F4AaABAg,wtf,0,2025-06-25,@ido3211,Prada Spring/Summer 2026 Menswear Show,prada luxury brand 2025 2026
SAjtxnyXu8U,UgwrKZVrqEMhtUsxgh94AaABAg,"No man is wearing these clothes....Lol...I do like Prada, though",0,2026-04-20,@anonymousgirl799,Prada Spring/Summer 2026 Menswear Show,prada luxury brand 2025 2026
SAjtxnyXu8U,UgxT3jdKJUhGu5mtgqR4AaABAg,"Almost 7 kolhapuri chappal that showed in this,how shameless the top fashion show make it copy paste",0,2025-07-18,@RAJASHREE19,Prada Spring/Summer 2026 Menswear Show,prada luxury brand 2025 2026
SAjtxnyXu8U,UgwMnhu8jOPVuh8PkOl4AaABAg,PRADA is truly colorful and beautiful 👍,3,2025-07-12,@JoryMarcBebing,Prada Spring/Summer 2026 Menswear Show,prada luxury brand 2025 2026
SAjtxnyXu8U,UgySksePirt4rI7YIER4AaABAg,1:17  those footwears are indian it's called kholapuri chappals. Just like our dresses u guys are also coping our footwears now!! Make something of ur own !!,36,2025-06-25,@Tomie-chan007,Prada Spring/Summer 2026 Menswear Show,prada luxury brand 2025 2026
SAjtxnyXu8U,Ugz7I4weNULCQRPAgGJ4AaABAg,Masculinity is gone,0,2025-09-02,@SandraBenitezPatino-u1l,Prada Spring/Summer 2026 Menswear Show,prada luxury brand 2025 2026
SAjtxnyXu8U,UgwoY6ndxu7VyU2M-2V4AaABAg,The guy with blue t shirt is wearing kolhapuri sandals.... Looking good ...Thanks for bringing Indian craftsmanship on world stage.,17,2025-06-25,@nisha-z7r5w,Prada Spring/Summer 2026 Menswear Show,prada luxury brand 2025 2026
SAjtxnyXu8U,UgyXdS-sahBhvbFmXXZ4AaABAg,"people, people got paid real money to design this crap.",0,2025-06-28,@TravisDayton,Prada Spring/Summer 2026 Menswear Show,prada luxury brand 2025 2026
SAjtxnyXu8U,UgwZnbaV69Im-CK-iod4AaABAg,Bucket heads,0,2025-09-14,@colinaitken5090,Prada Spring/Summer 2026 Menswear Show,prada luxury brand 2025 2026
SAjtxnyXu8U,Ugz8HKfUl7yvvYb3WCh4AaABAg,Very Andy Warhol flooring. I saw Good.....Bad & Ugly.,0,2025-06-22,@kenscales4992,Prada Spring/Summer 2026 Menswear Show,prada luxury brand 2025 2026
SAjtxnyXu8U,UgzDaynXtSVa3rOkPx94AaABAg,"I mean it's awful, do they sell this shit to people?????",4,2025-06-22,@Luisito6119,Prada Spring/Summer 2026 Menswear Show,prada luxury brand 2025 2026
SAjtxnyXu8U,Ugx7vFwBe1GdwwcwEUN4AaABAg,Nothing new!,3,2025-06-23,@SilkeRiemenschneider,Prada Spring/Summer 2026 Menswear Show,prada luxury brand 2025 2026
SAjtxnyXu8U,UgzFPFOg7rcgYfIAjn94AaABAg,Dream invite unlocked! Massive thanks @Prada for SS26. Zhu Zhi Xin is set to slay the stage! 🔥 #PradaSS26 #ZhuZhiXinxPradaSS26,1,2025-06-25,@cow-2e,Prada Spring/Summer 2026 Menswear Show,prada luxury brand 2025 2026
SAjtxnyXu8U,UgzoIl3cuSAGopU9tCh4AaABAg,prada stealing india's kolhapuri chappals....ofcourse what is west of not a thief,2,2025-06-25,@prestigeousbad23vf,Prada Spring/Summer 2026 Menswear Show,prada luxury brand 2025 2026
SAjtxnyXu8U,UgxhNapISF6yGe5iwQ94AaABAg,😊❤️🔥 #KAIxPrada #KAIxPradaSS26 #PradaSS26 #MilanFashionWeek #KAI #카이 #Jongin @prada @zkdlin 🐻🙏🏽💛,1,2025-06-22,@ilovekimjonginakakai2687,Prada Spring/Summer 2026 Menswear Show,prada luxury brand 2025 2026
SAjtxnyXu8U,Ugyw07KNLa6NXyTVD514AaABAg,whatever...🤷‍♂some of it is ok. I imagine variances of these pieces will sell in stores. Miuccia seems like she's about to retire any moment now lol,0,2025-06-24,@Pilkingmangleton,Prada Spring/Summer 2026 Menswear Show,prada luxury brand 2025 2026
SAjtxnyXu8U,UgywI1-OEqjNGm9pATZ4AaABAg,도대체 저런 모자는 누가 쓰고 다니긴 해?,1,2025-06-22,@테스트유튜브배우-x5c,Prada Spring/Summer 2026 Menswear Show,prada luxury brand 2025 2026
SAjtxnyXu8U,UgzeB_31y7eONylGzOh4AaABAg,❤,1,2025-07-12,@kanishafladger316,Prada Spring/Summer 2026 Menswear Show,prada luxury brand 2025 2026
SAjtxnyXu8U,UgwswNVUdERY7TEvDq94AaABAg,🇮🇳🇮🇳🇮🇳🇮🇳,1,2025-06-25,@PANKAJJHA-n6o,Prada Spring/Summer 2026 Menswear Show,prada luxury brand 2025 2026
SAjtxnyXu8U,UgykqlMcBp_phW9P8BR4AaABAg,Absolutely amazing,0,2025-10-31,@PeterKadiko,Prada Spring/Summer 2026 Menswear Show,prada luxury brand 2025 2026
SAjtxnyXu8U,UgyAyN6Z_mrpCAEY7PJ4AaABAg,KING Zhuzhixin💛,0,2025-06-22,@爱-f1g8w,Prada Spring/Summer 2026 Menswear Show,prada luxury brand 2025 2026
SAjtxnyXu8U,UgzL3FRsLTV8Oov9lWZ4AaABAg,💛💛💛22X💛💛💛,3,2025-06-22,@rouen8825,Prada Spring/Summer 2026 Menswear Show,prada luxury brand 2025 2026
SAjtxnyXu8U,UgwJlL68hgznMkIIWJN4AaABAg,💛💛💛ZHU ZHI XIN💛💛💛,3,2025-06-22,@wanyu6372,Prada Spring/Summer 2026 Menswear Show,prada luxury brand 2025 2026
SAjtxnyXu8U,Ugw9cVBDcFxwQumF1IR4AaABAg,KING Zhuzhixin💛,0,2025-06-22,@爱-f1g8w,Prada Spring/Summer 2026 Menswear Show,prada luxury brand 2025 2026
J1GCDcbYIRI,UgxbyvrKFiJzZA-0_yJ4AaABAg,...that new guy in accounting sure is weird.  BUT HE DRESSES REALLY WELL!!! so many wonderful coats & jackets to choose from.  (apparently we'll all be on OZEMPIC  this fall),45,2026-01-18,@robertladdieanderson6085,Prada Fall/Winter 2026 Menswear Show,prada luxury brand 2025 2026
J1GCDcbYIRI,Ugx8qWC5bs9PzSc7WaJ4AaABAg,Stunning show with a wonderful underscore by VIRGIN PRUNES ❤❤❤❤,26,2026-01-18,@msdeyed4800,Prada Fall/Winter 2026 Menswear Show,prada luxury brand 2025 2026
J1GCDcbYIRI,UgynK_7zJl-vKYUV3NN4AaABAg,non mi aspettavo i VIRGIN PRUNES ....adoro,20,2026-01-19,@agatinoraciti5710,Prada Fall/Winter 2026 Menswear Show,prada luxury brand 2025 2026
J1GCDcbYIRI,UgxLyblcl4e3lN5b65d4AaABAg,God bless Raf and his impeccable music taste,56,2026-01-20,@giuliapiceni4226,Prada Fall/Winter 2026 Menswear Show,prada luxury brand 2025 2026
J1GCDcbYIRI,UgyqLtaDYylzwNNXcbZ4AaABAg,변우석 내놓으세요~프라다😢 우리 오빠 등장씬 어디 갔나요?😭😭😭,10,2026-01-18,@앨리스choi,Prada Fall/Winter 2026 Menswear Show,prada luxury brand 2025 2026
J1GCDcbYIRI,UgwjzxSThkf7EnBQTz54AaABAg,"변우석님 덕분에 프라다쇼 멋진 의상들도 보고 좋다❤
핑크우석 오늘 멋졌어요😍😍😍😍 #변우석 #ByeonWooSeok #Prada 
#PradaFW26 #PradaFW26xBWS
#BYEONWOOSEOKxPRADA #MFW26 @Prada",22,2026-01-18,@dodo-c7x3q,Prada Fall/Winter 2026 Menswear Show,prada luxury brand 2025 2026
J1GCDcbYIRI,UgyfzeCKaYd3iLP4ugB4AaABAg,"핑크우석😍💙💙
#PRADAFW26 #ByeonWooSeok
#변우석",24,2026-01-18,@지은-p9b,Prada Fall/Winter 2026 Menswear Show,prada luxury brand 2025 2026
J1GCDcbYIRI,UgxVPUv9Mx8mRst5uYR4AaABAg,#변우석 #byeonwooseok  #PradaFW26 #pradafw26×byeonwooseok,25,2026-01-18,@No-s3q,Prada Fall/Winter 2026 Menswear Show,prada luxury brand 2025 2026
J1GCDcbYIRI,UgxGOmkJtSuK4yzXFax4AaABAg,#byeonwooseok 최고#prada,19,2026-01-18,@TotoJung-b3j,Prada Fall/Winter 2026 Menswear Show,prada luxury brand 2025 2026
J1GCDcbYIRI,UgxaYDs-06yRK5aqYF54AaABAg,"프라다  핑크보이  넘예뽀❤
#변우석 #ByeonWooSeok #Prada #BYEONWOOSEOKxPRADA #PRADAFW26 #MFW26",13,2026-01-18,@BWS_TTE_ej,Prada Fall/Winter 2026 Menswear Show,prada luxury brand 2025 2026
J1GCDcbYIRI,UgwMnBksteveJjjOs254AaABAg,"Definitely different, exotic music; its real cool, its a different style of clothing for the youthful male. I really like the models expressing their style they chose to model.",4,2026-01-29,@SandraDonaghy-s5m,Prada Fall/Winter 2026 Menswear Show,prada luxury brand 2025 2026
J1GCDcbYIRI,UgwJv4Xhk2FqVNm5m2J4AaABAg,"아름다운 프라다 쇼❤
사랑스런 핑크보이 변우석 💗",3,2026-01-20,@ujulike-1,Prada Fall/Winter 2026 Menswear Show,prada luxury brand 2025 2026
J1GCDcbYIRI,UgyCaWxQW16HybUkZxl4AaABAg,변우석❤프라다보이 #PradaFW26 #Prada @Prada #PradaFW26XByeonWooSeok #ByeonWooSeok #변우석,13,2026-01-18,@해피bws1031,Prada Fall/Winter 2026 Menswear Show,prada luxury brand 2025 2026
J1GCDcbYIRI,Ugy5SfLpfXUNYR9hT_N4AaABAg,"Virgin Prunes still sounding amazing, what a a great call for this show",31,2026-01-19,@Deedees-s9d,Prada Fall/Winter 2026 Menswear Show,prada luxury brand 2025 2026
J1GCDcbYIRI,Ugwn4SmZGPKf9jXIlY94AaABAg,"핑크라니!!!! 🩷🩷🩷🩷🩷🫰👍😍#변우석 #ByeonWooSeok #Prada 
#PradaFW26 #PradaFW26xBWS
#BYEONWOOSEOKxPRADA #MFW26",11,2026-01-18,@DALTONG-h3y,Prada Fall/Winter 2026 Menswear Show,prada luxury brand 2025 2026
J1GCDcbYIRI,Ugx-DgkIj0PHtXngPeB4AaABAg,"Regardless of whether it's good or bad, it's a collection with a lightness to it—for a moment, I thought it was a spring/summer collection rather than fall/winter.",9,2026-01-18,@inwntn,Prada Fall/Winter 2026 Menswear Show,prada luxury brand 2025 2026
J1GCDcbYIRI,UgyTL_fqJzX5uQ44pOp4AaABAg,The first time I've been impressed by Raf at Prada.,13,2026-01-20,@lonely71,Prada Fall/Winter 2026 Menswear Show,prada luxury brand 2025 2026
J1GCDcbYIRI,UgxZIJtke19jXNvdaT14AaABAg,love the capelets and camisoles,3,2026-01-18,@marvinraphaelmonfort8289,Prada Fall/Winter 2026 Menswear Show,prada luxury brand 2025 2026
J1GCDcbYIRI,UgxVsCVw05xp62mj3dN4AaABAg,"J'adore. Et le choix musical, Virgin Prunes et TC Matic, le gros gros délire et kif ❤️❤️❤️❤️❤️❤️",0,2026-05-02,@SandrineEYERMANN,Prada Fall/Winter 2026 Menswear Show,prada luxury brand 2025 2026
J1GCDcbYIRI,UgzgX7vFhzI9tk2cmSh4AaABAg,Ormai chiunque attinge dal serbatoio infinito della New Wave,1,2026-01-28,@cescorosa61,Prada Fall/Winter 2026 Menswear Show,prada luxury brand 2025 2026
J1GCDcbYIRI,UgyHDKqMA6hyP3MaMlp4AaABAg,21:42 Was waiting for Greghsu😍💚✨,2,2026-01-18,@aestheticgurl4580,Prada Fall/Winter 2026 Menswear Show,prada luxury brand 2025 2026
J1GCDcbYIRI,Ugw7U8-xMY3Ox61nR-h4AaABAg,"핑크 잘 어울리는 변우석 배우와 예쁜 옷이 너무 많은 프라다🩷🖤 #PradaFW26 
#PRADAFW26XByeonWooSeok
#변우석 #ByeonWooSeok #PRADA",6,2026-01-18,@byeonwooseok1031,Prada Fall/Winter 2026 Menswear Show,prada luxury brand 2025 2026
J1GCDcbYIRI,UgygGm11_8EO6vX4ixF4AaABAg,변우석🩷🩷🩷 #변우석 #BYEONWOOSEOK #PRADAfw26 #BYEONWOOSEOKxPRADAfw26,25,2026-01-18,@Zzzrang,Prada Fall/Winter 2026 Menswear Show,prada luxury brand 2025 2026
J1GCDcbYIRI,UgyRk96A9wLu3Q-Jhtd4AaABAg,Hedi slimane for YSL rive gauche and early Dior Homme vibes.,2,2026-01-19,@shockalockabocka,Prada Fall/Winter 2026 Menswear Show,prada luxury brand 2025 2026
J1GCDcbYIRI,UgytxjQ6eGCRNcWrDM94AaABAg,"Byeon wooseok brings the Spring to live.❤
#prada
#byeonwooseok 
#변우석",5,2026-01-18,@fishwho9471,Prada Fall/Winter 2026 Menswear Show,prada luxury brand 2025 2026
J1GCDcbYIRI,Ugzk0EuLipHuYoAPb_R4AaABAg,Molto bene e excellence moda di PRADA,2,2026-01-21,@GerlindeKunze-y8t,Prada Fall/Winter 2026 Menswear Show,prada luxury brand 2025 2026
J1GCDcbYIRI,Ugz93Iq_44PNfC9maAx4AaABAg,I like the 1/4th raincoat that is cool and that triangle dangly thing on the cuff,1,2026-01-20,@Zincink,Prada Fall/Winter 2026 Menswear Show,prada luxury brand 2025 2026
J1GCDcbYIRI,Ugx_aMY8LR07BWmw_7R4AaABAg,프라다 이번 쇼 의상 모자 다 이뻐요 #byeonwooseok #MFW26 #PRADA #pradafw26xbyeonwooseok,2,2026-01-20,@seung-y4c,Prada Fall/Winter 2026 Menswear Show,prada luxury brand 2025 2026
J1GCDcbYIRI,Ugw95_2lcgxHzvouQ3t4AaABAg,변우석 좋아하는데 팬들 단체로 댓글 진짜 민폐네;;; 복붙인가 뭐하는거임,4,2026-01-19,@BLACKPINK-REDVELVET_BTS,Prada Fall/Winter 2026 Menswear Show,prada luxury brand 2025 2026
J1GCDcbYIRI,UgwuA5-OgYhAeviB8dp4AaABAg,Such a cool new interpretation of sharp tailoring mixed with oversized cuts styling still in a prada way but still lots of raf noticable,1,2026-01-26,@Ajsiofjaoif,Prada Fall/Winter 2026 Menswear Show,prada luxury brand 2025 2026
J1GCDcbYIRI,UgylELaxLCTKyfdbeQR4AaABAg,The best show soundtrack ever!!!,1,2026-01-22,@피라-e1s,Prada Fall/Winter 2026 Menswear Show,prada luxury brand 2025 2026
J1GCDcbYIRI,UgzMHBEwpMk5ocxJpO94AaABAg,Les chasuble cardinal en nylon...drole et elegant; dior a du soucis a se faire; ici ont travaille dur.,1,2026-01-22,@lioneljourno1614,Prada Fall/Winter 2026 Menswear Show,prada luxury brand 2025 2026
J1GCDcbYIRI,UgyILxcZAPJEFV3ORq14AaABAg,I'm sorry but the music😭😂,2,2026-01-22,@dukeromero444,Prada Fall/Winter 2026 Menswear Show,prada luxury brand 2025 2026
J1GCDcbYIRI,Ugy-FE4OI6_klCV3Pex4AaABAg,#PradaFW26 #MiucciaPrada #RafSimons #ByeonWooseok #변우석,13,2026-01-18,@꼼꼼-l9k,Prada Fall/Winter 2026 Menswear Show,prada luxury brand 2025 2026
J1GCDcbYIRI,Ugz2Ir8rpKpaAfjTiep4AaABAg,#변우석 #byeonwooseok #ビョンウソク #บยอนอูซอก#prada #프라다뷰티 #프라다 #pradafw26 변우석 사랑해요❤❤❤울 오빠 등장씬 사라짐😭😭😭,40,2026-01-18,@앨리스choi,Prada Fall/Winter 2026 Menswear Show,prada luxury brand 2025 2026
J1GCDcbYIRI,UgyjdWYlQ30ACjpi_tF4AaABAg,👏🏼,5,2026-01-20,@VirginPrunes,Prada Fall/Winter 2026 Menswear Show,prada luxury brand 2025 2026
J1GCDcbYIRI,UgwGrbO75oJKoqG0OrZ4AaABAg,과하지 않은 디테일과 실루엣을 보여주는 느낌이 매력있었어요. 변우석 앰배서더의 지속적인 멋진 활동도 기대합니다. 멋진 쇼 잘 봤습니다❤,2,2026-01-19,@현미-j1l,Prada Fall/Winter 2026 Menswear Show,prada luxury brand 2025 2026
J1GCDcbYIRI,Ugz9MwU1USUyB78NuVZ4AaABAg,I liked the ankle length pants they used to have,1,2026-01-20,@BIGDADDYSID,Prada Fall/Winter 2026 Menswear Show,prada luxury brand 2025 2026
J1GCDcbYIRI,UgzIFyve6hVRbDYw2zt4AaABAg,"21:42 #シューグァンハン
#許光漢 #kuanghanhsu #greghan #許光汉 #HsuKuanghan #쉬광한

Sooo handsome💞",2,2026-01-18,@miu_in_Tokyo_Japan,Prada Fall/Winter 2026 Menswear Show,prada luxury brand 2025 2026
J1GCDcbYIRI,UgwL_OqwiR_RsxufDE14AaABAg,GUAPISSIMO RAÚL ALEJANDRO❤️‍🔥❤️‍🔥❤️‍🔥,1,2026-01-18,@GrazianaLombardi,Prada Fall/Winter 2026 Menswear Show,prada luxury brand 2025 2026
J1GCDcbYIRI,UgwqBRxZJjNvgL5oqrJ4AaABAg,"프라다 핑크 변우석💖💖💖
#PRADAfw26#Byeonwooseok
#PRADAXBWS",8,2026-01-18,@K보라-z4j,Prada Fall/Winter 2026 Menswear Show,prada luxury brand 2025 2026
J1GCDcbYIRI,UgznYubG0f-VTv335al4AaABAg,진짜 환상적인핏,0,2026-01-19,@t.out.pure-p7m,Prada Fall/Winter 2026 Menswear Show,prada luxury brand 2025 2026
J1GCDcbYIRI,UgyNMWpnuPrgszi_EH94AaABAg,"0:24 #byeonwooseok extreme right corner... 💕💕👀👀
#Byeonwooseok #변우석 
#PRADAFW26XBWS#PRADAFW26XByeonWooSeok #PradaFW26
#MiucciaPrada
#RafSimons",32,2026-01-18,@k_ir-t3t,Prada Fall/Winter 2026 Menswear Show,prada luxury brand 2025 2026
J1GCDcbYIRI,Ugx-vxeYalgz4hzw_mR4AaABAg,"this is insane. I’ve been waiting for this moment, Byeon Woo Seok 😭💖 #ByeonWooSeok #Prada #BYEONWOOSEOKxPRADA #MFW26 #PradaFW26",16,2026-01-18,@ksgfim,Prada Fall/Winter 2026 Menswear Show,prada luxury brand 2025 2026
J1GCDcbYIRI,Ugw_l5OYE5ZFbv_pNDh4AaABAg,This is essentially a Raf show. And I love it 🤭😮‍💨.,2,2026-01-19,@ryaninaugust,Prada Fall/Winter 2026 Menswear Show,prada luxury brand 2025 2026
J1GCDcbYIRI,UgxJtmrqdqW3N4Cyukd4AaABAg,Oh god it's Hazama fits,1,2026-01-21,@shatterIguess838,Prada Fall/Winter 2026 Menswear Show,prada luxury brand 2025 2026
J1GCDcbYIRI,UgyG-BUM9LTJC6KpiGN4AaABAg,I wasn’t expecting Virgin Prunes but I love it !!!!,1,2026-01-24,@irislacoste6262,Prada Fall/Winter 2026 Menswear Show,prada luxury brand 2025 2026
J1GCDcbYIRI,Ugwt3kHff-dH4LVs6454AaABAg,Похоже на режим максимальной экономии на всем.,3,2026-01-18,@Tech-nyy,Prada Fall/Winter 2026 Menswear Show,prada luxury brand 2025 2026
J1GCDcbYIRI,Ugxfm5nIiHB6nC8Ydh14AaABAg,Karina gawon sangat cantik..,0,2026-01-18,@YuliYanti-l4y,Prada Fall/Winter 2026 Menswear Show,prada luxury brand 2025 2026
J1GCDcbYIRI,UgxpMDjEGF44gW2CbUV4AaABAg,"Prada,  Buenísimo.",1,2026-01-23,@LouisPoy,Prada Fall/Winter 2026 Menswear Show,prada luxury brand 2025 2026
J1GCDcbYIRI,UgwFmCqNA7mgHSP7d654AaABAg,"В моду вошли фигуры, похожие на вещи, висящие на вешалках для одежды.",3,2026-01-24,@МаринаДзарасова-09,Prada Fall/Winter 2026 Menswear Show,prada luxury brand 2025 2026
J1GCDcbYIRI,UgxeFmc2QPVkq2xEENt4AaABAg,"진짜 변우석 덕분에 난생처음 패션쇼도 다 보고. 프라다 변우석 멋있어.   
#변우석 #ByeonWooSeok #Prada 
#PradaFW26 #PradaFW26xBWS
#BYEONWOOSEOKxPRADA #MFW26 @Prada",0,2026-01-21,@Lee-yeon33,Prada Fall/Winter 2026 Menswear Show,prada luxury brand 2025 2026
J1GCDcbYIRI,UgwvGfJYzWbp0dF8Cwp4AaABAg,"I can't wait for the collection to hit the stores later this year. All I know is that next winter, we are going to look fly in Prada. ❤",7,2026-01-18,@mmmam6628,Prada Fall/Winter 2026 Menswear Show,prada luxury brand 2025 2026
J1GCDcbYIRI,UgwnrXBGHRul9NFOHeV4AaABAg,"핑크변우석❤️❤️
#PRADAFW26XByeonWooSeok
#PRADAFW26XBWS #PRADAFW26 #PRADA
#ByeonWooSeok #변우석",8,2026-01-18,@윤진-l4s,Prada Fall/Winter 2026 Menswear Show,prada luxury brand 2025 2026
J1GCDcbYIRI,Ugy7favU8ssmuHwSIoR4AaABAg,🙌🏼🔥,1,2026-01-24,@SimplySlickYT,Prada Fall/Winter 2026 Menswear Show,prada luxury brand 2025 2026
J1GCDcbYIRI,UgwkOXFSITmNAvZzKIR4AaABAg,Virgin Prunes!! Great soundtrack!,1,2026-01-20,@Monochrome32,Prada Fall/Winter 2026 Menswear Show,prada luxury brand 2025 2026
J1GCDcbYIRI,UgxxO2Rydoa343R7w4B4AaABAg,"핑크왕자님 변우석 ❤❤  #변우석  #prada
#ByeonWooSeok Prada #BYEONWOOSEOKXPRADA #PRADAFW26 #MFW26",2,2026-01-19,@정소영-c5r,Prada Fall/Winter 2026 Menswear Show,prada luxury brand 2025 2026
J1GCDcbYIRI,UgxuuY3Of_tHDyd8J6J4AaABAg,There's one thing I have Prada a good coat,1,2026-01-26,@rebeccaosborn1473,Prada Fall/Winter 2026 Menswear Show,prada luxury brand 2025 2026
J1GCDcbYIRI,Ugxm0XwWSs6rd5diwOh4AaABAg,VIRGIN PRUNES— RAF knows his audience.,6,2026-01-18,@theemosqueda,Prada Fall/Winter 2026 Menswear Show,prada luxury brand 2025 2026
J1GCDcbYIRI,Ugx6X2D0ekufNIxKNdx4AaABAg,"Beeindruckend, wie ungeheuer wichtig das fuer die Entwicklung der Menschheit und der Menschlichkeit ist.",0,2026-01-27,@sylviamallasch3947,Prada Fall/Winter 2026 Menswear Show,prada luxury brand 2025 2026
J1GCDcbYIRI,UgwI755E-cx6ZnvBg7l4AaABAg,But I like the soundtrack !,2,2026-01-28,@mundimundi7,Prada Fall/Winter 2026 Menswear Show,prada luxury brand 2025 2026
J1GCDcbYIRI,Ugzcw0Qr2yTy7XPlsdh4AaABAg,I love the color palette.,5,2026-01-19,@tightenedbow,Prada Fall/Winter 2026 Menswear Show,prada luxury brand 2025 2026
J1GCDcbYIRI,UgzX5E0eMh1XloXQed54AaABAg,Muy buenas siluetas de principio a fin; todo es ponible de buen trazo. 👏👏👏,2,2026-01-18,@chewysmith6448,Prada Fall/Winter 2026 Menswear Show,prada luxury brand 2025 2026
J1GCDcbYIRI,UgwCLUOMWU2KggEGzIp4AaABAg,"Bravo ,bravo",2,2026-01-18,@shelar.l6248,Prada Fall/Winter 2026 Menswear Show,prada luxury brand 2025 2026
J1GCDcbYIRI,UgwvRC0ehG9wSxEGUDt4AaABAg,핑크 착장 변우석  최고🩷🩷🩷 #PRADAFW26XByeonWooSeok  #PRADAFW26XBWS #PRADAFW26 #PRADA #ByeonWooSeok  #변우석,30,2026-01-18,@Honeydew1031,Prada Fall/Winter 2026 Menswear Show,prada luxury brand 2025 2026
J1GCDcbYIRI,Ugx9rWTwAdoX7QNXcXJ4AaABAg,That's an unusual collection.  I must be getting old as these models look like teenage boys just before they start to bulk in muscle and put on a bit of weight.,3,2026-01-24,@meplife7313,Prada Fall/Winter 2026 Menswear Show,prada luxury brand 2025 2026
J1GCDcbYIRI,UgyD6gezMfARiFacQ4N4AaABAg,한국을 빛낸 변우석 배우님❤❤❤ #ByeonWooSeok#PradaFW2026#PRADAFW26XBWS,27,2026-01-18,@Bake_weham,Prada Fall/Winter 2026 Menswear Show,prada luxury brand 2025 2026
J1GCDcbYIRI,UgxyUUQoHrfzdDWBEIV4AaABAg,Virgin Prunes!!!!!❤❤❤❤,3,2026-01-21,@silvia_mm6,Prada Fall/Winter 2026 Menswear Show,prada luxury brand 2025 2026
J1GCDcbYIRI,UgzzjnWRDyXi0ZyPDVp4AaABAg,If your money ia a concept than its perfect match with Prada,1,2026-01-18,@LucasArthur-ms2wd,Prada Fall/Winter 2026 Menswear Show,prada luxury brand 2025 2026
J1GCDcbYIRI,UgxBJX8yC1vzlzCy5ZF4AaABAg,音樂好聽,0,2026-03-16,@a3124183,Prada Fall/Winter 2026 Menswear Show,prada luxury brand 2025 2026
J1GCDcbYIRI,Ugw4Dqf7DaG6Ifer0Vl4AaABAg,the movement on the gray coat actually changed my life...... wow....,2,2026-01-22,@chloefourte3413,Prada Fall/Winter 2026 Menswear Show,prada luxury brand 2025 2026
J1GCDcbYIRI,UgwWWRs-LjvSXKplhbB4AaABAg,I love the narrow silhouettes 😍!! I hope the ladies AW26collection will be similar 🙏.,1,2026-01-18,@cl5643,Prada Fall/Winter 2026 Menswear Show,prada luxury brand 2025 2026
J1GCDcbYIRI,Ugz8oRKQ-lkBj9G7HTJ4AaABAg,"핑크변우석 멋져요🩷🩷 #변우석 #ByeonWooSeok #Prada #BYEONWOOSEOKxPRADA #PRADAFW26 #MFW26
@ByeonWooSeok @Prada",6,2026-01-18,@jkjkwoo,Prada Fall/Winter 2026 Menswear Show,prada luxury brand 2025 2026
J1GCDcbYIRI,Ugwfiy77FSIZ-Kq9n-94AaABAg,"프라다의 남자 변우석 
#변우석 #ByeonWooSeok #Prada 
#PradaFW26 #PradaFW26xBWS
#BYEONWOOSEOKxPRADA #MFW26",4,2026-01-19,@user-cs7xq8ty9h,Prada Fall/Winter 2026 Menswear Show,prada luxury brand 2025 2026
J1GCDcbYIRI,UgxAasvTX4q5rr_SKQB4AaABAg,Karina cantik,0,2026-01-18,@YuliYanti-l4y,Prada Fall/Winter 2026 Menswear Show,prada luxury brand 2025 2026
J1GCDcbYIRI,Ugxq08JJST4l9AEdv_R4AaABAg,변우석이고 나발이고 지리네 이번런웨이,0,2026-01-18,@ficnon7633,Prada Fall/Winter 2026 Menswear Show,prada luxury brand 2025 2026
J1GCDcbYIRI,UgymE_6_HAC0J9HcO8x4AaABAg,Raf Simons everywhere .,4,2026-01-18,@rgavathia,Prada Fall/Winter 2026 Menswear Show,prada luxury brand 2025 2026
J1GCDcbYIRI,Ugw8EWK9bWBGH5aC6Ep4AaABAg,does anyone know the name of these songs?,2,2026-01-18,@lucasfromthevalley,Prada Fall/Winter 2026 Menswear Show,prada luxury brand 2025 2026
J1GCDcbYIRI,UgwspZ9_3mRxgBcJ2H14AaABAg,"We miss the manly man of the 70s, so over these boys whom look like girls",3,2026-01-22,@user-c5m3k,Prada Fall/Winter 2026 Menswear Show,prada luxury brand 2025 2026
J1GCDcbYIRI,Ugwnp6t_dK9APPErJpt4AaABAg,This is so amazing,0,2026-05-04,@salammalieny,Prada Fall/Winter 2026 Menswear Show,prada luxury brand 2025 2026
J1GCDcbYIRI,UgxBHJBklp3mNQ1RUSF4AaABAg,"핑크착장 최고로 예쁨🩷
#변우석 #ByeonWooSeok
#BYEONWOOSEOK×PRADA
PRADAFW26×BWS
@PRADA @ByeonWooSeok",30,2026-01-18,@kyung-x6c,Prada Fall/Winter 2026 Menswear Show,prada luxury brand 2025 2026
J1GCDcbYIRI,UgxEOpBi9EmEdqCYi594AaABAg,Beautiful show 💗💗 especially enjoyed seeing Byeon Woo Seok in Prada pink 💗💗 #ByeonWooSeok #PradaFW26XByeonWooSeok,8,2026-01-18,@Ek1031-c6y,Prada Fall/Winter 2026 Menswear Show,prada luxury brand 2025 2026
J1GCDcbYIRI,UgxFMjh3n671VcjowFx4AaABAg,"待ちわびていた2026-27aw。
今回は、ミウッチャプラダのシャープなラインに加え、ラフシモンズのテイストが強く出ているコレクションでした。特にケープのシリーズやパンツ(裾を弛ませて履くところなど)。素晴らしいコレクションでした。
確実に、次の秋冬のベストバイの候補入りですね❗️",0,2026-01-18,@畑久美子-w2m,Prada Fall/Winter 2026 Menswear Show,prada luxury brand 2025 2026
J1GCDcbYIRI,UgxSOBfUi0nP6pnfZwF4AaABAg,18:38 #카리나  인형이네,0,2026-01-18,@clemenstark,Prada Fall/Winter 2026 Menswear Show,prada luxury brand 2025 2026
J1GCDcbYIRI,UgwsB_0joBlJK_htAM54AaABAg,GOAT 💗 #변우석 #ByeonWooSeok #Prada #PradaFW26 #PradaFW26xBWS #PradaFW26xByeonWooSeok,3,2026-01-18,@yurajin4410,Prada Fall/Winter 2026 Menswear Show,prada luxury brand 2025 2026
J1GCDcbYIRI,UgxV-72QTMIJeHKML-V4AaABAg,프라다핑크우석🩷 #변우석 #byeonwooseok #PradaFW26 #PRADAFW26XBWS,2,2026-01-19,@jjk0402,Prada Fall/Winter 2026 Menswear Show,prada luxury brand 2025 2026
J1GCDcbYIRI,UgzO6u2HtjuP0U0f9ox4AaABAg,A mazing !,1,2026-01-23,@aroe_roe,Prada Fall/Winter 2026 Menswear Show,prada luxury brand 2025 2026
J1GCDcbYIRI,Ugyo1nfnUex8V7sGGJh4AaABAg,"#변우석 #ByeonWooSeok #Prada
#PradaFW26 #PradaFW26xBWS
#BYEONWOOSEOKxPRADA #MFW26",10,2026-01-18,@aor-j1g,Prada Fall/Winter 2026 Menswear Show,prada luxury brand 2025 2026
J1GCDcbYIRI,UgyQwtxMx5ZzdmdvupZ4AaABAg,I'm kind of gutted we can't see full Raf anymore in his own shows,1,2026-01-21,@artapples8417,Prada Fall/Winter 2026 Menswear Show,prada luxury brand 2025 2026
J1GCDcbYIRI,Ugxp8j5PDHLoYSegJ7t4AaABAg,"И манжеты очень стильные, еще бы лацканы такие и было бы очень диско.",0,2026-01-18,@Tech-nyy,Prada Fall/Winter 2026 Menswear Show,prada luxury brand 2025 2026
J1GCDcbYIRI,Ugx4-Xo5n_TRx2yP0CV4AaABAg,"Byeon wooseok❤
#prada
#byeonwooseok 
#변우석",2,2026-01-19,@aor-j1g,Prada Fall/Winter 2026 Menswear Show,prada luxury brand 2025 2026
J1GCDcbYIRI,UgwbjcU1eHctdIHwXGR4AaABAg,"I can’t believe you put 1981 TC Matic song on stage. 

Good taste!",1,2026-01-23,@technicmoney1466,Prada Fall/Winter 2026 Menswear Show,prada luxury brand 2025 2026
J1GCDcbYIRI,UgzpidG5lHRDAKSOf-h4AaABAg,Very austere this season,2,2026-01-18,@britneydaniels6294,Prada Fall/Winter 2026 Menswear Show,prada luxury brand 2025 2026
J1GCDcbYIRI,UgzajYJFcogEFvtkhy14AaABAg,Better than the miu miu collection  bffr,1,2026-01-27,@francovargas2692,Prada Fall/Winter 2026 Menswear Show,prada luxury brand 2025 2026
J1GCDcbYIRI,UgwJ9CmRgYf6o8L4muZ4AaABAg,Génial!,2,2026-01-19,@lyudmylamarchenko3089,Prada Fall/Winter 2026 Menswear Show,prada luxury brand 2025 2026
J1GCDcbYIRI,UgxAKNSStnLHc2Y2HHh4AaABAg,"⭐⭐⭐⭐
                           💯 Raf Simons ❤",1,2026-01-18,@curtismoonflower5225,Prada Fall/Winter 2026 Menswear Show,prada luxury brand 2025 2026
J1GCDcbYIRI,UgwGLcwgGFX30KxUmiF4AaABAg,Quiero ber mas ❤,0,2026-01-22,@HerreraGeraldina,Prada Fall/Winter 2026 Menswear Show,prada luxury brand 2025 2026
J1GCDcbYIRI,UgxKuH4jzwIWKLTkHTF4AaABAg,18:40 KARINA #karina #karinaprada,0,2026-01-18,@loveYu_Karina,Prada Fall/Winter 2026 Menswear Show,prada luxury brand 2025 2026
J1GCDcbYIRI,UgylCz-UH0W4a2wwUYd4AaABAg,"Incredible show, couldn´t look away for a second",4,2026-01-21,@nicolaspascual2762,Prada Fall/Winter 2026 Menswear Show,prada luxury brand 2025 2026
J1GCDcbYIRI,Ugwvuk2pNRRzoFrfEZt4AaABAg,Miucca and Raf ❤,0,2026-02-16,@AsliddinBakhriddinov-r7h,Prada Fall/Winter 2026 Menswear Show,prada luxury brand 2025 2026
J1GCDcbYIRI,UgxzcXzQ0W_BfeaFpch4AaABAg,"This exhibition confirms the work between Miucca and Raf Simmons is finally blending into something original unique. It has been smoothing solidify since two collections ago. And for now  it is really tasting. 
It works in general but also in small details that won’t show off like in the past.
True modern and contemporary.",0,2026-02-17,@Pedro220969,Prada Fall/Winter 2026 Menswear Show,prada luxury brand 2025 2026
J1GCDcbYIRI,Ugzkm8n-9sR3Leeu5Fh4AaABAg,"#ByeonWooSeok 
#변우석
#Prada
#PradaFW26
#PradaFW26xByeonWooSeok
#PradaFW26xBWS",2,2026-01-20,@ghazidhanurendra1916,Prada Fall/Winter 2026 Menswear Show,prada luxury brand 2025 2026
J1GCDcbYIRI,Ugz_PCfgKdYTuMzd9414AaABAg,李现！,0,2026-01-23,@joseph5453,Prada Fall/Winter 2026 Menswear Show,prada luxury brand 2025 2026
J1GCDcbYIRI,UgxRxkPquROdOa02oIJ4AaABAg,Love this whole collection,0,2026-03-26,@MarioaguilarAA,Prada Fall/Winter 2026 Menswear Show,prada luxury brand 2025 2026
J1GCDcbYIRI,UgxjgYCVZlcXdIXrXup4AaABAg,what benoftheweek 🤣 at 2:06,0,2026-01-18,@veer4727,Prada Fall/Winter 2026 Menswear Show,prada luxury brand 2025 2026
J1GCDcbYIRI,UgwOFUOaJHnRq9lGkQd4AaABAg,❤❤❤❤❤,0,2026-01-24,@NawNyein-u6s,Prada Fall/Winter 2026 Menswear Show,prada luxury brand 2025 2026
J1GCDcbYIRI,UgzRJYJOvmRx1seVrJN4AaABAg,Karina queen,0,2026-01-18,@YuliYanti-l4y,Prada Fall/Winter 2026 Menswear Show,prada luxury brand 2025 2026
J1GCDcbYIRI,UgxHvJy_ilWqrBoT2BF4AaABAg,#PRADAFW26 #PRADA #PRADAFW26XByeonWooSeok #PRADAFW26XBWS #ByeonWooSeok #변우석,8,2026-01-18,@every-n1,Prada Fall/Winter 2026 Menswear Show,prada luxury brand 2025 2026
J1GCDcbYIRI,Ugz_LcUBk9GqRuyiS794AaABAg,I love Prada 2026,2,2026-02-03,@MarioaguilarAA,Prada Fall/Winter 2026 Menswear Show,prada luxury brand 2025 2026
J1GCDcbYIRI,UgyULWq45lmBgAbrDw94AaABAg,8:43 8:47,2,2026-01-18,@andyamg94,Prada Fall/Winter 2026 Menswear Show,prada luxury brand 2025 2026
J1GCDcbYIRI,UgxER1F105U1n-sfIPl4AaABAg,i liked a hat 👏🏻,1,2026-01-25,@OpenBookmarksCo.,Prada Fall/Winter 2026 Menswear Show,prada luxury brand 2025 2026
J1GCDcbYIRI,UgwqOpQmowWAd85i5xV4AaABAg,변우석💙 #PRADAFW26XByeonWooSeok #PRADAFW26XBWS #PRADA #ByeoWooSeok #변우석,1,2026-01-18,@오후여덟시-v2u,Prada Fall/Winter 2026 Menswear Show,prada luxury brand 2025 2026
J1GCDcbYIRI,Ugz9oao1_BlnOGBCbZ54AaABAg,Great colors❤,1,2026-01-20,@bethschneider5223,Prada Fall/Winter 2026 Menswear Show,prada luxury brand 2025 2026
J1GCDcbYIRI,UgxFW3vk_H-SIZmia_54AaABAg,"I liked the dark colors and grays; the jackets were pretty nice.  However, I could never wear most of those outfits.",0,2026-03-21,@matta8931,Prada Fall/Winter 2026 Menswear Show,prada luxury brand 2025 2026
J1GCDcbYIRI,UgydCd53lyv48cxwr914AaABAg,love the collection ; Raf really knows men more than women - when the women collection is a disaster,1,2026-01-19,@leehown2008,Prada Fall/Winter 2026 Menswear Show,prada luxury brand 2025 2026
J1GCDcbYIRI,Ugz5nLyMPIi1Rfe_2UJ4AaABAg,Is this a men’s fashion show or a P.O.W. camp? How do the clothes fit BEFORE you’ve starved to death and rigor mortis has set in?,24,2026-01-22,@yoinkhaha,Prada Fall/Winter 2026 Menswear Show,prada luxury brand 2025 2026
J1GCDcbYIRI,Ugyc1S9XwdsxCA3St6l4AaABAg,La colección está muy bien . La música es para matarlos .,0,2026-01-20,@F_Lemoniez,Prada Fall/Winter 2026 Menswear Show,prada luxury brand 2025 2026
J1GCDcbYIRI,UgxNoIze0iqne-vmW6Z4AaABAg,Tall and skinny skinny ohh if you have high cheekbones that's a win win 🆗‼️,1,2026-01-21,@TeezzinU,Prada Fall/Winter 2026 Menswear Show,prada luxury brand 2025 2026
J1GCDcbYIRI,Ugz7c5LvAQIF4Oig6dl4AaABAg,Love the music❤❤,3,2026-01-20,@bethschneider5223,Prada Fall/Winter 2026 Menswear Show,prada luxury brand 2025 2026
J1GCDcbYIRI,Ugyxr93_rlec2JmEqhd4AaABAg,Love Karina,1,2026-01-18,@YuliYanti-l4y,Prada Fall/Winter 2026 Menswear Show,prada luxury brand 2025 2026
J1GCDcbYIRI,UgylfnJ2yqMDyZ7ngIB4AaABAg,Sad this collaboration not work for me at all any more free Raf Simons .,0,2026-01-18,@rgavathia,Prada Fall/Winter 2026 Menswear Show,prada luxury brand 2025 2026
J1GCDcbYIRI,Ugz9Zf5iBgOrq5Eftg14AaABAg,🎉,0,2026-01-23,@XOXO-p5n,Prada Fall/Winter 2026 Menswear Show,prada luxury brand 2025 2026
J1GCDcbYIRI,UgwI0ZKav1HkL2mJw0R4AaABAg,Great soundtrack!!!!!!!!,6,2026-01-21,@TheGranderuga,Prada Fall/Winter 2026 Menswear Show,prada luxury brand 2025 2026
J1GCDcbYIRI,UgwqH2bN0ir1HRIXZXV4AaABAg,Worlds most boring runway with beautiful tailoring,2,2026-01-24,@thecitizenjoan,Prada Fall/Winter 2026 Menswear Show,prada luxury brand 2025 2026
J1GCDcbYIRI,UgwiHOcYl5-RzX1mhRB4AaABAg,"😮 r they ok , and i know who would wear these clothes. Maybe in anime 😂",0,2026-01-27,@brucescott9604,Prada Fall/Winter 2026 Menswear Show,prada luxury brand 2025 2026
J1GCDcbYIRI,Ugy977Q-dfjpDLzuJG14AaABAg,"The return of the one and only Prada Prince Byeon Woo Seok 🙌✨️🩷 #ByeonWooSeok #변우석 
#Prada #PradaFW26 #PradaFW26xByeonWooSeok
#MiucciaPrada #RafSimons @prada",2,2026-01-19,@kristinechoi1220,Prada Fall/Winter 2026 Menswear Show,prada luxury brand 2025 2026
J1GCDcbYIRI,Ugy9C-eNlCyUlSM92CJ4AaABAg,Rough and ready,0,2026-01-24,@MrThecemal,Prada Fall/Winter 2026 Menswear Show,prada luxury brand 2025 2026
J1GCDcbYIRI,UgyiNgf6suYHZj3-0nl4AaABAg,Ive never understood why people at fashion shows look like they wandered into a thrift store right after a new York CEO passed and nothing fit them but it was all very affordable,13,2026-01-22,@cameronvandygriff7048,Prada Fall/Winter 2026 Menswear Show,prada luxury brand 2025 2026
J1GCDcbYIRI,UgyXdohK20rl_rmga7h4AaABAg,yeah this ate,0,2026-01-22,@norosi5595,Prada Fall/Winter 2026 Menswear Show,prada luxury brand 2025 2026
J1GCDcbYIRI,Ugy9HQ59QsdXMEbjlh14AaABAg,What with the heads jutting forward ?is that a model thing,0,2026-01-24,@Berrylucy50,Prada Fall/Winter 2026 Menswear Show,prada luxury brand 2025 2026
J1GCDcbYIRI,UgzV2_hbUYoYrfqkrWB4AaABAg,Thanks for the laughs! 🤣😂😆🤭,0,2026-01-26,@palecompass3598,Prada Fall/Winter 2026 Menswear Show,prada luxury brand 2025 2026
J1GCDcbYIRI,UgxugZpKEPnNJGLuKrV4AaABAg,"Less noise. More authority.

Prada 2026 proves restraint is still the sharpest tool in fashion.",0,2026-01-30,@ohmynofficial,Prada Fall/Winter 2026 Menswear Show,prada luxury brand 2025 2026
J1GCDcbYIRI,UgzY0wjXwzZLSnvMvQt4AaABAg,__∆pprovato🔻,0,2026-01-18,@AnthonyBlunt_1111,Prada Fall/Winter 2026 Menswear Show,prada luxury brand 2025 2026
J1GCDcbYIRI,UgwgF6ZLKRUFCVT3Odt4AaABAg,"0:46 left KARINA 😘
0:54 4:55 7:07 9:14 11:24 13:22
11:56 right KARINA
12:22",2,2026-01-19,@BLACKPINK-REDVELVET_BTS,Prada Fall/Winter 2026 Menswear Show,prada luxury brand 2025 2026
J1GCDcbYIRI,Ugzaa_oxOrlO3olPmXd4AaABAg,They look like gay emos.,2,2026-01-21,@ChippytheWizard,Prada Fall/Winter 2026 Menswear Show,prada luxury brand 2025 2026
J1GCDcbYIRI,Ugw6voBqWwZ6YxP7h9R4AaABAg,"Те, кому пришлось укорачивать рукава рубашек у портного, сегодня могут об этом пожалеть",0,2026-01-22,@MPertseva,Prada Fall/Winter 2026 Menswear Show,prada luxury brand 2025 2026
J1GCDcbYIRI,UgzLBcZCHCF3lEPBdtp4AaABAg,I like it …piece of heaven  . Camera work and editing was pure rubbish.,1,2026-01-29,@zaharizahariev,Prada Fall/Winter 2026 Menswear Show,prada luxury brand 2025 2026
J1GCDcbYIRI,Ugz_nMrXV8CLMLXbfax4AaABAg,И тут майки с каордратным воротником как в моих рисунках… ай ай,0,2026-01-18,@Tech-nyy,Prada Fall/Winter 2026 Menswear Show,prada luxury brand 2025 2026
J1GCDcbYIRI,Ugxq3z54z7vTM_otwZp4AaABAg,#PRADAFW26XBWS ❤,4,2026-01-18,@Dolphin603,Prada Fall/Winter 2026 Menswear Show,prada luxury brand 2025 2026
J1GCDcbYIRI,UgzKhvTomp_I4SwjQ9F4AaABAg,AMAZING SHOW !!!!! ❤❤❤❤❤👏🏼👏🏼👏🏼👏🏼💕💕😍💕😍😍😍,2,2026-01-20,@lightingnabottle6065,Prada Fall/Winter 2026 Menswear Show,prada luxury brand 2025 2026
J1GCDcbYIRI,UgyfJDsk2R98dyfX5wF4AaABAg,A great collection. Love it ❤️,2,2026-01-19,@MateuszOchwat,Prada Fall/Winter 2026 Menswear Show,prada luxury brand 2025 2026
J1GCDcbYIRI,UgzxUSrzy96ztPBZfKJ4AaABAg,wowwww lol chills this was so delightful to look at. Thank you Rian Phin <3,1,2026-01-22,@chloefourte3413,Prada Fall/Winter 2026 Menswear Show,prada luxury brand 2025 2026
J1GCDcbYIRI,UgyAQv3DYE-flFBZ_dF4AaABAg,формулировка команды и обработка найти решение для расчета максимально большего коэффициента полезного действия опираясь на предыдущие расчеты коэффициента полезного действия в прогрессе на выходе энергии в 4000 процентов больше начальных 100 процентов при условии развития ионного двигателя и необходимых минералов как основных источников,0,2026-02-12,@MaksimBoldyrev,Prada Fall/Winter 2026 Menswear Show,prada luxury brand 2025 2026
J1GCDcbYIRI,Ugzxv4tvTuDAsakyCgh4AaABAg,"Nice cloth, but choose model carefully please!😂",0,2026-01-27,@borock69,Prada Fall/Winter 2026 Menswear Show,prada luxury brand 2025 2026
J1GCDcbYIRI,UgyTtoMRtFj3RMJ0IRh4AaABAg,Пустите туда немного веселящего газа!,0,2026-01-24,@petyshara,Prada Fall/Winter 2026 Menswear Show,prada luxury brand 2025 2026
J1GCDcbYIRI,UgwH9VgmcQLYa3Xkdih4AaABAg,"01:47 with the outrageous prices, you can only afford mini rain overcoats that extend over the shoulders just below your biceps (⅕ of the material of a full coat).",3,2026-01-19,@bastimeier,Prada Fall/Winter 2026 Menswear Show,prada luxury brand 2025 2026
J1GCDcbYIRI,UgyN5J8gHYc2htxWwVV4AaABAg,25:08 자리 너무 좁고 어깨는 넓어서 낑겼잖아!!!!! 짜부짜부우석,0,2026-01-18,@PIEMAMA,Prada Fall/Winter 2026 Menswear Show,prada luxury brand 2025 2026
J1GCDcbYIRI,UgzxwJjAem6JejOmFUx4AaABAg,Walking around like zombies 😂,0,2026-01-26,@joschimaximus1358,Prada Fall/Winter 2026 Menswear Show,prada luxury brand 2025 2026
J1GCDcbYIRI,Ugxyq7NnFv-aQMM3dsp4AaABAg,Почему модели сутулятся всегда?,0,2026-01-25,@Dina-d7d,Prada Fall/Winter 2026 Menswear Show,prada luxury brand 2025 2026
J1GCDcbYIRI,Ugzw9UJAt8HSqWRpXjN4AaABAg,Не понятно 💁. Всем на рыбалку срочно,0,2026-01-18,@НатальяУрусова-д6б,Prada Fall/Winter 2026 Menswear Show,prada luxury brand 2025 2026
J1GCDcbYIRI,UgyfoxSOGVOaW9ospgx4AaABAg,Зомби 2026 😂😂😂😂,0,2026-01-21,@ovezmylife5589,Prada Fall/Winter 2026 Menswear Show,prada luxury brand 2025 2026
J1GCDcbYIRI,UgxsTud1obJfHVf7w-p4AaABAg,The guys should hold their heads up and straighten their shoulders!,0,2026-01-25,@theresajmiles4413,Prada Fall/Winter 2026 Menswear Show,prada luxury brand 2025 2026
J1GCDcbYIRI,UgxsUW172aQ2SyT7M3h4AaABAg,It must be difficult to find so many emaciated depressed models with bad posture for one show. Seriously lighten up Prada.,0,2026-01-29,@Jasper-nk5fo,Prada Fall/Winter 2026 Menswear Show,prada luxury brand 2025 2026
J1GCDcbYIRI,UgzeTDa3h4t5IvQxCgh4AaABAg,Less raf more Prada!,0,2026-01-18,@ErickPerez-w5f,Prada Fall/Winter 2026 Menswear Show,prada luxury brand 2025 2026
J1GCDcbYIRI,UgzHpZAaxp1PigdvMlV4AaABAg,Bravo. Lots of celebs🎉🎉🎉🎉,1,2026-01-18,@MichaelReibke,Prada Fall/Winter 2026 Menswear Show,prada luxury brand 2025 2026
J1GCDcbYIRI,UgzEwQeRNldM470Lk2V4AaABAg,What in the fuck?,1,2026-01-25,@SleePizza6969,Prada Fall/Winter 2026 Menswear Show,prada luxury brand 2025 2026
J1GCDcbYIRI,UgzE6SQYqwQEMJIHusV4AaABAg,WTF,2,2026-01-21,@mikefranchini7854,Prada Fall/Winter 2026 Menswear Show,prada luxury brand 2025 2026
J1GCDcbYIRI,UgzlXH2TmWNozg9ZGTl4AaABAg,love it!,0,2026-01-27,@Ascarthor,Prada Fall/Winter 2026 Menswear Show,prada luxury brand 2025 2026
J1GCDcbYIRI,UgxgdFETuVegLgztbcV4AaABAg,We missed sana the streak is broken😞😞😑 at least let her attend the upcoming events she is also ur global ambassador🙄🙄,0,2026-01-19,@zarajamshed3799,Prada Fall/Winter 2026 Menswear Show,prada luxury brand 2025 2026
J1GCDcbYIRI,UgwF14Lvv2L423ZnXH94AaABAg,I love it . Useful . Classy,0,2026-01-26,@channelpeak88,Prada Fall/Winter 2026 Menswear Show,prada luxury brand 2025 2026
J1GCDcbYIRI,Ugx5GaTeSMuNPDOELwd4AaABAg,Who rushes out to buy these clothes. Feed those models 4 one.  Most of the clothes are too big,0,2026-01-25,@GoldenRatio003,Prada Fall/Winter 2026 Menswear Show,prada luxury brand 2025 2026
J1GCDcbYIRI,Ugwoy11tp-oYM8V9M7N4AaABAg,Magnifique,2,2026-01-18,@mig852,Prada Fall/Winter 2026 Menswear Show,prada luxury brand 2025 2026
J1GCDcbYIRI,Ugxh9vocLzBV1gLeMbN4AaABAg,"The LOOKS, The STYLING, The MUSIC, The Diversity In MODELS!! SOOOOO GOOD! THIS IS FASHION!! Best Of The Season Hands Down!",6,2026-01-22,@BILLIONAIREMH,Prada Fall/Winter 2026 Menswear Show,prada luxury brand 2025 2026
J1GCDcbYIRI,Ugyrmvht8fW8IK74DFV4AaABAg,Это что мужчины или нет?,0,2026-01-25,@ВладимирИванов-ю2э3о,Prada Fall/Winter 2026 Menswear Show,prada luxury brand 2025 2026
J1GCDcbYIRI,Ugxnsj4X2hdfQMPYMOF4AaABAg,Esqueleticos!,0,2026-01-20,@DiegoRodriguess,Prada Fall/Winter 2026 Menswear Show,prada luxury brand 2025 2026
J1GCDcbYIRI,UgzfgJxrVzD0eJ0hVq14AaABAg,"for the love of god, fire raf simons immediately",2,2026-01-19,@alexanderpark682,Prada Fall/Winter 2026 Menswear Show,prada luxury brand 2025 2026
J1GCDcbYIRI,Ugyn7vlTUN1mlFpNG8d4AaABAg,"Miuccia, the 90's want their deadstock back. 
Irrelevant schlock.",0,2026-01-29,@AI-xs4fp,Prada Fall/Winter 2026 Menswear Show,prada luxury brand 2025 2026
J1GCDcbYIRI,UgzDqvH9fAlCj6Ld1GF4AaABAg,"As a founder of a business, I will not buy these clothes just because it's the name or it's hip—but purely because of concept+design.",0,2026-01-18,@sevraonic8656,Prada Fall/Winter 2026 Menswear Show,prada luxury brand 2025 2026
J1GCDcbYIRI,UgzWUKv5ZtCE5uwr3Lp4AaABAg,Mess,0,2026-01-18,@itsNotNikolay,Prada Fall/Winter 2026 Menswear Show,prada luxury brand 2025 2026
J1GCDcbYIRI,UgxvFPj3EEq9mFOJBkZ4AaABAg,Sometimes think l can walk like these madels but that's  not true at all 😂😂😂😂😂😂,0,2026-01-27,@farzanashely8759,Prada Fall/Winter 2026 Menswear Show,prada luxury brand 2025 2026
J1GCDcbYIRI,Ugw8Qj9apZHtXtyr_qp4AaABAg,변우석🩷 #ByeonWooSeok #Prada #PradaFW26 #PradaFW26xByeonWooSeok,9,2026-01-18,@우리우석,Prada Fall/Winter 2026 Menswear Show,prada luxury brand 2025 2026
J1GCDcbYIRI,UgyWJfCGrhWzjmfT26d4AaABAg,gaggironica,0,2026-01-22,@pamersyel,Prada Fall/Winter 2026 Menswear Show,prada luxury brand 2025 2026
J1GCDcbYIRI,UgymwqZrTg091XuRxkd4AaABAg,👎👎👎👎👎👎👎,1,2026-01-23,@КемранИсмаилов-ш8н,Prada Fall/Winter 2026 Menswear Show,prada luxury brand 2025 2026
J1GCDcbYIRI,UgzcKwceRlCOhkIC1sl4AaABAg,"不自然に再生数が多いと思ったら韓国人が出てるからか
韓国人ファンが再生数を工作してまわしてるわけね（笑）",0,2026-01-23,@YK-oc8yd,Prada Fall/Winter 2026 Menswear Show,prada luxury brand 2025 2026
J1GCDcbYIRI,Ugw3hPcwKylmHvGoQet4AaABAg,I don't like it. 😢,1,2026-01-22,@Play4keeks,Prada Fall/Winter 2026 Menswear Show,prada luxury brand 2025 2026
J1GCDcbYIRI,UgzF1nCYSxLHXpoMJaZ4AaABAg,"You’re making iconic pieces, but where is the ugly/chic aesthetic?",0,2026-01-18,@crisurbinavillafana,Prada Fall/Winter 2026 Menswear Show,prada luxury brand 2025 2026
J1GCDcbYIRI,UgytmOedffUP__NneHt4AaABAg,"Very RAF, very good !",4,2026-01-18,@joshl.6982,Prada Fall/Winter 2026 Menswear Show,prada luxury brand 2025 2026
J1GCDcbYIRI,Ugw4XDdhG7tguEBfbFN4AaABAg,I've never seen anyone wear any of these rediculous outfits in any of these stupid shows.,2,2026-01-24,@mclovinit8639,Prada Fall/Winter 2026 Menswear Show,prada luxury brand 2025 2026
J1GCDcbYIRI,Ugx1uSHdI8e9EkONJdF4AaABAg,ugliest fake fabric clothing I've ever seen in my life.,1,2026-01-23,@adameidimtas3354,Prada Fall/Winter 2026 Menswear Show,prada luxury brand 2025 2026
J1GCDcbYIRI,UgxF-4guEKygBnC1iwF4AaABAg,This feel desperately dull... Where is the prada thing? to much of the same old bad ideas from Raf.,1,2026-01-19,@CWK75,Prada Fall/Winter 2026 Menswear Show,prada luxury brand 2025 2026
J1GCDcbYIRI,Ugy_LNujni-IuEhWFOd4AaABAg,Nothing NEW Nothing FRESH,0,2026-01-18,@Styyy,Prada Fall/Winter 2026 Menswear Show,prada luxury brand 2025 2026
J1GCDcbYIRI,UgzXNVUTJWPo6kOFLW94AaABAg,"И ультромаленькие лацканы как я рисую, все украли, мои прелести, только лишний вес оставили…😂😂😂",0,2026-01-18,@Tech-nyy,Prada Fall/Winter 2026 Menswear Show,prada luxury brand 2025 2026
J1GCDcbYIRI,Ugw77JJS3KNNXVCAqMh4AaABAg,PRADA 4-EVER! 👍💪👍,1,2026-01-18,@Rich_Daniel78,Prada Fall/Winter 2026 Menswear Show,prada luxury brand 2025 2026
J1GCDcbYIRI,UgyjM2CRq0JAOwSwiwx4AaABAg,"Nothing new to see... nothing creative, where did the inspiration go? They looked for what they had in the warehouses that nobody bought. The industry has become mediocre, without any creativity...",1,2026-01-23,@cm.o.r,Prada Fall/Winter 2026 Menswear Show,prada luxury brand 2025 2026
J1GCDcbYIRI,UgzzUkkaLVPkuoR49vN4AaABAg,"You can basically find all pieces existing currently , just with different bad combinations again. It’s given outlet SKUs all over the place. 😮",11,2026-01-18,@MrHuanwang,Prada Fall/Winter 2026 Menswear Show,prada luxury brand 2025 2026
J1GCDcbYIRI,Ugz6ugCuRDEu58vBQbZ4AaABAg,I suspect Prada must be quietly banking on global warming.  The clothes felt far too insubstantial to survive a typical European winter.,1,2026-01-20,@owenangel4648,Prada Fall/Winter 2026 Menswear Show,prada luxury brand 2025 2026
J1GCDcbYIRI,UgzUGynOg2RbLeThumF4AaABAg,"Okay, it's was bad",0,2026-01-21,@Стыд-к9ю,Prada Fall/Winter 2026 Menswear Show,prada luxury brand 2025 2026
J1GCDcbYIRI,Ugwzat4EDltW3ftNUFp4AaABAg,ByeonWooSeok💙 #PRADAFW26XByeonWooSeok #PRADAFW26 #PRADA #ByeoWooSeok #변우석,7,2026-01-18,@Nvvor,Prada Fall/Winter 2026 Menswear Show,prada luxury brand 2025 2026
J1GCDcbYIRI,UgxiynxzURkRBG9TCDF4AaABAg,beautiful collection,1,2026-01-31,@TimelessStyl3,Prada Fall/Winter 2026 Menswear Show,prada luxury brand 2025 2026
J1GCDcbYIRI,UgwxxHnxEyyHqQp-JB94AaABAg,byeonwooseok🩷,12,2026-01-18,@vitaB-l6r,Prada Fall/Winter 2026 Menswear Show,prada luxury brand 2025 2026
J1GCDcbYIRI,Ugy63e2vmRLNvgLd_mh4AaABAg,💗💗💗 #ByeonWooSeok #PRADAFW26 #pradafw26bws,3,2026-01-18,@minyang1031-e7x,Prada Fall/Winter 2026 Menswear Show,prada luxury brand 2025 2026
J1GCDcbYIRI,UgzPzBhllKEcPgzTcGN4AaABAg,"What's so interesting about 2026 is these garments that Prada is doing are nothing special? It's all about the styling. When you pull the pieces apart, they're regular luxury staples with not much flair.",1,2026-01-20,@wagtheboy,Prada Fall/Winter 2026 Menswear Show,prada luxury brand 2025 2026
J1GCDcbYIRI,UgzDknW_d_6nhkTrtRV4AaABAg,Absolutely stunning 😍  #byeonwooseok #pradafw26 #pradafw26xbyeonwooseok #miucciaprada #RafSimons,9,2026-01-18,@riseandshine-s6n,Prada Fall/Winter 2026 Menswear Show,prada luxury brand 2025 2026
J1GCDcbYIRI,UgzRqbVsJR2wE0OHAeR4AaABAg,byeonwooseok🩷 #PRADAFW26XBWS #PRADAFW26 #PRADA #byeonwooseok,11,2026-01-18,@SeoLuna-o6h,Prada Fall/Winter 2026 Menswear Show,prada luxury brand 2025 2026
J1GCDcbYIRI,UgwLZMnW3WWutH1l4WB4AaABAg,"#변우석 #ByeonWooSeok #Prada #BYEONWOOSEOKxPRADA #PRADAFW26 #MFW26

@ByeonWooSeok @Prada",1,2026-01-19,@ssjjusju,Prada Fall/Winter 2026 Menswear Show,prada luxury brand 2025 2026
J1GCDcbYIRI,Ugw9FRi1hkrZnExDLZp4AaABAg,"All kinda looks the same,all of these collections only highlight the big cuff.🫤do U guys agree??",2,2026-01-18,@sutrain4467,Prada Fall/Winter 2026 Menswear Show,prada luxury brand 2025 2026
J1GCDcbYIRI,UgwfdMKSesbzlW-dPcl4AaABAg,"핑크보이 변우석🩷
#PRADAFW26 #PRADA @PRADA #PRADAFW26XByeonWooSeok #PRADAFW26XBWS #ByeonWooSeok #변우석",0,2026-01-21,@eun-q7p-f8j,Prada Fall/Winter 2026 Menswear Show,prada luxury brand 2025 2026
J1GCDcbYIRI,UgyPfZqFe55B3aVzAtJ4AaABAg,BWS🩷🩷🩷  #PRADAFW26XByeonWooSeok  #PRADAFW26XBWS #PRADAFW26 #PRADA #ByeonWooSeok  #변우석,13,2026-01-18,@RY_TTE,Prada Fall/Winter 2026 Menswear Show,prada luxury brand 2025 2026
J1GCDcbYIRI,UgxIA9e08D93ixDvA0B4AaABAg,byeonwooseok🩷 #PRADAFW26XBWS #PRADAFW26 #PRADA,11,2026-01-18,@사록-o7d,Prada Fall/Winter 2026 Menswear Show,prada luxury brand 2025 2026
J1GCDcbYIRI,UgxvRQKCEL-vu2HP1hd4AaABAg,🩷🩷🩷  #PRADAFW26XBWS #PRADAFW26 #PRADA #byeonwooseok,11,2026-01-18,@라코냥,Prada Fall/Winter 2026 Menswear Show,prada luxury brand 2025 2026
bX8UfV0MqTw,UgytETiady-srORbBOV4AaABAg,i go to the comments to see thoughts on the show and only see comments about which famous person they saw for 3 seconds,111,2026-02-27,@dylardent,Prada Fall/Winter 2026 Womenswear Show,prada luxury brand 2025 2026
bX8UfV0MqTw,UgxodLc4XtQMkgOH5Sh4AaABAg,Pond naravit ❤,7,2026-02-26,@M.Harinimuthusamy-ok8jf,Prada Fall/Winter 2026 Womenswear Show,prada luxury brand 2025 2026
bX8UfV0MqTw,UgxlrEb4gSAeIFT-8q14AaABAg,SOUNDTRACK OF THE SEASON🎯,8,2026-03-19,@NauvalRifano,Prada Fall/Winter 2026 Womenswear Show,prada luxury brand 2025 2026
bX8UfV0MqTw,Ugw-RfwAheSGDzw-cLx4AaABAg,Please please SOUNDTRACK? ❤,7,2026-02-27,@Grrrafik,Prada Fall/Winter 2026 Womenswear Show,prada luxury brand 2025 2026
bX8UfV0MqTw,UgzwMpQTU8WATvuiUoN4AaABAg,"In a world this chaotic, perfection is no longer the point. Prada knows this—and instead of pretending everything is fine, they let the chaos in. That's the statement.",35,2026-02-26,@sevraonic8656,Prada Fall/Winter 2026 Womenswear Show,prada luxury brand 2025 2026
bX8UfV0MqTw,UgzOde8HzcGZH8oE7hB4AaABAg,Pethap someone knows whom produced the music? It was really  wonderful,1,2026-04-13,@liamleavy7930,Prada Fall/Winter 2026 Womenswear Show,prada luxury brand 2025 2026
bX8UfV0MqTw,UgzaUxm0dsy4MovKo2p4AaABAg,Minji we do spao 😂😂😂❤❤❤,3,2026-04-24,@민지-p3t,Prada Fall/Winter 2026 Womenswear Show,prada luxury brand 2025 2026
bX8UfV0MqTw,Ugyc2mwU8S7FalgSz9B4AaABAg,Minji ride retti ok😂😊,1,2026-04-30,@민지-p3t,Prada Fall/Winter 2026 Womenswear Show,prada luxury brand 2025 2026
bX8UfV0MqTw,UgxnUo3oKV3tUlS56_F4AaABAg,Julia Nobis still killing it!,6,2026-02-26,@mydongpandong9644,Prada Fall/Winter 2026 Womenswear Show,prada luxury brand 2025 2026
bX8UfV0MqTw,UgwBWEYYIF3bXdpMruN4AaABAg,I know where i am but cho 😮😊,1,2026-04-27,@민지-p3t,Prada Fall/Winter 2026 Womenswear Show,prada luxury brand 2025 2026
bX8UfV0MqTw,Ugypx01A-kUnZUijrVN4AaABAg,Minji draw world ok 😮okay ya,1,2026-04-27,@민지-p3t,Prada Fall/Winter 2026 Womenswear Show,prada luxury brand 2025 2026
bX8UfV0MqTw,UgxFBi-56E2vIcPHlLN4AaABAg,"Minji we want to buy .how how
Ya 500d  have one.ok ok 😊😊😊",1,2026-04-26,@민지-p3t,Prada Fall/Winter 2026 Womenswear Show,prada luxury brand 2025 2026
bX8UfV0MqTw,UgyMGFzX8WgtSVPtocN4AaABAg,"Miuccia y Raf nos dieron la máxima cátedra de layering y color que pueda existir, esto en lugar de desfile debería considerarse una master class.",1,2026-03-17,@benicolunga,Prada Fall/Winter 2026 Womenswear Show,prada luxury brand 2025 2026
bX8UfV0MqTw,Ugw9o9_cvkYJQXuQZJZ4AaABAg,Emberssed you do it ok😊,1,2026-04-27,@민지-p3t,Prada Fall/Winter 2026 Womenswear Show,prada luxury brand 2025 2026
bX8UfV0MqTw,UgwxfaNCmrLBGLecW7B4AaABAg,Mz honey 200d seleb okay prada ya.,1,2026-04-24,@민지-p3t,Prada Fall/Winter 2026 Womenswear Show,prada luxury brand 2025 2026
bX8UfV0MqTw,UgyJ1tveUuuyYqhI1Jx4AaABAg,Mz pink 💗 💓 💕 💖 ya ❤️,1,2026-04-24,@민지-p3t,Prada Fall/Winter 2026 Womenswear Show,prada luxury brand 2025 2026
bX8UfV0MqTw,Ugy7NqjZTfdK7v_PuJt4AaABAg,Can anyone tell me what the artist of the techno music is. It sounds like Robert Hood or James Ruskin/Detroit Techno. It is obviously from a DJ mix.,2,2026-02-27,@jtcollins101,Prada Fall/Winter 2026 Womenswear Show,prada luxury brand 2025 2026
bX8UfV0MqTw,UgxYkxil8kZ-J48NLGp4AaABAg,We we eng.ya 😂😂😂,1,2026-04-30,@민지-p3t,Prada Fall/Winter 2026 Womenswear Show,prada luxury brand 2025 2026
bX8UfV0MqTw,UgzSX9ox-wWirW_kCip4AaABAg,Prada picture yes yes,2,2026-04-27,@민지-p3t,Prada Fall/Winter 2026 Womenswear Show,prada luxury brand 2025 2026
bX8UfV0MqTw,UgxUdGu2jZYqZZNmXUd4AaABAg,Like a birds 🐦 😂😂😂❤❤❤,1,2026-04-24,@민지-p3t,Prada Fall/Winter 2026 Womenswear Show,prada luxury brand 2025 2026
bX8UfV0MqTw,UgwegphtEB3xiNUjlgR4AaABAg,Mz honey we see you are pretty 😂😂😂,1,2026-04-30,@민지-p3t,Prada Fall/Winter 2026 Womenswear Show,prada luxury brand 2025 2026
bX8UfV0MqTw,Ugz0jZl-b43Wu-Ha--14AaABAg,Mz honey ❤❤❤,1,2026-04-27,@민지-p3t,Prada Fall/Winter 2026 Womenswear Show,prada luxury brand 2025 2026
bX8UfV0MqTw,UgwemMAg85PgLOigptV4AaABAg,Pond Naravit es realmente hermoso,5,2026-02-26,@ruthrivera7376,Prada Fall/Winter 2026 Womenswear Show,prada luxury brand 2025 2026
bX8UfV0MqTw,Ugx5-QzXKia5wTnXgnR4AaABAg,Minji y disappear ya you are good ye,1,2026-04-26,@민지-p3t,Prada Fall/Winter 2026 Womenswear Show,prada luxury brand 2025 2026
bX8UfV0MqTw,UgzSNbqS7hc05aY_JI94AaABAg,Minji we wear it pao ya😂😂😂,1,2026-04-22,@민지-p3t,Prada Fall/Winter 2026 Womenswear Show,prada luxury brand 2025 2026
bX8UfV0MqTw,UgyZayGi-htM4PFuWKV4AaABAg,"Great music choice! Opening track D-Shake “Techno Trance (Paradise Is Now)” 🔥
“C’moooon Make Some Noise!”",6,2026-03-01,@anavillarreal3631,Prada Fall/Winter 2026 Womenswear Show,prada luxury brand 2025 2026
bX8UfV0MqTw,UgxlmuYVmDmEID8xBkl4AaABAg,7:41 It's called GRAND ENTRANCE!!!🎉🎉🎉🎉🎉,5,2026-02-26,@irine.C.A,Prada Fall/Winter 2026 Womenswear Show,prada luxury brand 2025 2026
bX8UfV0MqTw,UgzUVphBYLELxmJFdSl4AaABAg,Cheche do draw yes yes,1,2026-04-27,@민지-p3t,Prada Fall/Winter 2026 Womenswear Show,prada luxury brand 2025 2026
bX8UfV0MqTw,Ugw3Jhngv70su6Vuj0l4AaABAg,Potato is minji ❤,1,2026-04-22,@민지-p3t,Prada Fall/Winter 2026 Womenswear Show,prada luxury brand 2025 2026
bX8UfV0MqTw,UgwceV7AboH2v45PcFR4AaABAg,Pond naravit ✨️❤️❤️❤️❤️❤️❤️❤️,7,2026-02-26,@BLbuzzz69,Prada Fall/Winter 2026 Womenswear Show,prada luxury brand 2025 2026
bX8UfV0MqTw,Ugz-sRv1ozF2EmFvPb14AaABAg,Retti tta yes ❤❤❤🎉🎉🎉,1,2026-04-25,@민지-p3t,Prada Fall/Winter 2026 Womenswear Show,prada luxury brand 2025 2026
bX8UfV0MqTw,Ugze1CZzHvB2VWCfQYV4AaABAg,Why isnt there Any Latinos on there? 🤔🤔,2,2026-03-04,@mexyeahican,Prada Fall/Winter 2026 Womenswear Show,prada luxury brand 2025 2026
bX8UfV0MqTw,Ugx9DAul5sS653KOTZJ4AaABAg,Me a gustado  ver a Pond Naravit  🎉❤️‍🔥🔥🔥,3,2026-02-27,@mariariconunez4875,Prada Fall/Winter 2026 Womenswear Show,prada luxury brand 2025 2026
bX8UfV0MqTw,UgyjAwI9Gu5gLtwTEk54AaABAg,Handbags and skirts are amazing!,2,2026-03-31,@MarioaguilarAA,Prada Fall/Winter 2026 Womenswear Show,prada luxury brand 2025 2026
bX8UfV0MqTw,Ugy-Uy3bduHN70ATKBx4AaABAg,Whats the final track?????,1,2026-03-05,@michelc1200,Prada Fall/Winter 2026 Womenswear Show,prada luxury brand 2025 2026
bX8UfV0MqTw,UgxKbft4YphoWbIqExV4AaABAg,Miuccia !!!! mygoddddd te amo,0,2026-03-04,@evebertini,Prada Fall/Winter 2026 Womenswear Show,prada luxury brand 2025 2026
bX8UfV0MqTw,UgwhhmvfN_WsmsDSNJZ4AaABAg,Minji yunji 😂😂😂❤❤❤,1,2026-04-26,@민지-p3t,Prada Fall/Winter 2026 Womenswear Show,prada luxury brand 2025 2026
bX8UfV0MqTw,UgxNxEs5COjiBXIlKBR4AaABAg,"Sometimes it’s better to avoid loud labels like ""homeless style."" You can argue all you want about inappropriateness or style fails, but let’s be honest: it’s simply devoid of beauty.",10,2026-02-26,@ArtemFemme,Prada Fall/Winter 2026 Womenswear Show,prada luxury brand 2025 2026
bX8UfV0MqTw,UgwFWqzepFWsR9CtCul4AaABAg,Minji tandy ya good yes 😊😊😊ok,1,2026-04-21,@민지-p3t,Prada Fall/Winter 2026 Womenswear Show,prada luxury brand 2025 2026
bX8UfV0MqTw,UgyYIOeZyHDICMZU-hp4AaABAg,Wooyoungangggg ❤❤❤❤❤❤,5,2026-02-26,@naincy9476,Prada Fall/Winter 2026 Womenswear Show,prada luxury brand 2025 2026
bX8UfV0MqTw,UgwfNfSta370zKKeEl14AaABAg,Pur wooyoung 😭😭💗💗💗,1,2026-02-27,@atiny_8makes1team,Prada Fall/Winter 2026 Womenswear Show,prada luxury brand 2025 2026
bX8UfV0MqTw,UgzC2eNDLR2qK2RH__J4AaABAg,We rest of hue is rainny.yea,1,2026-04-27,@민지-p3t,Prada Fall/Winter 2026 Womenswear Show,prada luxury brand 2025 2026
bX8UfV0MqTw,UgxShRT8OwdFk7QveT54AaABAg,We are mz honey love ❤️ 😍 💖,1,2026-04-23,@민지-p3t,Prada Fall/Winter 2026 Womenswear Show,prada luxury brand 2025 2026
bX8UfV0MqTw,Ugwmwyxm6SumXhxAyBZ4AaABAg,Save !,1,2026-04-22,@민지-p3t,Prada Fall/Winter 2026 Womenswear Show,prada luxury brand 2025 2026
bX8UfV0MqTw,UgzB4kE5IWAkNu1PVUh4AaABAg,She did not know ya,1,2026-04-16,@민지-p3t,Prada Fall/Winter 2026 Womenswear Show,prada luxury brand 2025 2026
bX8UfV0MqTw,UgxXI6ltMXiCJU7_3Id4AaABAg,Ceo spao yes.😂😂😂❤❤❤,1,2026-04-27,@민지-p3t,Prada Fall/Winter 2026 Womenswear Show,prada luxury brand 2025 2026
bX8UfV0MqTw,UgxEdNgYg1tNYwQbv554AaABAg,kudos to the team backstage for executing all those (incredibly complicated) quick changes on the models. i think i counted 4 looks apiece for each model.,18,2026-02-27,@thebrothaj,Prada Fall/Winter 2026 Womenswear Show,prada luxury brand 2025 2026
bX8UfV0MqTw,UgzD3jlSWyIsDWDHbLt4AaABAg,Minji why her it's on sale ya ya,1,2026-03-01,@민지-p3t,Prada Fall/Winter 2026 Womenswear Show,prada luxury brand 2025 2026
bX8UfV0MqTw,UgxyquFi37dzBtxQAm14AaABAg,7:43 Yesssss listen to the screamssss,10,2026-02-26,@Anything4Ateez,Prada Fall/Winter 2026 Womenswear Show,prada luxury brand 2025 2026
bX8UfV0MqTw,Ugx6IslA60moQk46MEx4AaABAg,"Trying to identify the final music segment from 8:50 to 9:15, wow stunning dark euphoric hook. Shazam nada. Custom runway edit? Whoever did it - my brain thanks you deeeeeeeply.",6,2026-03-02,@timparsonsdesu,Prada Fall/Winter 2026 Womenswear Show,prada luxury brand 2025 2026
bX8UfV0MqTw,UgzoHVTGsNj_RevVYEZ4AaABAg,My purchase ya closed yes,1,2026-03-04,@민지-p3t,Prada Fall/Winter 2026 Womenswear Show,prada luxury brand 2025 2026
bX8UfV0MqTw,Ugwh5JS-q326AyZkuTZ4AaABAg,The actual show starts at 30:11 🧐,6,2026-02-26,@CYOTFS,Prada Fall/Winter 2026 Womenswear Show,prada luxury brand 2025 2026
bX8UfV0MqTw,Ugweyjufi7XNqC1n3kJ4AaABAg,She had prada ya.😊,1,2026-04-26,@민지-p3t,Prada Fall/Winter 2026 Womenswear Show,prada luxury brand 2025 2026
bX8UfV0MqTw,UgxsP8z4DB1CzjFwaXN4AaABAg,"I once watched fashion shows and felt breathless for women models beauty, now they look to me, the night of the living dead",31,2026-03-03,@dariodol,Prada Fall/Winter 2026 Womenswear Show,prada luxury brand 2025 2026
bX8UfV0MqTw,Ugz2GfNtXXKu5oOq_eR4AaABAg,Anyone knows the name of the music set?,1,2026-02-27,@Charnvn-g7y,Prada Fall/Winter 2026 Womenswear Show,prada luxury brand 2025 2026
bX8UfV0MqTw,Ugxv73UjP8zZ_uZSWid4AaABAg,who did the music track?,1,2026-02-27,@fulgenciojrfollero8751,Prada Fall/Winter 2026 Womenswear Show,prada luxury brand 2025 2026
bX8UfV0MqTw,UgwdPJKLUw6G7AhOn8B4AaABAg,Bella!!!! La modelo que más veces ha salido para Prada 😆,0,2026-02-27,@chewysmith6448,Prada Fall/Winter 2026 Womenswear Show,prada luxury brand 2025 2026
bX8UfV0MqTw,UgxDk2odKPP7LdrDAqd4AaABAg,Pond Naravit❤,6,2026-02-26,@AyeMyatNadi-n5c3h,Prada Fall/Winter 2026 Womenswear Show,prada luxury brand 2025 2026
bX8UfV0MqTw,UgxwuBm9bYYidbMQlgd4AaABAg,Minji we are love you 😍 💋 😊😊😊yes,1,2026-04-27,@민지-p3t,Prada Fall/Winter 2026 Womenswear Show,prada luxury brand 2025 2026
bX8UfV0MqTw,Ugx0V_X_7QtACUhNgjp4AaABAg,Zara,1,2026-04-17,@민지-p3t,Prada Fall/Winter 2026 Womenswear Show,prada luxury brand 2025 2026
bX8UfV0MqTw,UgyAmDFPguaehVZuPbJ4AaABAg,I m 27,1,2026-04-21,@민지-p3t,Prada Fall/Winter 2026 Womenswear Show,prada luxury brand 2025 2026
bX8UfV0MqTw,UgxIUFW1Qqiw8VHmRCF4AaABAg,Bella Is back 😭😍,30,2026-02-26,@LuismanuelLemusramos-ht3pk,Prada Fall/Winter 2026 Womenswear Show,prada luxury brand 2025 2026
bX8UfV0MqTw,UgwK7TBTZLwpC9Q_AbZ4AaABAg,Someone knows whos the artist behind the music ? Love these songs,1,2026-02-26,@leonardodiceglie9794,Prada Fall/Winter 2026 Womenswear Show,prada luxury brand 2025 2026
bX8UfV0MqTw,UgyudIplckzzidREBPx4AaABAg,where can i find the sound track?,1,2026-03-03,@jxmmyv,Prada Fall/Winter 2026 Womenswear Show,prada luxury brand 2025 2026
bX8UfV0MqTw,UgxKO3dLD3BvTE8KWoF4AaABAg,"Magico,...!",2,2026-02-26,@carson368,Prada Fall/Winter 2026 Womenswear Show,prada luxury brand 2025 2026
bX8UfV0MqTw,Ugx-eWXodD8VpCIM2e54AaABAg,Retti buy that you cant regret 😊ya😊,1,2026-04-16,@민지-p3t,Prada Fall/Winter 2026 Womenswear Show,prada luxury brand 2025 2026
bX8UfV0MqTw,UgyITU3hvsVvNrG8fGN4AaABAg,Pond Naravit at Prada fashion show. ❤🔥,3,2026-02-28,@vickipp5696,Prada Fall/Winter 2026 Womenswear Show,prada luxury brand 2025 2026
bX8UfV0MqTw,Ugy3hWzJsQG7MbHDrbd4AaABAg,She did not spend 😂😂😂,1,2026-04-17,@민지-p3t,Prada Fall/Winter 2026 Womenswear Show,prada luxury brand 2025 2026
bX8UfV0MqTw,UgzCve8xjZTti2n2hlZ4AaABAg,"Miuccia’s Bourgeois critique  mixed with Raf’s techno sensibility. Rebellious in two different ways, but somehow works together",2,2026-03-03,@AR-cf9di,Prada Fall/Winter 2026 Womenswear Show,prada luxury brand 2025 2026
bX8UfV0MqTw,UgzXG3xa-hCEVUcUtgd4AaABAg,who has made the music?,2,2026-02-26,@carlosgamo66,Prada Fall/Winter 2026 Womenswear Show,prada luxury brand 2025 2026
bX8UfV0MqTw,UgweiX7Im1U3IML_jW14AaABAg,"Bella hadid @34:26 , 37:00 & 39:26 that was so intense and Stunning ✨😍😍😍",7,2026-02-26,@Akbarkaif-z5u,Prada Fall/Winter 2026 Womenswear Show,prada luxury brand 2025 2026
bX8UfV0MqTw,Ugwz_PH-WhE7K6W15ul4AaABAg,C'est sympa. Un mix entre des matières modernes et des tenues campagnardes 😊,0,2026-02-26,@sylviecourreges7362,Prada Fall/Winter 2026 Womenswear Show,prada luxury brand 2025 2026
bX8UfV0MqTw,UgwE7fz9M8ezuHVNgzl4AaABAg,And prada do .yes,1,2026-04-21,@민지-p3t,Prada Fall/Winter 2026 Womenswear Show,prada luxury brand 2025 2026
bX8UfV0MqTw,UgwpDQELk_ltGoEgTcd4AaABAg,Minji im model for needs ya gigi ya go go,1,2026-03-12,@민지-p3t,Prada Fall/Winter 2026 Womenswear Show,prada luxury brand 2025 2026
bX8UfV0MqTw,UgwrOIqetyhnDtteP3t4AaABAg,How did they change the shoes so quick 😩😩😩. Love seeing that Julia is still RAF’s child,13,2026-02-26,@luiscarl0ss,Prada Fall/Winter 2026 Womenswear Show,prada luxury brand 2025 2026
bX8UfV0MqTw,UgzyDnFNypmOxZql9Mh4AaABAg,Namtan Tipnaree,4,2026-02-26,@JobaidaKhanom-j6h,Prada Fall/Winter 2026 Womenswear Show,prada luxury brand 2025 2026
bX8UfV0MqTw,Ugw_UAHqvSG2b22YTbh4AaABAg,Kim Tae Ri......looked beautiful in Milan:),0,2026-03-01,@manishajayawardane7635,Prada Fall/Winter 2026 Womenswear Show,prada luxury brand 2025 2026
bX8UfV0MqTw,UgwwCkm6bFo6xskZzid4AaABAg,We too much eat and have.mz.,1,2026-04-22,@민지-p3t,Prada Fall/Winter 2026 Womenswear Show,prada luxury brand 2025 2026
bX8UfV0MqTw,UgyB7leQnjrEHcBjPJ14AaABAg,She warmer.ys,1,2026-04-21,@민지-p3t,Prada Fall/Winter 2026 Womenswear Show,prada luxury brand 2025 2026
bX8UfV0MqTw,Ugznq0hRcmHi2xq-u_J4AaABAg,Does anyone know the soundtrack,0,2026-03-11,@ruairidorrian9256,Prada Fall/Winter 2026 Womenswear Show,prada luxury brand 2025 2026
bX8UfV0MqTw,UgyB2mNk_Q-KIVCer0Z4AaABAg,So happy mother miuccia gave RAF a home!,0,2026-03-10,@ZachFairchild-sn4sc,Prada Fall/Winter 2026 Womenswear Show,prada luxury brand 2025 2026
bX8UfV0MqTw,Ugx4FklpkKdpgM2bpf14AaABAg,카리나 미쳤다,0,2026-02-28,@jpkco-wg8iw,Prada Fall/Winter 2026 Womenswear Show,prada luxury brand 2025 2026
bX8UfV0MqTw,UgyLGjBxhIMVYpah4xF4AaABAg,D shake yaahh 👌👌👌👌👌👌👌,0,2026-03-05,@phillmcaverty,Prada Fall/Winter 2026 Womenswear Show,prada luxury brand 2025 2026
bX8UfV0MqTw,UgzuIXNF93gmcJWp6lF4AaABAg,NAMTAN X PRADAAA OMAYGHAD PERFECT COMBINATION 😍😍,10,2026-02-26,@babireg,Prada Fall/Winter 2026 Womenswear Show,prada luxury brand 2025 2026
bX8UfV0MqTw,UgzNmem1ZHCnVgQipN14AaABAg,I like potato chips 🍟 😋,1,2026-04-23,@민지-p3t,Prada Fall/Winter 2026 Womenswear Show,prada luxury brand 2025 2026
bX8UfV0MqTw,Ugx1nxRQMe06izPNf7d4AaABAg,Are pointy shoes back  in fashion - ive got some from 22 years ago,0,2026-03-08,@lottie4321,Prada Fall/Winter 2026 Womenswear Show,prada luxury brand 2025 2026
bX8UfV0MqTw,UgzNCFVq6qtUf8apqUl4AaABAg,Pond naravit 🫶🏻🫶🏻,2,2026-02-26,@iloveppw,Prada Fall/Winter 2026 Womenswear Show,prada luxury brand 2025 2026
bX8UfV0MqTw,Ugwe2ug3VHHlwgtnrU14AaABAg,My boys top登陆少年 4:13,0,2026-02-26,@chhumsokhak4535,Prada Fall/Winter 2026 Womenswear Show,prada luxury brand 2025 2026
bX8UfV0MqTw,UgyK9EcDOPfiMHIU4jR4AaABAg,Minji qween eng.we 😂you are pretty ok 👍,1,2026-04-27,@민지-p3t,Prada Fall/Winter 2026 Womenswear Show,prada luxury brand 2025 2026
bX8UfV0MqTw,UgwJcWa53tzberF3hf54AaABAg,So crazy reminds me of legendary Ricardo Villalobos! 🫰❄️🤩😜😎,0,2026-03-04,@BERENCEV,Prada Fall/Winter 2026 Womenswear Show,prada luxury brand 2025 2026
bX8UfV0MqTw,UgyaHURQnHkK_fpx60B4AaABAg,Mz hug esu 😢daughter 😂,1,2026-03-11,@민지-p3t,Prada Fall/Winter 2026 Womenswear Show,prada luxury brand 2025 2026
bX8UfV0MqTw,UgxjMZKBWmIJ5s4gQjB4AaABAg,Kream do good yes,1,2026-03-11,@민지-p3t,Prada Fall/Winter 2026 Womenswear Show,prada luxury brand 2025 2026
bX8UfV0MqTw,UgzWRA26vQafvOOVSKB4AaABAg,Great choice of music,9,2026-02-26,@kleitiashqarri6046,Prada Fall/Winter 2026 Womenswear Show,prada luxury brand 2025 2026
bX8UfV0MqTw,UgyIO58zX5F8V7gWhPF4AaABAg,Ko really kind ya ya,1,2026-03-04,@민지-p3t,Prada Fall/Winter 2026 Womenswear Show,prada luxury brand 2025 2026
bX8UfV0MqTw,Ugy7miWWZqRIuiW71VF4AaABAg,Minji chanel come ok ok,1,2026-03-11,@민지-p3t,Prada Fall/Winter 2026 Womenswear Show,prada luxury brand 2025 2026
bX8UfV0MqTw,Ugw1kBj0tBF92rELv6J4AaABAg,Soft melted 😊😊😊😊ya,1,2026-03-11,@민지-p3t,Prada Fall/Winter 2026 Womenswear Show,prada luxury brand 2025 2026
bX8UfV0MqTw,Ugw-o4fm3ITJOngOX-d4AaABAg,민지가 인기에요 네ㅡ 래빗요 네 😊,1,2026-03-01,@민지-p3t,Prada Fall/Winter 2026 Womenswear Show,prada luxury brand 2025 2026
bX8UfV0MqTw,UgwLEs-m1V2-ccfsZJB4AaABAg,Who made the music?,1,2026-03-01,@carlosgamo66,Prada Fall/Winter 2026 Womenswear Show,prada luxury brand 2025 2026
bX8UfV0MqTw,UgyJmqdBx_dU6OtOPWV4AaABAg,한국 공주입니다,1,2026-03-01,@민지-p3t,Prada Fall/Winter 2026 Womenswear Show,prada luxury brand 2025 2026
bX8UfV0MqTw,Ugw2Ro-WC-6h_fMEeXN4AaABAg,We can wear it 😏 😉,1,2026-04-23,@민지-p3t,Prada Fall/Winter 2026 Womenswear Show,prada luxury brand 2025 2026
bX8UfV0MqTw,UgyLj95Lp4J48FVccgF4AaABAg,Draw is bone 😂😂😂❤❤❤yes,1,2026-03-11,@민지-p3t,Prada Fall/Winter 2026 Womenswear Show,prada luxury brand 2025 2026
bX8UfV0MqTw,UgxjJjRgl3bdeaEPB3l4AaABAg,Minji we are friends,1,2026-03-02,@민지-p3t,Prada Fall/Winter 2026 Womenswear Show,prada luxury brand 2025 2026
bX8UfV0MqTw,UgzNmPDAlUtm96GqEKx4AaABAg,Playlist?,0,2026-02-27,@KarinaRutkovskaja,Prada Fall/Winter 2026 Womenswear Show,prada luxury brand 2025 2026
bX8UfV0MqTw,UgzP5XyrnZI9Ma8j_qV4AaABAg,AMEEEEEEEEEIIIIII PORRAAAAAAAAA,1,2026-02-26,@guilhermequeiroz8699,Prada Fall/Winter 2026 Womenswear Show,prada luxury brand 2025 2026
bX8UfV0MqTw,UgzFSsG4dNhpSbA_EHB4AaABAg,Karinaaaaa😊,0,2026-02-26,@waritthathamthada1360,Prada Fall/Winter 2026 Womenswear Show,prada luxury brand 2025 2026
bX8UfV0MqTw,Ugxd9h1R261Lr_Qkxud4AaABAg,"Белла великолепна,этот взгляд ни с кем не спутаешь❤",1,2026-03-03,@mimi_bag,Prada Fall/Winter 2026 Womenswear Show,prada luxury brand 2025 2026
bX8UfV0MqTw,UgxVKgVxU_n8Bdsu8U14AaABAg,Mz do well,1,2026-03-12,@민지-p3t,Prada Fall/Winter 2026 Womenswear Show,prada luxury brand 2025 2026
bX8UfV0MqTw,UgzxDow6YNOGUci0BWF4AaABAg,🦜💵🗽💐🍾👠🥂❤️,1,2026-03-01,@AndreaAlbert-x3p,Prada Fall/Winter 2026 Womenswear Show,prada luxury brand 2025 2026
bX8UfV0MqTw,UgyxYlA_aq-b6Ad4-At4AaABAg,For my pond naravit,7,2026-02-26,@AishuSenthil-w1k,Prada Fall/Winter 2026 Womenswear Show,prada luxury brand 2025 2026
bX8UfV0MqTw,UgxWw32ieehdRP6QJ554AaABAg,wooyoung!!,0,2026-02-28,@lacitudoll,Prada Fall/Winter 2026 Womenswear Show,prada luxury brand 2025 2026
bX8UfV0MqTw,UgwEHyTE34JomutsAzx4AaABAg,Fk clothess I come here for song ❤❤,3,2026-03-06,@B.ARTLEAGUE,Prada Fall/Winter 2026 Womenswear Show,prada luxury brand 2025 2026
bX8UfV0MqTw,UgwR7vxt-JnUAK6col54AaABAg,1:00:30 i miss old PRADA,1,2026-02-26,@rxgueplanet,Prada Fall/Winter 2026 Womenswear Show,prada luxury brand 2025 2026
bX8UfV0MqTw,UgwJUbBIeFjeU-E73rB4AaABAg,It's giving spotted lanternfly,0,2026-03-09,@SaPu-y7l,Prada Fall/Winter 2026 Womenswear Show,prada luxury brand 2025 2026
bX8UfV0MqTw,UgxOOcTYhR_QRjWGXVB4AaABAg,Elder we kind ya ya 😊😊😊,1,2026-03-04,@민지-p3t,Prada Fall/Winter 2026 Womenswear Show,prada luxury brand 2025 2026
bX8UfV0MqTw,Ugwn0--Lj23xwwSj49R4AaABAg,Soundtrack/Music anyone?,0,2026-02-27,@Mr_Edward_Official,Prada Fall/Winter 2026 Womenswear Show,prada luxury brand 2025 2026
bX8UfV0MqTw,UgwZlO9IYbRyZBjbQ1l4AaABAg,finally some color,4,2026-02-26,@dzanLG,Prada Fall/Winter 2026 Womenswear Show,prada luxury brand 2025 2026
bX8UfV0MqTw,UgyHYdO0Z50x0YUnmNt4AaABAg,Mz honey did ai draw yes yes😊😊😊,1,2026-03-02,@민지-p3t,Prada Fall/Winter 2026 Womenswear Show,prada luxury brand 2025 2026
bX8UfV0MqTw,UgzNkDZcTtUtIDGLb4t4AaABAg,واااا پوند پس چیی,1,2026-02-26,@MartinJeon-xu4td,Prada Fall/Winter 2026 Womenswear Show,prada luxury brand 2025 2026
bX8UfV0MqTw,UgxSyjkHEUFruE5Y95B4AaABAg,Literally seconds for pond naravit???,28,2026-02-26,@asma_saaidia,Prada Fall/Winter 2026 Womenswear Show,prada luxury brand 2025 2026
bX8UfV0MqTw,UgxZmoDUxzqKq5lPYLd4AaABAg,It's  Derileakt!! Lmao,0,2026-03-04,@MasterPoe279-f6o,Prada Fall/Winter 2026 Womenswear Show,prada luxury brand 2025 2026
bX8UfV0MqTw,UgzlMO3yr8xoCrmphR94AaABAg,Minji we are love you 😍 💋,1,2026-03-11,@민지-p3t,Prada Fall/Winter 2026 Womenswear Show,prada luxury brand 2025 2026
bX8UfV0MqTw,Ugwf-Xxnv1c3PQ2UhSl4AaABAg,Anyone knows the soundtrack at 1:05:00?,0,2026-02-28,@miiamoreful,Prada Fall/Winter 2026 Womenswear Show,prada luxury brand 2025 2026
bX8UfV0MqTw,Ugx1Q4aspeFjrdg0i1R4AaABAg,Love the OST!,0,2026-02-27,@ricardodiazacosta5105,Prada Fall/Winter 2026 Womenswear Show,prada luxury brand 2025 2026
bX8UfV0MqTw,UgzLGMMXBvCn35iIfCl4AaABAg,Lo único que me gustó fueron las carteras😅,0,2026-03-05,@karlaolmedo2628,Prada Fall/Winter 2026 Womenswear Show,prada luxury brand 2025 2026
bX8UfV0MqTw,UgxwAcIVOZ3R3TVyYyZ4AaABAg,Soundtrack???? 🙏,0,2026-02-26,@gianlucamaccaferri8974,Prada Fall/Winter 2026 Womenswear Show,prada luxury brand 2025 2026
bX8UfV0MqTw,UgxSbhUedtA3wNDlORV4AaABAg,"How to summarize the show in one sentence?  ""Been to Berlin once"", well minus the smartphones",1,2026-03-02,@MürrischeHummel,Prada Fall/Winter 2026 Womenswear Show,prada luxury brand 2025 2026
bX8UfV0MqTw,Ugz0DRC6aLVntveYFyp4AaABAg,Pond naravit / Namtan 🎉🎉🎉❤,9,2026-02-26,@JIRANANKIMTANGSAKUN,Prada Fall/Winter 2026 Womenswear Show,prada luxury brand 2025 2026
bX8UfV0MqTw,Ugz5hBAroonrpZf229t4AaABAg,Qween we are family ♥️,1,2026-04-24,@민지-p3t,Prada Fall/Winter 2026 Womenswear Show,prada luxury brand 2025 2026
bX8UfV0MqTw,UgzUS9B-dynEh5dtC2l4AaABAg,id songs plssss?????,0,2026-02-28,@leili2656,Prada Fall/Winter 2026 Womenswear Show,prada luxury brand 2025 2026
bX8UfV0MqTw,UgzNEbgXD9yKALW0oX54AaABAg,England,1,2026-03-12,@민지-p3t,Prada Fall/Winter 2026 Womenswear Show,prada luxury brand 2025 2026
bX8UfV0MqTw,Ugz1ZENUcLEIi_yHGsR4AaABAg,Naze,1,2026-03-07,@astella24-e6d,Prada Fall/Winter 2026 Womenswear Show,prada luxury brand 2025 2026
bX8UfV0MqTw,UgzxucGzvQHfO6BnHZV4AaABAg,Pray esu yes,1,2026-03-11,@민지-p3t,Prada Fall/Winter 2026 Womenswear Show,prada luxury brand 2025 2026
bX8UfV0MqTw,Ugwqa4qKiCHj6BGP0fB4AaABAg,Minji qween we are love u ❤️,0,2026-04-27,@민지-p3t,Prada Fall/Winter 2026 Womenswear Show,prada luxury brand 2025 2026
bX8UfV0MqTw,Ugzu84_7c_uQAR92RSx4AaABAg,Ye you are tta ye,1,2026-03-08,@민지-p3t,Prada Fall/Winter 2026 Womenswear Show,prada luxury brand 2025 2026
bX8UfV0MqTw,Ugxw8hBwLLzZJD18lu14AaABAg,Pond so proud 🎉❤❤,2,2026-02-27,@HsuShinThant-f9z,Prada Fall/Winter 2026 Womenswear Show,prada luxury brand 2025 2026
bX8UfV0MqTw,Ugz6gR6bcgPzvllJOjt4AaABAg,Where is Maria bottle,0,2026-02-28,@danieldelgadoviveros3418,Prada Fall/Winter 2026 Womenswear Show,prada luxury brand 2025 2026
bX8UfV0MqTw,Ugw1kG21ymCJuAM1SMF4AaABAg,Prada mz like ok do ok,1,2026-03-10,@민지-p3t,Prada Fall/Winter 2026 Womenswear Show,prada luxury brand 2025 2026
bX8UfV0MqTw,UgxgEH6PgrduZ2WL5UZ4AaABAg,We we are tta cho ga tta ya,0,2026-04-25,@민지-p3t,Prada Fall/Winter 2026 Womenswear Show,prada luxury brand 2025 2026
bX8UfV0MqTw,UgwWhjMmOmvWHfD28tZ4AaABAg,Fashion Will save US All ❤️❤️❤️❤️❤️...Mdrrrrrrrrr,0,2026-03-02,@thomaslinehan-y7c,Prada Fall/Winter 2026 Womenswear Show,prada luxury brand 2025 2026
bX8UfV0MqTw,UgzI2RtAY9BOSPd491J4AaABAg,Wooyoung looking incredible in the sky blue shirt and leather jacket,7,2026-02-26,@Error_four_zero_four,Prada Fall/Winter 2026 Womenswear Show,prada luxury brand 2025 2026
bX8UfV0MqTw,UgyWNkSyLqQAnZ849N94AaABAg,Raf and miuccia did it again🎉obsessed❤,0,2026-02-27,@elliemarani4018,Prada Fall/Winter 2026 Womenswear Show,prada luxury brand 2025 2026
bX8UfV0MqTw,UgyahZZFF_P_mIKijlJ4AaABAg,Mz honey we buy prada 😅p ma.kkk kkk ya ya,1,2026-03-11,@민지-p3t,Prada Fall/Winter 2026 Womenswear Show,prada luxury brand 2025 2026
bX8UfV0MqTw,Ugzfw2VwqNKlMyGs0Kd4AaABAg,😍😍😍,0,2026-04-12,@GlamourGallery-for-you,Prada Fall/Winter 2026 Womenswear Show,prada luxury brand 2025 2026
bX8UfV0MqTw,UgyngY-6qfzLU4WuvnV4AaABAg,Retti dont.no,1,2026-03-13,@민지-p3t,Prada Fall/Winter 2026 Womenswear Show,prada luxury brand 2025 2026
bX8UfV0MqTw,UgweeveIfpXs3-CAcYp4AaABAg,NAMTAN DA PRADA FW26,2,2026-02-26,@thedark2431,Prada Fall/Winter 2026 Womenswear Show,prada luxury brand 2025 2026
bX8UfV0MqTw,UgzGKBmf2qGzRsWk6IZ4AaABAg,حالم گرفته شد پوند بچه نیومد,0,2026-02-26,@MartinJeon-xu4td,Prada Fall/Winter 2026 Womenswear Show,prada luxury brand 2025 2026
bX8UfV0MqTw,UgwKvbNL5WkmirraxAp4AaABAg,سيد❤❤صيد,0,2026-03-07,@AsoumaAsouma-w4s,Prada Fall/Winter 2026 Womenswear Show,prada luxury brand 2025 2026
bX8UfV0MqTw,UgyJyXiQKjvz3mq7crl4AaABAg,Go school seoul uni yes yes,1,2026-03-01,@민지-p3t,Prada Fall/Winter 2026 Womenswear Show,prada luxury brand 2025 2026
bX8UfV0MqTw,UgzhIDD8zSI4J32oQ294AaABAg,THE MUSIC IS SO COURREGES 20-21!,0,2026-04-10,@pepechongo,Prada Fall/Winter 2026 Womenswear Show,prada luxury brand 2025 2026
bX8UfV0MqTw,Ugyju4TfC3NXmptRzWx4AaABAg,Pray 🙏 🤲,1,2026-03-01,@민지-p3t,Prada Fall/Winter 2026 Womenswear Show,prada luxury brand 2025 2026
bX8UfV0MqTw,UgxrvW32M-tECIiEHHR4AaABAg,Porcaroli pulling off a great look🎉,0,2026-02-26,@elliemarani4018,Prada Fall/Winter 2026 Womenswear Show,prada luxury brand 2025 2026
bX8UfV0MqTw,Ugy_QVK3ACxFWegfU8N4AaABAg,Mz honey you are .yes 😊😊😊,1,2026-03-01,@민지-p3t,Prada Fall/Winter 2026 Womenswear Show,prada luxury brand 2025 2026
bX8UfV0MqTw,Ugxa6DL5Bo2EC2N5hSN4AaABAg,She is almost like 👍 👌,1,2026-03-01,@민지-p3t,Prada Fall/Winter 2026 Womenswear Show,prada luxury brand 2025 2026
bX8UfV0MqTw,UgwQoS7PlhNBpa0DHTV4AaABAg,Minji we war too much 😮,1,2026-03-04,@민지-p3t,Prada Fall/Winter 2026 Womenswear Show,prada luxury brand 2025 2026
bX8UfV0MqTw,Ugx9MOI2opSEcWRrZvd4AaABAg,"Stop everyone, I'm confused! Are we at Zara Korea? But I like the high socks for skirts! Wow, I've never seen them before!  Brilliant! Oh yes, what was the slogan: Milano da cagare! Grazie di esistere.",4,2026-02-26,@mundimundi7,Prada Fall/Winter 2026 Womenswear Show,prada luxury brand 2025 2026
bX8UfV0MqTw,Ugw6ytFKTty0RbgR30t4AaABAg,Brilliant. Nothing comes close to Prada.,0,2026-03-17,@markojenko6360,Prada Fall/Winter 2026 Womenswear Show,prada luxury brand 2025 2026
bX8UfV0MqTw,UgwREivqkZ19stJW-914AaABAg,Pond❤️,2,2026-02-27,@daniyah2626,Prada Fall/Winter 2026 Womenswear Show,prada luxury brand 2025 2026
bX8UfV0MqTw,Ugx8QnAwpCeS0onREEJ4AaABAg,"30:11 ～
start",0,2026-02-26,@畑久美子-w2m,Prada Fall/Winter 2026 Womenswear Show,prada luxury brand 2025 2026
bX8UfV0MqTw,Ugyn1s8ZeNoE6Io_ZJp4AaABAg,Mz honey we love you ❤,1,2026-03-01,@민지-p3t,Prada Fall/Winter 2026 Womenswear Show,prada luxury brand 2025 2026
bX8UfV0MqTw,UgyuPuhtqIXp05I8xdB4AaABAg,This désigner was Inspired by homeless and poor people ;the result is just amazing ❤😜👑👑👑👑💎👑👑👑👑🙃,0,2026-03-08,@chloekropp7866,Prada Fall/Winter 2026 Womenswear Show,prada luxury brand 2025 2026
bX8UfV0MqTw,UgxSoBpFzSON7tofQ454AaABAg,❤❤❤❤❤!!!!!!,0,2026-02-27,@ЛарисаШаркова-ж2ц,Prada Fall/Winter 2026 Womenswear Show,prada luxury brand 2025 2026
bX8UfV0MqTw,UgxPdeCE6O07PwrA7Xt4AaABAg,I’m just here for Bella…,0,2026-03-02,@devindlugolinski7876,Prada Fall/Winter 2026 Womenswear Show,prada luxury brand 2025 2026
bX8UfV0MqTw,UgxFHCwoPCzHkkFaqdd4AaABAg,I will go to chanel,1,2026-03-11,@민지-p3t,Prada Fall/Winter 2026 Womenswear Show,prada luxury brand 2025 2026
bX8UfV0MqTw,UgxiBLqO7Rw7owtdfA54AaABAg,T jest takie piękne ze mogę paść trupem😍,0,2026-03-24,@joannamolenda6439,Prada Fall/Winter 2026 Womenswear Show,prada luxury brand 2025 2026
bX8UfV0MqTw,UgxQp4Akd4TFGESavFp4AaABAg,I stand my own.yes ok ok sweet yes,1,2026-03-04,@민지-p3t,Prada Fall/Winter 2026 Womenswear Show,prada luxury brand 2025 2026
bX8UfV0MqTw,UgxqR5gowl9Pi-g0rCV4AaABAg,crazy just CRAZY❤❤❤❤❤,0,2026-03-02,@ppoppoya,Prada Fall/Winter 2026 Womenswear Show,prada luxury brand 2025 2026
bX8UfV0MqTw,UgwN_jGJ7Prt8LFI1QJ4AaABAg,"أنا أحببت العرض والموديلات التي تعبر عن البساطة والانوثه جدا طبيعية 
كأننا في فترة الثمانينات من القرن الماضي 😊 نعم أحببت كل شئ في هذا العرض ، التنورة القصيرة البسيطة في تفاصيلها ، أيضا الجوارب التي تصل الى تحت الركبة ، والحذاء فلات ، مع شعر قصير طبيعي ، كأننا في مدرسه الثانوية 😉💐💚",0,2026-03-05,@baubau4104,Prada Fall/Winter 2026 Womenswear Show,prada luxury brand 2025 2026
bX8UfV0MqTw,UgzNynzhJNh2Cqazxqd4AaABAg,good luck 😢❤,0,2026-03-23,@fashionLIVE-88,Prada Fall/Winter 2026 Womenswear Show,prada luxury brand 2025 2026
bX8UfV0MqTw,Ugz14q9PsrYJJhhi-B94AaABAg,I was literally waiting these for pond naravit n finally i saw him awwwww😊🥰,10,2026-02-26,@tsutsualicenaga2778,Prada Fall/Winter 2026 Womenswear Show,prada luxury brand 2025 2026
bX8UfV0MqTw,Ugx-rNgZy8APDMdMmFR4AaABAg,34:47 ESTHER KIM 🔥,0,2026-02-26,,Prada Fall/Winter 2026 Womenswear Show,prada luxury brand 2025 2026
bX8UfV0MqTw,UgyeWdrN05aefxyFxs14AaABAg,bella hadid ❤,0,2026-02-26,@RaheelKayani-c6u,Prada Fall/Winter 2026 Womenswear Show,prada luxury brand 2025 2026
bX8UfV0MqTw,UgwJ0uwMm8M6Id0NuU14AaABAg,"Mi chiedo perché si debbano spendere una marea di soldi per vestirsi male 
Mah, misteri del XXI secolo",0,2026-03-07,@gabrielenabarburio2879,Prada Fall/Winter 2026 Womenswear Show,prada luxury brand 2025 2026
bX8UfV0MqTw,Ugz8-sGKHGZ7zK77rDF4AaABAg,Bellaaa🎉🎉🎉❤,0,2026-02-28,@beautifulplanetearth9602,Prada Fall/Winter 2026 Womenswear Show,prada luxury brand 2025 2026
bX8UfV0MqTw,UgzrmmaVAk3xHUCtR994AaABAg,esther kim ❤,0,2026-02-27,@onew-e3r,Prada Fall/Winter 2026 Womenswear Show,prada luxury brand 2025 2026
bX8UfV0MqTw,Ugwy5bLlBnGr8XZNn4B4AaABAg,"Miu Miu needs Lotta Volkova ❤
But Prada doesn't need Raf Simons 💔",1,2026-02-27,@nicotinamide.adenine.d.p,Prada Fall/Winter 2026 Womenswear Show,prada luxury brand 2025 2026
bX8UfV0MqTw,Ugz0xIoCcLU2gb6Mxsl4AaABAg,wow!,0,2026-02-27,@JoeTheLion1,Prada Fall/Winter 2026 Womenswear Show,prada luxury brand 2025 2026
bX8UfV0MqTw,Ugw50NYyXmbu1FBCR4p4AaABAg,Dah -dah/fall ? Rehash,0,2026-03-03,@bonnyvondolores2647,Prada Fall/Winter 2026 Womenswear Show,prada luxury brand 2025 2026
bX8UfV0MqTw,UgxTG_ShPpVfYrb-Yst4AaABAg,best show. best soundtrack. the end.,28,2026-02-26,@rhyst124,Prada Fall/Winter 2026 Womenswear Show,prada luxury brand 2025 2026
bX8UfV0MqTw,UgxSzm2apSdoXDSA1454AaABAg,"Good sounds, thanks for my pleasure 🎉",2,2026-02-26,@Tech-nyy,Prada Fall/Winter 2026 Womenswear Show,prada luxury brand 2025 2026
bX8UfV0MqTw,UgzZ9aY-0Pi0ugCU99t4AaABAg,Minji we receive draw 🙌 🙏 ✨️,1,2026-03-03,@민지-p3t,Prada Fall/Winter 2026 Womenswear Show,prada luxury brand 2025 2026
bX8UfV0MqTw,UgzQZX8zT2XRw5eaHgN4AaABAg,بؤ😂😂قبو,0,2026-03-07,@AsoumaAsouma-w4s,Prada Fall/Winter 2026 Womenswear Show,prada luxury brand 2025 2026
bX8UfV0MqTw,UgysxSCNb4dyWXaTs414AaABAg,Is the pradest prada ever,0,2026-03-10,@MrSalvinsky,Prada Fall/Winter 2026 Womenswear Show,prada luxury brand 2025 2026
bX8UfV0MqTw,UgyVY-XXkojq1_BlEgl4AaABAg,"Se questa é moda allora si salvi chi può, non c'è ne gusto ne, abbinamento colori ma almeno le modelle avessero un po' di sorriso, dalla moda degli anni 80, 90 a quella di oggi non farei paragoni..... Orrore allo stato puro",1,2026-03-03,@giampietrodalmaso6453,Prada Fall/Winter 2026 Womenswear Show,prada luxury brand 2025 2026
bX8UfV0MqTw,Ugw_UiafOW5qL7ZfIVt4AaABAg,Mz high ok ok 👍,1,2026-03-11,@민지-p3t,Prada Fall/Winter 2026 Womenswear Show,prada luxury brand 2025 2026
bX8UfV0MqTw,UgzKtRKYMAII23Z9wbZ4AaABAg,Minji we chloe go home ok ok,1,2026-03-12,@민지-p3t,Prada Fall/Winter 2026 Womenswear Show,prada luxury brand 2025 2026
bX8UfV0MqTw,UgxWXYcoAxwGknAqBLx4AaABAg,dope,0,2026-02-27,@london-z1s,Prada Fall/Winter 2026 Womenswear Show,prada luxury brand 2025 2026
bX8UfV0MqTw,Ugx0DXf5aSxykCBNFnd4AaABAg,تث.  🎉🎉❤❤يؤو,0,2026-03-07,@AsoumaAsouma-w4s,Prada Fall/Winter 2026 Womenswear Show,prada luxury brand 2025 2026
bX8UfV0MqTw,UgybRGUEyEcdttfBdsd4AaABAg,The music is way too good,0,2026-03-03,@AR-cf9di,Prada Fall/Winter 2026 Womenswear Show,prada luxury brand 2025 2026
bX8UfV0MqTw,UgyQDCfee5VycSBVOVB4AaABAg,love the music,0,2026-03-04,@domytar5395,Prada Fall/Winter 2026 Womenswear Show,prada luxury brand 2025 2026
bX8UfV0MqTw,UgwmTdwhZjKN-rg_2Hx4AaABAg,Niiiiice ❤,0,2026-02-27,@user-fp6rb1tx1e,Prada Fall/Winter 2026 Womenswear Show,prada luxury brand 2025 2026
bX8UfV0MqTw,UgzjSkWMnQPlBMhHzw14AaABAg,"Як, завжди_вишукано, стильно, практично, зручно.",0,2026-03-01,@Hanna-b2l,Prada Fall/Winter 2026 Womenswear Show,prada luxury brand 2025 2026
bX8UfV0MqTw,UgwIZ3wgysX_hyyWvOB4AaABAg,Can someone share the link to contact the store for exporting clothes,0,2026-03-06,@sonalihumnabdkar9059,Prada Fall/Winter 2026 Womenswear Show,prada luxury brand 2025 2026
bX8UfV0MqTw,Ugyoyf1Y6n40JZ6Xos14AaABAg,La flemme,0,2026-03-07,@Sarahik,Prada Fall/Winter 2026 Womenswear Show,prada luxury brand 2025 2026
bX8UfV0MqTw,UgyyMUF1dInKe9W-z-54AaABAg,맛있다,0,2026-03-11,@jjjjjjj-l1g,Prada Fall/Winter 2026 Womenswear Show,prada luxury brand 2025 2026
bX8UfV0MqTw,UgwzWYli6cVlnB1pjXl4AaABAg,Fashion fashion fashion fashion,0,2026-03-01,@emiliorosa9896,Prada Fall/Winter 2026 Womenswear Show,prada luxury brand 2025 2026
bX8UfV0MqTw,UgxbKrhbzeJvYSadDGB4AaABAg,She draw 40p.chanel.ya,1,2026-04-27,@민지-p3t,Prada Fall/Winter 2026 Womenswear Show,prada luxury brand 2025 2026
bX8UfV0MqTw,UgyAQTv6WnDPDCiCKrZ4AaABAg,Transformproject Rooting 🫶✌️for you.,0,2026-02-26,@Motorcycle_girl,Prada Fall/Winter 2026 Womenswear Show,prada luxury brand 2025 2026
bX8UfV0MqTw,UgxeDqzNdgNx9jTYJdd4AaABAg,Pond naravit ❤,7,2026-02-26,@EvaMairura,Prada Fall/Winter 2026 Womenswear Show,prada luxury brand 2025 2026
bX8UfV0MqTw,UgyoG121L5385EZXgVB4AaABAg,Minji we are love you 😍 💋,1,2026-04-25,@민지-p3t,Prada Fall/Winter 2026 Womenswear Show,prada luxury brand 2025 2026
bX8UfV0MqTw,UgwAogKfqLLEyKHOVAR4AaABAg,Pond Naravit❤,2,2026-02-26,@AyeMyatNadi-n5c3h,Prada Fall/Winter 2026 Womenswear Show,prada luxury brand 2025 2026
eVR7IAj7bik,UgwHXBZ0v5r9tse8_nN4AaABAg,"Watch Max Mara Fall/Winter 2026/27 Show
https://www.youtube.com/watch?v=IQ0D92iGuQ0",3,2026-02-26,@FashionFeed,Prada | Fall/Winter 2026/27 | Milan Fashion Week,prada luxury brand 2025 2026
eVR7IAj7bik,UgzFUqb2g-LykvOwrcp4AaABAg,I could only shake my head at this!,5,2026-02-28,@phylliss119,Prada | Fall/Winter 2026/27 | Milan Fashion Week,prada luxury brand 2025 2026
eVR7IAj7bik,Ugy4_aXkpCGvI5SHhgZ4AaABAg,"Le Univers Prada est Épuisé. Rien de nouveau ne se passe! -Et dire qu'a chaque nouvelle Fashion Week, le défilé Prada était celui que j’attendais le plus !",4,2026-03-05,@pauloazenha5805,Prada | Fall/Winter 2026/27 | Milan Fashion Week,prada luxury brand 2025 2026
eVR7IAj7bik,UgyeC1jzG7x2rKEVz0Z4AaABAg,"If we saw someone wear it and did not know it was Prada, what would we think? A student collection.",26,2026-02-26,@fashionlover27,Prada | Fall/Winter 2026/27 | Milan Fashion Week,prada luxury brand 2025 2026
eVR7IAj7bik,Ugy3TJqNhkS-55v_iMZ4AaABAg,What was socks? I think the reference was on the 200 years old clothing’s worn  underneath dresses,3,2026-02-27,@VADACHE,Prada | Fall/Winter 2026/27 | Milan Fashion Week,prada luxury brand 2025 2026
eVR7IAj7bik,UgwhVH4Hjukm6o5BWq14AaABAg,😂and now imagine this on “regular people” 😂,1,2026-03-20,@Ela-pi2ib,Prada | Fall/Winter 2026/27 | Milan Fashion Week,prada luxury brand 2025 2026
eVR7IAj7bik,UgzPGuQgFEqxN7xTwKJ4AaABAg,Pq mudam a trilha sonora?!,0,2026-03-27,@luizinholeite2072,Prada | Fall/Winter 2026/27 | Milan Fashion Week,prada luxury brand 2025 2026
eVR7IAj7bik,UgyDd6gmrsh8aQILDER4AaABAg,"The last entrance was my fav✨
From winter to fall. Good 6/10",0,2026-03-05,@lilalorens,Prada | Fall/Winter 2026/27 | Milan Fashion Week,prada luxury brand 2025 2026
eVR7IAj7bik,UgxbzdC7dEGd3SazK1l4AaABAg,Они просто издеваются над нами 😁! Пусть носят это сами,8,2026-02-27,@Ольга-о2к4ь,Prada | Fall/Winter 2026/27 | Milan Fashion Week,prada luxury brand 2025 2026
eVR7IAj7bik,Ugy2YGkdOxcIyL1iH1F4AaABAg,This is not haute couture!,5,2026-02-27,@EleftheriaPapoulia,Prada | Fall/Winter 2026/27 | Milan Fashion Week,prada luxury brand 2025 2026
eVR7IAj7bik,Ugw_uoEoBi7vJRwjvh94AaABAg,Ugly,21,2026-02-26,@edwinrosariopaz937,Prada | Fall/Winter 2026/27 | Milan Fashion Week,prada luxury brand 2025 2026
eVR7IAj7bik,Ugza0DDoR5RuCBOR27N4AaABAg,I thought they normally show Spring and summer 2026 this time of the year?,1,2026-02-26,@Natradiant,Prada | Fall/Winter 2026/27 | Milan Fashion Week,prada luxury brand 2025 2026
eVR7IAj7bik,UgymdlzYFfupyatibtd4AaABAg,Minji we are tta retti,1,2026-03-01,@민지-p3t,Prada | Fall/Winter 2026/27 | Milan Fashion Week,prada luxury brand 2025 2026
eVR7IAj7bik,UgydIRV5qrwd7HDJVbN4AaABAg,"Называется, надела на себя всё, что было дорогое, сочетаемое с несочетаемым.",4,2026-02-27,@ЛетоВесна-з6ж,Prada | Fall/Winter 2026/27 | Milan Fashion Week,prada luxury brand 2025 2026
eVR7IAj7bik,UgzaF3o4UCRCnOK8FYB4AaABAg,"скажите,как зовут модель на 6:28.она везде сейчас светится,очень неплоха",0,2026-03-01,@ИванИванов-н6й7ь,Prada | Fall/Winter 2026/27 | Milan Fashion Week,prada luxury brand 2025 2026
eVR7IAj7bik,UgwlC1u4PWa54KYPNUh4AaABAg,"The models are wearing a total of 4 looks, layered one underneath another. Like the concepet😍 though Lady Gaga did it first At Met Gala🤫",2,2026-02-26,@jeremyn9665,Prada | Fall/Winter 2026/27 | Milan Fashion Week,prada luxury brand 2025 2026
eVR7IAj7bik,UgxDrfmyrZ_hUh1IEyh4AaABAg,"Défilé inesthétique 
On aurait pu coiffer les mannequins un peu mieux 😂",3,2026-02-27,@caroleproye5799,Prada | Fall/Winter 2026/27 | Milan Fashion Week,prada luxury brand 2025 2026
eVR7IAj7bik,UgyHZLI8Q6eJ1QSUZbN4AaABAg,Liu Wen.❤❤❤,0,2026-02-26,@UserMiss345,Prada | Fall/Winter 2026/27 | Milan Fashion Week,prada luxury brand 2025 2026
eVR7IAj7bik,UgzoCqZ5AzCVZ-ywA6N4AaABAg,Minji we are love you 😍 💋 ❤️ 😘 ♥️,0,2026-03-01,@민지-p3t,Prada | Fall/Winter 2026/27 | Milan Fashion Week,prada luxury brand 2025 2026
eVR7IAj7bik,UgxiW-G5z9wfxRl7uzV4AaABAg,"Miu Miu needs Lotta Volkova ❤
But Prada doesn't need Raf Simons 💔",1,2026-02-27,@nicotinamide.adenine.d.p,Prada | Fall/Winter 2026/27 | Milan Fashion Week,prada luxury brand 2025 2026
eVR7IAj7bik,UgxyBjCuAMlaBMwEW594AaABAg,Very ugly 🤮,10,2026-02-27,@tatekkasem9586,Prada | Fall/Winter 2026/27 | Milan Fashion Week,prada luxury brand 2025 2026
eVR7IAj7bik,UgzF-R5AaSJ4i0INgAt4AaABAg,Didn't like most of the looks... the models looked homeless,11,2026-02-26,@DorisLange,Prada | Fall/Winter 2026/27 | Milan Fashion Week,prada luxury brand 2025 2026
eVR7IAj7bik,Ugy1Ot640SMetlkkQb14AaABAg,It looks kind of random.,5,2026-02-26,@allbackiceland,Prada | Fall/Winter 2026/27 | Milan Fashion Week,prada luxury brand 2025 2026
eVR7IAj7bik,UgxuOiApPm7YM4gJDVR4AaABAg,Антигламур???,7,2026-02-26,@John-n8g4e,Prada | Fall/Winter 2026/27 | Milan Fashion Week,prada luxury brand 2025 2026
eVR7IAj7bik,UgyGvguuu1q530inX6N4AaABAg,KNEE HIGH SOCKS  destroy the whole clothing!,10,2026-02-26,@rrreinhard,Prada | Fall/Winter 2026/27 | Milan Fashion Week,prada luxury brand 2025 2026
eVR7IAj7bik,Ugxxvs7tWdpJzqq-AkR4AaABAg,De Padra a Nada,8,2026-02-26,@janahinamorales4155,Prada | Fall/Winter 2026/27 | Milan Fashion Week,prada luxury brand 2025 2026
eVR7IAj7bik,UgyPJ1cW6pebogWRLnV4AaABAg,And just how much does one have to pay for a pair of bloomers? or some baggy knee high socks?,2,2026-02-26,@pippadog2997,Prada | Fall/Winter 2026/27 | Milan Fashion Week,prada luxury brand 2025 2026
eVR7IAj7bik,UgwOxZUtvZ57VOiGwNN4AaABAg,Mz honey we war win ok ok,1,2026-03-05,@민지-p3t,Prada | Fall/Winter 2026/27 | Milan Fashion Week,prada luxury brand 2025 2026
eVR7IAj7bik,Ugx7xpT6hXnN38AWqLl4AaABAg,"As disappointing as a collection could be. Ugly, ugly, mindlessy boring clothes. Utterly, a “yawn” would be hyperbole in describing it. The music the perfect recycled techno pop club shite we tried in the 80s",15,2026-02-26,@virginia-marieparker6325,Prada | Fall/Winter 2026/27 | Milan Fashion Week,prada luxury brand 2025 2026
eVR7IAj7bik,Ugy_pUc0T5kAGnd33RF4AaABAg,Interesting.  Not sure i like it or not.,0,2026-02-26,@jayneterry8701,Prada | Fall/Winter 2026/27 | Milan Fashion Week,prada luxury brand 2025 2026
eVR7IAj7bik,Ugy78b1m_wZNBLCHP0x4AaABAg,Prada or nada!!!!,3,2026-02-27,@tawnyslim,Prada | Fall/Winter 2026/27 | Milan Fashion Week,prada luxury brand 2025 2026
eVR7IAj7bik,UgwplUirCOn7G4apYOB4AaABAg,Monotone,5,2026-02-26,@EraldBuba,Prada | Fall/Winter 2026/27 | Milan Fashion Week,prada luxury brand 2025 2026
eVR7IAj7bik,UgyGEDGnYUkIbybfWoZ4AaABAg,Prada needs a new designer! It’s the same thing over and over — how long can this go on?,24,2026-02-26,@svetlapina259,Prada | Fall/Winter 2026/27 | Milan Fashion Week,prada luxury brand 2025 2026
eVR7IAj7bik,UgxJsjStZwEfD79LI_h4AaABAg,How dark can it get?  The models look like they've stepped off of a horror movie set.....  Horrible.  Depressing.  The opposite of inspirational.,3,2026-02-28,@TaygetaBlue,Prada | Fall/Winter 2026/27 | Milan Fashion Week,prada luxury brand 2025 2026
eVR7IAj7bik,UgzVqKEE4-OgdxrpZh54AaABAg,Ist nichts,10,2026-02-26,@GottesLiebe12,Prada | Fall/Winter 2026/27 | Milan Fashion Week,prada luxury brand 2025 2026
eVR7IAj7bik,UgxrREhDet3Y3t0azbl4AaABAg,"This limited selection of models is strange. As a result, not all the outfits are seen again at the end of the show.",1,2026-02-26,@fifou-w5j,Prada | Fall/Winter 2026/27 | Milan Fashion Week,prada luxury brand 2025 2026
eVR7IAj7bik,UgxKKlGG0lRQYHz7hZJ4AaABAg,Ugly rich.,9,2026-02-26,@KimKingCelestialShaman44,Prada | Fall/Winter 2026/27 | Milan Fashion Week,prada luxury brand 2025 2026
eVR7IAj7bik,UgyUgULmmpTRepKjFU14AaABAg,"Posso não entender de moda, mas tenho bom senso; e, comparando com outros profissionais, isso mostra que é uma bosta.",3,2026-02-26,@claudiogomes2246,Prada | Fall/Winter 2026/27 | Milan Fashion Week,prada luxury brand 2025 2026
eVR7IAj7bik,UgwXONejY4UV_IiTjGt4AaABAg,Interesting designers only wantu to look at their shins.,0,2026-02-27,@missj.785,Prada | Fall/Winter 2026/27 | Milan Fashion Week,prada luxury brand 2025 2026
eVR7IAj7bik,UgxdOkFBV6vHsFO24kh4AaABAg,💚🤍❤️,0,2026-02-27,@ciaoitaly4642,Prada | Fall/Winter 2026/27 | Milan Fashion Week,prada luxury brand 2025 2026
eVR7IAj7bik,UgwJjaAEPjwe7fYQiAF4AaABAg,I’ll fitting creased clothes. Too much elastic instead of tailoring. Baggy and unflattering. What a shame.  Rethink quickly Prada.  The power is in consumers purses.,3,2026-02-27,@Kerbeygrip,Prada | Fall/Winter 2026/27 | Milan Fashion Week,prada luxury brand 2025 2026
eVR7IAj7bik,UgwjM09ry-wu8kCs3v54AaABAg,Hideous,4,2026-02-26,@marcgenevieve6961,Prada | Fall/Winter 2026/27 | Milan Fashion Week,prada luxury brand 2025 2026
eVR7IAj7bik,Ugwd8antPmbG_ZnZJG14AaABAg,?,1,2026-02-26,@hana-nanah3674,Prada | Fall/Winter 2026/27 | Milan Fashion Week,prada luxury brand 2025 2026
eVR7IAj7bik,Ugxl-vOrc_pljYoIK9l4AaABAg,Same thing over and over again. Seeing this before. Boring!,7,2026-02-26,@AlO-c5u,Prada | Fall/Winter 2026/27 | Milan Fashion Week,prada luxury brand 2025 2026
eVR7IAj7bik,UgwAHvyd09oiXAh5e3B4AaABAg,Horrible,3,2026-02-28,@cistian_c,Prada | Fall/Winter 2026/27 | Milan Fashion Week,prada luxury brand 2025 2026
eVR7IAj7bik,UgwxL0Yd69r0JUviI9x4AaABAg,It's like homeless clothes,3,2026-02-27,@sarahnicolas2052,Prada | Fall/Winter 2026/27 | Milan Fashion Week,prada luxury brand 2025 2026
eVR7IAj7bik,UgzlbVh_PlvkLHakBat4AaABAg,Pond,2,2026-02-27,@Radmi-bu2vg,Prada | Fall/Winter 2026/27 | Milan Fashion Week,prada luxury brand 2025 2026
eVR7IAj7bik,UgwdgQn92Zrb93X8ekB4AaABAg,A whole mess!,7,2026-02-27,@shantayaway8132,Prada | Fall/Winter 2026/27 | Milan Fashion Week,prada luxury brand 2025 2026
eVR7IAj7bik,UgwlHzV7igJPe6Ud5D14AaABAg,Disappointed 😢,3,2026-02-27,@MariaLueter,Prada | Fall/Winter 2026/27 | Milan Fashion Week,prada luxury brand 2025 2026
eVR7IAj7bik,Ugw75BDPkuVJtu1wvhN4AaABAg,"If Olive Oyl could only see these clothes! Deliciously quirky, elegantly homely. Love it!!!",4,2026-02-27,@michaelnicola5210,Prada | Fall/Winter 2026/27 | Milan Fashion Week,prada luxury brand 2025 2026
eVR7IAj7bik,UgwyJ-uERams118BIKJ4AaABAg,Why charge the original music 👎🏻👎🏻👎🏻,0,2026-02-26,@adriensahores7724,Prada | Fall/Winter 2026/27 | Milan Fashion Week,prada luxury brand 2025 2026
eVR7IAj7bik,UgzmxOcrGGYGYXWz2-Z4AaABAg,🤮🤮🤮🤮,6,2026-02-26,@MS-bs2uu,Prada | Fall/Winter 2026/27 | Milan Fashion Week,prada luxury brand 2025 2026
eVR7IAj7bik,Ugwoz-nNEBPdTN6xhBt4AaABAg,Great👍❤,0,2026-02-26,@RitaShush,Prada | Fall/Winter 2026/27 | Milan Fashion Week,prada luxury brand 2025 2026
eVR7IAj7bik,Ugw45Rzfi1D9WmONfk54AaABAg,"A rather odd and seemingly ""unfinished"" look collection, but more wearable that Gucci's second skin tight clothes. But seriously what with the clam diggers",0,2026-02-27,@thomasnichols-t7d,Prada | Fall/Winter 2026/27 | Milan Fashion Week,prada luxury brand 2025 2026
eVR7IAj7bik,UgzMyE_d5-RS79u4Pod4AaABAg,Bella 😍,3,2026-02-26,@jeremyn9665,Prada | Fall/Winter 2026/27 | Milan Fashion Week,prada luxury brand 2025 2026
eVR7IAj7bik,Ugx2nIZYEWR4oGXSKrd4AaABAg,OMG Bella❤🎉,0,2026-02-26,@adilmohammadAdu,Prada | Fall/Winter 2026/27 | Milan Fashion Week,prada luxury brand 2025 2026
eVR7IAj7bik,UgwVHT4e6Y8y9L4mvk54AaABAg,Mi piace 👍,0,2026-02-28,@domingoVirga-zc9es,Prada | Fall/Winter 2026/27 | Milan Fashion Week,prada luxury brand 2025 2026
eVR7IAj7bik,Ugx8Ujc_ZpZd7Mzo4Ut4AaABAg,Nareszcie coś da ludzi.,0,2026-02-26,@mariaszczerba4490,Prada | Fall/Winter 2026/27 | Milan Fashion Week,prada luxury brand 2025 2026
eVR7IAj7bik,UgwOB5Q8hoVr8klxbGp4AaABAg,Bella❤❤❤,3,2026-02-26,@mohoazad,Prada | Fall/Winter 2026/27 | Milan Fashion Week,prada luxury brand 2025 2026
eVR7IAj7bik,UgzLHrGATVfo8PyRbnN4AaABAg,"In the fashion world of refinement and beauty, Prada has being offering a niche alternative of ‘intellectualness’. But when this esthetic turns mainstream, it becomes dangerously downgrading.",0,2026-03-30,@mapleatnight,Prada | Fall/Winter 2026/27 | Milan Fashion Week,prada luxury brand 2025 2026
eVR7IAj7bik,Ugw8GtRqX8HbB8EbW_d4AaABAg,For my taste the collection is pretty interesting and stylish. I made few screenshots,0,2026-02-28,@tatatasha6724,Prada | Fall/Winter 2026/27 | Milan Fashion Week,prada luxury brand 2025 2026
eVR7IAj7bik,UgwwWGLDOWYA4YjjqFV4AaABAg,"Hmm... All Gen Z, no 30 yr old V.Ceretti & it's in Italy.It's Official her careeer is kaput & actor DiCaprio dumped her Feb 2026. Next!",0,2026-02-27,@missj.785,Prada | Fall/Winter 2026/27 | Milan Fashion Week,prada luxury brand 2025 2026
eVR7IAj7bik,UgzT6NZhCYivvpTwV-d4AaABAg,"Prada is intellect in its purest form. As always, masterful.",0,2026-03-01,@АйшаМукушева-ю2д,Prada | Fall/Winter 2026/27 | Milan Fashion Week,prada luxury brand 2025 2026
eVR7IAj7bik,UgzajB4LlRXVhwu6yp54AaABAg,"I find this show very interesting, and the girls beautyful in the Prada way.",0,2026-03-01,@mattoporcus7,Prada | Fall/Winter 2026/27 | Milan Fashion Week,prada luxury brand 2025 2026
eVR7IAj7bik,UgyrKChsQ1qssakskU94AaABAg,Each model starts the show wearing at least three looks simultaneously and as the show progresses a layer a striped away to show the look underneath..it's kind of genius and makes sense for a fall collection...also they didnt have to hire 60 plus models,7,2026-02-26,@solarboy25,Prada | Fall/Winter 2026/27 | Milan Fashion Week,prada luxury brand 2025 2026
eVR7IAj7bik,UgyovhLW4VkpRVcms3F4AaABAg,Это ugly шик и это мне нравится 👍,0,2026-02-26,@NataSokuModa,Prada | Fall/Winter 2026/27 | Milan Fashion Week,prada luxury brand 2025 2026
eVR7IAj7bik,UgzEWtI_Oy_ipk7VduF4AaABAg,"I don’t get the fuss about raf simons, his designs are so boring and cold nope 👎",2,2026-03-03,@Flora-g6u7x,Prada | Fall/Winter 2026/27 | Milan Fashion Week,prada luxury brand 2025 2026
eVR7IAj7bik,Ugxs1tB9pj6AQ5lGp4R4AaABAg,Like till you get to footwear. Ugh why,2,2026-02-26,@capodonnacorleone,Prada | Fall/Winter 2026/27 | Milan Fashion Week,prada luxury brand 2025 2026
5OZ5G-hoFV4,Ugy6fZtVKVQdtHGq9W14AaABAg,07:55 Good Things .... Absolute banger,0,2026-04-30,@Joecoca007,PRADA Boutique Music Playlist 2026 · Minimal Luxury Deep House,prada luxury brand 2025 2026
5OZ5G-hoFV4,UgybAbFC6y5JCO_0DP94AaABAg,Cuando subes los nuevos albumes al canal de m4s?,1,2026-03-27,@danielgallardo7027,PRADA Boutique Music Playlist 2026 · Minimal Luxury Deep House,prada luxury brand 2025 2026
5OZ5G-hoFV4,Ugx7Jkx3WZKzL-Q2uxh4AaABAg,"w.... 
what are these crazy songs
It's so nice??    ",2,2026-03-26,@8lo8IoME,PRADA Boutique Music Playlist 2026 · Minimal Luxury Deep House,prada luxury brand 2025 2026
